identifier	lemma	identifier_sense	comment	annotator
26120215_1953_05_27_01_094.tcf.xml-4-9	abgebrüht	sense2	 	annotatorA
davidis_kochbuch_1879-583-65	abgebrüht	sense1	 	annotatorA
2532889X_1963-12-14_01_038.tcf.xml-22-3	abgebrüht	sense2	 	annotatorA
26120215_1989_02_25_01_393.tcf.xml-29-31	abgebrüht	sense2	 	annotatorA
2532889X_1963-03-21_01_008.tcf.xml-8-12	abgebrüht	sense2	 	annotatorA
26120215_1963_02_10_01_145.tcf.xml-31-23	abgebrüht	sense2	 	annotatorA
26120215_1958_12_24_01_169.tcf.xml-28-12	abgebrüht	sense2	 	annotatorA
davidis_kochbuch_1849-2069-31	abgebrüht	sense1	 	annotatorA
davidis_kochbuch_1849-4053-7	abgebrüht	sense1	 	annotatorA
26120215_1966_11_11_01_073.tcf.xml-81-3	abgebrüht	sense2	 	annotatorA
davidis_kochbuch_1849-5896-7	abgebrüht	sense1	 	annotatorA
26120215_1989_04_28_01_171.tcf.xml-2-7	abgebrüht	sense2	 	annotatorA
2532889X_1961-09-16_01_006.tcf.xml-7-11	abgebrüht	sense2	 	annotatorA
2532889X_1947-07-06_01_083.tcf.xml-23-39	abgebrüht	sense2	 	annotatorA
26120215_1956_04_22_02_105.tcf.xml-65-30	abgebrüht	sense2	 	annotatorA
wedekind_erdgeist_1895-2727-9	abgebrüht	None	unklar	annotatorA
2532889X_1959-04-28_01_013.tcf.xml-1-26	abgebrüht	sense2	 	annotatorA
26120215_1989_12_16_01_134.tcf.xml-25-23	abgebrüht	sense2	 	annotatorA
davidis_kochbuch_1879-3146-3	abgebrüht	sense1	 	annotatorA
2532889X_1951-06-24_01_118.tcf.xml-11-23	abgebrüht	sense2	 	annotatorA
davidis_kochbuch_1879-3870-3	abgebrüht	sense1	 	annotatorA
davidis_kochbuch_1849-3498-5	abgebrüht	sense1	 	annotatorA
davidis_kochbuch_1849-2355-12	abgebrüht	sense1	 	annotatorA
26120215_1957_05_19_02_149.tcf.xml-23-17	abgebrüht	sense2	 	annotatorA
davidis_kochbuch_1849-3482-6	abgebrüht	sense1	 	annotatorA
26120215_1977_10_20_01_265.tcf.xml-13-7	abgebrüht	sense1	 	annotatorA
davidis_kochbuch_1849-3745-3	abgebrüht	sense1	 	annotatorA
26120215_1966_05_25_01_169.tcf.xml-16-4	abgebrüht	sense2	 	annotatorA
davidis_kochbuch_1879-4195-4	abgebrüht	sense1	 	annotatorA
davidis_kochbuch_1849-4130-4	abgebrüht	sense1	 	annotatorA
davidis_kochbuch_1849-2062-61	abgebrüht	sense1	 	annotatorA
silberer_traber_1883-107-21	abgebrüht	sense1	 	annotatorA
26120215_1955_10_16_02_013.tcf.xml-13-4	abgebrüht	sense2	 	annotatorA
davidis_kochbuch_1879-7217-16	abgebrüht	sense1	 	annotatorA
toennies_gemeinschaft_1887-2092-149	abgebrüht	sense2	 	annotatorA
davidis_kochbuch_1879-5129-12	abgebrüht	sense1	 	annotatorA
brehm_thierleben06_1869-15516-1	abgebrüht	sense1	 	annotatorA
davidis_kochbuch_1849-4049-4	abgebrüht	sense1	 	annotatorA
26120215_1959_09_03_01_190.tcf.xml-12-7	abgebrüht	sense2	 	annotatorA
davidis_kochbuch_1849-3584-11	abgebrüht	sense1	 	annotatorA
davidis_kochbuch_1879-3461-3	abgebrüht	sense1	 	annotatorA
davidis_kochbuch_1879-4226-4	abgebrüht	sense1	 	annotatorA
davidis_kochbuch_1879-5545-9	abgebrüht	sense1	 	annotatorA
davidis_kochbuch_1879-753-17	abgebrüht	sense1	 	annotatorA
26120215_1957_03_12_01_174.tcf.xml-16-10	abgebrüht	sense2	 	annotatorA
2532889X_1966-03-19_01_022.tcf.xml-20-14	abgebrüht	sense2	 	annotatorA
26120215_1956_01_24_01_030.tcf.xml-11-4	abgebrüht	sense2	 	annotatorA
2532889X_1990-08-03_01_044.tcf.xml-3-14	abgebrüht	sense2	 	annotatorA
2532889X_1948-12-23_01_078.tcf.xml-2-92	abgebrüht	sense2	 	annotatorA
26120215_1956_12_23_02_234.tcf.xml-27-2	abgebrüht	sense2	 	annotatorA
26120215_1953_05_27_01_094.tcf.xml-4-9	abgebrüht	sense2	 	annotatorB
davidis_kochbuch_1879-583-65	abgebrüht	sense1	 	annotatorB
2532889X_1963-12-14_01_038.tcf.xml-22-3	abgebrüht	sense2	 	annotatorB
26120215_1989_02_25_01_393.tcf.xml-29-31	abgebrüht	sense2	 	annotatorB
2532889X_1963-03-21_01_008.tcf.xml-8-12	abgebrüht	sense2	 	annotatorB
26120215_1963_02_10_01_145.tcf.xml-31-23	abgebrüht	sense1	 	annotatorB
26120215_1958_12_24_01_169.tcf.xml-28-12	abgebrüht	sense2	 	annotatorB
davidis_kochbuch_1849-2069-31	abgebrüht	sense1	 	annotatorB
davidis_kochbuch_1849-4053-7	abgebrüht	sense1	 	annotatorB
26120215_1966_11_11_01_073.tcf.xml-81-3	abgebrüht	sense2	 	annotatorB
davidis_kochbuch_1849-5896-7	abgebrüht	sense1	 	annotatorB
26120215_1989_04_28_01_171.tcf.xml-2-7	abgebrüht	sense2	 	annotatorB
2532889X_1961-09-16_01_006.tcf.xml-7-11	abgebrüht	sense2	 	annotatorB
2532889X_1947-07-06_01_083.tcf.xml-23-39	abgebrüht	sense2	 	annotatorB
26120215_1956_04_22_02_105.tcf.xml-65-30	abgebrüht	sense2	 	annotatorB
wedekind_erdgeist_1895-2727-9	abgebrüht	sense1	wenig Kontext, deswegen nur Vermutung wegen „es“	annotatorB
2532889X_1959-04-28_01_013.tcf.xml-1-26	abgebrüht	sense2	 	annotatorB
26120215_1989_12_16_01_134.tcf.xml-25-23	abgebrüht	sense2	 	annotatorB
davidis_kochbuch_1879-3146-3	abgebrüht	sense1	 	annotatorB
2532889X_1951-06-24_01_118.tcf.xml-11-23	abgebrüht	sense2	 	annotatorB
davidis_kochbuch_1879-3870-3	abgebrüht	sense1	 	annotatorB
davidis_kochbuch_1849-3498-5	abgebrüht	sense1	 	annotatorB
davidis_kochbuch_1849-2355-12	abgebrüht	sense1	 	annotatorB
26120215_1957_05_19_02_149.tcf.xml-23-17	abgebrüht	sense2	 	annotatorB
davidis_kochbuch_1849-3482-6	abgebrüht	sense1	 	annotatorB
26120215_1977_10_20_01_265.tcf.xml-13-7	abgebrüht	sense1	 	annotatorB
davidis_kochbuch_1849-3745-3	abgebrüht	sense1	 	annotatorB
26120215_1966_05_25_01_169.tcf.xml-16-4	abgebrüht	sense2	 	annotatorB
davidis_kochbuch_1879-4195-4	abgebrüht	sense1	 	annotatorB
davidis_kochbuch_1849-4130-4	abgebrüht	sense1	 	annotatorB
davidis_kochbuch_1849-2062-61	abgebrüht	sense1	 	annotatorB
silberer_traber_1883-107-21	abgebrüht	sense1	 	annotatorB
26120215_1955_10_16_02_013.tcf.xml-13-4	abgebrüht	sense2	 	annotatorB
davidis_kochbuch_1879-7217-16	abgebrüht	sense1	 	annotatorB
toennies_gemeinschaft_1887-2092-149	abgebrüht	sense2	 	annotatorB
davidis_kochbuch_1879-5129-12	abgebrüht	sense1	 	annotatorB
brehm_thierleben06_1869-15516-1	abgebrüht	sense1	 	annotatorB
davidis_kochbuch_1849-4049-4	abgebrüht	sense1	 	annotatorB
26120215_1959_09_03_01_190.tcf.xml-12-7	abgebrüht	sense2	 	annotatorB
davidis_kochbuch_1849-3584-11	abgebrüht	sense1	 	annotatorB
davidis_kochbuch_1879-3461-3	abgebrüht	sense1	 	annotatorB
davidis_kochbuch_1879-4226-4	abgebrüht	sense1	 	annotatorB
davidis_kochbuch_1879-5545-9	abgebrüht	sense1	 	annotatorB
davidis_kochbuch_1879-753-17	abgebrüht	sense1	 	annotatorB
26120215_1957_03_12_01_174.tcf.xml-16-10	abgebrüht	sense2	 	annotatorB
2532889X_1966-03-19_01_022.tcf.xml-20-14	abgebrüht	sense2	 	annotatorB
26120215_1956_01_24_01_030.tcf.xml-11-4	abgebrüht	sense2	 	annotatorB
2532889X_1990-08-03_01_044.tcf.xml-3-14	abgebrüht	sense2	 	annotatorB
2532889X_1948-12-23_01_078.tcf.xml-2-92	abgebrüht	sense2	 	annotatorB
26120215_1956_12_23_02_234.tcf.xml-27-2	abgebrüht	sense2	 	annotatorB
26120215_1953_05_27_01_094.tcf.xml-4-9	abgebrüht	sense2	 	annotatorC
davidis_kochbuch_1879-583-65	abgebrüht	sense1	 	annotatorC
2532889X_1963-12-14_01_038.tcf.xml-22-3	abgebrüht	sense2	 	annotatorC
26120215_1989_02_25_01_393.tcf.xml-29-31	abgebrüht	sense2	 	annotatorC
2532889X_1963-03-21_01_008.tcf.xml-8-12	abgebrüht	sense2	 	annotatorC
26120215_1963_02_10_01_145.tcf.xml-31-23	abgebrüht	sense2	 	annotatorC
26120215_1958_12_24_01_169.tcf.xml-28-12	abgebrüht	sense2	 	annotatorC
davidis_kochbuch_1849-2069-31	abgebrüht	sense1	 	annotatorC
davidis_kochbuch_1849-4053-7	abgebrüht	sense1	 	annotatorC
26120215_1966_11_11_01_073.tcf.xml-81-3	abgebrüht	sense2	 	annotatorC
davidis_kochbuch_1849-5896-7	abgebrüht	sense1	 	annotatorC
26120215_1989_04_28_01_171.tcf.xml-2-7	abgebrüht	sense2	 	annotatorC
2532889X_1961-09-16_01_006.tcf.xml-7-11	abgebrüht	sense2	 	annotatorC
2532889X_1947-07-06_01_083.tcf.xml-23-39	abgebrüht	sense2	 	annotatorC
26120215_1956_04_22_02_105.tcf.xml-65-30	abgebrüht	sense2	 	annotatorC
wedekind_erdgeist_1895-2727-9	abgebrüht	None	Es ist unklar, was dieses „es“ ist, das noch nicht so abgebrüht ist, weshalb die Bedeutung nicht erschlossen werden kann.	annotatorC
2532889X_1959-04-28_01_013.tcf.xml-1-26	abgebrüht	sense2	 	annotatorC
26120215_1989_12_16_01_134.tcf.xml-25-23	abgebrüht	sense2	 	annotatorC
davidis_kochbuch_1879-3146-3	abgebrüht	sense1	 	annotatorC
2532889X_1951-06-24_01_118.tcf.xml-11-23	abgebrüht	sense2	 	annotatorC
davidis_kochbuch_1879-3870-3	abgebrüht	sense1	 	annotatorC
davidis_kochbuch_1849-3498-5	abgebrüht	sense1	 	annotatorC
davidis_kochbuch_1849-2355-12	abgebrüht	sense1	 	annotatorC
26120215_1957_05_19_02_149.tcf.xml-23-17	abgebrüht	sense2	 	annotatorC
davidis_kochbuch_1849-3482-6	abgebrüht	sense1	 	annotatorC
26120215_1977_10_20_01_265.tcf.xml-13-7	abgebrüht	sense1	 	annotatorC
davidis_kochbuch_1849-3745-3	abgebrüht	sense1	 	annotatorC
26120215_1966_05_25_01_169.tcf.xml-16-4	abgebrüht	sense2	 	annotatorC
davidis_kochbuch_1879-4195-4	abgebrüht	sense1	 	annotatorC
davidis_kochbuch_1849-4130-4	abgebrüht	sense1	 	annotatorC
davidis_kochbuch_1849-2062-61	abgebrüht	sense1	 	annotatorC
silberer_traber_1883-107-21	abgebrüht	sense1	 	annotatorC
26120215_1955_10_16_02_013.tcf.xml-13-4	abgebrüht	sense2	 	annotatorC
davidis_kochbuch_1879-7217-16	abgebrüht	sense1	 	annotatorC
toennies_gemeinschaft_1887-2092-149	abgebrüht	sense2	 	annotatorC
davidis_kochbuch_1879-5129-12	abgebrüht	sense1	 	annotatorC
brehm_thierleben06_1869-15516-1	abgebrüht	sense1	 	annotatorC
davidis_kochbuch_1849-4049-4	abgebrüht	sense1	 	annotatorC
26120215_1959_09_03_01_190.tcf.xml-12-7	abgebrüht	sense2	 	annotatorC
davidis_kochbuch_1849-3584-11	abgebrüht	sense1	 	annotatorC
davidis_kochbuch_1879-3461-3	abgebrüht	sense1	 	annotatorC
davidis_kochbuch_1879-4226-4	abgebrüht	sense1	 	annotatorC
davidis_kochbuch_1879-5545-9	abgebrüht	sense1	 	annotatorC
davidis_kochbuch_1879-753-17	abgebrüht	sense1	 	annotatorC
26120215_1957_03_12_01_174.tcf.xml-16-10	abgebrüht	sense2	 	annotatorC
2532889X_1966-03-19_01_022.tcf.xml-20-14	abgebrüht	sense2	 	annotatorC
26120215_1956_01_24_01_030.tcf.xml-11-4	abgebrüht	sense2	 	annotatorC
2532889X_1990-08-03_01_044.tcf.xml-3-14	abgebrüht	sense2	 	annotatorC
2532889X_1948-12-23_01_078.tcf.xml-2-92	abgebrüht	sense2	 	annotatorC
26120215_1956_12_23_02_234.tcf.xml-27-2	abgebrüht	sense2	 	annotatorC
