identifier1	identifier2	annotator	judgment	comment	lemma
2532889X_1966-07-09_01_121.tcf.xml-18-14	2532889X_1978-12-20_01_052.tcf.xml-23-1	inferred	1	 	artikulieren
2532889X_1966-07-09_01_121.tcf.xml-18-14	2532889X_1980-03-05_01_060.tcf.xml-18-5	inferred	1	 	artikulieren
2532889X_1966-07-09_01_121.tcf.xml-18-14	2532889X_1981-03-21_01_043.tcf.xml-24-31	inferred	1	 	artikulieren
2532889X_1966-07-09_01_121.tcf.xml-18-14	2532889X_1981-06-09_01_110.tcf.xml-14-1	inferred	1	 	artikulieren
2532889X_1966-07-09_01_121.tcf.xml-18-14	2532889X_1982-11-11_01_053.tcf.xml-14-7	inferred	1	 	artikulieren
2532889X_1966-07-09_01_121.tcf.xml-18-14	2532889X_1985-12-07_01_368.tcf.xml-21-8	inferred	1	 	artikulieren
2532889X_1966-07-09_01_121.tcf.xml-18-14	2532889X_1987-01-26_01_063.tcf.xml-22-22	inferred	1	 	artikulieren
2532889X_1966-07-09_01_121.tcf.xml-18-14	2532889X_1987-08-21_01_113.tcf.xml-26-18	inferred	1	 	artikulieren
2532889X_1966-07-09_01_121.tcf.xml-18-14	2532889X_1987-09-18_01_055.tcf.xml-5-5	inferred	1	 	artikulieren
2532889X_1966-07-09_01_121.tcf.xml-18-14	2532889X_1990-01-17_01_045.tcf.xml-71-15	inferred	1	 	artikulieren
2532889X_1966-07-09_01_121.tcf.xml-18-14	2532889X_1990-06-05_01_087.tcf.xml-33-37	inferred	1	 	artikulieren
2532889X_1966-07-09_01_121.tcf.xml-18-14	26120215_1972_08_21_01_116.tcf.xml-14-27	inferred	1	 	artikulieren
2532889X_1966-07-09_01_121.tcf.xml-18-14	26120215_1973_04_10_01_136.tcf.xml-13-5	inferred	1	 	artikulieren
2532889X_1966-07-09_01_121.tcf.xml-18-14	26120215_1973_08_31_01_082.tcf.xml-4-24	inferred	1	 	artikulieren
2532889X_1966-07-09_01_121.tcf.xml-18-14	26120215_1976_12_07_01_188.tcf.xml-12-11	inferred	1	 	artikulieren
2532889X_1966-07-09_01_121.tcf.xml-18-14	26120215_1982_11_29_01_097.tcf.xml-47-17	inferred	1	 	artikulieren
2532889X_1966-07-09_01_121.tcf.xml-18-14	26120215_1988_07_30_01_137.tcf.xml-5-23	inferred	1	 	artikulieren
2532889X_1966-07-09_01_121.tcf.xml-18-14	26120215_1988_08_20_01_052.tcf.xml-20-32	inferred	1	 	artikulieren
2532889X_1966-07-09_01_121.tcf.xml-18-14	26120215_1989_12_09_01_378.tcf.xml-211-27	inferred	1	 	artikulieren
2532889X_1966-07-09_01_121.tcf.xml-18-14	26120215_1990_01_11_01_089.tcf.xml-68-1	inferred	1	 	artikulieren
2532889X_1966-07-09_01_121.tcf.xml-18-14	beyer_poetik01_1882-7479-21	inferred	1	 	artikulieren
2532889X_1966-07-09_01_121.tcf.xml-18-14	clodius_poetik01_1804-3105-11	inferred	1	 	artikulieren
2532889X_1966-07-09_01_121.tcf.xml-18-14	goerres_volksbuecher_1807-152-102	inferred	1	 	artikulieren
2532889X_1966-07-09_01_121.tcf.xml-18-14	goethe_farbenlehre01_1810-4726-57	inferred	1	 	artikulieren
2532889X_1966-07-09_01_121.tcf.xml-18-14	holtei_vagabunden02_1852-1389-8	inferred	1	 	artikulieren
2532889X_1966-07-09_01_121.tcf.xml-18-14	munzinger_japaner_1898-466-14	inferred	1	 	artikulieren
2532889X_1966-07-09_01_121.tcf.xml-18-14	nn_nrhz067b2_1848-252-31	inferred	1	 	artikulieren
2532889X_1966-07-09_01_121.tcf.xml-18-14	vischer_aesthetik030204_1857-537-2	inferred	1	 	artikulieren
2532889X_1966-07-09_01_121.tcf.xml-18-14	vogt_briefe02_1851-5741-27	inferred	1	 	artikulieren
2532889X_1966-07-09_01_121.tcf.xml-18-14	wernicke_symptomencomplex_1874-837-40	inferred	1	 	artikulieren
2532889X_1978-12-20_01_052.tcf.xml-23-1	2532889X_1980-03-05_01_060.tcf.xml-18-5	inferred	1	 	artikulieren
2532889X_1978-12-20_01_052.tcf.xml-23-1	2532889X_1981-03-21_01_043.tcf.xml-24-31	inferred	1	 	artikulieren
2532889X_1978-12-20_01_052.tcf.xml-23-1	2532889X_1981-06-09_01_110.tcf.xml-14-1	inferred	1	 	artikulieren
2532889X_1978-12-20_01_052.tcf.xml-23-1	2532889X_1982-11-11_01_053.tcf.xml-14-7	inferred	1	 	artikulieren
2532889X_1978-12-20_01_052.tcf.xml-23-1	2532889X_1985-12-07_01_368.tcf.xml-21-8	inferred	1	 	artikulieren
2532889X_1978-12-20_01_052.tcf.xml-23-1	2532889X_1987-01-26_01_063.tcf.xml-22-22	inferred	1	 	artikulieren
2532889X_1978-12-20_01_052.tcf.xml-23-1	2532889X_1987-08-21_01_113.tcf.xml-26-18	inferred	1	 	artikulieren
2532889X_1978-12-20_01_052.tcf.xml-23-1	2532889X_1987-09-18_01_055.tcf.xml-5-5	inferred	1	 	artikulieren
2532889X_1978-12-20_01_052.tcf.xml-23-1	2532889X_1990-01-17_01_045.tcf.xml-71-15	inferred	1	 	artikulieren
2532889X_1978-12-20_01_052.tcf.xml-23-1	2532889X_1990-06-05_01_087.tcf.xml-33-37	inferred	1	 	artikulieren
2532889X_1978-12-20_01_052.tcf.xml-23-1	26120215_1972_08_21_01_116.tcf.xml-14-27	inferred	1	 	artikulieren
2532889X_1978-12-20_01_052.tcf.xml-23-1	26120215_1973_04_10_01_136.tcf.xml-13-5	inferred	1	 	artikulieren
2532889X_1978-12-20_01_052.tcf.xml-23-1	26120215_1973_08_31_01_082.tcf.xml-4-24	inferred	1	 	artikulieren
2532889X_1978-12-20_01_052.tcf.xml-23-1	26120215_1976_12_07_01_188.tcf.xml-12-11	inferred	1	 	artikulieren
2532889X_1978-12-20_01_052.tcf.xml-23-1	26120215_1982_11_29_01_097.tcf.xml-47-17	inferred	1	 	artikulieren
2532889X_1978-12-20_01_052.tcf.xml-23-1	26120215_1988_07_30_01_137.tcf.xml-5-23	inferred	1	 	artikulieren
2532889X_1978-12-20_01_052.tcf.xml-23-1	26120215_1988_08_20_01_052.tcf.xml-20-32	inferred	1	 	artikulieren
2532889X_1978-12-20_01_052.tcf.xml-23-1	26120215_1989_12_09_01_378.tcf.xml-211-27	inferred	1	 	artikulieren
2532889X_1978-12-20_01_052.tcf.xml-23-1	26120215_1990_01_11_01_089.tcf.xml-68-1	inferred	1	 	artikulieren
2532889X_1978-12-20_01_052.tcf.xml-23-1	beyer_poetik01_1882-7479-21	inferred	1	 	artikulieren
2532889X_1978-12-20_01_052.tcf.xml-23-1	clodius_poetik01_1804-3105-11	inferred	1	 	artikulieren
2532889X_1978-12-20_01_052.tcf.xml-23-1	goerres_volksbuecher_1807-152-102	inferred	1	 	artikulieren
2532889X_1978-12-20_01_052.tcf.xml-23-1	goethe_farbenlehre01_1810-4726-57	inferred	1	 	artikulieren
2532889X_1978-12-20_01_052.tcf.xml-23-1	holtei_vagabunden02_1852-1389-8	inferred	1	 	artikulieren
2532889X_1978-12-20_01_052.tcf.xml-23-1	munzinger_japaner_1898-466-14	inferred	1	 	artikulieren
2532889X_1978-12-20_01_052.tcf.xml-23-1	nn_nrhz067b2_1848-252-31	inferred	1	 	artikulieren
2532889X_1978-12-20_01_052.tcf.xml-23-1	vischer_aesthetik030204_1857-537-2	inferred	1	 	artikulieren
2532889X_1978-12-20_01_052.tcf.xml-23-1	vogt_briefe02_1851-5741-27	inferred	1	 	artikulieren
2532889X_1978-12-20_01_052.tcf.xml-23-1	wernicke_symptomencomplex_1874-837-40	inferred	1	 	artikulieren
2532889X_1980-03-05_01_060.tcf.xml-18-5	2532889X_1981-03-21_01_043.tcf.xml-24-31	inferred	1	 	artikulieren
2532889X_1980-03-05_01_060.tcf.xml-18-5	2532889X_1981-06-09_01_110.tcf.xml-14-1	inferred	1	 	artikulieren
2532889X_1980-03-05_01_060.tcf.xml-18-5	2532889X_1982-11-11_01_053.tcf.xml-14-7	inferred	1	 	artikulieren
2532889X_1980-03-05_01_060.tcf.xml-18-5	2532889X_1985-12-07_01_368.tcf.xml-21-8	inferred	1	 	artikulieren
2532889X_1980-03-05_01_060.tcf.xml-18-5	2532889X_1987-01-26_01_063.tcf.xml-22-22	inferred	1	 	artikulieren
2532889X_1980-03-05_01_060.tcf.xml-18-5	2532889X_1987-08-21_01_113.tcf.xml-26-18	inferred	1	 	artikulieren
2532889X_1980-03-05_01_060.tcf.xml-18-5	2532889X_1987-09-18_01_055.tcf.xml-5-5	inferred	1	 	artikulieren
2532889X_1980-03-05_01_060.tcf.xml-18-5	2532889X_1990-01-17_01_045.tcf.xml-71-15	inferred	1	 	artikulieren
2532889X_1980-03-05_01_060.tcf.xml-18-5	2532889X_1990-06-05_01_087.tcf.xml-33-37	inferred	1	 	artikulieren
2532889X_1980-03-05_01_060.tcf.xml-18-5	26120215_1972_08_21_01_116.tcf.xml-14-27	inferred	1	 	artikulieren
2532889X_1980-03-05_01_060.tcf.xml-18-5	26120215_1973_04_10_01_136.tcf.xml-13-5	inferred	1	 	artikulieren
2532889X_1980-03-05_01_060.tcf.xml-18-5	26120215_1973_08_31_01_082.tcf.xml-4-24	inferred	1	 	artikulieren
2532889X_1980-03-05_01_060.tcf.xml-18-5	26120215_1976_12_07_01_188.tcf.xml-12-11	inferred	1	 	artikulieren
2532889X_1980-03-05_01_060.tcf.xml-18-5	26120215_1982_11_29_01_097.tcf.xml-47-17	inferred	1	 	artikulieren
2532889X_1980-03-05_01_060.tcf.xml-18-5	26120215_1988_07_30_01_137.tcf.xml-5-23	inferred	1	 	artikulieren
2532889X_1980-03-05_01_060.tcf.xml-18-5	26120215_1988_08_20_01_052.tcf.xml-20-32	inferred	1	 	artikulieren
2532889X_1980-03-05_01_060.tcf.xml-18-5	26120215_1989_12_09_01_378.tcf.xml-211-27	inferred	1	 	artikulieren
2532889X_1980-03-05_01_060.tcf.xml-18-5	26120215_1990_01_11_01_089.tcf.xml-68-1	inferred	1	 	artikulieren
2532889X_1980-03-05_01_060.tcf.xml-18-5	beyer_poetik01_1882-7479-21	inferred	1	 	artikulieren
2532889X_1980-03-05_01_060.tcf.xml-18-5	clodius_poetik01_1804-3105-11	inferred	1	 	artikulieren
2532889X_1980-03-05_01_060.tcf.xml-18-5	goerres_volksbuecher_1807-152-102	inferred	1	 	artikulieren
2532889X_1980-03-05_01_060.tcf.xml-18-5	goethe_farbenlehre01_1810-4726-57	inferred	1	 	artikulieren
2532889X_1980-03-05_01_060.tcf.xml-18-5	holtei_vagabunden02_1852-1389-8	inferred	1	 	artikulieren
2532889X_1980-03-05_01_060.tcf.xml-18-5	munzinger_japaner_1898-466-14	inferred	1	 	artikulieren
2532889X_1980-03-05_01_060.tcf.xml-18-5	nn_nrhz067b2_1848-252-31	inferred	1	 	artikulieren
2532889X_1980-03-05_01_060.tcf.xml-18-5	vischer_aesthetik030204_1857-537-2	inferred	1	 	artikulieren
2532889X_1980-03-05_01_060.tcf.xml-18-5	vogt_briefe02_1851-5741-27	inferred	1	 	artikulieren
2532889X_1980-03-05_01_060.tcf.xml-18-5	wernicke_symptomencomplex_1874-837-40	inferred	1	 	artikulieren
2532889X_1981-03-21_01_043.tcf.xml-24-31	2532889X_1981-06-09_01_110.tcf.xml-14-1	inferred	1	 	artikulieren
2532889X_1981-03-21_01_043.tcf.xml-24-31	2532889X_1982-11-11_01_053.tcf.xml-14-7	inferred	1	 	artikulieren
2532889X_1981-03-21_01_043.tcf.xml-24-31	2532889X_1985-12-07_01_368.tcf.xml-21-8	inferred	1	 	artikulieren
2532889X_1981-03-21_01_043.tcf.xml-24-31	2532889X_1987-01-26_01_063.tcf.xml-22-22	inferred	1	 	artikulieren
2532889X_1981-03-21_01_043.tcf.xml-24-31	2532889X_1987-08-21_01_113.tcf.xml-26-18	inferred	1	 	artikulieren
2532889X_1981-03-21_01_043.tcf.xml-24-31	2532889X_1987-09-18_01_055.tcf.xml-5-5	inferred	1	 	artikulieren
2532889X_1981-03-21_01_043.tcf.xml-24-31	2532889X_1990-01-17_01_045.tcf.xml-71-15	inferred	1	 	artikulieren
2532889X_1981-03-21_01_043.tcf.xml-24-31	2532889X_1990-06-05_01_087.tcf.xml-33-37	inferred	1	 	artikulieren
2532889X_1981-03-21_01_043.tcf.xml-24-31	26120215_1972_08_21_01_116.tcf.xml-14-27	inferred	1	 	artikulieren
2532889X_1981-03-21_01_043.tcf.xml-24-31	26120215_1973_04_10_01_136.tcf.xml-13-5	inferred	1	 	artikulieren
2532889X_1981-03-21_01_043.tcf.xml-24-31	26120215_1973_08_31_01_082.tcf.xml-4-24	inferred	1	 	artikulieren
2532889X_1981-03-21_01_043.tcf.xml-24-31	26120215_1976_12_07_01_188.tcf.xml-12-11	inferred	1	 	artikulieren
2532889X_1981-03-21_01_043.tcf.xml-24-31	26120215_1982_11_29_01_097.tcf.xml-47-17	inferred	1	 	artikulieren
2532889X_1981-03-21_01_043.tcf.xml-24-31	26120215_1988_07_30_01_137.tcf.xml-5-23	inferred	1	 	artikulieren
2532889X_1981-03-21_01_043.tcf.xml-24-31	26120215_1988_08_20_01_052.tcf.xml-20-32	inferred	1	 	artikulieren
2532889X_1981-03-21_01_043.tcf.xml-24-31	26120215_1989_12_09_01_378.tcf.xml-211-27	inferred	1	 	artikulieren
2532889X_1981-03-21_01_043.tcf.xml-24-31	26120215_1990_01_11_01_089.tcf.xml-68-1	inferred	1	 	artikulieren
2532889X_1981-03-21_01_043.tcf.xml-24-31	beyer_poetik01_1882-7479-21	inferred	1	 	artikulieren
2532889X_1981-03-21_01_043.tcf.xml-24-31	clodius_poetik01_1804-3105-11	inferred	1	 	artikulieren
2532889X_1981-03-21_01_043.tcf.xml-24-31	goerres_volksbuecher_1807-152-102	inferred	1	 	artikulieren
2532889X_1981-03-21_01_043.tcf.xml-24-31	goethe_farbenlehre01_1810-4726-57	inferred	1	 	artikulieren
2532889X_1981-03-21_01_043.tcf.xml-24-31	holtei_vagabunden02_1852-1389-8	inferred	1	 	artikulieren
2532889X_1981-03-21_01_043.tcf.xml-24-31	munzinger_japaner_1898-466-14	inferred	1	 	artikulieren
2532889X_1981-03-21_01_043.tcf.xml-24-31	nn_nrhz067b2_1848-252-31	inferred	1	 	artikulieren
2532889X_1981-03-21_01_043.tcf.xml-24-31	vischer_aesthetik030204_1857-537-2	inferred	1	 	artikulieren
2532889X_1981-03-21_01_043.tcf.xml-24-31	vogt_briefe02_1851-5741-27	inferred	1	 	artikulieren
2532889X_1981-03-21_01_043.tcf.xml-24-31	wernicke_symptomencomplex_1874-837-40	inferred	1	 	artikulieren
2532889X_1981-06-09_01_110.tcf.xml-14-1	2532889X_1982-11-11_01_053.tcf.xml-14-7	inferred	1	 	artikulieren
2532889X_1981-06-09_01_110.tcf.xml-14-1	2532889X_1985-12-07_01_368.tcf.xml-21-8	inferred	1	 	artikulieren
2532889X_1981-06-09_01_110.tcf.xml-14-1	2532889X_1987-01-26_01_063.tcf.xml-22-22	inferred	1	 	artikulieren
2532889X_1981-06-09_01_110.tcf.xml-14-1	2532889X_1987-08-21_01_113.tcf.xml-26-18	inferred	1	 	artikulieren
2532889X_1981-06-09_01_110.tcf.xml-14-1	2532889X_1987-09-18_01_055.tcf.xml-5-5	inferred	1	 	artikulieren
2532889X_1981-06-09_01_110.tcf.xml-14-1	2532889X_1990-01-17_01_045.tcf.xml-71-15	inferred	1	 	artikulieren
2532889X_1981-06-09_01_110.tcf.xml-14-1	2532889X_1990-06-05_01_087.tcf.xml-33-37	inferred	1	 	artikulieren
2532889X_1981-06-09_01_110.tcf.xml-14-1	26120215_1972_08_21_01_116.tcf.xml-14-27	inferred	1	 	artikulieren
2532889X_1981-06-09_01_110.tcf.xml-14-1	26120215_1973_04_10_01_136.tcf.xml-13-5	inferred	1	 	artikulieren
2532889X_1981-06-09_01_110.tcf.xml-14-1	26120215_1973_08_31_01_082.tcf.xml-4-24	inferred	1	 	artikulieren
2532889X_1981-06-09_01_110.tcf.xml-14-1	26120215_1976_12_07_01_188.tcf.xml-12-11	inferred	1	 	artikulieren
2532889X_1981-06-09_01_110.tcf.xml-14-1	26120215_1982_11_29_01_097.tcf.xml-47-17	inferred	1	 	artikulieren
2532889X_1981-06-09_01_110.tcf.xml-14-1	26120215_1988_07_30_01_137.tcf.xml-5-23	inferred	1	 	artikulieren
2532889X_1981-06-09_01_110.tcf.xml-14-1	26120215_1988_08_20_01_052.tcf.xml-20-32	inferred	1	 	artikulieren
2532889X_1981-06-09_01_110.tcf.xml-14-1	26120215_1989_12_09_01_378.tcf.xml-211-27	inferred	1	 	artikulieren
2532889X_1981-06-09_01_110.tcf.xml-14-1	26120215_1990_01_11_01_089.tcf.xml-68-1	inferred	1	 	artikulieren
2532889X_1981-06-09_01_110.tcf.xml-14-1	beyer_poetik01_1882-7479-21	inferred	1	 	artikulieren
2532889X_1981-06-09_01_110.tcf.xml-14-1	clodius_poetik01_1804-3105-11	inferred	1	 	artikulieren
2532889X_1981-06-09_01_110.tcf.xml-14-1	goerres_volksbuecher_1807-152-102	inferred	1	 	artikulieren
2532889X_1981-06-09_01_110.tcf.xml-14-1	goethe_farbenlehre01_1810-4726-57	inferred	1	 	artikulieren
2532889X_1981-06-09_01_110.tcf.xml-14-1	holtei_vagabunden02_1852-1389-8	inferred	1	 	artikulieren
2532889X_1981-06-09_01_110.tcf.xml-14-1	munzinger_japaner_1898-466-14	inferred	1	 	artikulieren
2532889X_1981-06-09_01_110.tcf.xml-14-1	nn_nrhz067b2_1848-252-31	inferred	1	 	artikulieren
2532889X_1981-06-09_01_110.tcf.xml-14-1	vischer_aesthetik030204_1857-537-2	inferred	1	 	artikulieren
2532889X_1981-06-09_01_110.tcf.xml-14-1	vogt_briefe02_1851-5741-27	inferred	1	 	artikulieren
2532889X_1981-06-09_01_110.tcf.xml-14-1	wernicke_symptomencomplex_1874-837-40	inferred	1	 	artikulieren
2532889X_1982-11-11_01_053.tcf.xml-14-7	2532889X_1985-12-07_01_368.tcf.xml-21-8	inferred	1	 	artikulieren
2532889X_1982-11-11_01_053.tcf.xml-14-7	2532889X_1987-01-26_01_063.tcf.xml-22-22	inferred	1	 	artikulieren
2532889X_1982-11-11_01_053.tcf.xml-14-7	2532889X_1987-08-21_01_113.tcf.xml-26-18	inferred	1	 	artikulieren
2532889X_1982-11-11_01_053.tcf.xml-14-7	2532889X_1987-09-18_01_055.tcf.xml-5-5	inferred	1	 	artikulieren
2532889X_1982-11-11_01_053.tcf.xml-14-7	2532889X_1990-01-17_01_045.tcf.xml-71-15	inferred	1	 	artikulieren
2532889X_1982-11-11_01_053.tcf.xml-14-7	2532889X_1990-06-05_01_087.tcf.xml-33-37	inferred	1	 	artikulieren
2532889X_1982-11-11_01_053.tcf.xml-14-7	26120215_1972_08_21_01_116.tcf.xml-14-27	inferred	1	 	artikulieren
2532889X_1982-11-11_01_053.tcf.xml-14-7	26120215_1973_04_10_01_136.tcf.xml-13-5	inferred	1	 	artikulieren
2532889X_1982-11-11_01_053.tcf.xml-14-7	26120215_1973_08_31_01_082.tcf.xml-4-24	inferred	1	 	artikulieren
2532889X_1982-11-11_01_053.tcf.xml-14-7	26120215_1976_12_07_01_188.tcf.xml-12-11	inferred	1	 	artikulieren
2532889X_1982-11-11_01_053.tcf.xml-14-7	26120215_1982_11_29_01_097.tcf.xml-47-17	inferred	1	 	artikulieren
2532889X_1982-11-11_01_053.tcf.xml-14-7	26120215_1988_07_30_01_137.tcf.xml-5-23	inferred	1	 	artikulieren
2532889X_1982-11-11_01_053.tcf.xml-14-7	26120215_1988_08_20_01_052.tcf.xml-20-32	inferred	1	 	artikulieren
2532889X_1982-11-11_01_053.tcf.xml-14-7	26120215_1989_12_09_01_378.tcf.xml-211-27	inferred	1	 	artikulieren
2532889X_1982-11-11_01_053.tcf.xml-14-7	26120215_1990_01_11_01_089.tcf.xml-68-1	inferred	1	 	artikulieren
2532889X_1982-11-11_01_053.tcf.xml-14-7	beyer_poetik01_1882-7479-21	inferred	1	 	artikulieren
2532889X_1982-11-11_01_053.tcf.xml-14-7	clodius_poetik01_1804-3105-11	inferred	1	 	artikulieren
2532889X_1982-11-11_01_053.tcf.xml-14-7	goerres_volksbuecher_1807-152-102	inferred	1	 	artikulieren
2532889X_1982-11-11_01_053.tcf.xml-14-7	goethe_farbenlehre01_1810-4726-57	inferred	1	 	artikulieren
2532889X_1982-11-11_01_053.tcf.xml-14-7	holtei_vagabunden02_1852-1389-8	inferred	1	 	artikulieren
2532889X_1982-11-11_01_053.tcf.xml-14-7	munzinger_japaner_1898-466-14	inferred	1	 	artikulieren
2532889X_1982-11-11_01_053.tcf.xml-14-7	nn_nrhz067b2_1848-252-31	inferred	1	 	artikulieren
2532889X_1982-11-11_01_053.tcf.xml-14-7	vischer_aesthetik030204_1857-537-2	inferred	1	 	artikulieren
2532889X_1982-11-11_01_053.tcf.xml-14-7	vogt_briefe02_1851-5741-27	inferred	1	 	artikulieren
2532889X_1982-11-11_01_053.tcf.xml-14-7	wernicke_symptomencomplex_1874-837-40	inferred	1	 	artikulieren
2532889X_1985-12-07_01_368.tcf.xml-21-8	2532889X_1987-01-26_01_063.tcf.xml-22-22	inferred	1	 	artikulieren
2532889X_1985-12-07_01_368.tcf.xml-21-8	2532889X_1987-08-21_01_113.tcf.xml-26-18	inferred	1	 	artikulieren
2532889X_1985-12-07_01_368.tcf.xml-21-8	2532889X_1987-09-18_01_055.tcf.xml-5-5	inferred	1	 	artikulieren
2532889X_1985-12-07_01_368.tcf.xml-21-8	2532889X_1990-01-17_01_045.tcf.xml-71-15	inferred	1	 	artikulieren
2532889X_1985-12-07_01_368.tcf.xml-21-8	2532889X_1990-06-05_01_087.tcf.xml-33-37	inferred	1	 	artikulieren
2532889X_1985-12-07_01_368.tcf.xml-21-8	26120215_1972_08_21_01_116.tcf.xml-14-27	inferred	1	 	artikulieren
2532889X_1985-12-07_01_368.tcf.xml-21-8	26120215_1973_04_10_01_136.tcf.xml-13-5	inferred	1	 	artikulieren
2532889X_1985-12-07_01_368.tcf.xml-21-8	26120215_1973_08_31_01_082.tcf.xml-4-24	inferred	1	 	artikulieren
2532889X_1985-12-07_01_368.tcf.xml-21-8	26120215_1976_12_07_01_188.tcf.xml-12-11	inferred	1	 	artikulieren
2532889X_1985-12-07_01_368.tcf.xml-21-8	26120215_1982_11_29_01_097.tcf.xml-47-17	inferred	1	 	artikulieren
2532889X_1985-12-07_01_368.tcf.xml-21-8	26120215_1988_07_30_01_137.tcf.xml-5-23	inferred	1	 	artikulieren
2532889X_1985-12-07_01_368.tcf.xml-21-8	26120215_1988_08_20_01_052.tcf.xml-20-32	inferred	1	 	artikulieren
2532889X_1985-12-07_01_368.tcf.xml-21-8	26120215_1989_12_09_01_378.tcf.xml-211-27	inferred	1	 	artikulieren
2532889X_1985-12-07_01_368.tcf.xml-21-8	26120215_1990_01_11_01_089.tcf.xml-68-1	inferred	1	 	artikulieren
2532889X_1985-12-07_01_368.tcf.xml-21-8	beyer_poetik01_1882-7479-21	inferred	1	 	artikulieren
2532889X_1985-12-07_01_368.tcf.xml-21-8	clodius_poetik01_1804-3105-11	inferred	1	 	artikulieren
2532889X_1985-12-07_01_368.tcf.xml-21-8	goerres_volksbuecher_1807-152-102	inferred	1	 	artikulieren
2532889X_1985-12-07_01_368.tcf.xml-21-8	goethe_farbenlehre01_1810-4726-57	inferred	1	 	artikulieren
2532889X_1985-12-07_01_368.tcf.xml-21-8	holtei_vagabunden02_1852-1389-8	inferred	1	 	artikulieren
2532889X_1985-12-07_01_368.tcf.xml-21-8	munzinger_japaner_1898-466-14	inferred	1	 	artikulieren
2532889X_1985-12-07_01_368.tcf.xml-21-8	nn_nrhz067b2_1848-252-31	inferred	1	 	artikulieren
2532889X_1985-12-07_01_368.tcf.xml-21-8	vischer_aesthetik030204_1857-537-2	inferred	1	 	artikulieren
2532889X_1985-12-07_01_368.tcf.xml-21-8	vogt_briefe02_1851-5741-27	inferred	1	 	artikulieren
2532889X_1985-12-07_01_368.tcf.xml-21-8	wernicke_symptomencomplex_1874-837-40	inferred	1	 	artikulieren
2532889X_1987-01-26_01_063.tcf.xml-22-22	2532889X_1987-08-21_01_113.tcf.xml-26-18	inferred	1	 	artikulieren
2532889X_1987-01-26_01_063.tcf.xml-22-22	2532889X_1987-09-18_01_055.tcf.xml-5-5	inferred	1	 	artikulieren
2532889X_1987-01-26_01_063.tcf.xml-22-22	2532889X_1990-01-17_01_045.tcf.xml-71-15	inferred	1	 	artikulieren
2532889X_1987-01-26_01_063.tcf.xml-22-22	2532889X_1990-06-05_01_087.tcf.xml-33-37	inferred	1	 	artikulieren
2532889X_1987-01-26_01_063.tcf.xml-22-22	26120215_1972_08_21_01_116.tcf.xml-14-27	inferred	1	 	artikulieren
2532889X_1987-01-26_01_063.tcf.xml-22-22	26120215_1973_04_10_01_136.tcf.xml-13-5	inferred	1	 	artikulieren
2532889X_1987-01-26_01_063.tcf.xml-22-22	26120215_1973_08_31_01_082.tcf.xml-4-24	inferred	1	 	artikulieren
2532889X_1987-01-26_01_063.tcf.xml-22-22	26120215_1976_12_07_01_188.tcf.xml-12-11	inferred	1	 	artikulieren
2532889X_1987-01-26_01_063.tcf.xml-22-22	26120215_1982_11_29_01_097.tcf.xml-47-17	inferred	1	 	artikulieren
2532889X_1987-01-26_01_063.tcf.xml-22-22	26120215_1988_07_30_01_137.tcf.xml-5-23	inferred	1	 	artikulieren
2532889X_1987-01-26_01_063.tcf.xml-22-22	26120215_1988_08_20_01_052.tcf.xml-20-32	inferred	1	 	artikulieren
2532889X_1987-01-26_01_063.tcf.xml-22-22	26120215_1989_12_09_01_378.tcf.xml-211-27	inferred	1	 	artikulieren
2532889X_1987-01-26_01_063.tcf.xml-22-22	26120215_1990_01_11_01_089.tcf.xml-68-1	inferred	1	 	artikulieren
2532889X_1987-01-26_01_063.tcf.xml-22-22	beyer_poetik01_1882-7479-21	inferred	1	 	artikulieren
2532889X_1987-01-26_01_063.tcf.xml-22-22	clodius_poetik01_1804-3105-11	inferred	1	 	artikulieren
2532889X_1987-01-26_01_063.tcf.xml-22-22	goerres_volksbuecher_1807-152-102	inferred	1	 	artikulieren
2532889X_1987-01-26_01_063.tcf.xml-22-22	goethe_farbenlehre01_1810-4726-57	inferred	1	 	artikulieren
2532889X_1987-01-26_01_063.tcf.xml-22-22	holtei_vagabunden02_1852-1389-8	inferred	1	 	artikulieren
2532889X_1987-01-26_01_063.tcf.xml-22-22	munzinger_japaner_1898-466-14	inferred	1	 	artikulieren
2532889X_1987-01-26_01_063.tcf.xml-22-22	nn_nrhz067b2_1848-252-31	inferred	1	 	artikulieren
2532889X_1987-01-26_01_063.tcf.xml-22-22	vischer_aesthetik030204_1857-537-2	inferred	1	 	artikulieren
2532889X_1987-01-26_01_063.tcf.xml-22-22	vogt_briefe02_1851-5741-27	inferred	1	 	artikulieren
2532889X_1987-01-26_01_063.tcf.xml-22-22	wernicke_symptomencomplex_1874-837-40	inferred	1	 	artikulieren
2532889X_1987-08-21_01_113.tcf.xml-26-18	2532889X_1987-09-18_01_055.tcf.xml-5-5	inferred	1	 	artikulieren
2532889X_1987-08-21_01_113.tcf.xml-26-18	2532889X_1990-01-17_01_045.tcf.xml-71-15	inferred	1	 	artikulieren
2532889X_1987-08-21_01_113.tcf.xml-26-18	2532889X_1990-06-05_01_087.tcf.xml-33-37	inferred	1	 	artikulieren
2532889X_1987-08-21_01_113.tcf.xml-26-18	26120215_1972_08_21_01_116.tcf.xml-14-27	inferred	1	 	artikulieren
2532889X_1987-08-21_01_113.tcf.xml-26-18	26120215_1973_04_10_01_136.tcf.xml-13-5	inferred	1	 	artikulieren
2532889X_1987-08-21_01_113.tcf.xml-26-18	26120215_1973_08_31_01_082.tcf.xml-4-24	inferred	1	 	artikulieren
2532889X_1987-08-21_01_113.tcf.xml-26-18	26120215_1976_12_07_01_188.tcf.xml-12-11	inferred	1	 	artikulieren
2532889X_1987-08-21_01_113.tcf.xml-26-18	26120215_1982_11_29_01_097.tcf.xml-47-17	inferred	1	 	artikulieren
2532889X_1987-08-21_01_113.tcf.xml-26-18	26120215_1988_07_30_01_137.tcf.xml-5-23	inferred	1	 	artikulieren
2532889X_1987-08-21_01_113.tcf.xml-26-18	26120215_1988_08_20_01_052.tcf.xml-20-32	inferred	1	 	artikulieren
2532889X_1987-08-21_01_113.tcf.xml-26-18	26120215_1989_12_09_01_378.tcf.xml-211-27	inferred	1	 	artikulieren
2532889X_1987-08-21_01_113.tcf.xml-26-18	26120215_1990_01_11_01_089.tcf.xml-68-1	inferred	1	 	artikulieren
2532889X_1987-08-21_01_113.tcf.xml-26-18	beyer_poetik01_1882-7479-21	inferred	1	 	artikulieren
2532889X_1987-08-21_01_113.tcf.xml-26-18	clodius_poetik01_1804-3105-11	inferred	1	 	artikulieren
2532889X_1987-08-21_01_113.tcf.xml-26-18	goerres_volksbuecher_1807-152-102	inferred	1	 	artikulieren
2532889X_1987-08-21_01_113.tcf.xml-26-18	goethe_farbenlehre01_1810-4726-57	inferred	1	 	artikulieren
2532889X_1987-08-21_01_113.tcf.xml-26-18	holtei_vagabunden02_1852-1389-8	inferred	1	 	artikulieren
2532889X_1987-08-21_01_113.tcf.xml-26-18	munzinger_japaner_1898-466-14	inferred	1	 	artikulieren
2532889X_1987-08-21_01_113.tcf.xml-26-18	nn_nrhz067b2_1848-252-31	inferred	1	 	artikulieren
2532889X_1987-08-21_01_113.tcf.xml-26-18	vischer_aesthetik030204_1857-537-2	inferred	1	 	artikulieren
2532889X_1987-08-21_01_113.tcf.xml-26-18	vogt_briefe02_1851-5741-27	inferred	1	 	artikulieren
2532889X_1987-08-21_01_113.tcf.xml-26-18	wernicke_symptomencomplex_1874-837-40	inferred	1	 	artikulieren
2532889X_1987-09-18_01_055.tcf.xml-5-5	2532889X_1990-01-17_01_045.tcf.xml-71-15	inferred	1	 	artikulieren
2532889X_1987-09-18_01_055.tcf.xml-5-5	2532889X_1990-06-05_01_087.tcf.xml-33-37	inferred	1	 	artikulieren
2532889X_1987-09-18_01_055.tcf.xml-5-5	26120215_1972_08_21_01_116.tcf.xml-14-27	inferred	1	 	artikulieren
2532889X_1987-09-18_01_055.tcf.xml-5-5	26120215_1973_04_10_01_136.tcf.xml-13-5	inferred	1	 	artikulieren
2532889X_1987-09-18_01_055.tcf.xml-5-5	26120215_1973_08_31_01_082.tcf.xml-4-24	inferred	1	 	artikulieren
2532889X_1987-09-18_01_055.tcf.xml-5-5	26120215_1976_12_07_01_188.tcf.xml-12-11	inferred	1	 	artikulieren
2532889X_1987-09-18_01_055.tcf.xml-5-5	26120215_1982_11_29_01_097.tcf.xml-47-17	inferred	1	 	artikulieren
2532889X_1987-09-18_01_055.tcf.xml-5-5	26120215_1988_07_30_01_137.tcf.xml-5-23	inferred	1	 	artikulieren
2532889X_1987-09-18_01_055.tcf.xml-5-5	26120215_1988_08_20_01_052.tcf.xml-20-32	inferred	1	 	artikulieren
2532889X_1987-09-18_01_055.tcf.xml-5-5	26120215_1989_12_09_01_378.tcf.xml-211-27	inferred	1	 	artikulieren
2532889X_1987-09-18_01_055.tcf.xml-5-5	26120215_1990_01_11_01_089.tcf.xml-68-1	inferred	1	 	artikulieren
2532889X_1987-09-18_01_055.tcf.xml-5-5	beyer_poetik01_1882-7479-21	inferred	1	 	artikulieren
2532889X_1987-09-18_01_055.tcf.xml-5-5	clodius_poetik01_1804-3105-11	inferred	1	 	artikulieren
2532889X_1987-09-18_01_055.tcf.xml-5-5	goerres_volksbuecher_1807-152-102	inferred	1	 	artikulieren
2532889X_1987-09-18_01_055.tcf.xml-5-5	goethe_farbenlehre01_1810-4726-57	inferred	1	 	artikulieren
2532889X_1987-09-18_01_055.tcf.xml-5-5	holtei_vagabunden02_1852-1389-8	inferred	1	 	artikulieren
2532889X_1987-09-18_01_055.tcf.xml-5-5	munzinger_japaner_1898-466-14	inferred	1	 	artikulieren
2532889X_1987-09-18_01_055.tcf.xml-5-5	nn_nrhz067b2_1848-252-31	inferred	1	 	artikulieren
2532889X_1987-09-18_01_055.tcf.xml-5-5	vischer_aesthetik030204_1857-537-2	inferred	1	 	artikulieren
2532889X_1987-09-18_01_055.tcf.xml-5-5	vogt_briefe02_1851-5741-27	inferred	1	 	artikulieren
2532889X_1987-09-18_01_055.tcf.xml-5-5	wernicke_symptomencomplex_1874-837-40	inferred	1	 	artikulieren
2532889X_1990-01-17_01_045.tcf.xml-71-15	2532889X_1990-06-05_01_087.tcf.xml-33-37	inferred	1	 	artikulieren
2532889X_1990-01-17_01_045.tcf.xml-71-15	26120215_1972_08_21_01_116.tcf.xml-14-27	inferred	1	 	artikulieren
2532889X_1990-01-17_01_045.tcf.xml-71-15	26120215_1973_04_10_01_136.tcf.xml-13-5	inferred	1	 	artikulieren
2532889X_1990-01-17_01_045.tcf.xml-71-15	26120215_1973_08_31_01_082.tcf.xml-4-24	inferred	1	 	artikulieren
2532889X_1990-01-17_01_045.tcf.xml-71-15	26120215_1976_12_07_01_188.tcf.xml-12-11	inferred	1	 	artikulieren
2532889X_1990-01-17_01_045.tcf.xml-71-15	26120215_1982_11_29_01_097.tcf.xml-47-17	inferred	1	 	artikulieren
2532889X_1990-01-17_01_045.tcf.xml-71-15	26120215_1988_07_30_01_137.tcf.xml-5-23	inferred	1	 	artikulieren
2532889X_1990-01-17_01_045.tcf.xml-71-15	26120215_1988_08_20_01_052.tcf.xml-20-32	inferred	1	 	artikulieren
2532889X_1990-01-17_01_045.tcf.xml-71-15	26120215_1989_12_09_01_378.tcf.xml-211-27	inferred	1	 	artikulieren
2532889X_1990-01-17_01_045.tcf.xml-71-15	26120215_1990_01_11_01_089.tcf.xml-68-1	inferred	1	 	artikulieren
2532889X_1990-01-17_01_045.tcf.xml-71-15	beyer_poetik01_1882-7479-21	inferred	1	 	artikulieren
2532889X_1990-01-17_01_045.tcf.xml-71-15	clodius_poetik01_1804-3105-11	inferred	1	 	artikulieren
2532889X_1990-01-17_01_045.tcf.xml-71-15	goerres_volksbuecher_1807-152-102	inferred	1	 	artikulieren
2532889X_1990-01-17_01_045.tcf.xml-71-15	goethe_farbenlehre01_1810-4726-57	inferred	1	 	artikulieren
2532889X_1990-01-17_01_045.tcf.xml-71-15	holtei_vagabunden02_1852-1389-8	inferred	1	 	artikulieren
2532889X_1990-01-17_01_045.tcf.xml-71-15	munzinger_japaner_1898-466-14	inferred	1	 	artikulieren
2532889X_1990-01-17_01_045.tcf.xml-71-15	nn_nrhz067b2_1848-252-31	inferred	1	 	artikulieren
2532889X_1990-01-17_01_045.tcf.xml-71-15	vischer_aesthetik030204_1857-537-2	inferred	1	 	artikulieren
2532889X_1990-01-17_01_045.tcf.xml-71-15	vogt_briefe02_1851-5741-27	inferred	1	 	artikulieren
2532889X_1990-01-17_01_045.tcf.xml-71-15	wernicke_symptomencomplex_1874-837-40	inferred	1	 	artikulieren
2532889X_1990-06-05_01_087.tcf.xml-33-37	26120215_1972_08_21_01_116.tcf.xml-14-27	inferred	1	 	artikulieren
2532889X_1990-06-05_01_087.tcf.xml-33-37	26120215_1973_04_10_01_136.tcf.xml-13-5	inferred	1	 	artikulieren
2532889X_1990-06-05_01_087.tcf.xml-33-37	26120215_1973_08_31_01_082.tcf.xml-4-24	inferred	1	 	artikulieren
2532889X_1990-06-05_01_087.tcf.xml-33-37	26120215_1976_12_07_01_188.tcf.xml-12-11	inferred	1	 	artikulieren
2532889X_1990-06-05_01_087.tcf.xml-33-37	26120215_1982_11_29_01_097.tcf.xml-47-17	inferred	1	 	artikulieren
2532889X_1990-06-05_01_087.tcf.xml-33-37	26120215_1988_07_30_01_137.tcf.xml-5-23	inferred	1	 	artikulieren
2532889X_1990-06-05_01_087.tcf.xml-33-37	26120215_1988_08_20_01_052.tcf.xml-20-32	inferred	1	 	artikulieren
2532889X_1990-06-05_01_087.tcf.xml-33-37	26120215_1989_12_09_01_378.tcf.xml-211-27	inferred	1	 	artikulieren
2532889X_1990-06-05_01_087.tcf.xml-33-37	26120215_1990_01_11_01_089.tcf.xml-68-1	inferred	1	 	artikulieren
2532889X_1990-06-05_01_087.tcf.xml-33-37	beyer_poetik01_1882-7479-21	inferred	1	 	artikulieren
2532889X_1990-06-05_01_087.tcf.xml-33-37	clodius_poetik01_1804-3105-11	inferred	1	 	artikulieren
2532889X_1990-06-05_01_087.tcf.xml-33-37	goerres_volksbuecher_1807-152-102	inferred	1	 	artikulieren
2532889X_1990-06-05_01_087.tcf.xml-33-37	goethe_farbenlehre01_1810-4726-57	inferred	1	 	artikulieren
2532889X_1990-06-05_01_087.tcf.xml-33-37	holtei_vagabunden02_1852-1389-8	inferred	1	 	artikulieren
2532889X_1990-06-05_01_087.tcf.xml-33-37	munzinger_japaner_1898-466-14	inferred	1	 	artikulieren
2532889X_1990-06-05_01_087.tcf.xml-33-37	nn_nrhz067b2_1848-252-31	inferred	1	 	artikulieren
2532889X_1990-06-05_01_087.tcf.xml-33-37	vischer_aesthetik030204_1857-537-2	inferred	1	 	artikulieren
2532889X_1990-06-05_01_087.tcf.xml-33-37	vogt_briefe02_1851-5741-27	inferred	1	 	artikulieren
2532889X_1990-06-05_01_087.tcf.xml-33-37	wernicke_symptomencomplex_1874-837-40	inferred	1	 	artikulieren
26120215_1972_08_21_01_116.tcf.xml-14-27	26120215_1973_04_10_01_136.tcf.xml-13-5	inferred	1	 	artikulieren
26120215_1972_08_21_01_116.tcf.xml-14-27	26120215_1973_08_31_01_082.tcf.xml-4-24	inferred	1	 	artikulieren
26120215_1972_08_21_01_116.tcf.xml-14-27	26120215_1976_12_07_01_188.tcf.xml-12-11	inferred	1	 	artikulieren
26120215_1972_08_21_01_116.tcf.xml-14-27	26120215_1982_11_29_01_097.tcf.xml-47-17	inferred	1	 	artikulieren
26120215_1972_08_21_01_116.tcf.xml-14-27	26120215_1988_07_30_01_137.tcf.xml-5-23	inferred	1	 	artikulieren
26120215_1972_08_21_01_116.tcf.xml-14-27	26120215_1988_08_20_01_052.tcf.xml-20-32	inferred	1	 	artikulieren
26120215_1972_08_21_01_116.tcf.xml-14-27	26120215_1989_12_09_01_378.tcf.xml-211-27	inferred	1	 	artikulieren
26120215_1972_08_21_01_116.tcf.xml-14-27	26120215_1990_01_11_01_089.tcf.xml-68-1	inferred	1	 	artikulieren
26120215_1972_08_21_01_116.tcf.xml-14-27	beyer_poetik01_1882-7479-21	inferred	1	 	artikulieren
26120215_1972_08_21_01_116.tcf.xml-14-27	clodius_poetik01_1804-3105-11	inferred	1	 	artikulieren
26120215_1972_08_21_01_116.tcf.xml-14-27	goerres_volksbuecher_1807-152-102	inferred	1	 	artikulieren
26120215_1972_08_21_01_116.tcf.xml-14-27	goethe_farbenlehre01_1810-4726-57	inferred	1	 	artikulieren
26120215_1972_08_21_01_116.tcf.xml-14-27	holtei_vagabunden02_1852-1389-8	inferred	1	 	artikulieren
26120215_1972_08_21_01_116.tcf.xml-14-27	munzinger_japaner_1898-466-14	inferred	1	 	artikulieren
26120215_1972_08_21_01_116.tcf.xml-14-27	nn_nrhz067b2_1848-252-31	inferred	1	 	artikulieren
26120215_1972_08_21_01_116.tcf.xml-14-27	vischer_aesthetik030204_1857-537-2	inferred	1	 	artikulieren
26120215_1972_08_21_01_116.tcf.xml-14-27	vogt_briefe02_1851-5741-27	inferred	1	 	artikulieren
26120215_1972_08_21_01_116.tcf.xml-14-27	wernicke_symptomencomplex_1874-837-40	inferred	1	 	artikulieren
26120215_1973_04_10_01_136.tcf.xml-13-5	26120215_1973_08_31_01_082.tcf.xml-4-24	inferred	1	 	artikulieren
26120215_1973_04_10_01_136.tcf.xml-13-5	26120215_1976_12_07_01_188.tcf.xml-12-11	inferred	1	 	artikulieren
26120215_1973_04_10_01_136.tcf.xml-13-5	26120215_1982_11_29_01_097.tcf.xml-47-17	inferred	1	 	artikulieren
26120215_1973_04_10_01_136.tcf.xml-13-5	26120215_1988_07_30_01_137.tcf.xml-5-23	inferred	1	 	artikulieren
26120215_1973_04_10_01_136.tcf.xml-13-5	26120215_1988_08_20_01_052.tcf.xml-20-32	inferred	1	 	artikulieren
26120215_1973_04_10_01_136.tcf.xml-13-5	26120215_1989_12_09_01_378.tcf.xml-211-27	inferred	1	 	artikulieren
26120215_1973_04_10_01_136.tcf.xml-13-5	26120215_1990_01_11_01_089.tcf.xml-68-1	inferred	1	 	artikulieren
26120215_1973_04_10_01_136.tcf.xml-13-5	beyer_poetik01_1882-7479-21	inferred	1	 	artikulieren
26120215_1973_04_10_01_136.tcf.xml-13-5	clodius_poetik01_1804-3105-11	inferred	1	 	artikulieren
26120215_1973_04_10_01_136.tcf.xml-13-5	goerres_volksbuecher_1807-152-102	inferred	1	 	artikulieren
26120215_1973_04_10_01_136.tcf.xml-13-5	goethe_farbenlehre01_1810-4726-57	inferred	1	 	artikulieren
26120215_1973_04_10_01_136.tcf.xml-13-5	holtei_vagabunden02_1852-1389-8	inferred	1	 	artikulieren
26120215_1973_04_10_01_136.tcf.xml-13-5	munzinger_japaner_1898-466-14	inferred	1	 	artikulieren
26120215_1973_04_10_01_136.tcf.xml-13-5	nn_nrhz067b2_1848-252-31	inferred	1	 	artikulieren
26120215_1973_04_10_01_136.tcf.xml-13-5	vischer_aesthetik030204_1857-537-2	inferred	1	 	artikulieren
26120215_1973_04_10_01_136.tcf.xml-13-5	vogt_briefe02_1851-5741-27	inferred	1	 	artikulieren
26120215_1973_04_10_01_136.tcf.xml-13-5	wernicke_symptomencomplex_1874-837-40	inferred	1	 	artikulieren
26120215_1973_08_31_01_082.tcf.xml-4-24	26120215_1976_12_07_01_188.tcf.xml-12-11	inferred	1	 	artikulieren
26120215_1973_08_31_01_082.tcf.xml-4-24	26120215_1982_11_29_01_097.tcf.xml-47-17	inferred	1	 	artikulieren
26120215_1973_08_31_01_082.tcf.xml-4-24	26120215_1988_07_30_01_137.tcf.xml-5-23	inferred	1	 	artikulieren
26120215_1973_08_31_01_082.tcf.xml-4-24	26120215_1988_08_20_01_052.tcf.xml-20-32	inferred	1	 	artikulieren
26120215_1973_08_31_01_082.tcf.xml-4-24	26120215_1989_12_09_01_378.tcf.xml-211-27	inferred	1	 	artikulieren
26120215_1973_08_31_01_082.tcf.xml-4-24	26120215_1990_01_11_01_089.tcf.xml-68-1	inferred	1	 	artikulieren
26120215_1973_08_31_01_082.tcf.xml-4-24	beyer_poetik01_1882-7479-21	inferred	1	 	artikulieren
26120215_1973_08_31_01_082.tcf.xml-4-24	clodius_poetik01_1804-3105-11	inferred	1	 	artikulieren
26120215_1973_08_31_01_082.tcf.xml-4-24	goerres_volksbuecher_1807-152-102	inferred	1	 	artikulieren
26120215_1973_08_31_01_082.tcf.xml-4-24	goethe_farbenlehre01_1810-4726-57	inferred	1	 	artikulieren
26120215_1973_08_31_01_082.tcf.xml-4-24	holtei_vagabunden02_1852-1389-8	inferred	1	 	artikulieren
26120215_1973_08_31_01_082.tcf.xml-4-24	munzinger_japaner_1898-466-14	inferred	1	 	artikulieren
26120215_1973_08_31_01_082.tcf.xml-4-24	nn_nrhz067b2_1848-252-31	inferred	1	 	artikulieren
26120215_1973_08_31_01_082.tcf.xml-4-24	vischer_aesthetik030204_1857-537-2	inferred	1	 	artikulieren
26120215_1973_08_31_01_082.tcf.xml-4-24	vogt_briefe02_1851-5741-27	inferred	1	 	artikulieren
26120215_1973_08_31_01_082.tcf.xml-4-24	wernicke_symptomencomplex_1874-837-40	inferred	1	 	artikulieren
26120215_1976_12_07_01_188.tcf.xml-12-11	26120215_1982_11_29_01_097.tcf.xml-47-17	inferred	1	 	artikulieren
26120215_1976_12_07_01_188.tcf.xml-12-11	26120215_1988_07_30_01_137.tcf.xml-5-23	inferred	1	 	artikulieren
26120215_1976_12_07_01_188.tcf.xml-12-11	26120215_1988_08_20_01_052.tcf.xml-20-32	inferred	1	 	artikulieren
26120215_1976_12_07_01_188.tcf.xml-12-11	26120215_1989_12_09_01_378.tcf.xml-211-27	inferred	1	 	artikulieren
26120215_1976_12_07_01_188.tcf.xml-12-11	26120215_1990_01_11_01_089.tcf.xml-68-1	inferred	1	 	artikulieren
26120215_1976_12_07_01_188.tcf.xml-12-11	beyer_poetik01_1882-7479-21	inferred	1	 	artikulieren
26120215_1976_12_07_01_188.tcf.xml-12-11	clodius_poetik01_1804-3105-11	inferred	1	 	artikulieren
26120215_1976_12_07_01_188.tcf.xml-12-11	goerres_volksbuecher_1807-152-102	inferred	1	 	artikulieren
26120215_1976_12_07_01_188.tcf.xml-12-11	goethe_farbenlehre01_1810-4726-57	inferred	1	 	artikulieren
26120215_1976_12_07_01_188.tcf.xml-12-11	holtei_vagabunden02_1852-1389-8	inferred	1	 	artikulieren
26120215_1976_12_07_01_188.tcf.xml-12-11	munzinger_japaner_1898-466-14	inferred	1	 	artikulieren
26120215_1976_12_07_01_188.tcf.xml-12-11	nn_nrhz067b2_1848-252-31	inferred	1	 	artikulieren
26120215_1976_12_07_01_188.tcf.xml-12-11	vischer_aesthetik030204_1857-537-2	inferred	1	 	artikulieren
26120215_1976_12_07_01_188.tcf.xml-12-11	vogt_briefe02_1851-5741-27	inferred	1	 	artikulieren
26120215_1976_12_07_01_188.tcf.xml-12-11	wernicke_symptomencomplex_1874-837-40	inferred	1	 	artikulieren
26120215_1982_11_29_01_097.tcf.xml-47-17	26120215_1988_07_30_01_137.tcf.xml-5-23	inferred	1	 	artikulieren
26120215_1982_11_29_01_097.tcf.xml-47-17	26120215_1988_08_20_01_052.tcf.xml-20-32	inferred	1	 	artikulieren
26120215_1982_11_29_01_097.tcf.xml-47-17	26120215_1989_12_09_01_378.tcf.xml-211-27	inferred	1	 	artikulieren
26120215_1982_11_29_01_097.tcf.xml-47-17	26120215_1990_01_11_01_089.tcf.xml-68-1	inferred	1	 	artikulieren
26120215_1982_11_29_01_097.tcf.xml-47-17	beyer_poetik01_1882-7479-21	inferred	1	 	artikulieren
26120215_1982_11_29_01_097.tcf.xml-47-17	clodius_poetik01_1804-3105-11	inferred	1	 	artikulieren
26120215_1982_11_29_01_097.tcf.xml-47-17	goerres_volksbuecher_1807-152-102	inferred	1	 	artikulieren
26120215_1982_11_29_01_097.tcf.xml-47-17	goethe_farbenlehre01_1810-4726-57	inferred	1	 	artikulieren
26120215_1982_11_29_01_097.tcf.xml-47-17	holtei_vagabunden02_1852-1389-8	inferred	1	 	artikulieren
26120215_1982_11_29_01_097.tcf.xml-47-17	munzinger_japaner_1898-466-14	inferred	1	 	artikulieren
26120215_1982_11_29_01_097.tcf.xml-47-17	nn_nrhz067b2_1848-252-31	inferred	1	 	artikulieren
26120215_1982_11_29_01_097.tcf.xml-47-17	vischer_aesthetik030204_1857-537-2	inferred	1	 	artikulieren
26120215_1982_11_29_01_097.tcf.xml-47-17	vogt_briefe02_1851-5741-27	inferred	1	 	artikulieren
26120215_1982_11_29_01_097.tcf.xml-47-17	wernicke_symptomencomplex_1874-837-40	inferred	1	 	artikulieren
26120215_1988_07_30_01_137.tcf.xml-5-23	26120215_1988_08_20_01_052.tcf.xml-20-32	inferred	1	 	artikulieren
26120215_1988_07_30_01_137.tcf.xml-5-23	26120215_1989_12_09_01_378.tcf.xml-211-27	inferred	1	 	artikulieren
26120215_1988_07_30_01_137.tcf.xml-5-23	26120215_1990_01_11_01_089.tcf.xml-68-1	inferred	1	 	artikulieren
26120215_1988_07_30_01_137.tcf.xml-5-23	beyer_poetik01_1882-7479-21	inferred	1	 	artikulieren
26120215_1988_07_30_01_137.tcf.xml-5-23	clodius_poetik01_1804-3105-11	inferred	1	 	artikulieren
26120215_1988_07_30_01_137.tcf.xml-5-23	goerres_volksbuecher_1807-152-102	inferred	1	 	artikulieren
26120215_1988_07_30_01_137.tcf.xml-5-23	goethe_farbenlehre01_1810-4726-57	inferred	1	 	artikulieren
26120215_1988_07_30_01_137.tcf.xml-5-23	holtei_vagabunden02_1852-1389-8	inferred	1	 	artikulieren
26120215_1988_07_30_01_137.tcf.xml-5-23	munzinger_japaner_1898-466-14	inferred	1	 	artikulieren
26120215_1988_07_30_01_137.tcf.xml-5-23	nn_nrhz067b2_1848-252-31	inferred	1	 	artikulieren
26120215_1988_07_30_01_137.tcf.xml-5-23	vischer_aesthetik030204_1857-537-2	inferred	1	 	artikulieren
26120215_1988_07_30_01_137.tcf.xml-5-23	vogt_briefe02_1851-5741-27	inferred	1	 	artikulieren
26120215_1988_07_30_01_137.tcf.xml-5-23	wernicke_symptomencomplex_1874-837-40	inferred	1	 	artikulieren
26120215_1988_08_20_01_052.tcf.xml-20-32	26120215_1989_12_09_01_378.tcf.xml-211-27	inferred	1	 	artikulieren
26120215_1988_08_20_01_052.tcf.xml-20-32	26120215_1990_01_11_01_089.tcf.xml-68-1	inferred	1	 	artikulieren
26120215_1988_08_20_01_052.tcf.xml-20-32	beyer_poetik01_1882-7479-21	inferred	1	 	artikulieren
26120215_1988_08_20_01_052.tcf.xml-20-32	clodius_poetik01_1804-3105-11	inferred	1	 	artikulieren
26120215_1988_08_20_01_052.tcf.xml-20-32	goerres_volksbuecher_1807-152-102	inferred	1	 	artikulieren
26120215_1988_08_20_01_052.tcf.xml-20-32	goethe_farbenlehre01_1810-4726-57	inferred	1	 	artikulieren
26120215_1988_08_20_01_052.tcf.xml-20-32	holtei_vagabunden02_1852-1389-8	inferred	1	 	artikulieren
26120215_1988_08_20_01_052.tcf.xml-20-32	munzinger_japaner_1898-466-14	inferred	1	 	artikulieren
26120215_1988_08_20_01_052.tcf.xml-20-32	nn_nrhz067b2_1848-252-31	inferred	1	 	artikulieren
26120215_1988_08_20_01_052.tcf.xml-20-32	vischer_aesthetik030204_1857-537-2	inferred	1	 	artikulieren
26120215_1988_08_20_01_052.tcf.xml-20-32	vogt_briefe02_1851-5741-27	inferred	1	 	artikulieren
26120215_1988_08_20_01_052.tcf.xml-20-32	wernicke_symptomencomplex_1874-837-40	inferred	1	 	artikulieren
26120215_1989_12_09_01_378.tcf.xml-211-27	26120215_1990_01_11_01_089.tcf.xml-68-1	inferred	1	 	artikulieren
26120215_1989_12_09_01_378.tcf.xml-211-27	beyer_poetik01_1882-7479-21	inferred	1	 	artikulieren
26120215_1989_12_09_01_378.tcf.xml-211-27	clodius_poetik01_1804-3105-11	inferred	1	 	artikulieren
26120215_1989_12_09_01_378.tcf.xml-211-27	goerres_volksbuecher_1807-152-102	inferred	1	 	artikulieren
26120215_1989_12_09_01_378.tcf.xml-211-27	goethe_farbenlehre01_1810-4726-57	inferred	1	 	artikulieren
26120215_1989_12_09_01_378.tcf.xml-211-27	holtei_vagabunden02_1852-1389-8	inferred	1	 	artikulieren
26120215_1989_12_09_01_378.tcf.xml-211-27	munzinger_japaner_1898-466-14	inferred	1	 	artikulieren
26120215_1989_12_09_01_378.tcf.xml-211-27	nn_nrhz067b2_1848-252-31	inferred	1	 	artikulieren
26120215_1989_12_09_01_378.tcf.xml-211-27	vischer_aesthetik030204_1857-537-2	inferred	1	 	artikulieren
26120215_1989_12_09_01_378.tcf.xml-211-27	vogt_briefe02_1851-5741-27	inferred	1	 	artikulieren
26120215_1989_12_09_01_378.tcf.xml-211-27	wernicke_symptomencomplex_1874-837-40	inferred	1	 	artikulieren
26120215_1990_01_11_01_089.tcf.xml-68-1	beyer_poetik01_1882-7479-21	inferred	1	 	artikulieren
26120215_1990_01_11_01_089.tcf.xml-68-1	clodius_poetik01_1804-3105-11	inferred	1	 	artikulieren
26120215_1990_01_11_01_089.tcf.xml-68-1	goerres_volksbuecher_1807-152-102	inferred	1	 	artikulieren
26120215_1990_01_11_01_089.tcf.xml-68-1	goethe_farbenlehre01_1810-4726-57	inferred	1	 	artikulieren
26120215_1990_01_11_01_089.tcf.xml-68-1	holtei_vagabunden02_1852-1389-8	inferred	1	 	artikulieren
26120215_1990_01_11_01_089.tcf.xml-68-1	munzinger_japaner_1898-466-14	inferred	1	 	artikulieren
26120215_1990_01_11_01_089.tcf.xml-68-1	nn_nrhz067b2_1848-252-31	inferred	1	 	artikulieren
26120215_1990_01_11_01_089.tcf.xml-68-1	vischer_aesthetik030204_1857-537-2	inferred	1	 	artikulieren
26120215_1990_01_11_01_089.tcf.xml-68-1	vogt_briefe02_1851-5741-27	inferred	1	 	artikulieren
26120215_1990_01_11_01_089.tcf.xml-68-1	wernicke_symptomencomplex_1874-837-40	inferred	1	 	artikulieren
beyer_poetik01_1882-7479-21	clodius_poetik01_1804-3105-11	inferred	1	 	artikulieren
beyer_poetik01_1882-7479-21	goerres_volksbuecher_1807-152-102	inferred	1	 	artikulieren
beyer_poetik01_1882-7479-21	goethe_farbenlehre01_1810-4726-57	inferred	1	 	artikulieren
beyer_poetik01_1882-7479-21	holtei_vagabunden02_1852-1389-8	inferred	1	 	artikulieren
beyer_poetik01_1882-7479-21	munzinger_japaner_1898-466-14	inferred	1	 	artikulieren
beyer_poetik01_1882-7479-21	nn_nrhz067b2_1848-252-31	inferred	1	 	artikulieren
beyer_poetik01_1882-7479-21	vischer_aesthetik030204_1857-537-2	inferred	1	 	artikulieren
beyer_poetik01_1882-7479-21	vogt_briefe02_1851-5741-27	inferred	1	 	artikulieren
beyer_poetik01_1882-7479-21	wernicke_symptomencomplex_1874-837-40	inferred	1	 	artikulieren
clodius_poetik01_1804-3105-11	goerres_volksbuecher_1807-152-102	inferred	1	 	artikulieren
clodius_poetik01_1804-3105-11	goethe_farbenlehre01_1810-4726-57	inferred	1	 	artikulieren
clodius_poetik01_1804-3105-11	holtei_vagabunden02_1852-1389-8	inferred	1	 	artikulieren
clodius_poetik01_1804-3105-11	munzinger_japaner_1898-466-14	inferred	1	 	artikulieren
clodius_poetik01_1804-3105-11	nn_nrhz067b2_1848-252-31	inferred	1	 	artikulieren
clodius_poetik01_1804-3105-11	vischer_aesthetik030204_1857-537-2	inferred	1	 	artikulieren
clodius_poetik01_1804-3105-11	vogt_briefe02_1851-5741-27	inferred	1	 	artikulieren
clodius_poetik01_1804-3105-11	wernicke_symptomencomplex_1874-837-40	inferred	1	 	artikulieren
goerres_volksbuecher_1807-152-102	goethe_farbenlehre01_1810-4726-57	inferred	1	 	artikulieren
goerres_volksbuecher_1807-152-102	holtei_vagabunden02_1852-1389-8	inferred	1	 	artikulieren
goerres_volksbuecher_1807-152-102	munzinger_japaner_1898-466-14	inferred	1	 	artikulieren
goerres_volksbuecher_1807-152-102	nn_nrhz067b2_1848-252-31	inferred	1	 	artikulieren
goerres_volksbuecher_1807-152-102	vischer_aesthetik030204_1857-537-2	inferred	1	 	artikulieren
goerres_volksbuecher_1807-152-102	vogt_briefe02_1851-5741-27	inferred	1	 	artikulieren
goerres_volksbuecher_1807-152-102	wernicke_symptomencomplex_1874-837-40	inferred	1	 	artikulieren
goethe_farbenlehre01_1810-4726-57	holtei_vagabunden02_1852-1389-8	inferred	1	 	artikulieren
goethe_farbenlehre01_1810-4726-57	munzinger_japaner_1898-466-14	inferred	1	 	artikulieren
goethe_farbenlehre01_1810-4726-57	nn_nrhz067b2_1848-252-31	inferred	1	 	artikulieren
goethe_farbenlehre01_1810-4726-57	vischer_aesthetik030204_1857-537-2	inferred	1	 	artikulieren
goethe_farbenlehre01_1810-4726-57	vogt_briefe02_1851-5741-27	inferred	1	 	artikulieren
goethe_farbenlehre01_1810-4726-57	wernicke_symptomencomplex_1874-837-40	inferred	1	 	artikulieren
holtei_vagabunden02_1852-1389-8	munzinger_japaner_1898-466-14	inferred	1	 	artikulieren
holtei_vagabunden02_1852-1389-8	nn_nrhz067b2_1848-252-31	inferred	1	 	artikulieren
holtei_vagabunden02_1852-1389-8	vischer_aesthetik030204_1857-537-2	inferred	1	 	artikulieren
holtei_vagabunden02_1852-1389-8	vogt_briefe02_1851-5741-27	inferred	1	 	artikulieren
holtei_vagabunden02_1852-1389-8	wernicke_symptomencomplex_1874-837-40	inferred	1	 	artikulieren
munzinger_japaner_1898-466-14	nn_nrhz067b2_1848-252-31	inferred	1	 	artikulieren
munzinger_japaner_1898-466-14	vischer_aesthetik030204_1857-537-2	inferred	1	 	artikulieren
munzinger_japaner_1898-466-14	vogt_briefe02_1851-5741-27	inferred	1	 	artikulieren
munzinger_japaner_1898-466-14	wernicke_symptomencomplex_1874-837-40	inferred	1	 	artikulieren
nn_nrhz067b2_1848-252-31	vischer_aesthetik030204_1857-537-2	inferred	1	 	artikulieren
nn_nrhz067b2_1848-252-31	vogt_briefe02_1851-5741-27	inferred	1	 	artikulieren
nn_nrhz067b2_1848-252-31	wernicke_symptomencomplex_1874-837-40	inferred	1	 	artikulieren
vischer_aesthetik030204_1857-537-2	vogt_briefe02_1851-5741-27	inferred	1	 	artikulieren
vischer_aesthetik030204_1857-537-2	wernicke_symptomencomplex_1874-837-40	inferred	1	 	artikulieren
vogt_briefe02_1851-5741-27	wernicke_symptomencomplex_1874-837-40	inferred	1	 	artikulieren
