identifier1	identifier2	annotator	judgment	comment	lemma	round
fic_1974_10580.txt-7446-30	fic_1841_8303.txt-315-28	annotator2	2.0	 	stroke_vb	3
fic_1853_3819.txt-945-17	mag_1856_522858.txt-209-22	annotator2	3.0	 	stroke_vb	3
fic_1981_10681.txt-5565-25	fic_1841_8303.txt-315-28	annotator2	2.0	 	stroke_vb	3
fic_1860_9072.txt-1823-30	fic_1841_8303.txt-315-28	annotator2	4.0	 	stroke_vb	3
fic_1853_9069.txt-154-11	mag_1856_522858.txt-209-22	annotator2	3.0	 	stroke_vb	3
mag_1998_401996.txt-70-1	fic_1960_10402.txt-4131-13	annotator2	4.0	 	stroke_vb	3
fic_1997_54633.txt-176-84	fic_1841_8303.txt-315-28	annotator2	2.0	 	stroke_vb	3
fic_2003_48737.txt-205-14	fic_1997_42967.txt-24-8	annotator2	4.0	 	stroke_vb	3
fic_1962_10420.txt-3658-107	fic_1841_8303.txt-315-28	annotator2	4.0	 	stroke_vb	3
mag_1998_401996.txt-70-1	fic_1990_53266.txt-621-1	annotator6	4.0	 	stroke_vb	3
fic_1857_9075.txt-3832-35	fic_1853_9805.txt-1013-11	annotator6	4.0	 	stroke_vb	3
fic_2001_28191.txt-201-2	fic_1857_7431.txt-230-18	annotator6	2.0	 	stroke_vb	3
fic_1858_9231.txt-4046-3	fic_1841_8303.txt-315-28	annotator6	3.0	 	stroke_vb	3
mag_2004_414155.txt-34-7	fic_2003_30371.txt-32-1	annotator6	2.0	 	stroke_vb	3
mag_2000_368013.txt-19-24	mag_1856_522858.txt-209-22	annotator6	1.0	 	stroke_vb	3
fic_1860_9072.txt-1823-30	fic_1841_8303.txt-315-28	annotator6	2.0	 	stroke_vb	3
nf_1982_773998.txt-170-5	news_1994_606786.txt-19-3	annotator6	4.0	 	stroke_vb	3
fic_1976_10607.txt-1735-15	fic_1982_10687.txt-2808-16	annotator6	3.0	 	stroke_vb	3
fic_1853_9158.txt-3583-2	fic_1841_8303.txt-315-28	annotator6	2.0	 	stroke_vb	3
fic_1962_10417.txt-6736-10	fic_1839_7477.txt-2812-18	annotator6	4.0	 	stroke_vb	3
fic_1834_2652.txt-1829-8	fic_1857_7431.txt-230-18	annotator6	2.0	 	stroke_vb	3
fic_2003_29392.txt-324-0	fic_1976_10607.txt-1735-15	annotator5	3.0	 	stroke_vb	3
fic_1997_54633.txt-176-84	fic_1841_8303.txt-315-28	annotator5	3.0	 	stroke_vb	3
fic_2003_48737.txt-205-14	fic_1997_42967.txt-24-8	annotator5	4.0	 	stroke_vb	3
fic_1857_3100.txt-3794-18	fic_1843_7208.txt-1223-38	annotator5	4.0	 	stroke_vb	3
fic_1849_7216.txt-4873-14	fic_1993_25023.txt-92-25	annotator5	4.0	 	stroke_vb	3
fic_1976_10607.txt-1735-15	fic_1990_53266.txt-621-1	annotator5	3.0	 	stroke_vb	3
nf_1982_773998.txt-170-5	fic_2007_34359.txt-100-16	annotator5	4.0	 	stroke_vb	3
fic_1855_8110.txt-557-17	mag_1856_522858.txt-209-22	annotator5	3.0	 	stroke_vb	3
fic_1860_9072.txt-1823-30	fic_1841_8303.txt-315-28	annotator5	3.0	 	stroke_vb	3
fic_1962_10417.txt-6736-10	fic_1839_7477.txt-2812-18	annotator5	4.0	 	stroke_vb	3
fic_1996_54493.txt-646-4	fic_1962_10423.txt-17-48	annotator0	4.0	Unsure; difficult to judge the meaning in sentence 2	stroke_vb	3
fic_1857_3100.txt-3794-18	fic_1997_54544.txt-108-11	annotator0	4.0	 	stroke_vb	3
fic_1834_2652.txt-1829-8	fic_1857_7431.txt-230-18	annotator0	0.0	UNK; I can't determine the meaning in sentence 1	stroke_vb	3
nf_1849_755107.txt-2037-20	fic_1841_8303.txt-315-28	annotator0	2.0	Unsure	stroke_vb	3
fic_1966_14323.txt-494-4	fic_1841_8303.txt-315-28	annotator0	2.0	Unsure	stroke_vb	3
fic_1855_602.txt-1945-5	mag_1856_522858.txt-209-22	annotator0	2.0	Unsure	stroke_vb	3
fic_1976_10607.txt-1735-15	fic_1990_53266.txt-621-1	annotator0	0.0	UNK; I can't determine the meaning in sentence 2	stroke_vb	3
fic_2006_28088.txt-18-22	mag_1856_522858.txt-209-22	annotator0	2.0	Unsure	stroke_vb	3
fic_2007_52475.txt-113-5	fic_1848_1108.txt-5061-21	annotator0	4.0	 	stroke_vb	3
fic_1961_781982.txt-8740-11	mag_2004_414155.txt-34-7	annotator0	2.0	Unsure	stroke_vb	3
fic_1993_53756.txt-435-6	fic_1857_7431.txt-230-18	annotator2	4.0	 	stroke_vb	2
fic_1854_9826.txt-4287-1	fic_1997_54713.txt-283-12	annotator2	4.0	 	stroke_vb	2
fic_1855_8110.txt-557-17	fic_1822_7275.txt-1325-5	annotator2	2.0	*	stroke_vb	2
fic_1853_1196.txt-1649-9	fic_1857_9075.txt-4884-54	annotator2	4.0	 	stroke_vb	2
fic_2000_30934.txt-373-6	fic_1982_10687.txt-2808-16	annotator2	4.0	 	stroke_vb	2
fic_2003_47947.txt-201-7	fic_1857_7431.txt-230-18	annotator2	4.0	 	stroke_vb	2
fic_1836_7111.txt-1004-6	fic_1962_10423.txt-3594-5	annotator2	4.0	 	stroke_vb	2
fic_1860_9072.txt-584-26	fic_2003_30371.txt-32-1	annotator2	4.0	 	stroke_vb	2
fic_2007_52475.txt-113-5	fic_1990_53266.txt-621-1	annotator2	3.0	 	stroke_vb	2
fic_1857_9075.txt-4884-54	mag_1858_566996.txt-209-39	annotator2	4.0	 	stroke_vb	2
fic_1855_9773.txt-2011-17	fic_1990_53266.txt-621-1	annotator2	4.0	 	stroke_vb	2
fic_1856_5515.txt-378-1	fic_1853_9805.txt-1013-11	annotator2	4.0	 	stroke_vb	2
fic_1850_7171.txt-4539-24	fic_2003_29392.txt-324-0	annotator2	4.0	 	stroke_vb	2
fic_1991_53364.txt-207-9	fic_1860_8596.txt-1078-1	annotator2	4.0	 	stroke_vb	2
fic_1997_42967.txt-24-8	fic_1982_10687.txt-2808-16	annotator2	4.0	 	stroke_vb	2
fic_1993_1040077.txt-874-3	fic_1857_7431.txt-230-18	annotator2	4.0	 	stroke_vb	2
fic_1856_9077.txt-1811-10	fic_1996_54493.txt-646-4	annotator2	4.0	 	stroke_vb	2
fic_1987_780058.txt-3028-4	fic_1996_54493.txt-646-4	annotator2	4.0	 	stroke_vb	2
fic_1858_9231.txt-4046-3	fic_1819_8618.txt-457-20	annotator2	1.0	 	stroke_vb	2
fic_1986_780090.txt-73-5	fic_1819_8618.txt-457-20	annotator2	4.0	 	stroke_vb	2
fic_1849_2605.txt-1700-19	fic_1828_8204.txt-680-10	annotator2	4.0	 	stroke_vb	2
fic_1858_1282.txt-5010-7	fic_1857_7431.txt-230-18	annotator2	4.0	 	stroke_vb	2
fic_1834_2652.txt-1829-8	fic_1857_7431.txt-230-18	annotator2	4.0	 	stroke_vb	2
fic_1841_8303.txt-315-28	fic_1990_53266.txt-621-1	annotator2	2.0	 	stroke_vb	2
fic_1851_3300.txt-180-12	fic_2003_48737.txt-205-14	annotator2	4.0	 	stroke_vb	2
fic_1834_7030.txt-1030-13	fic_1997_54713.txt-283-12	annotator2	4.0	 	stroke_vb	2
fic_1841_8303.txt-315-28	mag_1856_522858.txt-209-22	annotator2	4.0	 	stroke_vb	2
fic_2006_31077.txt-19-21	fic_1857_7431.txt-230-18	annotator2	4.0	 	stroke_vb	2
fic_1997_54542.txt-116-23	fic_1857_7431.txt-230-18	annotator2	4.0	 	stroke_vb	2
fic_1857_3100.txt-2955-11	fic_1853_9805.txt-1013-11	annotator2	4.0	 	stroke_vb	2
fic_1853_3465.txt-1464-10	fic_1962_10423.txt-3594-5	annotator2	4.0	 	stroke_vb	2
fic_1853_9158.txt-3583-0	fic_1844_7135.txt-1207-17	annotator2	4.0	 	stroke_vb	2
fic_1988_782036.txt-152-9	fic_1962_10423.txt-3594-5	annotator2	4.0	 	stroke_vb	2
fic_1997_42343.txt-223-110	fic_1853_9805.txt-1013-11	annotator2	4.0	 	stroke_vb	2
fic_1855_9773.txt-1192-12	fic_1853_9805.txt-1013-11	annotator2	4.0	 	stroke_vb	2
mag_1998_399709.txt-139-5	fic_1996_54493.txt-646-4	annotator2	4.0	 	stroke_vb	2
fic_2001_28164.txt-56-7	fic_1860_8596.txt-1078-1	annotator2	2.0	 	stroke_vb	2
nf_1844_747706.txt-172-18	mag_1858_566996.txt-209-39	annotator2	4.0	 	stroke_vb	2
fic_1838_7085.txt-984-10	fic_2003_48737.txt-205-14	annotator2	4.0	 	stroke_vb	2
fic_1846_8193.txt-315-20	fic_1857_3100.txt-1384-12	annotator2	4.0	 	stroke_vb	2
fic_1853_3819.txt-945-17	fic_1962_10423.txt-3594-5	annotator2	4.0	 	stroke_vb	2
fic_1961_781982.txt-8740-11	mag_1999_407884.txt-205-1	annotator2	4.0	 	stroke_vb	2
fic_1858_9768.txt-1491-6	fic_1819_8618.txt-457-20	annotator2	4.0	 	stroke_vb	2
fic_1855_2494.txt-1641-30	fic_1857_7431.txt-230-18	annotator2	4.0	 	stroke_vb	2
fic_1825_7283.txt-695-19	fic_2003_48737.txt-205-14	annotator2	4.0	 	stroke_vb	2
fic_1986_13384.txt-1051-4	fic_2003_48737.txt-205-14	annotator2	4.0	 	stroke_vb	2
fic_1856_9852.txt-1526-14	fic_1997_54713.txt-283-12	annotator2	4.0	 	stroke_vb	2
fic_1845_7170.txt-2513-20	fic_2003_48737.txt-205-14	annotator2	4.0	 	stroke_vb	2
fic_1982_780033.txt-3186-4	fic_1844_7135.txt-1207-17	annotator2	4.0	 	stroke_vb	2
fic_1823_7242.txt-6474-41	fic_1822_7275.txt-1325-5	annotator2	4.0	 	stroke_vb	2
fic_2006_28088.txt-18-22	fic_1828_8204.txt-680-10	annotator2	2.0	 	stroke_vb	2
nf_1849_755107.txt-2037-20	fic_1819_8618.txt-457-20	annotator2	2.0	 	stroke_vb	2
fic_1852_9232.txt-4005-62	fic_2003_48737.txt-205-14	annotator2	4.0	 	stroke_vb	2
fic_1969_10520.txt-2929-7	fic_1857_3100.txt-1384-12	annotator2	4.0	 	stroke_vb	2
fic_1842_7289.txt-1828-11	fic_1853_9805.txt-1013-11	annotator2	4.0	 	stroke_vb	2
fic_1961_781982.txt-8740-11	fic_1819_8618.txt-457-20	annotator2	4.0	 	stroke_vb	2
fic_1966_14323.txt-494-4	fic_2003_29392.txt-324-0	annotator2	2.0	 	stroke_vb	2
fic_1981_10681.txt-5565-25	fic_1853_9805.txt-1013-11	annotator2	2.0	 	stroke_vb	2
fic_1819_8618.txt-457-20	fic_1842_7289.txt-1828-11	annotator2	4.0	 	stroke_vb	2
fic_1851_1184.txt-1356-8	fic_1962_10423.txt-3594-5	annotator2	4.0	 	stroke_vb	2
fic_1856_9797.txt-4198-12	fic_1828_8204.txt-680-10	annotator2	4.0	 	stroke_vb	2
mag_1856_522858.txt-209-22	fic_1853_9805.txt-1013-11	annotator2	2.0	 	stroke_vb	2
fic_1860_9791.txt-2920-9	fic_2002_31794.txt-75-9	annotator2	4.0	 	stroke_vb	2
fic_1835_7016.txt-84-4	fic_2003_30371.txt-32-1	annotator2	4.0	 	stroke_vb	2
fic_2000_30669.txt-189-9	fic_1997_54713.txt-283-12	annotator2	4.0	 	stroke_vb	2
fic_1993_1040081.txt-2631-8	fic_1857_7431.txt-230-18	annotator2	4.0	 	stroke_vb	2
fic_1995_52939.txt-476-5	fic_2003_48737.txt-205-14	annotator2	4.0	 	stroke_vb	2
fic_2002_30275.txt-230-40	fic_1996_54493.txt-646-4	annotator2	4.0	 	stroke_vb	2
fic_1999_55365.txt-1124-1	fic_1844_7135.txt-1207-17	annotator2	4.0	 	stroke_vb	2
fic_1998_43725.txt-175-22	fic_1857_7431.txt-230-18	annotator2	4.0	 	stroke_vb	2
news_1987_670561.txt-48-15	fic_1857_7431.txt-230-18	annotator2	3.0	 	stroke_vb	2
fic_1851_1184.txt-4243-2	fic_1828_8204.txt-680-10	annotator2	4.0	 	stroke_vb	2
fic_1855_602.txt-1945-5	fic_1990_53266.txt-621-1	annotator2	2.0	 	stroke_vb	2
fic_1853_9805.txt-745-4	fic_1828_8204.txt-680-10	annotator2	4.0	 	stroke_vb	2
fic_2005_28779.txt-110-12	fic_2003_29392.txt-324-0	annotator2	4.0	 	stroke_vb	2
fic_1860_9188.txt-2217-21	fic_1857_7431.txt-230-18	annotator2	4.0	 	stroke_vb	2
fic_2001_28191.txt-201-2	fic_1857_7431.txt-230-18	annotator2	4.0	 	stroke_vb	2
fic_1848_1108.txt-5061-21	fic_1982_10687.txt-2808-16	annotator2	4.0	 	stroke_vb	2
fic_1969_10518.txt-2267-33	fic_2003_48737.txt-205-14	annotator2	4.0	 	stroke_vb	2
fic_1852_69.txt-9982-13	mag_2006_381326.txt-6-18	annotator2	4.0	 	stroke_vb	2
fic_1856_5515.txt-378-1	fic_1847_8894.txt-898-9	annotator2	4.0	 	stroke_vb	2
fic_1857_9075.txt-3832-35	fic_1996_54493.txt-646-4	annotator2	4.0	 	stroke_vb	2
fic_1980_780046.txt-2845-1	fic_1822_7275.txt-1325-5	annotator2	4.0	 	stroke_vb	2
fic_1981_13679.txt-399-14	fic_1853_9805.txt-1013-11	annotator2	4.0	 	stroke_vb	2
mag_2004_414155.txt-34-7	fic_2003_30371.txt-32-1	annotator2	2.0	 	stroke_vb	2
fic_1996_41962.txt-293-10	mag_1858_566996.txt-209-39	annotator2	4.0	 	stroke_vb	2
mag_1856_522858.txt-209-22	fic_1853_9805.txt-1013-11	annotator5	3.0	 	stroke_vb	2
fic_1999_55556.txt-374-2	fic_1844_7135.txt-1207-17	annotator5	4.0	 	stroke_vb	2
fic_1852_2751.txt-3242-9	fic_1962_10423.txt-3594-5	annotator5	4.0	 	stroke_vb	2
fic_1855_9773.txt-1192-12	fic_1853_9805.txt-1013-11	annotator5	4.0	 	stroke_vb	2
fic_1846_8193.txt-315-20	fic_1857_3100.txt-1384-12	annotator5	4.0	 	stroke_vb	2
fic_1977_10621.txt-5480-28	fic_1822_7275.txt-1325-5	annotator5	3.0	 	stroke_vb	2
mag_2006_381326.txt-6-18	fic_1996_54493.txt-646-4	annotator5	3.0	 	stroke_vb	2
fic_1852_69.txt-9982-13	fic_1853_9805.txt-1013-11	annotator5	4.0	 	stroke_vb	2
fic_2000_30669.txt-189-9	fic_1997_54713.txt-283-12	annotator5	4.0	 	stroke_vb	2
fic_1855_8110.txt-557-17	fic_1822_7275.txt-1325-5	annotator5	2.0	 	stroke_vb	2
fic_1986_13384.txt-1051-4	fic_2003_48737.txt-205-14	annotator5	3.0	 	stroke_vb	2
fic_1996_54493.txt-646-4	fic_1976_10607.txt-1735-15	annotator5	3.0	 	stroke_vb	2
fic_1997_54732.txt-248-9	fic_2002_31794.txt-75-9	annotator5	3.0	 	stroke_vb	2
fic_1996_41962.txt-293-2	fic_2003_30371.txt-32-1	annotator5	3.0	 	stroke_vb	2
fic_1852_69.txt-9982-13	mag_2006_381326.txt-6-18	annotator5	4.0	 	stroke_vb	2
fic_1855_2494.txt-1641-30	fic_1857_7431.txt-230-18	annotator5	4.0	 	stroke_vb	2
mag_2000_403485.txt-34-7	fic_1822_7275.txt-1325-5	annotator5	3.0	 	stroke_vb	2
nf_1836_747959.txt-179-8	fic_1990_53266.txt-621-1	annotator5	4.0	 	stroke_vb	2
fic_1851_1253.txt-234-14	mag_1858_566996.txt-209-39	annotator5	4.0	 	stroke_vb	2
fic_2006_51533.txt-963-19	fic_1990_53266.txt-621-1	annotator5	4.0	 	stroke_vb	2
fic_1835_7281.txt-311-43	fic_1860_8596.txt-1078-1	annotator5	4.0	 	stroke_vb	2
news_1994_606786.txt-19-3	nf_1982_773998.txt-170-5	annotator5	2.0	 	stroke_vb	2
fic_1961_781982.txt-8740-11	mag_1999_407884.txt-205-1	annotator5	4.0	 	stroke_vb	2
fic_1853_9069.txt-154-11	fic_2003_29392.txt-324-0	annotator5	2.0	 	stroke_vb	2
fic_1969_10518.txt-2267-33	fic_2003_48737.txt-205-14	annotator5	4.0	 	stroke_vb	2
fic_1987_10753.txt-7542-13	fic_1828_8204.txt-680-10	annotator5	4.0	 	stroke_vb	2
fic_1961_781982.txt-8740-11	mag_2004_414155.txt-34-7	annotator5	2.0	 	stroke_vb	2
mag_1851_566048.txt-412-13	fic_1853_9805.txt-1013-11	annotator5	2.0	 	stroke_vb	2
fic_2007_34359.txt-100-16	fic_1844_7135.txt-1207-17	annotator5	4.0	 	stroke_vb	2
fic_1995_52939.txt-476-5	fic_2003_48737.txt-205-14	annotator5	4.0	 	stroke_vb	2
fic_2006_31077.txt-19-21	fic_1857_7431.txt-230-18	annotator5	4.0	 	stroke_vb	2
fic_2004_32603.txt-15-9	fic_2002_31794.txt-75-9	annotator5	4.0	 	stroke_vb	2
fic_1853_1196.txt-1649-9	fic_1857_9075.txt-4884-54	annotator5	4.0	 	stroke_vb	2
fic_1856_5515.txt-378-1	fic_1853_9805.txt-1013-11	annotator5	4.0	 	stroke_vb	2
fic_1842_7289.txt-2065-7	fic_1860_8596.txt-1078-1	annotator5	4.0	 	stroke_vb	2
fic_2006_28088.txt-18-22	fic_1828_8204.txt-680-10	annotator5	2.0	 	stroke_vb	2
mag_1998_401996.txt-70-1	fic_1990_53266.txt-621-1	annotator5	2.0	 	stroke_vb	2
fic_1993_1040077.txt-996-6	fic_2002_31794.txt-75-9	annotator5	3.0	 	stroke_vb	2
fic_1835_7016.txt-84-4	fic_2003_30371.txt-32-1	annotator5	4.0	 	stroke_vb	2
fic_1853_3465.txt-1464-10	fic_1962_10423.txt-3594-5	annotator5	4.0	 	stroke_vb	2
fic_2005_28779.txt-110-12	fic_2003_29392.txt-324-0	annotator5	4.0	 	stroke_vb	2
fic_1854_9826.txt-4287-1	fic_1997_54713.txt-283-12	annotator5	4.0	 	stroke_vb	2
fic_1851_1253.txt-53-15	fic_1828_8204.txt-680-10	annotator5	4.0	 	stroke_vb	2
fic_1976_10614.txt-2591-10	fic_2003_30371.txt-32-1	annotator5	4.0	 	stroke_vb	2
fic_1997_54544.txt-108-11	fic_2003_30371.txt-32-1	annotator5	4.0	 	stroke_vb	2
fic_1857_3100.txt-3794-18	fic_2003_29392.txt-324-0	annotator5	3.0	 	stroke_vb	2
fic_1993_25023.txt-92-25	fic_1982_10687.txt-2808-16	annotator5	4.0	 	stroke_vb	2
fic_1962_10420.txt-3658-107	fic_2002_31794.txt-75-9	annotator5	2.0	 	stroke_vb	2
mag_2000_368013.txt-19-24	fic_1857_3100.txt-1384-12	annotator5	2.0	 	stroke_vb	2
fic_1856_9077.txt-1811-10	fic_1996_54493.txt-646-4	annotator5	4.0	 	stroke_vb	2
fic_2002_30470.txt-814-17	fic_1997_54713.txt-283-12	annotator5	4.0	 	stroke_vb	2
fic_1853_9805.txt-745-4	fic_1828_8204.txt-680-10	annotator5	4.0	 	stroke_vb	2
fic_1856_9797.txt-4198-12	fic_1828_8204.txt-680-10	annotator5	3.0	 	stroke_vb	2
fic_1855_2630.txt-365-13	fic_1857_7431.txt-230-18	annotator5	4.0	 	stroke_vb	2
fic_1843_7166.txt-1507-2	fic_1990_53266.txt-621-1	annotator5	4.0	 	stroke_vb	2
fic_1962_10423.txt-17-48	fic_1996_54493.txt-646-4	annotator5	2.0	 	stroke_vb	2
fic_1857_3100.txt-2955-11	fic_1853_9805.txt-1013-11	annotator5	3.0	 	stroke_vb	2
fic_1853_9158.txt-3583-2	fic_1822_7275.txt-1325-5	annotator5	2.0	 	stroke_vb	2
fic_1853_1196.txt-1666-1	fic_2003_48737.txt-205-14	annotator5	4.0	 	stroke_vb	2
fic_2002_30275.txt-230-40	fic_1996_54493.txt-646-4	annotator5	2.0	 	stroke_vb	2
fic_1858_1282.txt-1891-28	fic_1828_8204.txt-680-10	annotator5	4.0	 	stroke_vb	2
nf_1999_774019.txt-255-20	fic_2003_48737.txt-205-14	annotator5	3.0	 	stroke_vb	2
fic_1853_3819.txt-945-17	fic_1962_10423.txt-3594-5	annotator5	2.0	 	stroke_vb	2
fic_1972_780113.txt-239-32	fic_1997_54713.txt-283-12	annotator5	3.0	 	stroke_vb	2
fic_1845_7170.txt-2513-20	fic_2003_48737.txt-205-14	annotator5	4.0	 	stroke_vb	2
fic_1857_2618.txt-240-6	fic_2003_30371.txt-32-1	annotator5	4.0	 	stroke_vb	2
fic_2007_52475.txt-113-5	fic_1990_53266.txt-621-1	annotator5	4.0	 	stroke_vb	2
fic_1860_9791.txt-2920-9	fic_1835_7016.txt-84-4	annotator5	4.0	 	stroke_vb	2
fic_2000_38703.txt-36-29	fic_1822_7275.txt-1325-5	annotator5	4.0	 	stroke_vb	2
fic_1993_25030.txt-2902-21	fic_1997_54713.txt-283-12	annotator5	4.0	 	stroke_vb	2
fic_1853_1196.txt-1649-9	fic_1822_7275.txt-1325-5	annotator5	4.0	 	stroke_vb	2
fic_1998_43725.txt-175-22	fic_1996_41962.txt-293-10	annotator5	4.0	 	stroke_vb	2
news_1987_670561.txt-48-15	fic_1857_7431.txt-230-18	annotator5	4.0	 	stroke_vb	2
fic_1962_10417.txt-6736-10	fic_1844_7135.txt-1207-17	annotator5	3.0	 	stroke_vb	2
fic_1856_5515.txt-2860-9	fic_1822_7275.txt-1325-5	annotator5	4.0	 	stroke_vb	2
fic_1960_10402.txt-4131-13	fic_1844_7135.txt-1207-17	annotator5	4.0	 	stroke_vb	2
fic_1855_1273.txt-2501-11	mag_1858_566996.txt-209-39	annotator5	4.0	 	stroke_vb	2
nf_1844_747706.txt-172-18	mag_1858_566996.txt-209-39	annotator5	4.0	 	stroke_vb	2
fic_1997_54633.txt-176-84	fic_1819_8618.txt-457-20	annotator5	2.0	 	stroke_vb	2
fic_1858_9768.txt-1491-6	fic_1819_8618.txt-457-20	annotator5	3.0	 	stroke_vb	2
fic_1858_9231.txt-4046-3	fic_1819_8618.txt-457-20	annotator5	2.0	 	stroke_vb	2
fic_2001_28164.txt-56-7	fic_1860_8596.txt-1078-1	annotator5	4.0	 	stroke_vb	2
fic_1860_9072.txt-1823-30	fic_1853_9805.txt-1013-11	annotator5	2.0	 	stroke_vb	2
fic_1852_2751.txt-724-8	fic_1997_54713.txt-283-12	annotator5	4.0	 	stroke_vb	2
fic_1966_14323.txt-494-4	fic_2003_29392.txt-324-0	annotator5	2.0	 	stroke_vb	2
fic_1961_781982.txt-8740-11	fic_1819_8618.txt-457-20	annotator4	4.0	 	stroke_vb	2
fic_1836_7276.txt-1298-31	fic_2003_29392.txt-324-0	annotator4	4.0	 	stroke_vb	2
fic_1974_10580.txt-7446-30	fic_1828_8204.txt-680-10	annotator4	1.0	 	stroke_vb	2
fic_2006_51071.txt-167-35	fic_2003_30371.txt-32-1	annotator4	4.0	 	stroke_vb	2
fic_1986_780090.txt-73-5	fic_1819_8618.txt-457-20	annotator4	3.0	 	stroke_vb	2
fic_1848_7009.txt-1441-7	fic_2003_48737.txt-205-14	annotator4	4.0	 	stroke_vb	2
fic_1852_2751.txt-8419-19	fic_1997_54713.txt-283-12	annotator4	4.0	 	stroke_vb	2
fic_1977_780162.txt-1848-6	fic_1857_3100.txt-1384-12	annotator4	3.0	 	stroke_vb	2
fic_1993_1040085.txt-2467-14	fic_1828_8204.txt-680-10	annotator4	4.0	 	stroke_vb	2
fic_1856_5515.txt-378-1	fic_1853_9805.txt-1013-11	annotator4	4.0	 	stroke_vb	2
fic_1853_1196.txt-1649-9	fic_1857_9075.txt-4884-54	annotator4	4.0	 	stroke_vb	2
fic_1860_9072.txt-1823-30	fic_1853_9805.txt-1013-11	annotator4	1.0	 	stroke_vb	2
fic_1857_2618.txt-187-36	fic_1855_602.txt-1945-5	annotator4	1.0	 	stroke_vb	2
mag_2000_368013.txt-19-24	fic_1857_3100.txt-1384-12	annotator4	1.0	 	stroke_vb	2
fic_2006_51533.txt-963-19	fic_1990_53266.txt-621-1	annotator4	4.0	 	stroke_vb	2
fic_1969_10520.txt-2929-7	fic_1857_3100.txt-1384-12	annotator4	4.0	 	stroke_vb	2
fic_1970_16315.txt-3855-6	fic_1844_7135.txt-1207-17	annotator4	4.0	 	stroke_vb	2
fic_1853_9069.txt-154-11	fic_2003_29392.txt-324-0	annotator4	1.0	 	stroke_vb	2
fic_1996_41962.txt-293-2	fic_2003_30371.txt-32-1	annotator4	4.0	 	stroke_vb	2
fic_1977_10621.txt-5480-28	fic_1822_7275.txt-1325-5	annotator4	4.0	 	stroke_vb	2
fic_1997_54732.txt-248-9	fic_2002_31794.txt-75-9	annotator4	4.0	 	stroke_vb	2
fic_1981_10681.txt-5565-25	fic_1853_9805.txt-1013-11	annotator4	2.0	 	stroke_vb	2
fic_2002_27767.txt-115-2	fic_1853_9805.txt-1013-11	annotator4	4.0	 	stroke_vb	2
fic_1860_9188.txt-2217-21	fic_1857_7431.txt-230-18	annotator4	4.0	 	stroke_vb	2
fic_1858_9768.txt-1491-6	fic_1819_8618.txt-457-20	annotator4	4.0	 	stroke_vb	2
fic_1993_25030.txt-2902-21	fic_1997_54713.txt-283-12	annotator4	4.0	 	stroke_vb	2
fic_1962_10417.txt-6736-10	fic_1844_7135.txt-1207-17	annotator4	4.0	 	stroke_vb	2
fic_1999_55556.txt-374-2	fic_1844_7135.txt-1207-17	annotator4	4.0	 	stroke_vb	2
nf_1838_747482.txt-720-57	fic_2002_31794.txt-75-9	annotator4	4.0	 	stroke_vb	2
fic_1991_53364.txt-207-9	fic_1860_8596.txt-1078-1	annotator4	4.0	 	stroke_vb	2
fic_1834_2652.txt-1829-8	fic_1857_7431.txt-230-18	annotator4	1.0	 	stroke_vb	2
nf_1996_773937.txt-663-26	fic_1853_9805.txt-1013-11	annotator4	4.0	 	stroke_vb	2
fic_1853_3819.txt-945-17	fic_1962_10423.txt-3594-5	annotator4	1.0	 	stroke_vb	2
fic_1980_780046.txt-2845-1	fic_1822_7275.txt-1325-5	annotator4	4.0	 	stroke_vb	2
fic_1860_9072.txt-3534-25	fic_1982_10687.txt-2808-16	annotator4	4.0	 	stroke_vb	2
fic_1962_10423.txt-17-48	fic_1996_54493.txt-646-4	annotator4	4.0	 	stroke_vb	2
mag_1999_407884.txt-205-1	fic_1962_10423.txt-3594-5	annotator4	4.0	 	stroke_vb	2
nf_1840_768793.txt-556-13	fic_1844_7135.txt-1207-17	annotator4	0.0	I don't understand s2	stroke_vb	2
fic_1857_2618.txt-240-6	fic_2003_30371.txt-32-1	annotator4	4.0	 	stroke_vb	2
fic_1841_8303.txt-315-28	mag_1856_522858.txt-209-22	annotator4	2.0	 	stroke_vb	2
fic_1982_780033.txt-3186-4	fic_1844_7135.txt-1207-17	annotator4	4.0	 	stroke_vb	2
fic_1993_1040077.txt-874-3	fic_1857_7431.txt-230-18	annotator4	4.0	 	stroke_vb	2
fic_1961_781982.txt-8740-11	mag_2004_414155.txt-34-7	annotator4	1.0	 	stroke_vb	2
fic_1852_2751.txt-9541-10	fic_2003_48737.txt-205-14	annotator4	4.0	 	stroke_vb	2
fic_1976_10607.txt-5541-21	fic_1996_54493.txt-646-4	annotator4	4.0	 	stroke_vb	2
fic_1857_3100.txt-3794-18	fic_2003_29392.txt-324-0	annotator4	4.0	 	stroke_vb	2
fic_1858_1282.txt-1891-28	fic_1828_8204.txt-680-10	annotator4	4.0	 	stroke_vb	2
fic_1999_55365.txt-1124-1	fic_1844_7135.txt-1207-17	annotator4	3.0	 	stroke_vb	2
mag_1840_554841.txt-227-2	fic_1819_8618.txt-457-20	annotator4	3.0	 	stroke_vb	2
fic_1854_8328.txt-914-51	fic_1822_7275.txt-1325-5	annotator4	4.0	 	stroke_vb	2
fic_1851_1184.txt-1356-8	fic_1962_10423.txt-3594-5	annotator4	4.0	 	stroke_vb	2
fic_1860_3347.txt-720-8	fic_1990_53266.txt-621-1	annotator4	4.0	 	stroke_vb	2
fic_1855_1273.txt-2501-11	mag_1858_566996.txt-209-39	annotator4	4.0	 	stroke_vb	2
fic_1973_13612.txt-314-9	fic_1844_7135.txt-1207-17	annotator4	4.0	 	stroke_vb	2
fic_1851_1184.txt-4243-2	fic_1828_8204.txt-680-10	annotator4	4.0	 	stroke_vb	2
fic_1980_10670.txt-2825-11	fic_1822_7275.txt-1325-5	annotator4	4.0	 	stroke_vb	2
fic_1860_9791.txt-2920-9	fic_1835_7016.txt-84-4	annotator4	4.0	 	stroke_vb	2
fic_1962_10420.txt-7300-1	fic_1860_8596.txt-1078-1	annotator4	4.0	 	stroke_vb	2
fic_2008_36181.txt-116-9	fic_1828_8204.txt-680-10	annotator4	1.0	 	stroke_vb	2
fic_1849_7216.txt-4873-14	nf_1982_773998.txt-170-5	annotator4	3.0	 	stroke_vb	2
fic_1860_9168.txt-1617-33	fic_1860_8596.txt-1078-1	annotator4	4.0	 	stroke_vb	2
fic_1860_9791.txt-2920-9	fic_2002_31794.txt-75-9	annotator4	4.0	 	stroke_vb	2
fic_1854_9826.txt-4287-1	fic_1997_54713.txt-283-12	annotator4	4.0	 	stroke_vb	2
fic_1841_8303.txt-315-28	fic_1990_53266.txt-621-1	annotator4	1.0	 	stroke_vb	2
mag_1997_428302.txt-127-8	fic_1990_53266.txt-621-1	annotator4	4.0	 	stroke_vb	2
mag_1978_431951.txt-54-16	fic_1860_8596.txt-1078-1	annotator4	1.0	 	stroke_vb	2
fic_1852_69.txt-9982-13	mag_2006_381326.txt-6-18	annotator4	4.0	 	stroke_vb	2
fic_2001_31325.txt-227-15	fic_1857_7431.txt-230-18	annotator4	4.0	 	stroke_vb	2
fic_1852_2751.txt-3242-9	fic_1962_10423.txt-3594-5	annotator4	4.0	 	stroke_vb	2
fic_1843_7208.txt-1223-38	fic_1997_54713.txt-283-12	annotator4	4.0	 	stroke_vb	2
fic_1976_10614.txt-2591-10	fic_2003_30371.txt-32-1	annotator4	4.0	 	stroke_vb	2
fic_1980_10667.txt-8966-7	fic_1997_54713.txt-283-12	annotator4	4.0	 	stroke_vb	2
fic_2005_50610.txt-209-6	fic_1990_53266.txt-621-1	annotator4	4.0	 	stroke_vb	2
fic_2001_28191.txt-201-2	fic_1857_7431.txt-230-18	annotator4	1.0	 	stroke_vb	2
fic_1988_782036.txt-152-9	fic_1962_10423.txt-3594-5	annotator4	4.0	 	stroke_vb	2
fic_1855_602.txt-1945-5	fic_1990_53266.txt-621-1	annotator4	1.0	 	stroke_vb	2
fic_1843_7166.txt-1507-2	fic_1990_53266.txt-621-1	annotator4	4.0	 	stroke_vb	2
mag_1857_556473.txt-198-13	fic_1844_7135.txt-1207-17	annotator4	4.0	 	stroke_vb	2
fic_1845_7170.txt-2513-20	fic_2003_48737.txt-205-14	annotator4	4.0	 	stroke_vb	2
fic_1997_54544.txt-108-11	fic_2003_30371.txt-32-1	annotator4	4.0	 	stroke_vb	2
mag_1998_399709.txt-139-5	fic_1996_54493.txt-646-4	annotator4	4.0	 	stroke_vb	2
fic_1858_1282.txt-1878-15	fic_1997_54713.txt-283-12	annotator4	4.0	 	stroke_vb	2
fic_1839_7477.txt-2812-18	nf_1982_773998.txt-170-5	annotator4	3.0	 	stroke_vb	2
fic_1827_7270.txt-1597-23	fic_1990_53266.txt-621-1	annotator4	4.0	 	stroke_vb	2
mag_2003_385345.txt-40-1	fic_1857_7431.txt-230-18	annotator4	0.0	I don't understand s1	stroke_vb	2
fic_1855_2494.txt-2484-7	fic_1844_7135.txt-1207-17	annotator4	4.0	 	stroke_vb	2
fic_1853_1196.txt-1649-9	fic_1857_9075.txt-4884-54	annotator0	4.0	 	stroke_vb	2
nf_1853_765349.txt-1635-36	fic_1853_9805.txt-1013-11	annotator0	3.0	Unsure	stroke_vb	2
fic_1855_9773.txt-1192-12	fic_1853_9805.txt-1013-11	annotator0	4.0	 	stroke_vb	2
mag_1980_296529.txt-18-1	fic_1822_7275.txt-1325-5	annotator0	4.0	 	stroke_vb	2
fic_1851_1253.txt-53-15	fic_1828_8204.txt-680-10	annotator0	4.0	 	stroke_vb	2
fic_1858_9768.txt-1491-6	fic_1819_8618.txt-457-20	annotator0	4.0	 	stroke_vb	2
fic_1849_7218.txt-2300-9	fic_1962_10423.txt-3594-5	annotator0	4.0	 	stroke_vb	2
fic_1980_10667.txt-8966-7	fic_1997_54713.txt-283-12	annotator0	4.0	 	stroke_vb	2
mag_1856_522858.txt-209-22	fic_1853_9805.txt-1013-11	annotator0	1.0	Unsure	stroke_vb	2
fic_2003_29753.txt-4-1	fic_1853_9805.txt-1013-11	annotator0	4.0	 	stroke_vb	2
fic_1980_780046.txt-2845-1	fic_1822_7275.txt-1325-5	annotator0	4.0	 	stroke_vb	2
fic_1988_782036.txt-152-9	fic_1962_10423.txt-3594-5	annotator0	4.0	 	stroke_vb	2
fic_1961_781982.txt-3975-4	fic_1819_8618.txt-457-20	annotator0	4.0	 	stroke_vb	2
fic_1998_43725.txt-175-22	fic_1996_41962.txt-293-10	annotator0	4.0	 	stroke_vb	2
mag_2004_414155.txt-34-7	fic_2003_30371.txt-32-1	annotator0	3.0	Unsure	stroke_vb	2
fic_2006_28088.txt-18-22	fic_1828_8204.txt-680-10	annotator0	3.0	Unsure	stroke_vb	2
fic_1841_8303.txt-315-28	fic_1990_53266.txt-621-1	annotator0	2.0	Unsure	stroke_vb	2
fic_1853_3465.txt-1464-10	fic_1962_10423.txt-3594-5	annotator0	4.0	 	stroke_vb	2
fic_1996_41962.txt-293-2	fic_2003_30371.txt-32-1	annotator0	4.0	 	stroke_vb	2
fic_1853_2486.txt-1222-15	fic_1990_53266.txt-621-1	annotator0	4.0	 	stroke_vb	2
fic_1855_2494.txt-2484-7	fic_1844_7135.txt-1207-17	annotator0	4.0	 	stroke_vb	2
fic_1976_10614.txt-2591-10	fic_2003_30371.txt-32-1	annotator0	4.0	 	stroke_vb	2
nf_1833_747463.txt-2204-17	fic_1822_7275.txt-1325-5	annotator0	3.0	 	stroke_vb	2
mag_1998_401996.txt-70-1	fic_1990_53266.txt-621-1	annotator0	4.0	 	stroke_vb	2
fic_1858_1282.txt-1891-28	fic_1828_8204.txt-680-10	annotator0	4.0	 	stroke_vb	2
fic_1835_7281.txt-311-43	fic_1860_8596.txt-1078-1	annotator0	4.0	 	stroke_vb	2
fic_1995_39398.txt-75-8	fic_1828_8204.txt-680-10	annotator0	4.0	 	stroke_vb	2
fic_1987_10753.txt-7542-13	fic_1828_8204.txt-680-10	annotator0	4.0	 	stroke_vb	2
fic_2000_30669.txt-189-9	fic_1997_54713.txt-283-12	annotator0	4.0	 	stroke_vb	2
mag_1998_399709.txt-139-5	fic_1996_54493.txt-646-4	annotator0	4.0	 	stroke_vb	2
fic_1860_3347.txt-720-8	fic_1990_53266.txt-621-1	annotator0	4.0	 	stroke_vb	2
fic_2002_30275.txt-230-40	fic_1996_54493.txt-646-4	annotator0	4.0	 	stroke_vb	2
nf_1996_773937.txt-663-26	fic_1853_9805.txt-1013-11	annotator0	4.0	 	stroke_vb	2
fic_1842_7289.txt-1828-11	fic_1853_9805.txt-1013-11	annotator0	4.0	 	stroke_vb	2
fic_1851_1184.txt-1356-8	fic_1962_10423.txt-3594-5	annotator0	4.0	 	stroke_vb	2
news_1987_670561.txt-48-15	fic_1857_7431.txt-230-18	annotator0	4.0	 	stroke_vb	2
fic_1852_9232.txt-4005-62	fic_2003_48737.txt-205-14	annotator0	4.0	 	stroke_vb	2
news_1994_606786.txt-19-3	nf_1982_773998.txt-170-5	annotator0	4.0	 	stroke_vb	2
fic_1847_8894.txt-898-9	fic_1997_54713.txt-283-12	annotator0	3.0	Unsure	stroke_vb	2
fic_1993_1040077.txt-996-6	fic_2002_31794.txt-75-9	annotator0	4.0	 	stroke_vb	2
fic_1858_9231.txt-4046-3	fic_1819_8618.txt-457-20	annotator0	2.0	 	stroke_vb	2
fic_1852_2751.txt-8419-19	fic_1997_54713.txt-283-12	annotator0	4.0	 	stroke_vb	2
fic_1999_28244.txt-91-2	fic_2003_30371.txt-32-1	annotator0	4.0	 	stroke_vb	2
fic_1961_781982.txt-8740-11	fic_1819_8618.txt-457-20	annotator0	4.0	 	stroke_vb	2
mag_1851_566048.txt-412-13	fic_1853_9805.txt-1013-11	annotator0	2.0	Unsure	stroke_vb	2
fic_1835_7016.txt-84-4	fic_2003_30371.txt-32-1	annotator0	4.0	 	stroke_vb	2
fic_1853_9069.txt-154-11	fic_2003_29392.txt-324-0	annotator0	1.0	 	stroke_vb	2
nf_1840_768793.txt-556-13	fic_1844_7135.txt-1207-17	annotator0	3.0	 	stroke_vb	2
fic_2006_31077.txt-19-21	fic_1857_7431.txt-230-18	annotator0	4.0	 	stroke_vb	2
fic_2005_28779.txt-110-12	fic_2003_29392.txt-324-0	annotator0	4.0	 	stroke_vb	2
mag_1860_556939.txt-239-46	fic_1860_8596.txt-1078-1	annotator0	4.0	 	stroke_vb	2
fic_2006_51071.txt-167-35	fic_2003_30371.txt-32-1	annotator0	4.0	 	stroke_vb	2
fic_1843_7208.txt-1223-38	fic_1997_54713.txt-283-12	annotator0	4.0	 	stroke_vb	2
fic_1856_9852.txt-1526-14	fic_1997_54713.txt-283-12	annotator0	4.0	 	stroke_vb	2
fic_2000_38703.txt-36-29	fic_1822_7275.txt-1325-5	annotator0	4.0	 	stroke_vb	2
fic_2001_28164.txt-56-7	fic_1860_8596.txt-1078-1	annotator0	4.0	 	stroke_vb	2
fic_1845_622.txt-11495-11	fic_1828_8204.txt-680-10	annotator0	4.0	 	stroke_vb	2
fic_1996_54493.txt-646-4	fic_1976_10607.txt-1735-15	annotator0	4.0	 	stroke_vb	2
fic_1997_54544.txt-108-11	fic_2003_30371.txt-32-1	annotator0	4.0	 	stroke_vb	2
fic_1970_16315.txt-3855-6	fic_1844_7135.txt-1207-17	annotator0	4.0	 	stroke_vb	2
fic_1846_8193.txt-315-20	fic_1857_3100.txt-1384-12	annotator0	4.0	 	stroke_vb	2
mag_2003_385345.txt-40-1	fic_1857_7431.txt-230-18	annotator0	1.0	 	stroke_vb	2
fic_1982_780033.txt-3186-4	fic_1844_7135.txt-1207-17	annotator0	4.0	 	stroke_vb	2
fic_1997_42967.txt-24-8	fic_1982_10687.txt-2808-16	annotator0	4.0	 	stroke_vb	2
fic_1853_9805.txt-745-4	fic_1828_8204.txt-680-10	annotator0	4.0	 	stroke_vb	2
fic_1857_2618.txt-187-36	fic_1982_10687.txt-2808-16	annotator0	4.0	 	stroke_vb	2
fic_1851_1184.txt-4243-2	fic_1828_8204.txt-680-10	annotator0	4.0	 	stroke_vb	2
fic_1980_10670.txt-2825-11	fic_1822_7275.txt-1325-5	annotator0	4.0	 	stroke_vb	2
fic_1993_25030.txt-2902-21	fic_1997_54713.txt-283-12	annotator0	4.0	 	stroke_vb	2
fic_1855_8110.txt-557-17	fic_1822_7275.txt-1325-5	annotator0	2.0	 	stroke_vb	2
fic_1860_9168.txt-1617-33	fic_1860_8596.txt-1078-1	annotator0	4.0	 	stroke_vb	2
fic_1857_3100.txt-2955-11	fic_1853_9805.txt-1013-11	annotator0	4.0	 	stroke_vb	2
mag_2007_388758.txt-70-12	fic_2002_31794.txt-75-9	annotator0	4.0	 	stroke_vb	2
fic_1856_5515.txt-378-1	fic_1847_8894.txt-898-9	annotator0	3.0	 	stroke_vb	2
fic_2003_47947.txt-201-7	fic_1857_7431.txt-230-18	annotator0	4.0	 	stroke_vb	2
fic_1841_8303.txt-315-28	mag_1856_522858.txt-209-22	annotator0	3.0	Unsure	stroke_vb	2
fic_1860_9072.txt-3534-25	fic_1982_10687.txt-2808-16	annotator0	4.0	 	stroke_vb	2
fic_1987_780058.txt-3028-4	fic_1996_54493.txt-646-4	annotator0	4.0	 	stroke_vb	2
fic_1977_780162.txt-1848-6	fic_1857_3100.txt-1384-12	annotator0	4.0	 	stroke_vb	2
fic_1825_7283.txt-695-19	fic_2003_48737.txt-205-14	annotator0	4.0	 	stroke_vb	2
fic_1853_9158.txt-3583-0	fic_1844_7135.txt-1207-17	annotator0	3.0	 	stroke_vb	2
mag_2000_368013.txt-19-24	fic_1857_3100.txt-1384-12	annotator0	2.0	 	stroke_vb	2
fic_1969_10520.txt-2929-7	fic_1857_3100.txt-1384-12	annotator0	4.0	 	stroke_vb	2
fic_1860_9072.txt-1823-30	fic_1853_9805.txt-1013-11	annotator0	3.0	 	stroke_vb	2
fic_1990_53198.txt-276-1	fic_1844_7135.txt-1207-17	annotator0	4.0	 	stroke_vb	2
fic_1851_3300.txt-180-12	fic_2003_48737.txt-205-14	annotator0	4.0	 	stroke_vb	2
fic_1974_10580.txt-7446-30	nf_1849_755107.txt-2037-20	annotator2	3.0	 	stroke_vb	4
fic_1855_602.txt-1945-5	mag_2000_368013.txt-19-24	annotator2	2.0	 	stroke_vb	4
fic_2002_27767.txt-115-2	fic_1857_2618.txt-187-36	annotator2	4.0	 	stroke_vb	4
fic_1853_9069.txt-154-11	fic_1858_9231.txt-4046-3	annotator2	3.0	 	stroke_vb	4
fic_1855_602.txt-1945-5	fic_2006_28088.txt-18-22	annotator2	3.0	 	stroke_vb	4
fic_2003_29392.txt-324-0	fic_1976_10607.txt-1735-15	annotator2	4.0	 	stroke_vb	4
fic_1853_3819.txt-945-17	fic_1849_7216.txt-4873-14	annotator2	2.0	 	stroke_vb	4
mag_1851_566048.txt-412-13	fic_1834_2652.txt-1829-8	annotator2	1.0	 	stroke_vb	4
fic_1834_2652.txt-1829-8	nf_1849_755107.txt-2037-20	annotator2	2.0	 	stroke_vb	4
fic_1966_14323.txt-494-4	fic_1855_602.txt-1945-5	annotator8	2.0	 	stroke_vb	4
fic_1853_9158.txt-3583-2	mag_2000_368013.txt-19-24	annotator8	2.0	 	stroke_vb	4
fic_2008_36181.txt-116-9	fic_1834_2652.txt-1829-8	annotator8	3.0	 	stroke_vb	4
mag_2000_368013.txt-19-24	mag_2004_414155.txt-34-7	annotator8	3.0	 	stroke_vb	4
mag_1978_431951.txt-54-16	fic_1853_9158.txt-3583-2	annotator8	2.0	 	stroke_vb	4
fic_2003_48737.txt-205-14	fic_2007_34359.txt-100-16	annotator8	4.0	 	stroke_vb	4
fic_1974_10580.txt-7446-30	mag_2004_414155.txt-34-7	annotator8	3.0	 	stroke_vb	4
fic_1976_10607.txt-1735-15	fic_1990_53266.txt-621-1	annotator8	4.0	 	stroke_vb	4
fic_1997_54633.txt-176-84	fic_1841_8303.txt-315-28	annotator8	1.0	 	stroke_vb	4
fic_2008_36181.txt-116-9	fic_1981_10681.txt-5565-25	annotator8	3.0	 	stroke_vb	4
mag_2004_414155.txt-34-7	fic_1860_9072.txt-1823-30	annotator8	3.0	 	stroke_vb	4
fic_1834_2652.txt-1829-8	fic_1853_9158.txt-3583-2	annotator6	2.0	 	stroke_vb	4
mag_1851_566048.txt-412-13	mag_2000_368013.txt-19-24	annotator6	1.0	 	stroke_vb	4
fic_1858_9231.txt-4046-3	fic_1842_7289.txt-2065-7	annotator6	1.0	 	stroke_vb	4
fic_1981_10681.txt-5565-25	fic_1834_2652.txt-1829-8	annotator6	3.0	 	stroke_vb	4
fic_1974_10580.txt-7446-30	fic_1855_602.txt-1945-5	annotator6	2.0	 	stroke_vb	4
fic_1834_2652.txt-1829-8	mag_1978_431951.txt-54-16	annotator6	2.0	 	stroke_vb	4
mag_2000_368013.txt-19-24	mag_1978_431951.txt-54-16	annotator6	1.0	 	stroke_vb	4
mag_1851_566048.txt-412-13	fic_1841_8303.txt-315-28	annotator6	2.0	 	stroke_vb	4
mag_1978_431951.txt-54-16	fic_1981_10681.txt-5565-25	annotator6	2.0	 	stroke_vb	4
fic_2006_28088.txt-18-22	mag_1851_566048.txt-412-13	annotator5	2.0	 	stroke_vb	4
fic_2008_36181.txt-116-9	fic_1974_10580.txt-7446-30	annotator5	2.0	 	stroke_vb	4
fic_1981_10681.txt-5565-25	fic_1974_10580.txt-7446-30	annotator5	4.0	 	stroke_vb	4
nf_1849_755107.txt-2037-20	fic_2006_28088.txt-18-22	annotator5	2.0	 	stroke_vb	4
fic_1834_2652.txt-1829-8	mag_1856_522858.txt-209-22	annotator5	2.0	 	stroke_vb	4
mag_2004_414155.txt-34-7	fic_1853_9158.txt-3583-2	annotator5	3.0	 	stroke_vb	4
fic_2006_28088.txt-18-22	mag_2000_368013.txt-19-24	annotator5	2.0	 	stroke_vb	4
fic_1981_10681.txt-5565-25	mag_1851_566048.txt-412-13	annotator5	3.0	 	stroke_vb	4
mag_2004_414155.txt-34-7	fic_1981_10681.txt-5565-25	annotator5	2.0	 	stroke_vb	4
fic_2006_28088.txt-18-22	fic_1966_14323.txt-494-4	annotator5	4.0	 	stroke_vb	4
fic_1853_9158.txt-3583-2	fic_2008_36181.txt-116-9	annotator0	4.0	Unsure	stroke_vb	4
fic_1976_10607.txt-1735-15	fic_1982_10687.txt-2808-16	annotator0	0.0	UNK; I can't determine the meaning in sentence 1	stroke_vb	4
fic_2001_28191.txt-201-2	fic_1997_54633.txt-176-84	annotator0	3.0	 	stroke_vb	4
mag_1851_566048.txt-412-13	fic_1966_14323.txt-494-4	annotator0	2.0	 	stroke_vb	4
nf_1849_755107.txt-2037-20	mag_1851_566048.txt-412-13	annotator0	2.0	 	stroke_vb	4
fic_1853_9158.txt-3583-2	fic_2006_28088.txt-18-22	annotator0	4.0	Unsure	stroke_vb	4
mag_2000_368013.txt-19-24	fic_2008_36181.txt-116-9	annotator0	2.0	 	stroke_vb	4
fic_1834_2652.txt-1829-8	fic_1974_10580.txt-7446-30	annotator0	3.0	Unsure; difficult to judge the meaning in sentence 1	stroke_vb	4
mag_1851_566048.txt-412-13	fic_2008_36181.txt-116-9	annotator0	2.0	 	stroke_vb	4
mag_1978_431951.txt-54-16	fic_1853_3819.txt-945-17	annotator0	4.0	 	stroke_vb	4
mag_2000_368013.txt-19-24	fic_1834_2652.txt-1829-8	annotator0	2.0	 	stroke_vb	4
fic_2008_36181.txt-116-9	fic_1853_9069.txt-154-11	annotator0	4.0	 	stroke_vb	4
fic_1857_3100.txt-1384-12	fic_2002_31794.txt-75-9	annotator2	4.0	 	stroke_vb	1
fic_1857_7431.txt-230-18	fic_2003_29392.txt-324-0	annotator2	4.0	 	stroke_vb	1
fic_1853_9805.txt-1013-11	fic_2003_29392.txt-324-0	annotator2	4.0	 	stroke_vb	1
fic_1996_54493.txt-646-4	fic_1853_9805.txt-1013-11	annotator2	3.0	 	stroke_vb	1
mag_1858_566996.txt-209-39	fic_1857_3100.txt-1384-12	annotator2	4.0	 	stroke_vb	1
fic_1860_8596.txt-1078-1	fic_1853_9805.txt-1013-11	annotator2	4.0	 	stroke_vb	1
fic_1997_54713.txt-283-12	fic_1996_54493.txt-646-4	annotator2	4.0	 	stroke_vb	1
fic_1962_10423.txt-3594-5	fic_1853_9805.txt-1013-11	annotator2	4.0	 	stroke_vb	1
fic_2003_29392.txt-324-0	fic_1828_8204.txt-680-10	annotator2	4.0	 	stroke_vb	1
fic_2003_30371.txt-32-1	fic_1962_10423.txt-3594-5	annotator2	4.0	 	stroke_vb	1
fic_1996_54493.txt-646-4	fic_1976_10607.txt-1735-15	annotator2	3.0	 	stroke_vb	1
fic_1853_9805.txt-1013-11	fic_1819_8618.txt-457-20	annotator2	4.0	 	stroke_vb	1
fic_2003_30371.txt-32-1	fic_1997_54713.txt-283-12	annotator2	4.0	 	stroke_vb	1
fic_1828_8204.txt-680-10	fic_1860_8596.txt-1078-1	annotator2	4.0	 	stroke_vb	1
fic_1990_53266.txt-621-1	fic_2003_30371.txt-32-1	annotator2	4.0	 	stroke_vb	1
fic_1962_10423.txt-3594-5	fic_2003_48737.txt-205-14	annotator2	3.0	 	stroke_vb	1
fic_1962_10423.txt-3594-5	fic_1997_54713.txt-283-12	annotator2	3.0	 	stroke_vb	1
fic_1982_10687.txt-2808-16	fic_1990_53266.txt-621-1	annotator2	4.0	 	stroke_vb	1
fic_1996_54493.txt-646-4	fic_1819_8618.txt-457-20	annotator2	3.0	 	stroke_vb	1
fic_1860_8596.txt-1078-1	fic_1996_54493.txt-646-4	annotator2	4.0	 	stroke_vb	1
fic_2003_48737.txt-205-14	fic_1990_53266.txt-621-1	annotator2	3.0	 	stroke_vb	1
fic_2003_48737.txt-205-14	fic_1860_8596.txt-1078-1	annotator2	3.0	 	stroke_vb	1
fic_1819_8618.txt-457-20	fic_1982_10687.txt-2808-16	annotator2	4.0	 	stroke_vb	1
fic_1857_7431.txt-230-18	fic_1962_10423.txt-3594-5	annotator2	4.0	 	stroke_vb	1
fic_1976_10607.txt-1735-15	fic_1982_10687.txt-2808-16	annotator2	1.0	 	stroke_vb	1
nf_1982_773998.txt-170-5	fic_1822_7275.txt-1325-5	annotator1	4.0	 	stroke_vb	1
fic_1853_9805.txt-1013-11	fic_2003_30371.txt-32-1	annotator1	4.0	 	stroke_vb	1
fic_1997_54713.txt-283-12	mag_1858_566996.txt-209-39	annotator1	4.0	 	stroke_vb	1
fic_1857_7431.txt-230-18	fic_1962_10423.txt-3594-5	annotator1	4.0	 	stroke_vb	1
fic_1853_9805.txt-1013-11	fic_1857_7431.txt-230-18	annotator1	4.0	 	stroke_vb	1
fic_1997_54713.txt-283-12	fic_1853_9805.txt-1013-11	annotator1	4.0	 	stroke_vb	1
fic_1962_10423.txt-3594-5	fic_1857_3100.txt-1384-12	annotator1	4.0	 	stroke_vb	1
fic_1982_10687.txt-2808-16	fic_1853_9805.txt-1013-11	annotator1	4.0	 	stroke_vb	1
nf_1982_773998.txt-170-5	fic_1997_54713.txt-283-12	annotator3	3.0	 	stroke_vb	1
fic_1853_9805.txt-1013-11	fic_1857_7431.txt-230-18	annotator3	3.0	 	stroke_vb	1
fic_1996_54493.txt-646-4	fic_1853_9805.txt-1013-11	annotator3	3.0	 	stroke_vb	1
fic_1860_8596.txt-1078-1	fic_1853_9805.txt-1013-11	annotator3	3.0	 	stroke_vb	1
fic_1844_7135.txt-1207-17	fic_1962_10423.txt-3594-5	annotator3	4.0	 	stroke_vb	1
fic_1990_53266.txt-621-1	fic_1857_7431.txt-230-18	annotator3	4.0	 	stroke_vb	1
fic_1997_54713.txt-283-12	fic_1853_9805.txt-1013-11	annotator3	4.0	 	stroke_vb	1
fic_1853_9805.txt-1013-11	fic_2003_29392.txt-324-0	annotator3	4.0	 	stroke_vb	1
fic_1857_3100.txt-1384-12	fic_1982_10687.txt-2808-16	annotator3	4.0	 	stroke_vb	1
fic_1822_7275.txt-1325-5	fic_1996_54493.txt-646-4	annotator3	3.0	 	stroke_vb	1
mag_1858_566996.txt-209-39	fic_1828_8204.txt-680-10	annotator3	4.0	 	stroke_vb	1
fic_1976_10607.txt-1735-15	fic_2003_29392.txt-324-0	annotator3	2.0	 	stroke_vb	1
fic_2003_29392.txt-324-0	fic_1828_8204.txt-680-10	annotator3	4.0	 	stroke_vb	1
fic_1828_8204.txt-680-10	fic_1860_8596.txt-1078-1	annotator3	4.0	 	stroke_vb	1
fic_1828_8204.txt-680-10	fic_2003_48737.txt-205-14	annotator3	4.0	 	stroke_vb	1
fic_1996_54493.txt-646-4	fic_1819_8618.txt-457-20	annotator3	4.0	 	stroke_vb	1
fic_2003_29392.txt-324-0	fic_1990_53266.txt-621-1	annotator3	4.0	 	stroke_vb	1
fic_2002_31794.txt-75-9	mag_1858_566996.txt-209-39	annotator3	4.0	 	stroke_vb	1
fic_1990_53266.txt-621-1	fic_1860_8596.txt-1078-1	annotator3	4.0	 	stroke_vb	1
mag_1858_566996.txt-209-39	fic_1853_9805.txt-1013-11	annotator3	4.0	 	stroke_vb	1
fic_1990_53266.txt-621-1	fic_1976_10607.txt-1735-15	annotator3	2.0	 	stroke_vb	1
fic_1962_10423.txt-3594-5	fic_2003_48737.txt-205-14	annotator3	4.0	 	stroke_vb	1
fic_1853_9805.txt-1013-11	fic_1828_8204.txt-680-10	annotator3	4.0	 	stroke_vb	1
fic_1982_10687.txt-2808-16	fic_1996_54493.txt-646-4	annotator3	4.0	 	stroke_vb	1
fic_1962_10423.txt-3594-5	fic_1990_53266.txt-621-1	annotator3	4.0	 	stroke_vb	1
fic_1962_10423.txt-3594-5	fic_1853_9805.txt-1013-11	annotator0	4.0	 	stroke_vb	1
fic_2003_30371.txt-32-1	fic_1962_10423.txt-3594-5	annotator0	4.0	 	stroke_vb	1
fic_2003_48737.txt-205-14	fic_1990_53266.txt-621-1	annotator0	4.0	 	stroke_vb	1
fic_1857_3100.txt-1384-12	fic_1982_10687.txt-2808-16	annotator0	4.0	 	stroke_vb	1
fic_1962_10423.txt-3594-5	fic_1997_54713.txt-283-12	annotator0	4.0	 	stroke_vb	1
fic_1860_8596.txt-1078-1	fic_1996_54493.txt-646-4	annotator0	4.0	 	stroke_vb	1
fic_2003_29392.txt-324-0	fic_1844_7135.txt-1207-17	annotator0	4.0	 	stroke_vb	1
fic_1853_9805.txt-1013-11	fic_1857_3100.txt-1384-12	annotator0	4.0	 	stroke_vb	1
fic_1860_8596.txt-1078-1	fic_1962_10423.txt-3594-5	annotator0	4.0	 	stroke_vb	1
fic_1853_9805.txt-1013-11	fic_2003_30371.txt-32-1	annotator0	4.0	 	stroke_vb	1
fic_1996_54493.txt-646-4	fic_1853_9805.txt-1013-11	annotator0	4.0	 	stroke_vb	1
fic_2003_30371.txt-32-1	fic_1997_54713.txt-283-12	annotator0	4.0	 	stroke_vb	1
fic_1857_3100.txt-1384-12	nf_1982_773998.txt-170-5	annotator0	3.0	 	stroke_vb	1
fic_1997_54713.txt-283-12	mag_1858_566996.txt-209-39	annotator0	4.0	 	stroke_vb	1
fic_2003_30371.txt-32-1	nf_1982_773998.txt-170-5	annotator0	3.0	 	stroke_vb	1
fic_1844_7135.txt-1207-17	mag_1858_566996.txt-209-39	annotator0	4.0	 	stroke_vb	1
fic_1997_54713.txt-283-12	fic_1996_54493.txt-646-4	annotator0	4.0	 	stroke_vb	1
nf_1982_773998.txt-170-5	fic_1997_54713.txt-283-12	annotator0	3.0	 	stroke_vb	1
fic_1844_7135.txt-1207-17	fic_1962_10423.txt-3594-5	annotator0	4.0	 	stroke_vb	1
fic_2003_48737.txt-205-14	fic_1860_8596.txt-1078-1	annotator0	4.0	 	stroke_vb	1
fic_1982_10687.txt-2808-16	fic_1853_9805.txt-1013-11	annotator0	4.0	 	stroke_vb	1
fic_1853_9805.txt-1013-11	fic_1828_8204.txt-680-10	annotator0	4.0	 	stroke_vb	1
fic_2003_48737.txt-205-14	fic_1844_7135.txt-1207-17	annotator0	4.0	 	stroke_vb	1
fic_1853_9805.txt-1013-11	fic_1857_7431.txt-230-18	annotator0	4.0	 	stroke_vb	1
fic_2003_29392.txt-324-0	fic_1828_8204.txt-680-10	annotator0	4.0	 	stroke_vb	1
fic_1819_8618.txt-457-20	fic_1982_10687.txt-2808-16	annotator0	4.0	 	stroke_vb	1
mag_2004_414155.txt-34-7	fic_2006_28088.txt-18-22	annotator0	4.0	 	stroke_vb	5
fic_1855_602.txt-1945-5	fic_1997_54633.txt-176-84	annotator0	3.0	 	stroke_vb	5
fic_2006_28088.txt-18-22	fic_1981_10681.txt-5565-25	annotator0	3.0	 	stroke_vb	5
fic_1860_3347.txt-720-8	fic_1993_1040085.txt-2467-14	annotator0	4.0	 	stroke_vb	5
mag_1856_522858.txt-209-22	fic_1997_54633.txt-176-84	annotator0	2.0	 	stroke_vb	5
fic_1961_781982.txt-8740-11	fic_2003_47947.txt-201-7	annotator0	4.0	 	stroke_vb	5
fic_1966_14323.txt-494-4	fic_2008_36181.txt-116-9	annotator0	4.0	 	stroke_vb	5
fic_1966_14323.txt-494-4	fic_1853_3819.txt-945-17	annotator0	3.0	 	stroke_vb	5
fic_1834_2652.txt-1829-8	fic_1997_54633.txt-176-84	annotator0	3.0	 	stroke_vb	5
mag_2004_414155.txt-34-7	fic_2001_28191.txt-201-2	annotator0	3.0	 	stroke_vb	5
fic_1853_9158.txt-3583-2	fic_1853_9069.txt-154-11	annotator0	3.0	Unsure – Sentence 2 is ambiguous	stroke_vb	5
fic_1851_1253.txt-234-14	fic_1853_3819.txt-945-17	annotator0	3.0	 	stroke_vb	5
fic_2002_30275.txt-230-40	fic_1828_8204.txt-680-10	annotator0	4.0	 	stroke_vb	5
fic_2006_28088.txt-18-22	mag_1978_431951.txt-54-16	annotator0	4.0	 	stroke_vb	5
fic_1855_8110.txt-557-17	fic_2001_28191.txt-201-2	annotator0	3.0	 	stroke_vb	5
fic_1856_9797.txt-4198-12	fic_1974_10580.txt-7446-30	annotator0	3.0	 	stroke_vb	5
fic_2005_28779.txt-110-12	fic_2006_28088.txt-18-22	annotator0	3.0	 	stroke_vb	5
fic_1993_53756.txt-435-6	fic_1856_5515.txt-2860-9	annotator0	4.0	 	stroke_vb	5
fic_1962_10420.txt-3658-107	fic_1966_14323.txt-494-4	annotator0	3.0	 	stroke_vb	5
fic_1976_10607.txt-1735-15	mag_1978_431951.txt-54-16	annotator0	4.0	 	stroke_vb	5
fic_1848_7009.txt-1441-7	fic_1853_9069.txt-154-11	annotator0	3.0	 	stroke_vb	5
fic_1990_53266.txt-621-1	fic_2001_28191.txt-201-2	annotator0	3.0	 	stroke_vb	5
fic_1993_53756.txt-435-6	fic_2002_30275.txt-230-40	annotator0	4.0	 	stroke_vb	5
nf_1849_755107.txt-2037-20	fic_2001_28191.txt-201-2	annotator0	3.0	 	stroke_vb	5
fic_2001_28164.txt-56-7	fic_1843_7208.txt-1223-38	annotator0	3.0	 	stroke_vb	5
nf_1999_774019.txt-255-20	fic_2001_28191.txt-201-2	annotator0	3.0	 	stroke_vb	5
mag_1978_431951.txt-54-16	fic_1974_10580.txt-7446-30	annotator0	3.0	 	stroke_vb	5
fic_1853_3819.txt-945-17	fic_1974_10580.txt-7446-30	annotator0	3.0	 	stroke_vb	5
mag_1998_399709.txt-139-5	fic_1998_43725.txt-175-22	annotator0	4.0	 	stroke_vb	5
mag_2004_414155.txt-34-7	fic_1997_54633.txt-176-84	annotator0	3.0	 	stroke_vb	5
fic_1857_3100.txt-3794-18	nf_1853_765349.txt-1635-36	annotator0	3.0	 	stroke_vb	5
fic_1841_8303.txt-315-28	fic_1853_9069.txt-154-11	annotator0	3.0	 	stroke_vb	5
fic_1842_7289.txt-2065-7	fic_1996_41962.txt-293-2	annotator0	4.0	 	stroke_vb	5
fic_1858_1282.txt-1878-15	fic_1834_2652.txt-1829-8	annotator0	3.0	 	stroke_vb	5
fic_1962_10420.txt-3658-107	mag_2000_368013.txt-19-24	annotator0	2.0	 	stroke_vb	5
fic_1962_10423.txt-3594-5	fic_1999_55556.txt-374-2	annotator0	4.0	 	stroke_vb	5
fic_2008_36181.txt-116-9	mag_1856_522858.txt-209-22	annotator0	2.0	 	stroke_vb	5
fic_1962_10420.txt-3658-107	fic_1997_54633.txt-176-84	annotator0	3.0	 	stroke_vb	5
fic_1860_9072.txt-3534-25	fic_1981_10681.txt-5565-25	annotator0	3.0	 	stroke_vb	5
fic_1858_9231.txt-4046-3	fic_1834_2652.txt-1829-8	annotator0	3.0	 	stroke_vb	5
fic_1843_7166.txt-1507-2	fic_1852_2751.txt-9541-10	annotator0	4.0	 	stroke_vb	5
fic_1853_9805.txt-745-4	fic_1853_9069.txt-154-11	annotator0	3.0	 	stroke_vb	5
mag_2000_403485.txt-34-7	fic_2002_27767.txt-115-2	annotator0	4.0	 	stroke_vb	5
mag_2000_368013.txt-19-24	fic_2001_28191.txt-201-2	annotator0	2.0	 	stroke_vb	5
fic_1855_8110.txt-557-17	fic_1997_54633.txt-176-84	annotator0	3.0	 	stroke_vb	5
mag_2000_368013.txt-19-24	fic_1853_9158.txt-3583-2	annotator0	2.0	 	stroke_vb	5
fic_2008_36181.txt-116-9	fic_1834_2652.txt-1829-8	annotator0	3.0	 	stroke_vb	5
fic_1853_9069.txt-154-11	fic_1974_10580.txt-7446-30	annotator0	4.0	 	stroke_vb	5
mag_1997_428302.txt-127-8	mag_2000_368013.txt-19-24	annotator0	2.0	 	stroke_vb	5
mag_2000_368013.txt-19-24	fic_2003_47947.txt-201-7	annotator0	2.0	 	stroke_vb	5
fic_2008_36181.txt-116-9	mag_1978_431951.txt-54-16	annotator0	4.0	 	stroke_vb	5
fic_1835_7281.txt-311-43	fic_1997_54633.txt-176-84	annotator0	4.0	 	stroke_vb	5
mag_2004_414155.txt-34-7	fic_2008_36181.txt-116-9	annotator0	4.0	 	stroke_vb	5
fic_2008_36181.txt-116-9	fic_1981_10681.txt-5565-25	annotator0	3.0	 	stroke_vb	5
news_1994_606786.txt-19-3	mag_2000_368013.txt-19-24	annotator0	2.0	 	stroke_vb	5
fic_1853_9805.txt-745-4	fic_1858_9768.txt-1491-6	annotator0	4.0	 	stroke_vb	5
fic_2006_31077.txt-19-21	mag_1978_431951.txt-54-16	annotator0	3.0	 	stroke_vb	5
fic_2003_29392.txt-324-0	fic_1987_780058.txt-3028-4	annotator0	4.0	 	stroke_vb	5
fic_2008_36181.txt-116-9	fic_1853_3819.txt-945-17	annotator0	3.0	 	stroke_vb	5
fic_1860_9072.txt-1823-30	mag_1856_522858.txt-209-22	annotator0	2.0	 	stroke_vb	5
fic_2006_51533.txt-963-19	fic_1841_8303.txt-315-28	annotator0	3.0	 	stroke_vb	5
fic_1858_9231.txt-4046-3	fic_1962_10420.txt-3658-107	annotator0	3.0	 	stroke_vb	5
fic_1848_1108.txt-5061-21	fic_1853_9158.txt-3583-2	annotator0	3.0	 	stroke_vb	5
fic_1995_39398.txt-75-8	fic_2001_28191.txt-201-2	annotator0	3.0	 	stroke_vb	5
fic_1856_5515.txt-2860-9	fic_2005_28779.txt-110-12	annotator0	4.0	 	stroke_vb	5
mag_1999_407884.txt-205-1	fic_1855_1273.txt-2501-11	annotator0	4.0	 	stroke_vb	5
fic_2008_36181.txt-116-9	fic_1997_54633.txt-176-84	annotator0	3.0	 	stroke_vb	5
fic_2008_36181.txt-116-9	fic_1974_10580.txt-7446-30	annotator0	3.0	 	stroke_vb	5
mag_2000_368013.txt-19-24	fic_1974_10580.txt-7446-30	annotator0	2.0	 	stroke_vb	5
fic_1982_10687.txt-2808-16	fic_1997_54633.txt-176-84	annotator0	4.0	 	stroke_vb	5
fic_1857_3100.txt-3794-18	mag_1978_431951.txt-54-16	annotator0	3.0	 	stroke_vb	5
mag_1856_522858.txt-209-22	fic_1974_10580.txt-7446-30	annotator0	2.0	 	stroke_vb	5
news_1994_606786.txt-19-3	fic_1853_9069.txt-154-11	annotator0	3.0	Unsure	stroke_vb	5
fic_1860_9072.txt-1823-30	fic_1853_3819.txt-945-17	annotator0	3.0	 	stroke_vb	5
mag_2004_414155.txt-34-7	fic_1981_10681.txt-5565-25	annotator0	3.0	 	stroke_vb	5
fic_1857_2618.txt-240-6	fic_1841_8303.txt-315-28	annotator0	3.0	 	stroke_vb	5
fic_1853_9069.txt-154-11	fic_1834_2652.txt-1829-8	annotator0	3.0	 	stroke_vb	5
mag_1851_566048.txt-412-13	fic_2001_28191.txt-201-2	annotator0	2.0	 	stroke_vb	5
fic_1961_781982.txt-3975-4	mag_1856_522858.txt-209-22	annotator8	2.0	 	stroke_vb	5
fic_1834_2652.txt-1829-8	fic_1974_10580.txt-7446-30	annotator8	1.0	 	stroke_vb	5
fic_1974_10580.txt-7446-30	fic_1997_54633.txt-176-84	annotator8	2.0	 	stroke_vb	5
mag_2000_368013.txt-19-24	fic_2003_47947.txt-201-7	annotator8	3.0	 	stroke_vb	5
fic_1853_9069.txt-154-11	fic_1997_54633.txt-176-84	annotator8	3.0	 	stroke_vb	5
mag_2004_414155.txt-34-7	fic_1853_9158.txt-3583-2	annotator8	2.0	 	stroke_vb	5
fic_1835_7281.txt-311-43	fic_1997_54633.txt-176-84	annotator8	4.0	 	stroke_vb	5
mag_1856_522858.txt-209-22	fic_1997_54633.txt-176-84	annotator8	2.0	 	stroke_vb	5
mag_2004_414155.txt-34-7	fic_1962_10420.txt-3658-107	annotator8	2.0	 	stroke_vb	5
fic_2008_36181.txt-116-9	nf_1982_773998.txt-170-5	annotator8	2.0	 	stroke_vb	5
fic_1857_9075.txt-3832-35	nf_1996_773937.txt-663-26	annotator8	4.0	 	stroke_vb	5
fic_1841_8303.txt-315-28	fic_2001_28191.txt-201-2	annotator8	2.0	 	stroke_vb	5
fic_1851_1253.txt-234-14	fic_1997_54633.txt-176-84	annotator8	4.0	 	stroke_vb	5
fic_1981_10681.txt-5565-25	fic_1834_2652.txt-1829-8	annotator8	2.0	 	stroke_vb	5
mag_2004_414155.txt-34-7	mag_1978_431951.txt-54-16	annotator8	4.0	 	stroke_vb	5
fic_1853_9158.txt-3583-2	fic_1974_10580.txt-7446-30	annotator8	2.0	 	stroke_vb	5
fic_1853_1196.txt-1649-9	fic_1997_54633.txt-176-84	annotator8	4.0	 	stroke_vb	5
fic_2003_47947.txt-201-7	fic_2001_28191.txt-201-2	annotator8	3.0	 	stroke_vb	5
fic_1974_10580.txt-7446-30	fic_1981_10681.txt-5565-25	annotator8	4.0	 	stroke_vb	5
mag_1978_431951.txt-54-16	fic_1974_10580.txt-7446-30	annotator8	2.0	 	stroke_vb	5
fic_1966_14323.txt-494-4	fic_2001_28191.txt-201-2	annotator8	2.0	 	stroke_vb	5
fic_1966_14323.txt-494-4	mag_1856_522858.txt-209-22	annotator8	2.0	 	stroke_vb	5
mag_1980_296529.txt-18-1	fic_1860_3347.txt-720-8	annotator8	4.0	 	stroke_vb	5
fic_1976_10607.txt-1735-15	fic_2002_30275.txt-230-40	annotator8	3.0	 	stroke_vb	5
news_1994_606786.txt-19-3	mag_2000_368013.txt-19-24	annotator8	3.0	 	stroke_vb	5
fic_1855_8110.txt-557-17	fic_1981_10681.txt-5565-25	annotator8	2.0	 	stroke_vb	5
fic_1858_9231.txt-4046-3	fic_1962_10420.txt-3658-107	annotator8	3.0	 	stroke_vb	5
fic_1855_8110.txt-557-17	mag_1978_431951.txt-54-16	annotator8	3.0	 	stroke_vb	5
fic_1855_602.txt-1945-5	mag_1851_566048.txt-412-13	annotator8	2.0	 	stroke_vb	5
fic_1853_9158.txt-3583-2	fic_1853_3819.txt-945-17	annotator8	4.0	 	stroke_vb	5
fic_1852_2751.txt-9541-10	mag_1978_431951.txt-54-16	annotator8	3.0	 	stroke_vb	5
mag_1997_428302.txt-127-8	mag_2000_368013.txt-19-24	annotator8	2.0	 	stroke_vb	5
fic_1845_7170.txt-2513-20	fic_1981_10681.txt-5565-25	annotator8	2.0	 	stroke_vb	5
fic_1962_10420.txt-3658-107	mag_2000_368013.txt-19-24	annotator8	2.0	 	stroke_vb	5
mag_2004_414155.txt-34-7	fic_1834_2652.txt-1829-8	annotator8	2.0	 	stroke_vb	5
fic_1993_25030.txt-2902-21	fic_1966_14323.txt-494-4	annotator8	2.0	 	stroke_vb	5
fic_1993_25023.txt-92-25	fic_1997_54713.txt-283-12	annotator8	4.0	 	stroke_vb	5
fic_1853_9158.txt-3583-2	fic_2001_28191.txt-201-2	annotator8	2.0	 	stroke_vb	5
fic_1966_14323.txt-494-4	fic_1997_54633.txt-176-84	annotator8	2.0	 	stroke_vb	5
fic_1848_7009.txt-1441-7	fic_1853_9069.txt-154-11	annotator8	2.0	 	stroke_vb	5
fic_2001_28164.txt-56-7	fic_1843_7208.txt-1223-38	annotator8	0.0	I don’t know what “stroking the checks means”.	stroke_vb	5
mag_1998_401996.txt-70-1	fic_1997_54633.txt-176-84	annotator8	4.0	 	stroke_vb	5
fic_1851_1253.txt-53-15	fic_1997_54713.txt-283-12	annotator8	4.0	 	stroke_vb	5
mag_2000_368013.txt-19-24	fic_1997_54633.txt-176-84	annotator8	2.0	 	stroke_vb	5
fic_1976_10607.txt-5541-21	fic_1966_14323.txt-494-4	annotator8	2.0	 	stroke_vb	5
fic_1853_3819.txt-945-17	fic_1997_54633.txt-176-84	annotator8	2.0	 	stroke_vb	5
mag_1980_296529.txt-18-1	fic_1841_8303.txt-315-28	annotator8	2.0	 	stroke_vb	5
fic_1860_9072.txt-1823-30	fic_1981_10681.txt-5565-25	annotator8	4.0	 	stroke_vb	5
mag_1856_522858.txt-209-22	fic_1981_10681.txt-5565-25	annotator8	2.0	 	stroke_vb	5
fic_1860_9072.txt-1823-30	fic_1962_10420.txt-3658-107	annotator8	3.0	 	stroke_vb	5
fic_1850_7171.txt-4539-24	fic_2006_28088.txt-18-22	annotator8	3.0	 	stroke_vb	5
fic_1980_10670.txt-2825-11	fic_2001_31325.txt-227-15	annotator8	4.0	 	stroke_vb	5
fic_2006_28088.txt-18-22	fic_1853_9158.txt-3583-2	annotator8	2.0	 	stroke_vb	5
fic_1841_8303.txt-315-28	fic_1855_8110.txt-557-17	annotator8	4.0	 	stroke_vb	5
fic_1834_2652.txt-1829-8	fic_1969_10518.txt-2267-33	annotator8	2.0	 	stroke_vb	5
mag_1978_431951.txt-54-16	fic_1981_10681.txt-5565-25	annotator8	2.0	 	stroke_vb	5
fic_1853_3819.txt-945-17	mag_1978_431951.txt-54-16	annotator8	2.0	 	stroke_vb	5
fic_1841_8303.txt-315-28	fic_1962_10420.txt-3658-107	annotator8	4.0	 	stroke_vb	5
mag_1856_522858.txt-209-22	fic_2001_28191.txt-201-2	annotator8	2.0	 	stroke_vb	5
fic_2003_29392.txt-324-0	fic_1987_780058.txt-3028-4	annotator8	4.0	 	stroke_vb	5
fic_1982_10687.txt-2808-16	fic_1841_8303.txt-315-28	annotator8	2.0	 	stroke_vb	5
fic_2008_36181.txt-116-9	fic_1853_9158.txt-3583-2	annotator8	2.0	 	stroke_vb	5
fic_2001_28164.txt-56-7	fic_1860_9072.txt-584-26	annotator8	0.0	 	stroke_vb	5
fic_1860_3347.txt-720-8	fic_1993_1040085.txt-2467-14	annotator8	4.0	 	stroke_vb	5
fic_1962_10420.txt-3658-107	fic_1834_2652.txt-1829-8	annotator8	4.0	 	stroke_vb	5
fic_1962_10420.txt-7300-1	fic_1853_3819.txt-945-17	annotator8	2.0	 	stroke_vb	5
fic_1853_9158.txt-3583-2	fic_1855_8110.txt-557-17	annotator8	3.0	 	stroke_vb	5
fic_1858_9231.txt-4046-3	fic_1853_9069.txt-154-11	annotator8	3.0	 	stroke_vb	5
fic_1851_1253.txt-234-14	fic_1853_3819.txt-945-17	annotator8	2.0	 	stroke_vb	5
fic_2006_51533.txt-963-19	fic_1841_8303.txt-315-28	annotator8	2.0	 	stroke_vb	5
fic_1858_9231.txt-4046-3	fic_2006_28088.txt-18-22	annotator8	2.0	 	stroke_vb	5
mag_1998_399709.txt-139-5	fic_1998_43725.txt-175-22	annotator8	4.0	 	stroke_vb	5
mag_1978_431951.txt-54-16	fic_1997_54633.txt-176-84	annotator8	2.0	 	stroke_vb	5
fic_1966_14323.txt-494-4	fic_1981_10681.txt-5565-25	annotator8	2.0	 	stroke_vb	5
nf_1833_747463.txt-2204-17	fic_1855_9773.txt-2011-17	annotator8	2.0	 	stroke_vb	5
fic_1835_7281.txt-311-43	mag_1978_431951.txt-54-16	annotator8	2.0	 	stroke_vb	5
fic_1853_3819.txt-945-17	fic_1981_10681.txt-5565-25	annotator8	2.0	 	stroke_vb	5
fic_1853_3465.txt-1464-10	fic_1853_3819.txt-945-17	annotator8	2.0	 	stroke_vb	5
fic_1981_10681.txt-5565-25	fic_1997_54633.txt-176-84	annotator8	2.0	 	stroke_vb	5
fic_1860_9791.txt-2920-9	fic_2001_28191.txt-201-2	annotator8	3.0	 	stroke_vb	5
fic_2008_36181.txt-116-9	fic_1981_10681.txt-5565-25	annotator8	2.0	 	stroke_vb	5
fic_2006_28088.txt-18-22	mag_1978_431951.txt-54-16	annotator9	3.0	 	stroke_vb	5
fic_1841_8303.txt-315-28	fic_2001_28191.txt-201-2	annotator9	3.0	 	stroke_vb	5
mag_2000_368013.txt-19-24	mag_1856_522858.txt-209-22	annotator9	1.0	 	stroke_vb	5
fic_1834_2652.txt-1829-8	fic_2001_28191.txt-201-2	annotator9	1.0	 	stroke_vb	5
fic_2006_28088.txt-18-22	fic_1853_9158.txt-3583-2	annotator9	1.0	 	stroke_vb	5
fic_1854_8328.txt-914-51	fic_2001_31325.txt-227-15	annotator9	4.0	 	stroke_vb	5
fic_1962_10420.txt-3658-107	fic_1834_2652.txt-1829-8	annotator9	3.0	 	stroke_vb	5
fic_1853_9158.txt-3583-0	fic_1996_41962.txt-293-2	annotator9	1.0	 	stroke_vb	5
fic_1858_9231.txt-4046-3	fic_1974_10580.txt-7446-30	annotator9	1.0	 	stroke_vb	5
fic_2007_52475.txt-113-5	fic_1999_28244.txt-91-2	annotator9	3.0	 	stroke_vb	5
nf_1833_747463.txt-2204-17	fic_1855_9773.txt-2011-17	annotator9	1.0	 	stroke_vb	5
fic_1841_8303.txt-315-28	fic_1855_8110.txt-557-17	annotator9	4.0	 	stroke_vb	5
fic_1996_54493.txt-646-4	fic_1853_9069.txt-154-11	annotator9	1.0	 	stroke_vb	5
fic_1981_10681.txt-5565-25	fic_1834_2652.txt-1829-8	annotator9	1.0	 	stroke_vb	5
mag_1978_431951.txt-54-16	fic_1997_54633.txt-176-84	annotator9	2.0	 	stroke_vb	5
fic_1853_1196.txt-1649-9	nf_1838_747482.txt-720-57	annotator9	4.0	 	stroke_vb	5
fic_1853_9069.txt-154-11	fic_1974_10580.txt-7446-30	annotator9	1.0	 	stroke_vb	5
fic_1841_8303.txt-315-28	fic_1853_3819.txt-945-17	annotator9	2.0	 	stroke_vb	5
mag_1856_522858.txt-209-22	fic_1853_3819.txt-945-17	annotator9	2.0	 	stroke_vb	5
fic_1858_9231.txt-4046-3	mag_1856_522858.txt-209-22	annotator9	2.0	 	stroke_vb	5
fic_1966_14323.txt-494-4	fic_2001_28191.txt-201-2	annotator9	1.0	 	stroke_vb	5
fic_1835_7281.txt-311-43	fic_1997_54633.txt-176-84	annotator9	2.0	 	stroke_vb	5
fic_1857_3100.txt-2955-11	fic_1857_3100.txt-3794-18	annotator9	4.0	 	stroke_vb	5
fic_1858_9231.txt-4046-3	fic_1834_2652.txt-1829-8	annotator9	3.0	 	stroke_vb	5
fic_1962_10417.txt-6736-10	fic_1822_7275.txt-1325-5	annotator9	4.0	 	stroke_vb	5
nf_1849_755107.txt-2037-20	mag_1856_522858.txt-209-22	annotator9	3.0	 	stroke_vb	5
fic_1997_54633.txt-176-84	fic_2001_28191.txt-201-2	annotator9	2.0	 	stroke_vb	5
fic_1842_7289.txt-2065-7	fic_1996_41962.txt-293-2	annotator9	3.0	 	stroke_vb	5
mag_2000_368013.txt-19-24	mag_2004_414155.txt-34-7	annotator9	1.0	 	stroke_vb	5
fic_1841_8303.txt-315-28	fic_1860_9072.txt-1823-30	annotator9	1.0	 	stroke_vb	5
fic_1848_1108.txt-5061-21	fic_1853_9158.txt-3583-2	annotator9	1.0	 	stroke_vb	5
fic_1860_9072.txt-1823-30	mag_1856_522858.txt-209-22	annotator9	2.0	 	stroke_vb	5
fic_1853_3819.txt-945-17	fic_1834_2652.txt-1829-8	annotator9	3.0	 	stroke_vb	5
fic_1851_1253.txt-53-15	fic_1997_54713.txt-283-12	annotator9	3.0	 	stroke_vb	5
fic_2008_36181.txt-116-9	fic_1853_9158.txt-3583-2	annotator9	1.0	 	stroke_vb	5
fic_1970_16315.txt-3855-6	fic_1974_10580.txt-7446-30	annotator9	1.0	 	stroke_vb	5
fic_2006_28088.txt-18-22	fic_1997_54633.txt-176-84	annotator9	3.0	 	stroke_vb	5
mag_2004_414155.txt-34-7	mag_1978_431951.txt-54-16	annotator9	4.0	 	stroke_vb	5
mag_1978_431951.txt-54-16	mag_1856_522858.txt-209-22	annotator9	1.0	 	stroke_vb	5
fic_1995_39398.txt-75-8	fic_2001_28191.txt-201-2	annotator9	1.0	 	stroke_vb	5
fic_1834_7030.txt-1030-13	mag_1856_522858.txt-209-22	annotator9	1.0	 	stroke_vb	5
fic_1993_1040077.txt-874-3	fic_1834_2652.txt-1829-8	annotator9	1.0	 	stroke_vb	5
fic_1962_10420.txt-7300-1	fic_1853_3819.txt-945-17	annotator9	1.0	 	stroke_vb	5
fic_2006_51533.txt-963-19	fic_1853_3819.txt-945-17	annotator9	1.0	 	stroke_vb	5
fic_2005_28779.txt-110-12	fic_2006_28088.txt-18-22	annotator9	1.0	 	stroke_vb	5
fic_1855_2494.txt-1641-30	fic_1860_9072.txt-1823-30	annotator9	1.0	 	stroke_vb	5
fic_1849_7216.txt-4873-14	fic_1860_9791.txt-2920-9	annotator9	3.0	 	stroke_vb	5
fic_1835_7281.txt-311-43	mag_1978_431951.txt-54-16	annotator9	1.0	 	stroke_vb	5
mag_1999_407884.txt-205-1	fic_1855_1273.txt-2501-11	annotator9	4.0	 	stroke_vb	5
mag_1856_522858.txt-209-22	fic_1852_2751.txt-8419-19	annotator9	1.0	 	stroke_vb	5
fic_1855_8110.txt-557-17	fic_1981_10681.txt-5565-25	annotator9	1.0	 	stroke_vb	5
fic_1841_8303.txt-315-28	fic_1981_10681.txt-5565-25	annotator9	1.0	 	stroke_vb	5
fic_1853_1196.txt-1649-9	nf_1844_747706.txt-172-18	annotator9	3.0	 	stroke_vb	5
fic_2000_38703.txt-36-29	fic_1841_8303.txt-315-28	annotator9	1.0	 	stroke_vb	5
mag_1856_522858.txt-209-22	fic_2001_28191.txt-201-2	annotator9	1.0	 	stroke_vb	5
fic_2006_51071.txt-167-35	fic_1981_10681.txt-5565-25	annotator9	1.0	 	stroke_vb	5
fic_1857_9075.txt-3832-35	nf_1996_773937.txt-663-26	annotator9	3.0	 	stroke_vb	5
fic_2006_28088.txt-18-22	fic_1974_10580.txt-7446-30	annotator9	1.0	 	stroke_vb	5
mag_1851_566048.txt-412-13	mag_1856_522858.txt-209-22	annotator9	2.0	 	stroke_vb	5
fic_1853_9158.txt-3583-2	fic_1997_54633.txt-176-84	annotator9	1.0	 	stroke_vb	5
fic_1995_52939.txt-476-5	fic_1860_9072.txt-1823-30	annotator9	1.0	 	stroke_vb	5
fic_1853_9158.txt-3583-2	fic_1853_9069.txt-154-11	annotator9	3.0	 	stroke_vb	5
mag_2004_414155.txt-34-7	fic_1981_10681.txt-5565-25	annotator9	1.0	 	stroke_vb	5
fic_1980_780046.txt-2845-1	fic_1841_8303.txt-315-28	annotator9	1.0	 	stroke_vb	5
fic_1853_9805.txt-745-4	fic_1853_9069.txt-154-11	annotator9	1.0	 	stroke_vb	5
mag_1998_401996.txt-70-1	fic_1997_54633.txt-176-84	annotator9	3.0	 	stroke_vb	5
fic_1860_3347.txt-720-8	fic_1966_14323.txt-494-4	annotator9	1.0	 	stroke_vb	5
fic_1834_2652.txt-1829-8	nf_1836_747959.txt-179-8	annotator9	1.0	 	stroke_vb	5
fic_1850_7171.txt-4539-24	fic_2006_28088.txt-18-22	annotator9	1.0	 	stroke_vb	5
fic_1828_8204.txt-680-10	fic_2006_51533.txt-963-19	annotator9	4.0	 	stroke_vb	5
fic_2005_28779.txt-110-12	fic_1981_10681.txt-5565-25	annotator9	1.0	 	stroke_vb	5
fic_1855_8110.txt-557-17	fic_2001_28191.txt-201-2	annotator9	1.0	 	stroke_vb	5
fic_1976_10607.txt-1735-15	fic_2002_30275.txt-230-40	annotator9	1.0	 	stroke_vb	5
fic_1841_8303.txt-315-28	fic_1853_9069.txt-154-11	annotator9	4.0	 	stroke_vb	5
fic_1962_10423.txt-3594-5	fic_1999_55556.txt-374-2	annotator9	3.0	 	stroke_vb	5
fic_1857_3100.txt-3794-18	mag_1978_431951.txt-54-16	annotator9	1.0	 	stroke_vb	5
fic_1851_1253.txt-234-14	fic_1997_54633.txt-176-84	annotator9	1.0	 	stroke_vb	5
nf_1849_755107.txt-2037-20	fic_2001_28191.txt-201-2	annotator9	1.0	 	stroke_vb	5
nf_1836_747959.txt-179-8	fic_1974_10580.txt-7446-30	annotator9	1.0	 	stroke_vb	5
mag_1999_407884.txt-205-1	fic_1981_10681.txt-5565-25	annotator9	1.0	 	stroke_vb	5
