identifier1	identifier2	annotator	judgment	comment	lemma
2532889X_1953-11-15_01_044.tcf.xml-9-7	2532889X_1967-10-08_01_194.tcf.xml-17-24	inferred	0	 	Eintagsfliege
2532889X_1953-11-15_01_044.tcf.xml-9-7	2532889X_1970-04-05_01_285.tcf.xml-43-13	inferred	1	 	Eintagsfliege
2532889X_1953-11-15_01_044.tcf.xml-9-7	2532889X_1970-06-23_01_052.tcf.xml-8-18	inferred	1	 	Eintagsfliege
2532889X_1953-11-15_01_044.tcf.xml-9-7	2532889X_1970-08-18_01_131.tcf.xml-2-49	inferred	1	 	Eintagsfliege
2532889X_1953-11-15_01_044.tcf.xml-9-7	2532889X_1970-12-19_01_110.tcf.xml-29-11	inferred	1	 	Eintagsfliege
2532889X_1953-11-15_01_044.tcf.xml-9-7	2532889X_1980-08-13_01_045.tcf.xml-63-8	inferred	1	 	Eintagsfliege
2532889X_1953-11-15_01_044.tcf.xml-9-7	2532889X_1980-10-10_01_288.tcf.xml-94-4	inferred	0	 	Eintagsfliege
2532889X_1953-11-15_01_044.tcf.xml-9-7	2532889X_1982-10-23_01_216.tcf.xml-7-17	inferred	0	 	Eintagsfliege
2532889X_1953-11-15_01_044.tcf.xml-9-7	2532889X_1984-08-25_01_060.tcf.xml-21-5	inferred	1	 	Eintagsfliege
2532889X_1953-11-15_01_044.tcf.xml-9-7	2532889X_1985-08-14_01_159.tcf.xml-17-6	inferred	1	 	Eintagsfliege
2532889X_1953-11-15_01_044.tcf.xml-9-7	2532889X_1986-07-14_01_008.tcf.xml-10-14	inferred	1	 	Eintagsfliege
2532889X_1953-11-15_01_044.tcf.xml-9-7	26120215_1967_02_22_01_327.tcf.xml-96-4	inferred	0	 	Eintagsfliege
2532889X_1953-11-15_01_044.tcf.xml-9-7	26120215_1969_02_05_01_044.tcf.xml-67-12	inferred	1	 	Eintagsfliege
2532889X_1953-11-15_01_044.tcf.xml-9-7	26120215_1969_09_16_01_103.tcf.xml-2-38	inferred	1	 	Eintagsfliege
2532889X_1953-11-15_01_044.tcf.xml-9-7	26120215_1972_04_07_01_145.tcf.xml-21-6	inferred	1	 	Eintagsfliege
2532889X_1953-11-15_01_044.tcf.xml-9-7	26120215_1972_04_28_01_134.tcf.xml-4-10	inferred	1	 	Eintagsfliege
2532889X_1953-11-15_01_044.tcf.xml-9-7	26120215_1973_08_31_01_205.tcf.xml-8-16	inferred	1	 	Eintagsfliege
2532889X_1953-11-15_01_044.tcf.xml-9-7	26120215_1980_04_26_01_066.tcf.xml-10-11	inferred	1	 	Eintagsfliege
2532889X_1953-11-15_01_044.tcf.xml-9-7	26120215_1983_03_17_01_194.tcf.xml-5-4	inferred	1	 	Eintagsfliege
2532889X_1953-11-15_01_044.tcf.xml-9-7	bechstein_dunkelgraf_1854-1902-25	inferred	0	 	Eintagsfliege
2532889X_1953-11-15_01_044.tcf.xml-9-7	boelsche_liebesleben01_1898-301-6	inferred	0	 	Eintagsfliege
2532889X_1953-11-15_01_044.tcf.xml-9-7	boelsche_liebesleben01_1898-526-55	inferred	0	 	Eintagsfliege
2532889X_1953-11-15_01_044.tcf.xml-9-7	boelsche_liebesleben01_1898-5496-26	inferred	0	 	Eintagsfliege
2532889X_1953-11-15_01_044.tcf.xml-9-7	boelsche_liebesleben01_1898-995-5	inferred	0	 	Eintagsfliege
2532889X_1953-11-15_01_044.tcf.xml-9-7	boelsche_liebesleben01_1898-998-4	inferred	0	 	Eintagsfliege
2532889X_1953-11-15_01_044.tcf.xml-9-7	boerne_paris03_1833-290-12	inferred	1	 	Eintagsfliege
2532889X_1953-11-15_01_044.tcf.xml-9-7	brehm_thierleben01_1864-5014-20	inferred	0	 	Eintagsfliege
2532889X_1953-11-15_01_044.tcf.xml-9-7	brehm_thierleben06_1869-14181-31	inferred	0	 	Eintagsfliege
2532889X_1953-11-15_01_044.tcf.xml-9-7	brehm_thierleben06_1869-8742-14	inferred	0	 	Eintagsfliege
2532889X_1953-11-15_01_044.tcf.xml-9-7	brehm_thierleben06_1869-8764-52	inferred	0	 	Eintagsfliege
2532889X_1953-11-15_01_044.tcf.xml-9-7	frapan_fluegel_1895-2258-4	inferred	0	 	Eintagsfliege
2532889X_1953-11-15_01_044.tcf.xml-9-7	haeckel_weltraethsel_1899-3032-40	inferred	0	 	Eintagsfliege
2532889X_1953-11-15_01_044.tcf.xml-9-7	holz_hamlet_1889-15-15	inferred	1	 	Eintagsfliege
2532889X_1953-11-15_01_044.tcf.xml-9-7	holz_hamlet_1889-16-21	inferred	1	 	Eintagsfliege
2532889X_1953-11-15_01_044.tcf.xml-9-7	holz_hamlet_1889-18-24	inferred	0	 	Eintagsfliege
2532889X_1953-11-15_01_044.tcf.xml-9-7	klingemann_nachtwachen_1805-282-16	inferred	0	 	Eintagsfliege
2532889X_1953-11-15_01_044.tcf.xml-9-7	menzel_literatur02_1828-2676-11	inferred	0	 	Eintagsfliege
2532889X_1953-11-15_01_044.tcf.xml-9-7	nn_nrhz207i_1849-181-15	inferred	1	 	Eintagsfliege
2532889X_1953-11-15_01_044.tcf.xml-9-7	nn_nrhz297b_1849-34-15	inferred	1	 	Eintagsfliege
2532889X_1953-11-15_01_044.tcf.xml-9-7	rossmaessler_suesswasseraquarium_1857-638-23	inferred	0	 	Eintagsfliege
2532889X_1953-11-15_01_044.tcf.xml-9-7	treitschke_geschichte05_1894-3174-13	inferred	1	 	Eintagsfliege
2532889X_1953-11-15_01_044.tcf.xml-9-7	vogt_briefe01_1851-6608-2	inferred	0	 	Eintagsfliege
2532889X_1953-11-15_01_044.tcf.xml-9-7	vogt_thierstaaten_1851-1326-16	inferred	0	 	Eintagsfliege
2532889X_1953-11-15_01_044.tcf.xml-9-7	wilamowitz_aristoteles01_1893-1523-7	inferred	1	 	Eintagsfliege
2532889X_1967-10-08_01_194.tcf.xml-17-24	2532889X_1970-04-05_01_285.tcf.xml-43-13	inferred	0	 	Eintagsfliege
2532889X_1967-10-08_01_194.tcf.xml-17-24	2532889X_1970-06-23_01_052.tcf.xml-8-18	inferred	0	 	Eintagsfliege
2532889X_1967-10-08_01_194.tcf.xml-17-24	2532889X_1970-08-18_01_131.tcf.xml-2-49	inferred	0	 	Eintagsfliege
2532889X_1967-10-08_01_194.tcf.xml-17-24	2532889X_1970-12-19_01_110.tcf.xml-29-11	inferred	0	 	Eintagsfliege
2532889X_1967-10-08_01_194.tcf.xml-17-24	2532889X_1980-08-13_01_045.tcf.xml-63-8	inferred	0	 	Eintagsfliege
2532889X_1967-10-08_01_194.tcf.xml-17-24	2532889X_1980-10-10_01_288.tcf.xml-94-4	inferred	1	 	Eintagsfliege
2532889X_1967-10-08_01_194.tcf.xml-17-24	2532889X_1982-10-23_01_216.tcf.xml-7-17	inferred	1	 	Eintagsfliege
2532889X_1967-10-08_01_194.tcf.xml-17-24	2532889X_1984-08-25_01_060.tcf.xml-21-5	inferred	0	 	Eintagsfliege
2532889X_1967-10-08_01_194.tcf.xml-17-24	2532889X_1985-08-14_01_159.tcf.xml-17-6	inferred	0	 	Eintagsfliege
2532889X_1967-10-08_01_194.tcf.xml-17-24	2532889X_1986-07-14_01_008.tcf.xml-10-14	inferred	0	 	Eintagsfliege
2532889X_1967-10-08_01_194.tcf.xml-17-24	26120215_1967_02_22_01_327.tcf.xml-96-4	inferred	1	 	Eintagsfliege
2532889X_1967-10-08_01_194.tcf.xml-17-24	26120215_1969_02_05_01_044.tcf.xml-67-12	inferred	0	 	Eintagsfliege
2532889X_1967-10-08_01_194.tcf.xml-17-24	26120215_1969_09_16_01_103.tcf.xml-2-38	inferred	0	 	Eintagsfliege
2532889X_1967-10-08_01_194.tcf.xml-17-24	26120215_1972_04_07_01_145.tcf.xml-21-6	inferred	0	 	Eintagsfliege
2532889X_1967-10-08_01_194.tcf.xml-17-24	26120215_1972_04_28_01_134.tcf.xml-4-10	inferred	0	 	Eintagsfliege
2532889X_1967-10-08_01_194.tcf.xml-17-24	26120215_1973_08_31_01_205.tcf.xml-8-16	inferred	0	 	Eintagsfliege
2532889X_1967-10-08_01_194.tcf.xml-17-24	26120215_1980_04_26_01_066.tcf.xml-10-11	inferred	0	 	Eintagsfliege
2532889X_1967-10-08_01_194.tcf.xml-17-24	26120215_1983_03_17_01_194.tcf.xml-5-4	inferred	0	 	Eintagsfliege
2532889X_1967-10-08_01_194.tcf.xml-17-24	bechstein_dunkelgraf_1854-1902-25	inferred	1	 	Eintagsfliege
2532889X_1967-10-08_01_194.tcf.xml-17-24	boelsche_liebesleben01_1898-301-6	inferred	1	 	Eintagsfliege
2532889X_1967-10-08_01_194.tcf.xml-17-24	boelsche_liebesleben01_1898-526-55	inferred	1	 	Eintagsfliege
2532889X_1967-10-08_01_194.tcf.xml-17-24	boelsche_liebesleben01_1898-5496-26	inferred	1	 	Eintagsfliege
2532889X_1967-10-08_01_194.tcf.xml-17-24	boelsche_liebesleben01_1898-995-5	inferred	1	 	Eintagsfliege
2532889X_1967-10-08_01_194.tcf.xml-17-24	boelsche_liebesleben01_1898-998-4	inferred	1	 	Eintagsfliege
2532889X_1967-10-08_01_194.tcf.xml-17-24	boerne_paris03_1833-290-12	inferred	0	 	Eintagsfliege
2532889X_1967-10-08_01_194.tcf.xml-17-24	brehm_thierleben01_1864-5014-20	inferred	1	 	Eintagsfliege
2532889X_1967-10-08_01_194.tcf.xml-17-24	brehm_thierleben06_1869-14181-31	inferred	1	 	Eintagsfliege
2532889X_1967-10-08_01_194.tcf.xml-17-24	brehm_thierleben06_1869-8742-14	inferred	1	 	Eintagsfliege
2532889X_1967-10-08_01_194.tcf.xml-17-24	brehm_thierleben06_1869-8764-52	inferred	1	 	Eintagsfliege
2532889X_1967-10-08_01_194.tcf.xml-17-24	frapan_fluegel_1895-2258-4	inferred	1	 	Eintagsfliege
2532889X_1967-10-08_01_194.tcf.xml-17-24	haeckel_weltraethsel_1899-3032-40	inferred	1	 	Eintagsfliege
2532889X_1967-10-08_01_194.tcf.xml-17-24	holz_hamlet_1889-15-15	inferred	0	 	Eintagsfliege
2532889X_1967-10-08_01_194.tcf.xml-17-24	holz_hamlet_1889-16-21	inferred	0	 	Eintagsfliege
2532889X_1967-10-08_01_194.tcf.xml-17-24	holz_hamlet_1889-18-24	inferred	1	 	Eintagsfliege
2532889X_1967-10-08_01_194.tcf.xml-17-24	klingemann_nachtwachen_1805-282-16	inferred	1	 	Eintagsfliege
2532889X_1967-10-08_01_194.tcf.xml-17-24	menzel_literatur02_1828-2676-11	inferred	1	 	Eintagsfliege
2532889X_1967-10-08_01_194.tcf.xml-17-24	nn_nrhz207i_1849-181-15	inferred	0	 	Eintagsfliege
2532889X_1967-10-08_01_194.tcf.xml-17-24	nn_nrhz297b_1849-34-15	inferred	0	 	Eintagsfliege
2532889X_1967-10-08_01_194.tcf.xml-17-24	rossmaessler_suesswasseraquarium_1857-638-23	inferred	1	 	Eintagsfliege
2532889X_1967-10-08_01_194.tcf.xml-17-24	treitschke_geschichte05_1894-3174-13	inferred	0	 	Eintagsfliege
2532889X_1967-10-08_01_194.tcf.xml-17-24	vogt_briefe01_1851-6608-2	inferred	1	 	Eintagsfliege
2532889X_1967-10-08_01_194.tcf.xml-17-24	vogt_thierstaaten_1851-1326-16	inferred	1	 	Eintagsfliege
2532889X_1967-10-08_01_194.tcf.xml-17-24	wilamowitz_aristoteles01_1893-1523-7	inferred	0	 	Eintagsfliege
2532889X_1970-04-05_01_285.tcf.xml-43-13	2532889X_1970-06-23_01_052.tcf.xml-8-18	inferred	1	 	Eintagsfliege
2532889X_1970-04-05_01_285.tcf.xml-43-13	2532889X_1970-08-18_01_131.tcf.xml-2-49	inferred	1	 	Eintagsfliege
2532889X_1970-04-05_01_285.tcf.xml-43-13	2532889X_1970-12-19_01_110.tcf.xml-29-11	inferred	1	 	Eintagsfliege
2532889X_1970-04-05_01_285.tcf.xml-43-13	2532889X_1980-08-13_01_045.tcf.xml-63-8	inferred	1	 	Eintagsfliege
2532889X_1970-04-05_01_285.tcf.xml-43-13	2532889X_1980-10-10_01_288.tcf.xml-94-4	inferred	0	 	Eintagsfliege
2532889X_1970-04-05_01_285.tcf.xml-43-13	2532889X_1982-10-23_01_216.tcf.xml-7-17	inferred	0	 	Eintagsfliege
2532889X_1970-04-05_01_285.tcf.xml-43-13	2532889X_1984-08-25_01_060.tcf.xml-21-5	inferred	1	 	Eintagsfliege
2532889X_1970-04-05_01_285.tcf.xml-43-13	2532889X_1985-08-14_01_159.tcf.xml-17-6	inferred	1	 	Eintagsfliege
2532889X_1970-04-05_01_285.tcf.xml-43-13	2532889X_1986-07-14_01_008.tcf.xml-10-14	inferred	1	 	Eintagsfliege
2532889X_1970-04-05_01_285.tcf.xml-43-13	26120215_1967_02_22_01_327.tcf.xml-96-4	inferred	0	 	Eintagsfliege
2532889X_1970-04-05_01_285.tcf.xml-43-13	26120215_1969_02_05_01_044.tcf.xml-67-12	inferred	1	 	Eintagsfliege
2532889X_1970-04-05_01_285.tcf.xml-43-13	26120215_1969_09_16_01_103.tcf.xml-2-38	inferred	1	 	Eintagsfliege
2532889X_1970-04-05_01_285.tcf.xml-43-13	26120215_1972_04_07_01_145.tcf.xml-21-6	inferred	1	 	Eintagsfliege
2532889X_1970-04-05_01_285.tcf.xml-43-13	26120215_1972_04_28_01_134.tcf.xml-4-10	inferred	1	 	Eintagsfliege
2532889X_1970-04-05_01_285.tcf.xml-43-13	26120215_1973_08_31_01_205.tcf.xml-8-16	inferred	1	 	Eintagsfliege
2532889X_1970-04-05_01_285.tcf.xml-43-13	26120215_1980_04_26_01_066.tcf.xml-10-11	inferred	1	 	Eintagsfliege
2532889X_1970-04-05_01_285.tcf.xml-43-13	26120215_1983_03_17_01_194.tcf.xml-5-4	inferred	1	 	Eintagsfliege
2532889X_1970-04-05_01_285.tcf.xml-43-13	bechstein_dunkelgraf_1854-1902-25	inferred	0	 	Eintagsfliege
2532889X_1970-04-05_01_285.tcf.xml-43-13	boelsche_liebesleben01_1898-301-6	inferred	0	 	Eintagsfliege
2532889X_1970-04-05_01_285.tcf.xml-43-13	boelsche_liebesleben01_1898-526-55	inferred	0	 	Eintagsfliege
2532889X_1970-04-05_01_285.tcf.xml-43-13	boelsche_liebesleben01_1898-5496-26	inferred	0	 	Eintagsfliege
2532889X_1970-04-05_01_285.tcf.xml-43-13	boelsche_liebesleben01_1898-995-5	inferred	0	 	Eintagsfliege
2532889X_1970-04-05_01_285.tcf.xml-43-13	boelsche_liebesleben01_1898-998-4	inferred	0	 	Eintagsfliege
2532889X_1970-04-05_01_285.tcf.xml-43-13	boerne_paris03_1833-290-12	inferred	1	 	Eintagsfliege
2532889X_1970-04-05_01_285.tcf.xml-43-13	brehm_thierleben01_1864-5014-20	inferred	0	 	Eintagsfliege
2532889X_1970-04-05_01_285.tcf.xml-43-13	brehm_thierleben06_1869-14181-31	inferred	0	 	Eintagsfliege
2532889X_1970-04-05_01_285.tcf.xml-43-13	brehm_thierleben06_1869-8742-14	inferred	0	 	Eintagsfliege
2532889X_1970-04-05_01_285.tcf.xml-43-13	brehm_thierleben06_1869-8764-52	inferred	0	 	Eintagsfliege
2532889X_1970-04-05_01_285.tcf.xml-43-13	frapan_fluegel_1895-2258-4	inferred	0	 	Eintagsfliege
2532889X_1970-04-05_01_285.tcf.xml-43-13	haeckel_weltraethsel_1899-3032-40	inferred	0	 	Eintagsfliege
2532889X_1970-04-05_01_285.tcf.xml-43-13	holz_hamlet_1889-15-15	inferred	1	 	Eintagsfliege
2532889X_1970-04-05_01_285.tcf.xml-43-13	holz_hamlet_1889-16-21	inferred	1	 	Eintagsfliege
2532889X_1970-04-05_01_285.tcf.xml-43-13	holz_hamlet_1889-18-24	inferred	0	 	Eintagsfliege
2532889X_1970-04-05_01_285.tcf.xml-43-13	klingemann_nachtwachen_1805-282-16	inferred	0	 	Eintagsfliege
2532889X_1970-04-05_01_285.tcf.xml-43-13	menzel_literatur02_1828-2676-11	inferred	0	 	Eintagsfliege
2532889X_1970-04-05_01_285.tcf.xml-43-13	nn_nrhz207i_1849-181-15	inferred	1	 	Eintagsfliege
2532889X_1970-04-05_01_285.tcf.xml-43-13	nn_nrhz297b_1849-34-15	inferred	1	 	Eintagsfliege
2532889X_1970-04-05_01_285.tcf.xml-43-13	rossmaessler_suesswasseraquarium_1857-638-23	inferred	0	 	Eintagsfliege
2532889X_1970-04-05_01_285.tcf.xml-43-13	treitschke_geschichte05_1894-3174-13	inferred	1	 	Eintagsfliege
2532889X_1970-04-05_01_285.tcf.xml-43-13	vogt_briefe01_1851-6608-2	inferred	0	 	Eintagsfliege
2532889X_1970-04-05_01_285.tcf.xml-43-13	vogt_thierstaaten_1851-1326-16	inferred	0	 	Eintagsfliege
2532889X_1970-04-05_01_285.tcf.xml-43-13	wilamowitz_aristoteles01_1893-1523-7	inferred	1	 	Eintagsfliege
2532889X_1970-06-23_01_052.tcf.xml-8-18	2532889X_1970-08-18_01_131.tcf.xml-2-49	inferred	1	 	Eintagsfliege
2532889X_1970-06-23_01_052.tcf.xml-8-18	2532889X_1970-12-19_01_110.tcf.xml-29-11	inferred	1	 	Eintagsfliege
2532889X_1970-06-23_01_052.tcf.xml-8-18	2532889X_1980-08-13_01_045.tcf.xml-63-8	inferred	1	 	Eintagsfliege
2532889X_1970-06-23_01_052.tcf.xml-8-18	2532889X_1980-10-10_01_288.tcf.xml-94-4	inferred	0	 	Eintagsfliege
2532889X_1970-06-23_01_052.tcf.xml-8-18	2532889X_1982-10-23_01_216.tcf.xml-7-17	inferred	0	 	Eintagsfliege
2532889X_1970-06-23_01_052.tcf.xml-8-18	2532889X_1984-08-25_01_060.tcf.xml-21-5	inferred	1	 	Eintagsfliege
2532889X_1970-06-23_01_052.tcf.xml-8-18	2532889X_1985-08-14_01_159.tcf.xml-17-6	inferred	1	 	Eintagsfliege
2532889X_1970-06-23_01_052.tcf.xml-8-18	2532889X_1986-07-14_01_008.tcf.xml-10-14	inferred	1	 	Eintagsfliege
2532889X_1970-06-23_01_052.tcf.xml-8-18	26120215_1967_02_22_01_327.tcf.xml-96-4	inferred	0	 	Eintagsfliege
2532889X_1970-06-23_01_052.tcf.xml-8-18	26120215_1969_02_05_01_044.tcf.xml-67-12	inferred	1	 	Eintagsfliege
2532889X_1970-06-23_01_052.tcf.xml-8-18	26120215_1969_09_16_01_103.tcf.xml-2-38	inferred	1	 	Eintagsfliege
2532889X_1970-06-23_01_052.tcf.xml-8-18	26120215_1972_04_07_01_145.tcf.xml-21-6	inferred	1	 	Eintagsfliege
2532889X_1970-06-23_01_052.tcf.xml-8-18	26120215_1972_04_28_01_134.tcf.xml-4-10	inferred	1	 	Eintagsfliege
2532889X_1970-06-23_01_052.tcf.xml-8-18	26120215_1973_08_31_01_205.tcf.xml-8-16	inferred	1	 	Eintagsfliege
2532889X_1970-06-23_01_052.tcf.xml-8-18	26120215_1980_04_26_01_066.tcf.xml-10-11	inferred	1	 	Eintagsfliege
2532889X_1970-06-23_01_052.tcf.xml-8-18	26120215_1983_03_17_01_194.tcf.xml-5-4	inferred	1	 	Eintagsfliege
2532889X_1970-06-23_01_052.tcf.xml-8-18	bechstein_dunkelgraf_1854-1902-25	inferred	0	 	Eintagsfliege
2532889X_1970-06-23_01_052.tcf.xml-8-18	boelsche_liebesleben01_1898-301-6	inferred	0	 	Eintagsfliege
2532889X_1970-06-23_01_052.tcf.xml-8-18	boelsche_liebesleben01_1898-526-55	inferred	0	 	Eintagsfliege
2532889X_1970-06-23_01_052.tcf.xml-8-18	boelsche_liebesleben01_1898-5496-26	inferred	0	 	Eintagsfliege
2532889X_1970-06-23_01_052.tcf.xml-8-18	boelsche_liebesleben01_1898-995-5	inferred	0	 	Eintagsfliege
2532889X_1970-06-23_01_052.tcf.xml-8-18	boelsche_liebesleben01_1898-998-4	inferred	0	 	Eintagsfliege
2532889X_1970-06-23_01_052.tcf.xml-8-18	boerne_paris03_1833-290-12	inferred	1	 	Eintagsfliege
2532889X_1970-06-23_01_052.tcf.xml-8-18	brehm_thierleben01_1864-5014-20	inferred	0	 	Eintagsfliege
2532889X_1970-06-23_01_052.tcf.xml-8-18	brehm_thierleben06_1869-14181-31	inferred	0	 	Eintagsfliege
2532889X_1970-06-23_01_052.tcf.xml-8-18	brehm_thierleben06_1869-8742-14	inferred	0	 	Eintagsfliege
2532889X_1970-06-23_01_052.tcf.xml-8-18	brehm_thierleben06_1869-8764-52	inferred	0	 	Eintagsfliege
2532889X_1970-06-23_01_052.tcf.xml-8-18	frapan_fluegel_1895-2258-4	inferred	0	 	Eintagsfliege
2532889X_1970-06-23_01_052.tcf.xml-8-18	haeckel_weltraethsel_1899-3032-40	inferred	0	 	Eintagsfliege
2532889X_1970-06-23_01_052.tcf.xml-8-18	holz_hamlet_1889-15-15	inferred	1	 	Eintagsfliege
2532889X_1970-06-23_01_052.tcf.xml-8-18	holz_hamlet_1889-16-21	inferred	1	 	Eintagsfliege
2532889X_1970-06-23_01_052.tcf.xml-8-18	holz_hamlet_1889-18-24	inferred	0	 	Eintagsfliege
2532889X_1970-06-23_01_052.tcf.xml-8-18	klingemann_nachtwachen_1805-282-16	inferred	0	 	Eintagsfliege
2532889X_1970-06-23_01_052.tcf.xml-8-18	menzel_literatur02_1828-2676-11	inferred	0	 	Eintagsfliege
2532889X_1970-06-23_01_052.tcf.xml-8-18	nn_nrhz207i_1849-181-15	inferred	1	 	Eintagsfliege
2532889X_1970-06-23_01_052.tcf.xml-8-18	nn_nrhz297b_1849-34-15	inferred	1	 	Eintagsfliege
2532889X_1970-06-23_01_052.tcf.xml-8-18	rossmaessler_suesswasseraquarium_1857-638-23	inferred	0	 	Eintagsfliege
2532889X_1970-06-23_01_052.tcf.xml-8-18	treitschke_geschichte05_1894-3174-13	inferred	1	 	Eintagsfliege
2532889X_1970-06-23_01_052.tcf.xml-8-18	vogt_briefe01_1851-6608-2	inferred	0	 	Eintagsfliege
2532889X_1970-06-23_01_052.tcf.xml-8-18	vogt_thierstaaten_1851-1326-16	inferred	0	 	Eintagsfliege
2532889X_1970-06-23_01_052.tcf.xml-8-18	wilamowitz_aristoteles01_1893-1523-7	inferred	1	 	Eintagsfliege
2532889X_1970-08-18_01_131.tcf.xml-2-49	2532889X_1970-12-19_01_110.tcf.xml-29-11	inferred	1	 	Eintagsfliege
2532889X_1970-08-18_01_131.tcf.xml-2-49	2532889X_1980-08-13_01_045.tcf.xml-63-8	inferred	1	 	Eintagsfliege
2532889X_1970-08-18_01_131.tcf.xml-2-49	2532889X_1980-10-10_01_288.tcf.xml-94-4	inferred	0	 	Eintagsfliege
2532889X_1970-08-18_01_131.tcf.xml-2-49	2532889X_1982-10-23_01_216.tcf.xml-7-17	inferred	0	 	Eintagsfliege
2532889X_1970-08-18_01_131.tcf.xml-2-49	2532889X_1984-08-25_01_060.tcf.xml-21-5	inferred	1	 	Eintagsfliege
2532889X_1970-08-18_01_131.tcf.xml-2-49	2532889X_1985-08-14_01_159.tcf.xml-17-6	inferred	1	 	Eintagsfliege
2532889X_1970-08-18_01_131.tcf.xml-2-49	2532889X_1986-07-14_01_008.tcf.xml-10-14	inferred	1	 	Eintagsfliege
2532889X_1970-08-18_01_131.tcf.xml-2-49	26120215_1967_02_22_01_327.tcf.xml-96-4	inferred	0	 	Eintagsfliege
2532889X_1970-08-18_01_131.tcf.xml-2-49	26120215_1969_02_05_01_044.tcf.xml-67-12	inferred	1	 	Eintagsfliege
2532889X_1970-08-18_01_131.tcf.xml-2-49	26120215_1969_09_16_01_103.tcf.xml-2-38	inferred	1	 	Eintagsfliege
2532889X_1970-08-18_01_131.tcf.xml-2-49	26120215_1972_04_07_01_145.tcf.xml-21-6	inferred	1	 	Eintagsfliege
2532889X_1970-08-18_01_131.tcf.xml-2-49	26120215_1972_04_28_01_134.tcf.xml-4-10	inferred	1	 	Eintagsfliege
2532889X_1970-08-18_01_131.tcf.xml-2-49	26120215_1973_08_31_01_205.tcf.xml-8-16	inferred	1	 	Eintagsfliege
2532889X_1970-08-18_01_131.tcf.xml-2-49	26120215_1980_04_26_01_066.tcf.xml-10-11	inferred	1	 	Eintagsfliege
2532889X_1970-08-18_01_131.tcf.xml-2-49	26120215_1983_03_17_01_194.tcf.xml-5-4	inferred	1	 	Eintagsfliege
2532889X_1970-08-18_01_131.tcf.xml-2-49	bechstein_dunkelgraf_1854-1902-25	inferred	0	 	Eintagsfliege
2532889X_1970-08-18_01_131.tcf.xml-2-49	boelsche_liebesleben01_1898-301-6	inferred	0	 	Eintagsfliege
2532889X_1970-08-18_01_131.tcf.xml-2-49	boelsche_liebesleben01_1898-526-55	inferred	0	 	Eintagsfliege
2532889X_1970-08-18_01_131.tcf.xml-2-49	boelsche_liebesleben01_1898-5496-26	inferred	0	 	Eintagsfliege
2532889X_1970-08-18_01_131.tcf.xml-2-49	boelsche_liebesleben01_1898-995-5	inferred	0	 	Eintagsfliege
2532889X_1970-08-18_01_131.tcf.xml-2-49	boelsche_liebesleben01_1898-998-4	inferred	0	 	Eintagsfliege
2532889X_1970-08-18_01_131.tcf.xml-2-49	boerne_paris03_1833-290-12	inferred	1	 	Eintagsfliege
2532889X_1970-08-18_01_131.tcf.xml-2-49	brehm_thierleben01_1864-5014-20	inferred	0	 	Eintagsfliege
2532889X_1970-08-18_01_131.tcf.xml-2-49	brehm_thierleben06_1869-14181-31	inferred	0	 	Eintagsfliege
2532889X_1970-08-18_01_131.tcf.xml-2-49	brehm_thierleben06_1869-8742-14	inferred	0	 	Eintagsfliege
2532889X_1970-08-18_01_131.tcf.xml-2-49	brehm_thierleben06_1869-8764-52	inferred	0	 	Eintagsfliege
2532889X_1970-08-18_01_131.tcf.xml-2-49	frapan_fluegel_1895-2258-4	inferred	0	 	Eintagsfliege
2532889X_1970-08-18_01_131.tcf.xml-2-49	haeckel_weltraethsel_1899-3032-40	inferred	0	 	Eintagsfliege
2532889X_1970-08-18_01_131.tcf.xml-2-49	holz_hamlet_1889-15-15	inferred	1	 	Eintagsfliege
2532889X_1970-08-18_01_131.tcf.xml-2-49	holz_hamlet_1889-16-21	inferred	1	 	Eintagsfliege
2532889X_1970-08-18_01_131.tcf.xml-2-49	holz_hamlet_1889-18-24	inferred	0	 	Eintagsfliege
2532889X_1970-08-18_01_131.tcf.xml-2-49	klingemann_nachtwachen_1805-282-16	inferred	0	 	Eintagsfliege
2532889X_1970-08-18_01_131.tcf.xml-2-49	menzel_literatur02_1828-2676-11	inferred	0	 	Eintagsfliege
2532889X_1970-08-18_01_131.tcf.xml-2-49	nn_nrhz207i_1849-181-15	inferred	1	 	Eintagsfliege
2532889X_1970-08-18_01_131.tcf.xml-2-49	nn_nrhz297b_1849-34-15	inferred	1	 	Eintagsfliege
2532889X_1970-08-18_01_131.tcf.xml-2-49	rossmaessler_suesswasseraquarium_1857-638-23	inferred	0	 	Eintagsfliege
2532889X_1970-08-18_01_131.tcf.xml-2-49	treitschke_geschichte05_1894-3174-13	inferred	1	 	Eintagsfliege
2532889X_1970-08-18_01_131.tcf.xml-2-49	vogt_briefe01_1851-6608-2	inferred	0	 	Eintagsfliege
2532889X_1970-08-18_01_131.tcf.xml-2-49	vogt_thierstaaten_1851-1326-16	inferred	0	 	Eintagsfliege
2532889X_1970-08-18_01_131.tcf.xml-2-49	wilamowitz_aristoteles01_1893-1523-7	inferred	1	 	Eintagsfliege
2532889X_1970-12-19_01_110.tcf.xml-29-11	2532889X_1980-08-13_01_045.tcf.xml-63-8	inferred	1	 	Eintagsfliege
2532889X_1970-12-19_01_110.tcf.xml-29-11	2532889X_1980-10-10_01_288.tcf.xml-94-4	inferred	0	 	Eintagsfliege
2532889X_1970-12-19_01_110.tcf.xml-29-11	2532889X_1982-10-23_01_216.tcf.xml-7-17	inferred	0	 	Eintagsfliege
2532889X_1970-12-19_01_110.tcf.xml-29-11	2532889X_1984-08-25_01_060.tcf.xml-21-5	inferred	1	 	Eintagsfliege
2532889X_1970-12-19_01_110.tcf.xml-29-11	2532889X_1985-08-14_01_159.tcf.xml-17-6	inferred	1	 	Eintagsfliege
2532889X_1970-12-19_01_110.tcf.xml-29-11	2532889X_1986-07-14_01_008.tcf.xml-10-14	inferred	1	 	Eintagsfliege
2532889X_1970-12-19_01_110.tcf.xml-29-11	26120215_1967_02_22_01_327.tcf.xml-96-4	inferred	0	 	Eintagsfliege
2532889X_1970-12-19_01_110.tcf.xml-29-11	26120215_1969_02_05_01_044.tcf.xml-67-12	inferred	1	 	Eintagsfliege
2532889X_1970-12-19_01_110.tcf.xml-29-11	26120215_1969_09_16_01_103.tcf.xml-2-38	inferred	1	 	Eintagsfliege
2532889X_1970-12-19_01_110.tcf.xml-29-11	26120215_1972_04_07_01_145.tcf.xml-21-6	inferred	1	 	Eintagsfliege
2532889X_1970-12-19_01_110.tcf.xml-29-11	26120215_1972_04_28_01_134.tcf.xml-4-10	inferred	1	 	Eintagsfliege
2532889X_1970-12-19_01_110.tcf.xml-29-11	26120215_1973_08_31_01_205.tcf.xml-8-16	inferred	1	 	Eintagsfliege
2532889X_1970-12-19_01_110.tcf.xml-29-11	26120215_1980_04_26_01_066.tcf.xml-10-11	inferred	1	 	Eintagsfliege
2532889X_1970-12-19_01_110.tcf.xml-29-11	26120215_1983_03_17_01_194.tcf.xml-5-4	inferred	1	 	Eintagsfliege
2532889X_1970-12-19_01_110.tcf.xml-29-11	bechstein_dunkelgraf_1854-1902-25	inferred	0	 	Eintagsfliege
2532889X_1970-12-19_01_110.tcf.xml-29-11	boelsche_liebesleben01_1898-301-6	inferred	0	 	Eintagsfliege
2532889X_1970-12-19_01_110.tcf.xml-29-11	boelsche_liebesleben01_1898-526-55	inferred	0	 	Eintagsfliege
2532889X_1970-12-19_01_110.tcf.xml-29-11	boelsche_liebesleben01_1898-5496-26	inferred	0	 	Eintagsfliege
2532889X_1970-12-19_01_110.tcf.xml-29-11	boelsche_liebesleben01_1898-995-5	inferred	0	 	Eintagsfliege
2532889X_1970-12-19_01_110.tcf.xml-29-11	boelsche_liebesleben01_1898-998-4	inferred	0	 	Eintagsfliege
2532889X_1970-12-19_01_110.tcf.xml-29-11	boerne_paris03_1833-290-12	inferred	1	 	Eintagsfliege
2532889X_1970-12-19_01_110.tcf.xml-29-11	brehm_thierleben01_1864-5014-20	inferred	0	 	Eintagsfliege
2532889X_1970-12-19_01_110.tcf.xml-29-11	brehm_thierleben06_1869-14181-31	inferred	0	 	Eintagsfliege
2532889X_1970-12-19_01_110.tcf.xml-29-11	brehm_thierleben06_1869-8742-14	inferred	0	 	Eintagsfliege
2532889X_1970-12-19_01_110.tcf.xml-29-11	brehm_thierleben06_1869-8764-52	inferred	0	 	Eintagsfliege
2532889X_1970-12-19_01_110.tcf.xml-29-11	frapan_fluegel_1895-2258-4	inferred	0	 	Eintagsfliege
2532889X_1970-12-19_01_110.tcf.xml-29-11	haeckel_weltraethsel_1899-3032-40	inferred	0	 	Eintagsfliege
2532889X_1970-12-19_01_110.tcf.xml-29-11	holz_hamlet_1889-15-15	inferred	1	 	Eintagsfliege
2532889X_1970-12-19_01_110.tcf.xml-29-11	holz_hamlet_1889-16-21	inferred	1	 	Eintagsfliege
2532889X_1970-12-19_01_110.tcf.xml-29-11	holz_hamlet_1889-18-24	inferred	0	 	Eintagsfliege
2532889X_1970-12-19_01_110.tcf.xml-29-11	klingemann_nachtwachen_1805-282-16	inferred	0	 	Eintagsfliege
2532889X_1970-12-19_01_110.tcf.xml-29-11	menzel_literatur02_1828-2676-11	inferred	0	 	Eintagsfliege
2532889X_1970-12-19_01_110.tcf.xml-29-11	nn_nrhz207i_1849-181-15	inferred	1	 	Eintagsfliege
2532889X_1970-12-19_01_110.tcf.xml-29-11	nn_nrhz297b_1849-34-15	inferred	1	 	Eintagsfliege
2532889X_1970-12-19_01_110.tcf.xml-29-11	rossmaessler_suesswasseraquarium_1857-638-23	inferred	0	 	Eintagsfliege
2532889X_1970-12-19_01_110.tcf.xml-29-11	treitschke_geschichte05_1894-3174-13	inferred	1	 	Eintagsfliege
2532889X_1970-12-19_01_110.tcf.xml-29-11	vogt_briefe01_1851-6608-2	inferred	0	 	Eintagsfliege
2532889X_1970-12-19_01_110.tcf.xml-29-11	vogt_thierstaaten_1851-1326-16	inferred	0	 	Eintagsfliege
2532889X_1970-12-19_01_110.tcf.xml-29-11	wilamowitz_aristoteles01_1893-1523-7	inferred	1	 	Eintagsfliege
2532889X_1980-08-13_01_045.tcf.xml-63-8	2532889X_1980-10-10_01_288.tcf.xml-94-4	inferred	0	 	Eintagsfliege
2532889X_1980-08-13_01_045.tcf.xml-63-8	2532889X_1982-10-23_01_216.tcf.xml-7-17	inferred	0	 	Eintagsfliege
2532889X_1980-08-13_01_045.tcf.xml-63-8	2532889X_1984-08-25_01_060.tcf.xml-21-5	inferred	1	 	Eintagsfliege
2532889X_1980-08-13_01_045.tcf.xml-63-8	2532889X_1985-08-14_01_159.tcf.xml-17-6	inferred	1	 	Eintagsfliege
2532889X_1980-08-13_01_045.tcf.xml-63-8	2532889X_1986-07-14_01_008.tcf.xml-10-14	inferred	1	 	Eintagsfliege
2532889X_1980-08-13_01_045.tcf.xml-63-8	26120215_1967_02_22_01_327.tcf.xml-96-4	inferred	0	 	Eintagsfliege
2532889X_1980-08-13_01_045.tcf.xml-63-8	26120215_1969_02_05_01_044.tcf.xml-67-12	inferred	1	 	Eintagsfliege
2532889X_1980-08-13_01_045.tcf.xml-63-8	26120215_1969_09_16_01_103.tcf.xml-2-38	inferred	1	 	Eintagsfliege
2532889X_1980-08-13_01_045.tcf.xml-63-8	26120215_1972_04_07_01_145.tcf.xml-21-6	inferred	1	 	Eintagsfliege
2532889X_1980-08-13_01_045.tcf.xml-63-8	26120215_1972_04_28_01_134.tcf.xml-4-10	inferred	1	 	Eintagsfliege
2532889X_1980-08-13_01_045.tcf.xml-63-8	26120215_1973_08_31_01_205.tcf.xml-8-16	inferred	1	 	Eintagsfliege
2532889X_1980-08-13_01_045.tcf.xml-63-8	26120215_1980_04_26_01_066.tcf.xml-10-11	inferred	1	 	Eintagsfliege
2532889X_1980-08-13_01_045.tcf.xml-63-8	26120215_1983_03_17_01_194.tcf.xml-5-4	inferred	1	 	Eintagsfliege
2532889X_1980-08-13_01_045.tcf.xml-63-8	bechstein_dunkelgraf_1854-1902-25	inferred	0	 	Eintagsfliege
2532889X_1980-08-13_01_045.tcf.xml-63-8	boelsche_liebesleben01_1898-301-6	inferred	0	 	Eintagsfliege
2532889X_1980-08-13_01_045.tcf.xml-63-8	boelsche_liebesleben01_1898-526-55	inferred	0	 	Eintagsfliege
2532889X_1980-08-13_01_045.tcf.xml-63-8	boelsche_liebesleben01_1898-5496-26	inferred	0	 	Eintagsfliege
2532889X_1980-08-13_01_045.tcf.xml-63-8	boelsche_liebesleben01_1898-995-5	inferred	0	 	Eintagsfliege
2532889X_1980-08-13_01_045.tcf.xml-63-8	boelsche_liebesleben01_1898-998-4	inferred	0	 	Eintagsfliege
2532889X_1980-08-13_01_045.tcf.xml-63-8	boerne_paris03_1833-290-12	inferred	1	 	Eintagsfliege
2532889X_1980-08-13_01_045.tcf.xml-63-8	brehm_thierleben01_1864-5014-20	inferred	0	 	Eintagsfliege
2532889X_1980-08-13_01_045.tcf.xml-63-8	brehm_thierleben06_1869-14181-31	inferred	0	 	Eintagsfliege
2532889X_1980-08-13_01_045.tcf.xml-63-8	brehm_thierleben06_1869-8742-14	inferred	0	 	Eintagsfliege
2532889X_1980-08-13_01_045.tcf.xml-63-8	brehm_thierleben06_1869-8764-52	inferred	0	 	Eintagsfliege
2532889X_1980-08-13_01_045.tcf.xml-63-8	frapan_fluegel_1895-2258-4	inferred	0	 	Eintagsfliege
2532889X_1980-08-13_01_045.tcf.xml-63-8	haeckel_weltraethsel_1899-3032-40	inferred	0	 	Eintagsfliege
2532889X_1980-08-13_01_045.tcf.xml-63-8	holz_hamlet_1889-15-15	inferred	1	 	Eintagsfliege
2532889X_1980-08-13_01_045.tcf.xml-63-8	holz_hamlet_1889-16-21	inferred	1	 	Eintagsfliege
2532889X_1980-08-13_01_045.tcf.xml-63-8	holz_hamlet_1889-18-24	inferred	0	 	Eintagsfliege
2532889X_1980-08-13_01_045.tcf.xml-63-8	klingemann_nachtwachen_1805-282-16	inferred	0	 	Eintagsfliege
2532889X_1980-08-13_01_045.tcf.xml-63-8	menzel_literatur02_1828-2676-11	inferred	0	 	Eintagsfliege
2532889X_1980-08-13_01_045.tcf.xml-63-8	nn_nrhz207i_1849-181-15	inferred	1	 	Eintagsfliege
2532889X_1980-08-13_01_045.tcf.xml-63-8	nn_nrhz297b_1849-34-15	inferred	1	 	Eintagsfliege
2532889X_1980-08-13_01_045.tcf.xml-63-8	rossmaessler_suesswasseraquarium_1857-638-23	inferred	0	 	Eintagsfliege
2532889X_1980-08-13_01_045.tcf.xml-63-8	treitschke_geschichte05_1894-3174-13	inferred	1	 	Eintagsfliege
2532889X_1980-08-13_01_045.tcf.xml-63-8	vogt_briefe01_1851-6608-2	inferred	0	 	Eintagsfliege
2532889X_1980-08-13_01_045.tcf.xml-63-8	vogt_thierstaaten_1851-1326-16	inferred	0	 	Eintagsfliege
2532889X_1980-08-13_01_045.tcf.xml-63-8	wilamowitz_aristoteles01_1893-1523-7	inferred	1	 	Eintagsfliege
2532889X_1980-10-10_01_288.tcf.xml-94-4	2532889X_1982-10-23_01_216.tcf.xml-7-17	inferred	1	 	Eintagsfliege
2532889X_1980-10-10_01_288.tcf.xml-94-4	2532889X_1984-08-25_01_060.tcf.xml-21-5	inferred	0	 	Eintagsfliege
2532889X_1980-10-10_01_288.tcf.xml-94-4	2532889X_1985-08-14_01_159.tcf.xml-17-6	inferred	0	 	Eintagsfliege
2532889X_1980-10-10_01_288.tcf.xml-94-4	2532889X_1986-07-14_01_008.tcf.xml-10-14	inferred	0	 	Eintagsfliege
2532889X_1980-10-10_01_288.tcf.xml-94-4	26120215_1967_02_22_01_327.tcf.xml-96-4	inferred	1	 	Eintagsfliege
2532889X_1980-10-10_01_288.tcf.xml-94-4	26120215_1969_02_05_01_044.tcf.xml-67-12	inferred	0	 	Eintagsfliege
2532889X_1980-10-10_01_288.tcf.xml-94-4	26120215_1969_09_16_01_103.tcf.xml-2-38	inferred	0	 	Eintagsfliege
2532889X_1980-10-10_01_288.tcf.xml-94-4	26120215_1972_04_07_01_145.tcf.xml-21-6	inferred	0	 	Eintagsfliege
2532889X_1980-10-10_01_288.tcf.xml-94-4	26120215_1972_04_28_01_134.tcf.xml-4-10	inferred	0	 	Eintagsfliege
2532889X_1980-10-10_01_288.tcf.xml-94-4	26120215_1973_08_31_01_205.tcf.xml-8-16	inferred	0	 	Eintagsfliege
2532889X_1980-10-10_01_288.tcf.xml-94-4	26120215_1980_04_26_01_066.tcf.xml-10-11	inferred	0	 	Eintagsfliege
2532889X_1980-10-10_01_288.tcf.xml-94-4	26120215_1983_03_17_01_194.tcf.xml-5-4	inferred	0	 	Eintagsfliege
2532889X_1980-10-10_01_288.tcf.xml-94-4	bechstein_dunkelgraf_1854-1902-25	inferred	1	 	Eintagsfliege
2532889X_1980-10-10_01_288.tcf.xml-94-4	boelsche_liebesleben01_1898-301-6	inferred	1	 	Eintagsfliege
2532889X_1980-10-10_01_288.tcf.xml-94-4	boelsche_liebesleben01_1898-526-55	inferred	1	 	Eintagsfliege
2532889X_1980-10-10_01_288.tcf.xml-94-4	boelsche_liebesleben01_1898-5496-26	inferred	1	 	Eintagsfliege
2532889X_1980-10-10_01_288.tcf.xml-94-4	boelsche_liebesleben01_1898-995-5	inferred	1	 	Eintagsfliege
2532889X_1980-10-10_01_288.tcf.xml-94-4	boelsche_liebesleben01_1898-998-4	inferred	1	 	Eintagsfliege
2532889X_1980-10-10_01_288.tcf.xml-94-4	boerne_paris03_1833-290-12	inferred	0	 	Eintagsfliege
2532889X_1980-10-10_01_288.tcf.xml-94-4	brehm_thierleben01_1864-5014-20	inferred	1	 	Eintagsfliege
2532889X_1980-10-10_01_288.tcf.xml-94-4	brehm_thierleben06_1869-14181-31	inferred	1	 	Eintagsfliege
2532889X_1980-10-10_01_288.tcf.xml-94-4	brehm_thierleben06_1869-8742-14	inferred	1	 	Eintagsfliege
2532889X_1980-10-10_01_288.tcf.xml-94-4	brehm_thierleben06_1869-8764-52	inferred	1	 	Eintagsfliege
2532889X_1980-10-10_01_288.tcf.xml-94-4	frapan_fluegel_1895-2258-4	inferred	1	 	Eintagsfliege
2532889X_1980-10-10_01_288.tcf.xml-94-4	haeckel_weltraethsel_1899-3032-40	inferred	1	 	Eintagsfliege
2532889X_1980-10-10_01_288.tcf.xml-94-4	holz_hamlet_1889-15-15	inferred	0	 	Eintagsfliege
2532889X_1980-10-10_01_288.tcf.xml-94-4	holz_hamlet_1889-16-21	inferred	0	 	Eintagsfliege
2532889X_1980-10-10_01_288.tcf.xml-94-4	holz_hamlet_1889-18-24	inferred	1	 	Eintagsfliege
2532889X_1980-10-10_01_288.tcf.xml-94-4	klingemann_nachtwachen_1805-282-16	inferred	1	 	Eintagsfliege
2532889X_1980-10-10_01_288.tcf.xml-94-4	menzel_literatur02_1828-2676-11	inferred	1	 	Eintagsfliege
2532889X_1980-10-10_01_288.tcf.xml-94-4	nn_nrhz207i_1849-181-15	inferred	0	 	Eintagsfliege
2532889X_1980-10-10_01_288.tcf.xml-94-4	nn_nrhz297b_1849-34-15	inferred	0	 	Eintagsfliege
2532889X_1980-10-10_01_288.tcf.xml-94-4	rossmaessler_suesswasseraquarium_1857-638-23	inferred	1	 	Eintagsfliege
2532889X_1980-10-10_01_288.tcf.xml-94-4	treitschke_geschichte05_1894-3174-13	inferred	0	 	Eintagsfliege
2532889X_1980-10-10_01_288.tcf.xml-94-4	vogt_briefe01_1851-6608-2	inferred	1	 	Eintagsfliege
2532889X_1980-10-10_01_288.tcf.xml-94-4	vogt_thierstaaten_1851-1326-16	inferred	1	 	Eintagsfliege
2532889X_1980-10-10_01_288.tcf.xml-94-4	wilamowitz_aristoteles01_1893-1523-7	inferred	0	 	Eintagsfliege
2532889X_1982-10-23_01_216.tcf.xml-7-17	2532889X_1984-08-25_01_060.tcf.xml-21-5	inferred	0	 	Eintagsfliege
2532889X_1982-10-23_01_216.tcf.xml-7-17	2532889X_1985-08-14_01_159.tcf.xml-17-6	inferred	0	 	Eintagsfliege
2532889X_1982-10-23_01_216.tcf.xml-7-17	2532889X_1986-07-14_01_008.tcf.xml-10-14	inferred	0	 	Eintagsfliege
2532889X_1982-10-23_01_216.tcf.xml-7-17	26120215_1967_02_22_01_327.tcf.xml-96-4	inferred	1	 	Eintagsfliege
2532889X_1982-10-23_01_216.tcf.xml-7-17	26120215_1969_02_05_01_044.tcf.xml-67-12	inferred	0	 	Eintagsfliege
2532889X_1982-10-23_01_216.tcf.xml-7-17	26120215_1969_09_16_01_103.tcf.xml-2-38	inferred	0	 	Eintagsfliege
2532889X_1982-10-23_01_216.tcf.xml-7-17	26120215_1972_04_07_01_145.tcf.xml-21-6	inferred	0	 	Eintagsfliege
2532889X_1982-10-23_01_216.tcf.xml-7-17	26120215_1972_04_28_01_134.tcf.xml-4-10	inferred	0	 	Eintagsfliege
2532889X_1982-10-23_01_216.tcf.xml-7-17	26120215_1973_08_31_01_205.tcf.xml-8-16	inferred	0	 	Eintagsfliege
2532889X_1982-10-23_01_216.tcf.xml-7-17	26120215_1980_04_26_01_066.tcf.xml-10-11	inferred	0	 	Eintagsfliege
2532889X_1982-10-23_01_216.tcf.xml-7-17	26120215_1983_03_17_01_194.tcf.xml-5-4	inferred	0	 	Eintagsfliege
2532889X_1982-10-23_01_216.tcf.xml-7-17	bechstein_dunkelgraf_1854-1902-25	inferred	1	 	Eintagsfliege
2532889X_1982-10-23_01_216.tcf.xml-7-17	boelsche_liebesleben01_1898-301-6	inferred	1	 	Eintagsfliege
2532889X_1982-10-23_01_216.tcf.xml-7-17	boelsche_liebesleben01_1898-526-55	inferred	1	 	Eintagsfliege
2532889X_1982-10-23_01_216.tcf.xml-7-17	boelsche_liebesleben01_1898-5496-26	inferred	1	 	Eintagsfliege
2532889X_1982-10-23_01_216.tcf.xml-7-17	boelsche_liebesleben01_1898-995-5	inferred	1	 	Eintagsfliege
2532889X_1982-10-23_01_216.tcf.xml-7-17	boelsche_liebesleben01_1898-998-4	inferred	1	 	Eintagsfliege
2532889X_1982-10-23_01_216.tcf.xml-7-17	boerne_paris03_1833-290-12	inferred	0	 	Eintagsfliege
2532889X_1982-10-23_01_216.tcf.xml-7-17	brehm_thierleben01_1864-5014-20	inferred	1	 	Eintagsfliege
2532889X_1982-10-23_01_216.tcf.xml-7-17	brehm_thierleben06_1869-14181-31	inferred	1	 	Eintagsfliege
2532889X_1982-10-23_01_216.tcf.xml-7-17	brehm_thierleben06_1869-8742-14	inferred	1	 	Eintagsfliege
2532889X_1982-10-23_01_216.tcf.xml-7-17	brehm_thierleben06_1869-8764-52	inferred	1	 	Eintagsfliege
2532889X_1982-10-23_01_216.tcf.xml-7-17	frapan_fluegel_1895-2258-4	inferred	1	 	Eintagsfliege
2532889X_1982-10-23_01_216.tcf.xml-7-17	haeckel_weltraethsel_1899-3032-40	inferred	1	 	Eintagsfliege
2532889X_1982-10-23_01_216.tcf.xml-7-17	holz_hamlet_1889-15-15	inferred	0	 	Eintagsfliege
2532889X_1982-10-23_01_216.tcf.xml-7-17	holz_hamlet_1889-16-21	inferred	0	 	Eintagsfliege
2532889X_1982-10-23_01_216.tcf.xml-7-17	holz_hamlet_1889-18-24	inferred	1	 	Eintagsfliege
2532889X_1982-10-23_01_216.tcf.xml-7-17	klingemann_nachtwachen_1805-282-16	inferred	1	 	Eintagsfliege
2532889X_1982-10-23_01_216.tcf.xml-7-17	menzel_literatur02_1828-2676-11	inferred	1	 	Eintagsfliege
2532889X_1982-10-23_01_216.tcf.xml-7-17	nn_nrhz207i_1849-181-15	inferred	0	 	Eintagsfliege
2532889X_1982-10-23_01_216.tcf.xml-7-17	nn_nrhz297b_1849-34-15	inferred	0	 	Eintagsfliege
2532889X_1982-10-23_01_216.tcf.xml-7-17	rossmaessler_suesswasseraquarium_1857-638-23	inferred	1	 	Eintagsfliege
2532889X_1982-10-23_01_216.tcf.xml-7-17	treitschke_geschichte05_1894-3174-13	inferred	0	 	Eintagsfliege
2532889X_1982-10-23_01_216.tcf.xml-7-17	vogt_briefe01_1851-6608-2	inferred	1	 	Eintagsfliege
2532889X_1982-10-23_01_216.tcf.xml-7-17	vogt_thierstaaten_1851-1326-16	inferred	1	 	Eintagsfliege
2532889X_1982-10-23_01_216.tcf.xml-7-17	wilamowitz_aristoteles01_1893-1523-7	inferred	0	 	Eintagsfliege
2532889X_1984-08-25_01_060.tcf.xml-21-5	2532889X_1985-08-14_01_159.tcf.xml-17-6	inferred	1	 	Eintagsfliege
2532889X_1984-08-25_01_060.tcf.xml-21-5	2532889X_1986-07-14_01_008.tcf.xml-10-14	inferred	1	 	Eintagsfliege
2532889X_1984-08-25_01_060.tcf.xml-21-5	26120215_1967_02_22_01_327.tcf.xml-96-4	inferred	0	 	Eintagsfliege
2532889X_1984-08-25_01_060.tcf.xml-21-5	26120215_1969_02_05_01_044.tcf.xml-67-12	inferred	1	 	Eintagsfliege
2532889X_1984-08-25_01_060.tcf.xml-21-5	26120215_1969_09_16_01_103.tcf.xml-2-38	inferred	1	 	Eintagsfliege
2532889X_1984-08-25_01_060.tcf.xml-21-5	26120215_1972_04_07_01_145.tcf.xml-21-6	inferred	1	 	Eintagsfliege
2532889X_1984-08-25_01_060.tcf.xml-21-5	26120215_1972_04_28_01_134.tcf.xml-4-10	inferred	1	 	Eintagsfliege
2532889X_1984-08-25_01_060.tcf.xml-21-5	26120215_1973_08_31_01_205.tcf.xml-8-16	inferred	1	 	Eintagsfliege
2532889X_1984-08-25_01_060.tcf.xml-21-5	26120215_1980_04_26_01_066.tcf.xml-10-11	inferred	1	 	Eintagsfliege
2532889X_1984-08-25_01_060.tcf.xml-21-5	26120215_1983_03_17_01_194.tcf.xml-5-4	inferred	1	 	Eintagsfliege
2532889X_1984-08-25_01_060.tcf.xml-21-5	bechstein_dunkelgraf_1854-1902-25	inferred	0	 	Eintagsfliege
2532889X_1984-08-25_01_060.tcf.xml-21-5	boelsche_liebesleben01_1898-301-6	inferred	0	 	Eintagsfliege
2532889X_1984-08-25_01_060.tcf.xml-21-5	boelsche_liebesleben01_1898-526-55	inferred	0	 	Eintagsfliege
2532889X_1984-08-25_01_060.tcf.xml-21-5	boelsche_liebesleben01_1898-5496-26	inferred	0	 	Eintagsfliege
2532889X_1984-08-25_01_060.tcf.xml-21-5	boelsche_liebesleben01_1898-995-5	inferred	0	 	Eintagsfliege
2532889X_1984-08-25_01_060.tcf.xml-21-5	boelsche_liebesleben01_1898-998-4	inferred	0	 	Eintagsfliege
2532889X_1984-08-25_01_060.tcf.xml-21-5	boerne_paris03_1833-290-12	inferred	1	 	Eintagsfliege
2532889X_1984-08-25_01_060.tcf.xml-21-5	brehm_thierleben01_1864-5014-20	inferred	0	 	Eintagsfliege
2532889X_1984-08-25_01_060.tcf.xml-21-5	brehm_thierleben06_1869-14181-31	inferred	0	 	Eintagsfliege
2532889X_1984-08-25_01_060.tcf.xml-21-5	brehm_thierleben06_1869-8742-14	inferred	0	 	Eintagsfliege
2532889X_1984-08-25_01_060.tcf.xml-21-5	brehm_thierleben06_1869-8764-52	inferred	0	 	Eintagsfliege
2532889X_1984-08-25_01_060.tcf.xml-21-5	frapan_fluegel_1895-2258-4	inferred	0	 	Eintagsfliege
2532889X_1984-08-25_01_060.tcf.xml-21-5	haeckel_weltraethsel_1899-3032-40	inferred	0	 	Eintagsfliege
2532889X_1984-08-25_01_060.tcf.xml-21-5	holz_hamlet_1889-15-15	inferred	1	 	Eintagsfliege
2532889X_1984-08-25_01_060.tcf.xml-21-5	holz_hamlet_1889-16-21	inferred	1	 	Eintagsfliege
2532889X_1984-08-25_01_060.tcf.xml-21-5	holz_hamlet_1889-18-24	inferred	0	 	Eintagsfliege
2532889X_1984-08-25_01_060.tcf.xml-21-5	klingemann_nachtwachen_1805-282-16	inferred	0	 	Eintagsfliege
2532889X_1984-08-25_01_060.tcf.xml-21-5	menzel_literatur02_1828-2676-11	inferred	0	 	Eintagsfliege
2532889X_1984-08-25_01_060.tcf.xml-21-5	nn_nrhz207i_1849-181-15	inferred	1	 	Eintagsfliege
2532889X_1984-08-25_01_060.tcf.xml-21-5	nn_nrhz297b_1849-34-15	inferred	1	 	Eintagsfliege
2532889X_1984-08-25_01_060.tcf.xml-21-5	rossmaessler_suesswasseraquarium_1857-638-23	inferred	0	 	Eintagsfliege
2532889X_1984-08-25_01_060.tcf.xml-21-5	treitschke_geschichte05_1894-3174-13	inferred	1	 	Eintagsfliege
2532889X_1984-08-25_01_060.tcf.xml-21-5	vogt_briefe01_1851-6608-2	inferred	0	 	Eintagsfliege
2532889X_1984-08-25_01_060.tcf.xml-21-5	vogt_thierstaaten_1851-1326-16	inferred	0	 	Eintagsfliege
2532889X_1984-08-25_01_060.tcf.xml-21-5	wilamowitz_aristoteles01_1893-1523-7	inferred	1	 	Eintagsfliege
2532889X_1985-08-14_01_159.tcf.xml-17-6	2532889X_1986-07-14_01_008.tcf.xml-10-14	inferred	1	 	Eintagsfliege
2532889X_1985-08-14_01_159.tcf.xml-17-6	26120215_1967_02_22_01_327.tcf.xml-96-4	inferred	0	 	Eintagsfliege
2532889X_1985-08-14_01_159.tcf.xml-17-6	26120215_1969_02_05_01_044.tcf.xml-67-12	inferred	1	 	Eintagsfliege
2532889X_1985-08-14_01_159.tcf.xml-17-6	26120215_1969_09_16_01_103.tcf.xml-2-38	inferred	1	 	Eintagsfliege
2532889X_1985-08-14_01_159.tcf.xml-17-6	26120215_1972_04_07_01_145.tcf.xml-21-6	inferred	1	 	Eintagsfliege
2532889X_1985-08-14_01_159.tcf.xml-17-6	26120215_1972_04_28_01_134.tcf.xml-4-10	inferred	1	 	Eintagsfliege
2532889X_1985-08-14_01_159.tcf.xml-17-6	26120215_1973_08_31_01_205.tcf.xml-8-16	inferred	1	 	Eintagsfliege
2532889X_1985-08-14_01_159.tcf.xml-17-6	26120215_1980_04_26_01_066.tcf.xml-10-11	inferred	1	 	Eintagsfliege
2532889X_1985-08-14_01_159.tcf.xml-17-6	26120215_1983_03_17_01_194.tcf.xml-5-4	inferred	1	 	Eintagsfliege
2532889X_1985-08-14_01_159.tcf.xml-17-6	bechstein_dunkelgraf_1854-1902-25	inferred	0	 	Eintagsfliege
2532889X_1985-08-14_01_159.tcf.xml-17-6	boelsche_liebesleben01_1898-301-6	inferred	0	 	Eintagsfliege
2532889X_1985-08-14_01_159.tcf.xml-17-6	boelsche_liebesleben01_1898-526-55	inferred	0	 	Eintagsfliege
2532889X_1985-08-14_01_159.tcf.xml-17-6	boelsche_liebesleben01_1898-5496-26	inferred	0	 	Eintagsfliege
2532889X_1985-08-14_01_159.tcf.xml-17-6	boelsche_liebesleben01_1898-995-5	inferred	0	 	Eintagsfliege
2532889X_1985-08-14_01_159.tcf.xml-17-6	boelsche_liebesleben01_1898-998-4	inferred	0	 	Eintagsfliege
2532889X_1985-08-14_01_159.tcf.xml-17-6	boerne_paris03_1833-290-12	inferred	1	 	Eintagsfliege
2532889X_1985-08-14_01_159.tcf.xml-17-6	brehm_thierleben01_1864-5014-20	inferred	0	 	Eintagsfliege
2532889X_1985-08-14_01_159.tcf.xml-17-6	brehm_thierleben06_1869-14181-31	inferred	0	 	Eintagsfliege
2532889X_1985-08-14_01_159.tcf.xml-17-6	brehm_thierleben06_1869-8742-14	inferred	0	 	Eintagsfliege
2532889X_1985-08-14_01_159.tcf.xml-17-6	brehm_thierleben06_1869-8764-52	inferred	0	 	Eintagsfliege
2532889X_1985-08-14_01_159.tcf.xml-17-6	frapan_fluegel_1895-2258-4	inferred	0	 	Eintagsfliege
2532889X_1985-08-14_01_159.tcf.xml-17-6	haeckel_weltraethsel_1899-3032-40	inferred	0	 	Eintagsfliege
2532889X_1985-08-14_01_159.tcf.xml-17-6	holz_hamlet_1889-15-15	inferred	1	 	Eintagsfliege
2532889X_1985-08-14_01_159.tcf.xml-17-6	holz_hamlet_1889-16-21	inferred	1	 	Eintagsfliege
2532889X_1985-08-14_01_159.tcf.xml-17-6	holz_hamlet_1889-18-24	inferred	0	 	Eintagsfliege
2532889X_1985-08-14_01_159.tcf.xml-17-6	klingemann_nachtwachen_1805-282-16	inferred	0	 	Eintagsfliege
2532889X_1985-08-14_01_159.tcf.xml-17-6	menzel_literatur02_1828-2676-11	inferred	0	 	Eintagsfliege
2532889X_1985-08-14_01_159.tcf.xml-17-6	nn_nrhz207i_1849-181-15	inferred	1	 	Eintagsfliege
2532889X_1985-08-14_01_159.tcf.xml-17-6	nn_nrhz297b_1849-34-15	inferred	1	 	Eintagsfliege
2532889X_1985-08-14_01_159.tcf.xml-17-6	rossmaessler_suesswasseraquarium_1857-638-23	inferred	0	 	Eintagsfliege
2532889X_1985-08-14_01_159.tcf.xml-17-6	treitschke_geschichte05_1894-3174-13	inferred	1	 	Eintagsfliege
2532889X_1985-08-14_01_159.tcf.xml-17-6	vogt_briefe01_1851-6608-2	inferred	0	 	Eintagsfliege
2532889X_1985-08-14_01_159.tcf.xml-17-6	vogt_thierstaaten_1851-1326-16	inferred	0	 	Eintagsfliege
2532889X_1985-08-14_01_159.tcf.xml-17-6	wilamowitz_aristoteles01_1893-1523-7	inferred	1	 	Eintagsfliege
2532889X_1986-07-14_01_008.tcf.xml-10-14	26120215_1967_02_22_01_327.tcf.xml-96-4	inferred	0	 	Eintagsfliege
2532889X_1986-07-14_01_008.tcf.xml-10-14	26120215_1969_02_05_01_044.tcf.xml-67-12	inferred	1	 	Eintagsfliege
2532889X_1986-07-14_01_008.tcf.xml-10-14	26120215_1969_09_16_01_103.tcf.xml-2-38	inferred	1	 	Eintagsfliege
2532889X_1986-07-14_01_008.tcf.xml-10-14	26120215_1972_04_07_01_145.tcf.xml-21-6	inferred	1	 	Eintagsfliege
2532889X_1986-07-14_01_008.tcf.xml-10-14	26120215_1972_04_28_01_134.tcf.xml-4-10	inferred	1	 	Eintagsfliege
2532889X_1986-07-14_01_008.tcf.xml-10-14	26120215_1973_08_31_01_205.tcf.xml-8-16	inferred	1	 	Eintagsfliege
2532889X_1986-07-14_01_008.tcf.xml-10-14	26120215_1980_04_26_01_066.tcf.xml-10-11	inferred	1	 	Eintagsfliege
2532889X_1986-07-14_01_008.tcf.xml-10-14	26120215_1983_03_17_01_194.tcf.xml-5-4	inferred	1	 	Eintagsfliege
2532889X_1986-07-14_01_008.tcf.xml-10-14	bechstein_dunkelgraf_1854-1902-25	inferred	0	 	Eintagsfliege
2532889X_1986-07-14_01_008.tcf.xml-10-14	boelsche_liebesleben01_1898-301-6	inferred	0	 	Eintagsfliege
2532889X_1986-07-14_01_008.tcf.xml-10-14	boelsche_liebesleben01_1898-526-55	inferred	0	 	Eintagsfliege
2532889X_1986-07-14_01_008.tcf.xml-10-14	boelsche_liebesleben01_1898-5496-26	inferred	0	 	Eintagsfliege
2532889X_1986-07-14_01_008.tcf.xml-10-14	boelsche_liebesleben01_1898-995-5	inferred	0	 	Eintagsfliege
2532889X_1986-07-14_01_008.tcf.xml-10-14	boelsche_liebesleben01_1898-998-4	inferred	0	 	Eintagsfliege
2532889X_1986-07-14_01_008.tcf.xml-10-14	boerne_paris03_1833-290-12	inferred	1	 	Eintagsfliege
2532889X_1986-07-14_01_008.tcf.xml-10-14	brehm_thierleben01_1864-5014-20	inferred	0	 	Eintagsfliege
2532889X_1986-07-14_01_008.tcf.xml-10-14	brehm_thierleben06_1869-14181-31	inferred	0	 	Eintagsfliege
2532889X_1986-07-14_01_008.tcf.xml-10-14	brehm_thierleben06_1869-8742-14	inferred	0	 	Eintagsfliege
2532889X_1986-07-14_01_008.tcf.xml-10-14	brehm_thierleben06_1869-8764-52	inferred	0	 	Eintagsfliege
2532889X_1986-07-14_01_008.tcf.xml-10-14	frapan_fluegel_1895-2258-4	inferred	0	 	Eintagsfliege
2532889X_1986-07-14_01_008.tcf.xml-10-14	haeckel_weltraethsel_1899-3032-40	inferred	0	 	Eintagsfliege
2532889X_1986-07-14_01_008.tcf.xml-10-14	holz_hamlet_1889-15-15	inferred	1	 	Eintagsfliege
2532889X_1986-07-14_01_008.tcf.xml-10-14	holz_hamlet_1889-16-21	inferred	1	 	Eintagsfliege
2532889X_1986-07-14_01_008.tcf.xml-10-14	holz_hamlet_1889-18-24	inferred	0	 	Eintagsfliege
2532889X_1986-07-14_01_008.tcf.xml-10-14	klingemann_nachtwachen_1805-282-16	inferred	0	 	Eintagsfliege
2532889X_1986-07-14_01_008.tcf.xml-10-14	menzel_literatur02_1828-2676-11	inferred	0	 	Eintagsfliege
2532889X_1986-07-14_01_008.tcf.xml-10-14	nn_nrhz207i_1849-181-15	inferred	1	 	Eintagsfliege
2532889X_1986-07-14_01_008.tcf.xml-10-14	nn_nrhz297b_1849-34-15	inferred	1	 	Eintagsfliege
2532889X_1986-07-14_01_008.tcf.xml-10-14	rossmaessler_suesswasseraquarium_1857-638-23	inferred	0	 	Eintagsfliege
2532889X_1986-07-14_01_008.tcf.xml-10-14	treitschke_geschichte05_1894-3174-13	inferred	1	 	Eintagsfliege
2532889X_1986-07-14_01_008.tcf.xml-10-14	vogt_briefe01_1851-6608-2	inferred	0	 	Eintagsfliege
2532889X_1986-07-14_01_008.tcf.xml-10-14	vogt_thierstaaten_1851-1326-16	inferred	0	 	Eintagsfliege
2532889X_1986-07-14_01_008.tcf.xml-10-14	wilamowitz_aristoteles01_1893-1523-7	inferred	1	 	Eintagsfliege
26120215_1967_02_22_01_327.tcf.xml-96-4	26120215_1969_02_05_01_044.tcf.xml-67-12	inferred	0	 	Eintagsfliege
26120215_1967_02_22_01_327.tcf.xml-96-4	26120215_1969_09_16_01_103.tcf.xml-2-38	inferred	0	 	Eintagsfliege
26120215_1967_02_22_01_327.tcf.xml-96-4	26120215_1972_04_07_01_145.tcf.xml-21-6	inferred	0	 	Eintagsfliege
26120215_1967_02_22_01_327.tcf.xml-96-4	26120215_1972_04_28_01_134.tcf.xml-4-10	inferred	0	 	Eintagsfliege
26120215_1967_02_22_01_327.tcf.xml-96-4	26120215_1973_08_31_01_205.tcf.xml-8-16	inferred	0	 	Eintagsfliege
26120215_1967_02_22_01_327.tcf.xml-96-4	26120215_1980_04_26_01_066.tcf.xml-10-11	inferred	0	 	Eintagsfliege
26120215_1967_02_22_01_327.tcf.xml-96-4	26120215_1983_03_17_01_194.tcf.xml-5-4	inferred	0	 	Eintagsfliege
26120215_1967_02_22_01_327.tcf.xml-96-4	bechstein_dunkelgraf_1854-1902-25	inferred	1	 	Eintagsfliege
26120215_1967_02_22_01_327.tcf.xml-96-4	boelsche_liebesleben01_1898-301-6	inferred	1	 	Eintagsfliege
26120215_1967_02_22_01_327.tcf.xml-96-4	boelsche_liebesleben01_1898-526-55	inferred	1	 	Eintagsfliege
26120215_1967_02_22_01_327.tcf.xml-96-4	boelsche_liebesleben01_1898-5496-26	inferred	1	 	Eintagsfliege
26120215_1967_02_22_01_327.tcf.xml-96-4	boelsche_liebesleben01_1898-995-5	inferred	1	 	Eintagsfliege
26120215_1967_02_22_01_327.tcf.xml-96-4	boelsche_liebesleben01_1898-998-4	inferred	1	 	Eintagsfliege
26120215_1967_02_22_01_327.tcf.xml-96-4	boerne_paris03_1833-290-12	inferred	0	 	Eintagsfliege
26120215_1967_02_22_01_327.tcf.xml-96-4	brehm_thierleben01_1864-5014-20	inferred	1	 	Eintagsfliege
26120215_1967_02_22_01_327.tcf.xml-96-4	brehm_thierleben06_1869-14181-31	inferred	1	 	Eintagsfliege
26120215_1967_02_22_01_327.tcf.xml-96-4	brehm_thierleben06_1869-8742-14	inferred	1	 	Eintagsfliege
26120215_1967_02_22_01_327.tcf.xml-96-4	brehm_thierleben06_1869-8764-52	inferred	1	 	Eintagsfliege
26120215_1967_02_22_01_327.tcf.xml-96-4	frapan_fluegel_1895-2258-4	inferred	1	 	Eintagsfliege
26120215_1967_02_22_01_327.tcf.xml-96-4	haeckel_weltraethsel_1899-3032-40	inferred	1	 	Eintagsfliege
26120215_1967_02_22_01_327.tcf.xml-96-4	holz_hamlet_1889-15-15	inferred	0	 	Eintagsfliege
26120215_1967_02_22_01_327.tcf.xml-96-4	holz_hamlet_1889-16-21	inferred	0	 	Eintagsfliege
26120215_1967_02_22_01_327.tcf.xml-96-4	holz_hamlet_1889-18-24	inferred	1	 	Eintagsfliege
26120215_1967_02_22_01_327.tcf.xml-96-4	klingemann_nachtwachen_1805-282-16	inferred	1	 	Eintagsfliege
26120215_1967_02_22_01_327.tcf.xml-96-4	menzel_literatur02_1828-2676-11	inferred	1	 	Eintagsfliege
26120215_1967_02_22_01_327.tcf.xml-96-4	nn_nrhz207i_1849-181-15	inferred	0	 	Eintagsfliege
26120215_1967_02_22_01_327.tcf.xml-96-4	nn_nrhz297b_1849-34-15	inferred	0	 	Eintagsfliege
26120215_1967_02_22_01_327.tcf.xml-96-4	rossmaessler_suesswasseraquarium_1857-638-23	inferred	1	 	Eintagsfliege
26120215_1967_02_22_01_327.tcf.xml-96-4	treitschke_geschichte05_1894-3174-13	inferred	0	 	Eintagsfliege
26120215_1967_02_22_01_327.tcf.xml-96-4	vogt_briefe01_1851-6608-2	inferred	1	 	Eintagsfliege
26120215_1967_02_22_01_327.tcf.xml-96-4	vogt_thierstaaten_1851-1326-16	inferred	1	 	Eintagsfliege
26120215_1967_02_22_01_327.tcf.xml-96-4	wilamowitz_aristoteles01_1893-1523-7	inferred	0	 	Eintagsfliege
26120215_1969_02_05_01_044.tcf.xml-67-12	26120215_1969_09_16_01_103.tcf.xml-2-38	inferred	1	 	Eintagsfliege
26120215_1969_02_05_01_044.tcf.xml-67-12	26120215_1972_04_07_01_145.tcf.xml-21-6	inferred	1	 	Eintagsfliege
26120215_1969_02_05_01_044.tcf.xml-67-12	26120215_1972_04_28_01_134.tcf.xml-4-10	inferred	1	 	Eintagsfliege
26120215_1969_02_05_01_044.tcf.xml-67-12	26120215_1973_08_31_01_205.tcf.xml-8-16	inferred	1	 	Eintagsfliege
26120215_1969_02_05_01_044.tcf.xml-67-12	26120215_1980_04_26_01_066.tcf.xml-10-11	inferred	1	 	Eintagsfliege
26120215_1969_02_05_01_044.tcf.xml-67-12	26120215_1983_03_17_01_194.tcf.xml-5-4	inferred	1	 	Eintagsfliege
26120215_1969_02_05_01_044.tcf.xml-67-12	bechstein_dunkelgraf_1854-1902-25	inferred	0	 	Eintagsfliege
26120215_1969_02_05_01_044.tcf.xml-67-12	boelsche_liebesleben01_1898-301-6	inferred	0	 	Eintagsfliege
26120215_1969_02_05_01_044.tcf.xml-67-12	boelsche_liebesleben01_1898-526-55	inferred	0	 	Eintagsfliege
26120215_1969_02_05_01_044.tcf.xml-67-12	boelsche_liebesleben01_1898-5496-26	inferred	0	 	Eintagsfliege
26120215_1969_02_05_01_044.tcf.xml-67-12	boelsche_liebesleben01_1898-995-5	inferred	0	 	Eintagsfliege
26120215_1969_02_05_01_044.tcf.xml-67-12	boelsche_liebesleben01_1898-998-4	inferred	0	 	Eintagsfliege
26120215_1969_02_05_01_044.tcf.xml-67-12	boerne_paris03_1833-290-12	inferred	1	 	Eintagsfliege
26120215_1969_02_05_01_044.tcf.xml-67-12	brehm_thierleben01_1864-5014-20	inferred	0	 	Eintagsfliege
26120215_1969_02_05_01_044.tcf.xml-67-12	brehm_thierleben06_1869-14181-31	inferred	0	 	Eintagsfliege
26120215_1969_02_05_01_044.tcf.xml-67-12	brehm_thierleben06_1869-8742-14	inferred	0	 	Eintagsfliege
26120215_1969_02_05_01_044.tcf.xml-67-12	brehm_thierleben06_1869-8764-52	inferred	0	 	Eintagsfliege
26120215_1969_02_05_01_044.tcf.xml-67-12	frapan_fluegel_1895-2258-4	inferred	0	 	Eintagsfliege
26120215_1969_02_05_01_044.tcf.xml-67-12	haeckel_weltraethsel_1899-3032-40	inferred	0	 	Eintagsfliege
26120215_1969_02_05_01_044.tcf.xml-67-12	holz_hamlet_1889-15-15	inferred	1	 	Eintagsfliege
26120215_1969_02_05_01_044.tcf.xml-67-12	holz_hamlet_1889-16-21	inferred	1	 	Eintagsfliege
26120215_1969_02_05_01_044.tcf.xml-67-12	holz_hamlet_1889-18-24	inferred	0	 	Eintagsfliege
26120215_1969_02_05_01_044.tcf.xml-67-12	klingemann_nachtwachen_1805-282-16	inferred	0	 	Eintagsfliege
26120215_1969_02_05_01_044.tcf.xml-67-12	menzel_literatur02_1828-2676-11	inferred	0	 	Eintagsfliege
26120215_1969_02_05_01_044.tcf.xml-67-12	nn_nrhz207i_1849-181-15	inferred	1	 	Eintagsfliege
26120215_1969_02_05_01_044.tcf.xml-67-12	nn_nrhz297b_1849-34-15	inferred	1	 	Eintagsfliege
26120215_1969_02_05_01_044.tcf.xml-67-12	rossmaessler_suesswasseraquarium_1857-638-23	inferred	0	 	Eintagsfliege
26120215_1969_02_05_01_044.tcf.xml-67-12	treitschke_geschichte05_1894-3174-13	inferred	1	 	Eintagsfliege
26120215_1969_02_05_01_044.tcf.xml-67-12	vogt_briefe01_1851-6608-2	inferred	0	 	Eintagsfliege
26120215_1969_02_05_01_044.tcf.xml-67-12	vogt_thierstaaten_1851-1326-16	inferred	0	 	Eintagsfliege
26120215_1969_02_05_01_044.tcf.xml-67-12	wilamowitz_aristoteles01_1893-1523-7	inferred	1	 	Eintagsfliege
26120215_1969_09_16_01_103.tcf.xml-2-38	26120215_1972_04_07_01_145.tcf.xml-21-6	inferred	1	 	Eintagsfliege
26120215_1969_09_16_01_103.tcf.xml-2-38	26120215_1972_04_28_01_134.tcf.xml-4-10	inferred	1	 	Eintagsfliege
26120215_1969_09_16_01_103.tcf.xml-2-38	26120215_1973_08_31_01_205.tcf.xml-8-16	inferred	1	 	Eintagsfliege
26120215_1969_09_16_01_103.tcf.xml-2-38	26120215_1980_04_26_01_066.tcf.xml-10-11	inferred	1	 	Eintagsfliege
26120215_1969_09_16_01_103.tcf.xml-2-38	26120215_1983_03_17_01_194.tcf.xml-5-4	inferred	1	 	Eintagsfliege
26120215_1969_09_16_01_103.tcf.xml-2-38	bechstein_dunkelgraf_1854-1902-25	inferred	0	 	Eintagsfliege
26120215_1969_09_16_01_103.tcf.xml-2-38	boelsche_liebesleben01_1898-301-6	inferred	0	 	Eintagsfliege
26120215_1969_09_16_01_103.tcf.xml-2-38	boelsche_liebesleben01_1898-526-55	inferred	0	 	Eintagsfliege
26120215_1969_09_16_01_103.tcf.xml-2-38	boelsche_liebesleben01_1898-5496-26	inferred	0	 	Eintagsfliege
26120215_1969_09_16_01_103.tcf.xml-2-38	boelsche_liebesleben01_1898-995-5	inferred	0	 	Eintagsfliege
26120215_1969_09_16_01_103.tcf.xml-2-38	boelsche_liebesleben01_1898-998-4	inferred	0	 	Eintagsfliege
26120215_1969_09_16_01_103.tcf.xml-2-38	boerne_paris03_1833-290-12	inferred	1	 	Eintagsfliege
26120215_1969_09_16_01_103.tcf.xml-2-38	brehm_thierleben01_1864-5014-20	inferred	0	 	Eintagsfliege
26120215_1969_09_16_01_103.tcf.xml-2-38	brehm_thierleben06_1869-14181-31	inferred	0	 	Eintagsfliege
26120215_1969_09_16_01_103.tcf.xml-2-38	brehm_thierleben06_1869-8742-14	inferred	0	 	Eintagsfliege
26120215_1969_09_16_01_103.tcf.xml-2-38	brehm_thierleben06_1869-8764-52	inferred	0	 	Eintagsfliege
26120215_1969_09_16_01_103.tcf.xml-2-38	frapan_fluegel_1895-2258-4	inferred	0	 	Eintagsfliege
26120215_1969_09_16_01_103.tcf.xml-2-38	haeckel_weltraethsel_1899-3032-40	inferred	0	 	Eintagsfliege
26120215_1969_09_16_01_103.tcf.xml-2-38	holz_hamlet_1889-15-15	inferred	1	 	Eintagsfliege
26120215_1969_09_16_01_103.tcf.xml-2-38	holz_hamlet_1889-16-21	inferred	1	 	Eintagsfliege
26120215_1969_09_16_01_103.tcf.xml-2-38	holz_hamlet_1889-18-24	inferred	0	 	Eintagsfliege
26120215_1969_09_16_01_103.tcf.xml-2-38	klingemann_nachtwachen_1805-282-16	inferred	0	 	Eintagsfliege
26120215_1969_09_16_01_103.tcf.xml-2-38	menzel_literatur02_1828-2676-11	inferred	0	 	Eintagsfliege
26120215_1969_09_16_01_103.tcf.xml-2-38	nn_nrhz207i_1849-181-15	inferred	1	 	Eintagsfliege
26120215_1969_09_16_01_103.tcf.xml-2-38	nn_nrhz297b_1849-34-15	inferred	1	 	Eintagsfliege
26120215_1969_09_16_01_103.tcf.xml-2-38	rossmaessler_suesswasseraquarium_1857-638-23	inferred	0	 	Eintagsfliege
26120215_1969_09_16_01_103.tcf.xml-2-38	treitschke_geschichte05_1894-3174-13	inferred	1	 	Eintagsfliege
26120215_1969_09_16_01_103.tcf.xml-2-38	vogt_briefe01_1851-6608-2	inferred	0	 	Eintagsfliege
26120215_1969_09_16_01_103.tcf.xml-2-38	vogt_thierstaaten_1851-1326-16	inferred	0	 	Eintagsfliege
26120215_1969_09_16_01_103.tcf.xml-2-38	wilamowitz_aristoteles01_1893-1523-7	inferred	1	 	Eintagsfliege
26120215_1972_04_07_01_145.tcf.xml-21-6	26120215_1972_04_28_01_134.tcf.xml-4-10	inferred	1	 	Eintagsfliege
26120215_1972_04_07_01_145.tcf.xml-21-6	26120215_1973_08_31_01_205.tcf.xml-8-16	inferred	1	 	Eintagsfliege
26120215_1972_04_07_01_145.tcf.xml-21-6	26120215_1980_04_26_01_066.tcf.xml-10-11	inferred	1	 	Eintagsfliege
26120215_1972_04_07_01_145.tcf.xml-21-6	26120215_1983_03_17_01_194.tcf.xml-5-4	inferred	1	 	Eintagsfliege
26120215_1972_04_07_01_145.tcf.xml-21-6	bechstein_dunkelgraf_1854-1902-25	inferred	0	 	Eintagsfliege
26120215_1972_04_07_01_145.tcf.xml-21-6	boelsche_liebesleben01_1898-301-6	inferred	0	 	Eintagsfliege
26120215_1972_04_07_01_145.tcf.xml-21-6	boelsche_liebesleben01_1898-526-55	inferred	0	 	Eintagsfliege
26120215_1972_04_07_01_145.tcf.xml-21-6	boelsche_liebesleben01_1898-5496-26	inferred	0	 	Eintagsfliege
26120215_1972_04_07_01_145.tcf.xml-21-6	boelsche_liebesleben01_1898-995-5	inferred	0	 	Eintagsfliege
26120215_1972_04_07_01_145.tcf.xml-21-6	boelsche_liebesleben01_1898-998-4	inferred	0	 	Eintagsfliege
26120215_1972_04_07_01_145.tcf.xml-21-6	boerne_paris03_1833-290-12	inferred	1	 	Eintagsfliege
26120215_1972_04_07_01_145.tcf.xml-21-6	brehm_thierleben01_1864-5014-20	inferred	0	 	Eintagsfliege
26120215_1972_04_07_01_145.tcf.xml-21-6	brehm_thierleben06_1869-14181-31	inferred	0	 	Eintagsfliege
26120215_1972_04_07_01_145.tcf.xml-21-6	brehm_thierleben06_1869-8742-14	inferred	0	 	Eintagsfliege
26120215_1972_04_07_01_145.tcf.xml-21-6	brehm_thierleben06_1869-8764-52	inferred	0	 	Eintagsfliege
26120215_1972_04_07_01_145.tcf.xml-21-6	frapan_fluegel_1895-2258-4	inferred	0	 	Eintagsfliege
26120215_1972_04_07_01_145.tcf.xml-21-6	haeckel_weltraethsel_1899-3032-40	inferred	0	 	Eintagsfliege
26120215_1972_04_07_01_145.tcf.xml-21-6	holz_hamlet_1889-15-15	inferred	1	 	Eintagsfliege
26120215_1972_04_07_01_145.tcf.xml-21-6	holz_hamlet_1889-16-21	inferred	1	 	Eintagsfliege
26120215_1972_04_07_01_145.tcf.xml-21-6	holz_hamlet_1889-18-24	inferred	0	 	Eintagsfliege
26120215_1972_04_07_01_145.tcf.xml-21-6	klingemann_nachtwachen_1805-282-16	inferred	0	 	Eintagsfliege
26120215_1972_04_07_01_145.tcf.xml-21-6	menzel_literatur02_1828-2676-11	inferred	0	 	Eintagsfliege
26120215_1972_04_07_01_145.tcf.xml-21-6	nn_nrhz207i_1849-181-15	inferred	1	 	Eintagsfliege
26120215_1972_04_07_01_145.tcf.xml-21-6	nn_nrhz297b_1849-34-15	inferred	1	 	Eintagsfliege
26120215_1972_04_07_01_145.tcf.xml-21-6	rossmaessler_suesswasseraquarium_1857-638-23	inferred	0	 	Eintagsfliege
26120215_1972_04_07_01_145.tcf.xml-21-6	treitschke_geschichte05_1894-3174-13	inferred	1	 	Eintagsfliege
26120215_1972_04_07_01_145.tcf.xml-21-6	vogt_briefe01_1851-6608-2	inferred	0	 	Eintagsfliege
26120215_1972_04_07_01_145.tcf.xml-21-6	vogt_thierstaaten_1851-1326-16	inferred	0	 	Eintagsfliege
26120215_1972_04_07_01_145.tcf.xml-21-6	wilamowitz_aristoteles01_1893-1523-7	inferred	1	 	Eintagsfliege
26120215_1972_04_28_01_134.tcf.xml-4-10	26120215_1973_08_31_01_205.tcf.xml-8-16	inferred	1	 	Eintagsfliege
26120215_1972_04_28_01_134.tcf.xml-4-10	26120215_1980_04_26_01_066.tcf.xml-10-11	inferred	1	 	Eintagsfliege
26120215_1972_04_28_01_134.tcf.xml-4-10	26120215_1983_03_17_01_194.tcf.xml-5-4	inferred	1	 	Eintagsfliege
26120215_1972_04_28_01_134.tcf.xml-4-10	bechstein_dunkelgraf_1854-1902-25	inferred	0	 	Eintagsfliege
26120215_1972_04_28_01_134.tcf.xml-4-10	boelsche_liebesleben01_1898-301-6	inferred	0	 	Eintagsfliege
26120215_1972_04_28_01_134.tcf.xml-4-10	boelsche_liebesleben01_1898-526-55	inferred	0	 	Eintagsfliege
26120215_1972_04_28_01_134.tcf.xml-4-10	boelsche_liebesleben01_1898-5496-26	inferred	0	 	Eintagsfliege
26120215_1972_04_28_01_134.tcf.xml-4-10	boelsche_liebesleben01_1898-995-5	inferred	0	 	Eintagsfliege
26120215_1972_04_28_01_134.tcf.xml-4-10	boelsche_liebesleben01_1898-998-4	inferred	0	 	Eintagsfliege
26120215_1972_04_28_01_134.tcf.xml-4-10	boerne_paris03_1833-290-12	inferred	1	 	Eintagsfliege
26120215_1972_04_28_01_134.tcf.xml-4-10	brehm_thierleben01_1864-5014-20	inferred	0	 	Eintagsfliege
26120215_1972_04_28_01_134.tcf.xml-4-10	brehm_thierleben06_1869-14181-31	inferred	0	 	Eintagsfliege
26120215_1972_04_28_01_134.tcf.xml-4-10	brehm_thierleben06_1869-8742-14	inferred	0	 	Eintagsfliege
26120215_1972_04_28_01_134.tcf.xml-4-10	brehm_thierleben06_1869-8764-52	inferred	0	 	Eintagsfliege
26120215_1972_04_28_01_134.tcf.xml-4-10	frapan_fluegel_1895-2258-4	inferred	0	 	Eintagsfliege
26120215_1972_04_28_01_134.tcf.xml-4-10	haeckel_weltraethsel_1899-3032-40	inferred	0	 	Eintagsfliege
26120215_1972_04_28_01_134.tcf.xml-4-10	holz_hamlet_1889-15-15	inferred	1	 	Eintagsfliege
26120215_1972_04_28_01_134.tcf.xml-4-10	holz_hamlet_1889-16-21	inferred	1	 	Eintagsfliege
26120215_1972_04_28_01_134.tcf.xml-4-10	holz_hamlet_1889-18-24	inferred	0	 	Eintagsfliege
26120215_1972_04_28_01_134.tcf.xml-4-10	klingemann_nachtwachen_1805-282-16	inferred	0	 	Eintagsfliege
26120215_1972_04_28_01_134.tcf.xml-4-10	menzel_literatur02_1828-2676-11	inferred	0	 	Eintagsfliege
26120215_1972_04_28_01_134.tcf.xml-4-10	nn_nrhz207i_1849-181-15	inferred	1	 	Eintagsfliege
26120215_1972_04_28_01_134.tcf.xml-4-10	nn_nrhz297b_1849-34-15	inferred	1	 	Eintagsfliege
26120215_1972_04_28_01_134.tcf.xml-4-10	rossmaessler_suesswasseraquarium_1857-638-23	inferred	0	 	Eintagsfliege
26120215_1972_04_28_01_134.tcf.xml-4-10	treitschke_geschichte05_1894-3174-13	inferred	1	 	Eintagsfliege
26120215_1972_04_28_01_134.tcf.xml-4-10	vogt_briefe01_1851-6608-2	inferred	0	 	Eintagsfliege
26120215_1972_04_28_01_134.tcf.xml-4-10	vogt_thierstaaten_1851-1326-16	inferred	0	 	Eintagsfliege
26120215_1972_04_28_01_134.tcf.xml-4-10	wilamowitz_aristoteles01_1893-1523-7	inferred	1	 	Eintagsfliege
26120215_1973_08_31_01_205.tcf.xml-8-16	26120215_1980_04_26_01_066.tcf.xml-10-11	inferred	1	 	Eintagsfliege
26120215_1973_08_31_01_205.tcf.xml-8-16	26120215_1983_03_17_01_194.tcf.xml-5-4	inferred	1	 	Eintagsfliege
26120215_1973_08_31_01_205.tcf.xml-8-16	bechstein_dunkelgraf_1854-1902-25	inferred	0	 	Eintagsfliege
26120215_1973_08_31_01_205.tcf.xml-8-16	boelsche_liebesleben01_1898-301-6	inferred	0	 	Eintagsfliege
26120215_1973_08_31_01_205.tcf.xml-8-16	boelsche_liebesleben01_1898-526-55	inferred	0	 	Eintagsfliege
26120215_1973_08_31_01_205.tcf.xml-8-16	boelsche_liebesleben01_1898-5496-26	inferred	0	 	Eintagsfliege
26120215_1973_08_31_01_205.tcf.xml-8-16	boelsche_liebesleben01_1898-995-5	inferred	0	 	Eintagsfliege
26120215_1973_08_31_01_205.tcf.xml-8-16	boelsche_liebesleben01_1898-998-4	inferred	0	 	Eintagsfliege
26120215_1973_08_31_01_205.tcf.xml-8-16	boerne_paris03_1833-290-12	inferred	1	 	Eintagsfliege
26120215_1973_08_31_01_205.tcf.xml-8-16	brehm_thierleben01_1864-5014-20	inferred	0	 	Eintagsfliege
26120215_1973_08_31_01_205.tcf.xml-8-16	brehm_thierleben06_1869-14181-31	inferred	0	 	Eintagsfliege
26120215_1973_08_31_01_205.tcf.xml-8-16	brehm_thierleben06_1869-8742-14	inferred	0	 	Eintagsfliege
26120215_1973_08_31_01_205.tcf.xml-8-16	brehm_thierleben06_1869-8764-52	inferred	0	 	Eintagsfliege
26120215_1973_08_31_01_205.tcf.xml-8-16	frapan_fluegel_1895-2258-4	inferred	0	 	Eintagsfliege
26120215_1973_08_31_01_205.tcf.xml-8-16	haeckel_weltraethsel_1899-3032-40	inferred	0	 	Eintagsfliege
26120215_1973_08_31_01_205.tcf.xml-8-16	holz_hamlet_1889-15-15	inferred	1	 	Eintagsfliege
26120215_1973_08_31_01_205.tcf.xml-8-16	holz_hamlet_1889-16-21	inferred	1	 	Eintagsfliege
26120215_1973_08_31_01_205.tcf.xml-8-16	holz_hamlet_1889-18-24	inferred	0	 	Eintagsfliege
26120215_1973_08_31_01_205.tcf.xml-8-16	klingemann_nachtwachen_1805-282-16	inferred	0	 	Eintagsfliege
26120215_1973_08_31_01_205.tcf.xml-8-16	menzel_literatur02_1828-2676-11	inferred	0	 	Eintagsfliege
26120215_1973_08_31_01_205.tcf.xml-8-16	nn_nrhz207i_1849-181-15	inferred	1	 	Eintagsfliege
26120215_1973_08_31_01_205.tcf.xml-8-16	nn_nrhz297b_1849-34-15	inferred	1	 	Eintagsfliege
26120215_1973_08_31_01_205.tcf.xml-8-16	rossmaessler_suesswasseraquarium_1857-638-23	inferred	0	 	Eintagsfliege
26120215_1973_08_31_01_205.tcf.xml-8-16	treitschke_geschichte05_1894-3174-13	inferred	1	 	Eintagsfliege
26120215_1973_08_31_01_205.tcf.xml-8-16	vogt_briefe01_1851-6608-2	inferred	0	 	Eintagsfliege
26120215_1973_08_31_01_205.tcf.xml-8-16	vogt_thierstaaten_1851-1326-16	inferred	0	 	Eintagsfliege
26120215_1973_08_31_01_205.tcf.xml-8-16	wilamowitz_aristoteles01_1893-1523-7	inferred	1	 	Eintagsfliege
26120215_1980_04_26_01_066.tcf.xml-10-11	26120215_1983_03_17_01_194.tcf.xml-5-4	inferred	1	 	Eintagsfliege
26120215_1980_04_26_01_066.tcf.xml-10-11	bechstein_dunkelgraf_1854-1902-25	inferred	0	 	Eintagsfliege
26120215_1980_04_26_01_066.tcf.xml-10-11	boelsche_liebesleben01_1898-301-6	inferred	0	 	Eintagsfliege
26120215_1980_04_26_01_066.tcf.xml-10-11	boelsche_liebesleben01_1898-526-55	inferred	0	 	Eintagsfliege
26120215_1980_04_26_01_066.tcf.xml-10-11	boelsche_liebesleben01_1898-5496-26	inferred	0	 	Eintagsfliege
26120215_1980_04_26_01_066.tcf.xml-10-11	boelsche_liebesleben01_1898-995-5	inferred	0	 	Eintagsfliege
26120215_1980_04_26_01_066.tcf.xml-10-11	boelsche_liebesleben01_1898-998-4	inferred	0	 	Eintagsfliege
26120215_1980_04_26_01_066.tcf.xml-10-11	boerne_paris03_1833-290-12	inferred	1	 	Eintagsfliege
26120215_1980_04_26_01_066.tcf.xml-10-11	brehm_thierleben01_1864-5014-20	inferred	0	 	Eintagsfliege
26120215_1980_04_26_01_066.tcf.xml-10-11	brehm_thierleben06_1869-14181-31	inferred	0	 	Eintagsfliege
26120215_1980_04_26_01_066.tcf.xml-10-11	brehm_thierleben06_1869-8742-14	inferred	0	 	Eintagsfliege
26120215_1980_04_26_01_066.tcf.xml-10-11	brehm_thierleben06_1869-8764-52	inferred	0	 	Eintagsfliege
26120215_1980_04_26_01_066.tcf.xml-10-11	frapan_fluegel_1895-2258-4	inferred	0	 	Eintagsfliege
26120215_1980_04_26_01_066.tcf.xml-10-11	haeckel_weltraethsel_1899-3032-40	inferred	0	 	Eintagsfliege
26120215_1980_04_26_01_066.tcf.xml-10-11	holz_hamlet_1889-15-15	inferred	1	 	Eintagsfliege
26120215_1980_04_26_01_066.tcf.xml-10-11	holz_hamlet_1889-16-21	inferred	1	 	Eintagsfliege
26120215_1980_04_26_01_066.tcf.xml-10-11	holz_hamlet_1889-18-24	inferred	0	 	Eintagsfliege
26120215_1980_04_26_01_066.tcf.xml-10-11	klingemann_nachtwachen_1805-282-16	inferred	0	 	Eintagsfliege
26120215_1980_04_26_01_066.tcf.xml-10-11	menzel_literatur02_1828-2676-11	inferred	0	 	Eintagsfliege
26120215_1980_04_26_01_066.tcf.xml-10-11	nn_nrhz207i_1849-181-15	inferred	1	 	Eintagsfliege
26120215_1980_04_26_01_066.tcf.xml-10-11	nn_nrhz297b_1849-34-15	inferred	1	 	Eintagsfliege
26120215_1980_04_26_01_066.tcf.xml-10-11	rossmaessler_suesswasseraquarium_1857-638-23	inferred	0	 	Eintagsfliege
26120215_1980_04_26_01_066.tcf.xml-10-11	treitschke_geschichte05_1894-3174-13	inferred	1	 	Eintagsfliege
26120215_1980_04_26_01_066.tcf.xml-10-11	vogt_briefe01_1851-6608-2	inferred	0	 	Eintagsfliege
26120215_1980_04_26_01_066.tcf.xml-10-11	vogt_thierstaaten_1851-1326-16	inferred	0	 	Eintagsfliege
26120215_1980_04_26_01_066.tcf.xml-10-11	wilamowitz_aristoteles01_1893-1523-7	inferred	1	 	Eintagsfliege
26120215_1983_03_17_01_194.tcf.xml-5-4	bechstein_dunkelgraf_1854-1902-25	inferred	0	 	Eintagsfliege
26120215_1983_03_17_01_194.tcf.xml-5-4	boelsche_liebesleben01_1898-301-6	inferred	0	 	Eintagsfliege
26120215_1983_03_17_01_194.tcf.xml-5-4	boelsche_liebesleben01_1898-526-55	inferred	0	 	Eintagsfliege
26120215_1983_03_17_01_194.tcf.xml-5-4	boelsche_liebesleben01_1898-5496-26	inferred	0	 	Eintagsfliege
26120215_1983_03_17_01_194.tcf.xml-5-4	boelsche_liebesleben01_1898-995-5	inferred	0	 	Eintagsfliege
26120215_1983_03_17_01_194.tcf.xml-5-4	boelsche_liebesleben01_1898-998-4	inferred	0	 	Eintagsfliege
26120215_1983_03_17_01_194.tcf.xml-5-4	boerne_paris03_1833-290-12	inferred	1	 	Eintagsfliege
26120215_1983_03_17_01_194.tcf.xml-5-4	brehm_thierleben01_1864-5014-20	inferred	0	 	Eintagsfliege
26120215_1983_03_17_01_194.tcf.xml-5-4	brehm_thierleben06_1869-14181-31	inferred	0	 	Eintagsfliege
26120215_1983_03_17_01_194.tcf.xml-5-4	brehm_thierleben06_1869-8742-14	inferred	0	 	Eintagsfliege
26120215_1983_03_17_01_194.tcf.xml-5-4	brehm_thierleben06_1869-8764-52	inferred	0	 	Eintagsfliege
26120215_1983_03_17_01_194.tcf.xml-5-4	frapan_fluegel_1895-2258-4	inferred	0	 	Eintagsfliege
26120215_1983_03_17_01_194.tcf.xml-5-4	haeckel_weltraethsel_1899-3032-40	inferred	0	 	Eintagsfliege
26120215_1983_03_17_01_194.tcf.xml-5-4	holz_hamlet_1889-15-15	inferred	1	 	Eintagsfliege
26120215_1983_03_17_01_194.tcf.xml-5-4	holz_hamlet_1889-16-21	inferred	1	 	Eintagsfliege
26120215_1983_03_17_01_194.tcf.xml-5-4	holz_hamlet_1889-18-24	inferred	0	 	Eintagsfliege
26120215_1983_03_17_01_194.tcf.xml-5-4	klingemann_nachtwachen_1805-282-16	inferred	0	 	Eintagsfliege
26120215_1983_03_17_01_194.tcf.xml-5-4	menzel_literatur02_1828-2676-11	inferred	0	 	Eintagsfliege
26120215_1983_03_17_01_194.tcf.xml-5-4	nn_nrhz207i_1849-181-15	inferred	1	 	Eintagsfliege
26120215_1983_03_17_01_194.tcf.xml-5-4	nn_nrhz297b_1849-34-15	inferred	1	 	Eintagsfliege
26120215_1983_03_17_01_194.tcf.xml-5-4	rossmaessler_suesswasseraquarium_1857-638-23	inferred	0	 	Eintagsfliege
26120215_1983_03_17_01_194.tcf.xml-5-4	treitschke_geschichte05_1894-3174-13	inferred	1	 	Eintagsfliege
26120215_1983_03_17_01_194.tcf.xml-5-4	vogt_briefe01_1851-6608-2	inferred	0	 	Eintagsfliege
26120215_1983_03_17_01_194.tcf.xml-5-4	vogt_thierstaaten_1851-1326-16	inferred	0	 	Eintagsfliege
26120215_1983_03_17_01_194.tcf.xml-5-4	wilamowitz_aristoteles01_1893-1523-7	inferred	1	 	Eintagsfliege
bechstein_dunkelgraf_1854-1902-25	boelsche_liebesleben01_1898-301-6	inferred	1	 	Eintagsfliege
bechstein_dunkelgraf_1854-1902-25	boelsche_liebesleben01_1898-526-55	inferred	1	 	Eintagsfliege
bechstein_dunkelgraf_1854-1902-25	boelsche_liebesleben01_1898-5496-26	inferred	1	 	Eintagsfliege
bechstein_dunkelgraf_1854-1902-25	boelsche_liebesleben01_1898-995-5	inferred	1	 	Eintagsfliege
bechstein_dunkelgraf_1854-1902-25	boelsche_liebesleben01_1898-998-4	inferred	1	 	Eintagsfliege
bechstein_dunkelgraf_1854-1902-25	boerne_paris03_1833-290-12	inferred	0	 	Eintagsfliege
bechstein_dunkelgraf_1854-1902-25	brehm_thierleben01_1864-5014-20	inferred	1	 	Eintagsfliege
bechstein_dunkelgraf_1854-1902-25	brehm_thierleben06_1869-14181-31	inferred	1	 	Eintagsfliege
bechstein_dunkelgraf_1854-1902-25	brehm_thierleben06_1869-8742-14	inferred	1	 	Eintagsfliege
bechstein_dunkelgraf_1854-1902-25	brehm_thierleben06_1869-8764-52	inferred	1	 	Eintagsfliege
bechstein_dunkelgraf_1854-1902-25	frapan_fluegel_1895-2258-4	inferred	1	 	Eintagsfliege
bechstein_dunkelgraf_1854-1902-25	haeckel_weltraethsel_1899-3032-40	inferred	1	 	Eintagsfliege
bechstein_dunkelgraf_1854-1902-25	holz_hamlet_1889-15-15	inferred	0	 	Eintagsfliege
bechstein_dunkelgraf_1854-1902-25	holz_hamlet_1889-16-21	inferred	0	 	Eintagsfliege
bechstein_dunkelgraf_1854-1902-25	holz_hamlet_1889-18-24	inferred	1	 	Eintagsfliege
bechstein_dunkelgraf_1854-1902-25	klingemann_nachtwachen_1805-282-16	inferred	1	 	Eintagsfliege
bechstein_dunkelgraf_1854-1902-25	menzel_literatur02_1828-2676-11	inferred	1	 	Eintagsfliege
bechstein_dunkelgraf_1854-1902-25	nn_nrhz207i_1849-181-15	inferred	0	 	Eintagsfliege
bechstein_dunkelgraf_1854-1902-25	nn_nrhz297b_1849-34-15	inferred	0	 	Eintagsfliege
bechstein_dunkelgraf_1854-1902-25	rossmaessler_suesswasseraquarium_1857-638-23	inferred	1	 	Eintagsfliege
bechstein_dunkelgraf_1854-1902-25	treitschke_geschichte05_1894-3174-13	inferred	0	 	Eintagsfliege
bechstein_dunkelgraf_1854-1902-25	vogt_briefe01_1851-6608-2	inferred	1	 	Eintagsfliege
bechstein_dunkelgraf_1854-1902-25	vogt_thierstaaten_1851-1326-16	inferred	1	 	Eintagsfliege
bechstein_dunkelgraf_1854-1902-25	wilamowitz_aristoteles01_1893-1523-7	inferred	0	 	Eintagsfliege
boelsche_liebesleben01_1898-301-6	boelsche_liebesleben01_1898-526-55	inferred	1	 	Eintagsfliege
boelsche_liebesleben01_1898-301-6	boelsche_liebesleben01_1898-5496-26	inferred	1	 	Eintagsfliege
boelsche_liebesleben01_1898-301-6	boelsche_liebesleben01_1898-995-5	inferred	1	 	Eintagsfliege
boelsche_liebesleben01_1898-301-6	boelsche_liebesleben01_1898-998-4	inferred	1	 	Eintagsfliege
boelsche_liebesleben01_1898-301-6	boerne_paris03_1833-290-12	inferred	0	 	Eintagsfliege
boelsche_liebesleben01_1898-301-6	brehm_thierleben01_1864-5014-20	inferred	1	 	Eintagsfliege
boelsche_liebesleben01_1898-301-6	brehm_thierleben06_1869-14181-31	inferred	1	 	Eintagsfliege
boelsche_liebesleben01_1898-301-6	brehm_thierleben06_1869-8742-14	inferred	1	 	Eintagsfliege
boelsche_liebesleben01_1898-301-6	brehm_thierleben06_1869-8764-52	inferred	1	 	Eintagsfliege
boelsche_liebesleben01_1898-301-6	frapan_fluegel_1895-2258-4	inferred	1	 	Eintagsfliege
boelsche_liebesleben01_1898-301-6	haeckel_weltraethsel_1899-3032-40	inferred	1	 	Eintagsfliege
boelsche_liebesleben01_1898-301-6	holz_hamlet_1889-15-15	inferred	0	 	Eintagsfliege
boelsche_liebesleben01_1898-301-6	holz_hamlet_1889-16-21	inferred	0	 	Eintagsfliege
boelsche_liebesleben01_1898-301-6	holz_hamlet_1889-18-24	inferred	1	 	Eintagsfliege
boelsche_liebesleben01_1898-301-6	klingemann_nachtwachen_1805-282-16	inferred	1	 	Eintagsfliege
boelsche_liebesleben01_1898-301-6	menzel_literatur02_1828-2676-11	inferred	1	 	Eintagsfliege
boelsche_liebesleben01_1898-301-6	nn_nrhz207i_1849-181-15	inferred	0	 	Eintagsfliege
boelsche_liebesleben01_1898-301-6	nn_nrhz297b_1849-34-15	inferred	0	 	Eintagsfliege
boelsche_liebesleben01_1898-301-6	rossmaessler_suesswasseraquarium_1857-638-23	inferred	1	 	Eintagsfliege
boelsche_liebesleben01_1898-301-6	treitschke_geschichte05_1894-3174-13	inferred	0	 	Eintagsfliege
boelsche_liebesleben01_1898-301-6	vogt_briefe01_1851-6608-2	inferred	1	 	Eintagsfliege
boelsche_liebesleben01_1898-301-6	vogt_thierstaaten_1851-1326-16	inferred	1	 	Eintagsfliege
boelsche_liebesleben01_1898-301-6	wilamowitz_aristoteles01_1893-1523-7	inferred	0	 	Eintagsfliege
boelsche_liebesleben01_1898-526-55	boelsche_liebesleben01_1898-5496-26	inferred	1	 	Eintagsfliege
boelsche_liebesleben01_1898-526-55	boelsche_liebesleben01_1898-995-5	inferred	1	 	Eintagsfliege
boelsche_liebesleben01_1898-526-55	boelsche_liebesleben01_1898-998-4	inferred	1	 	Eintagsfliege
boelsche_liebesleben01_1898-526-55	boerne_paris03_1833-290-12	inferred	0	 	Eintagsfliege
boelsche_liebesleben01_1898-526-55	brehm_thierleben01_1864-5014-20	inferred	1	 	Eintagsfliege
boelsche_liebesleben01_1898-526-55	brehm_thierleben06_1869-14181-31	inferred	1	 	Eintagsfliege
boelsche_liebesleben01_1898-526-55	brehm_thierleben06_1869-8742-14	inferred	1	 	Eintagsfliege
boelsche_liebesleben01_1898-526-55	brehm_thierleben06_1869-8764-52	inferred	1	 	Eintagsfliege
boelsche_liebesleben01_1898-526-55	frapan_fluegel_1895-2258-4	inferred	1	 	Eintagsfliege
boelsche_liebesleben01_1898-526-55	haeckel_weltraethsel_1899-3032-40	inferred	1	 	Eintagsfliege
boelsche_liebesleben01_1898-526-55	holz_hamlet_1889-15-15	inferred	0	 	Eintagsfliege
boelsche_liebesleben01_1898-526-55	holz_hamlet_1889-16-21	inferred	0	 	Eintagsfliege
boelsche_liebesleben01_1898-526-55	holz_hamlet_1889-18-24	inferred	1	 	Eintagsfliege
boelsche_liebesleben01_1898-526-55	klingemann_nachtwachen_1805-282-16	inferred	1	 	Eintagsfliege
boelsche_liebesleben01_1898-526-55	menzel_literatur02_1828-2676-11	inferred	1	 	Eintagsfliege
boelsche_liebesleben01_1898-526-55	nn_nrhz207i_1849-181-15	inferred	0	 	Eintagsfliege
boelsche_liebesleben01_1898-526-55	nn_nrhz297b_1849-34-15	inferred	0	 	Eintagsfliege
boelsche_liebesleben01_1898-526-55	rossmaessler_suesswasseraquarium_1857-638-23	inferred	1	 	Eintagsfliege
boelsche_liebesleben01_1898-526-55	treitschke_geschichte05_1894-3174-13	inferred	0	 	Eintagsfliege
boelsche_liebesleben01_1898-526-55	vogt_briefe01_1851-6608-2	inferred	1	 	Eintagsfliege
boelsche_liebesleben01_1898-526-55	vogt_thierstaaten_1851-1326-16	inferred	1	 	Eintagsfliege
boelsche_liebesleben01_1898-526-55	wilamowitz_aristoteles01_1893-1523-7	inferred	0	 	Eintagsfliege
boelsche_liebesleben01_1898-5496-26	boelsche_liebesleben01_1898-995-5	inferred	1	 	Eintagsfliege
boelsche_liebesleben01_1898-5496-26	boelsche_liebesleben01_1898-998-4	inferred	1	 	Eintagsfliege
boelsche_liebesleben01_1898-5496-26	boerne_paris03_1833-290-12	inferred	0	 	Eintagsfliege
boelsche_liebesleben01_1898-5496-26	brehm_thierleben01_1864-5014-20	inferred	1	 	Eintagsfliege
boelsche_liebesleben01_1898-5496-26	brehm_thierleben06_1869-14181-31	inferred	1	 	Eintagsfliege
boelsche_liebesleben01_1898-5496-26	brehm_thierleben06_1869-8742-14	inferred	1	 	Eintagsfliege
boelsche_liebesleben01_1898-5496-26	brehm_thierleben06_1869-8764-52	inferred	1	 	Eintagsfliege
boelsche_liebesleben01_1898-5496-26	frapan_fluegel_1895-2258-4	inferred	1	 	Eintagsfliege
boelsche_liebesleben01_1898-5496-26	haeckel_weltraethsel_1899-3032-40	inferred	1	 	Eintagsfliege
boelsche_liebesleben01_1898-5496-26	holz_hamlet_1889-15-15	inferred	0	 	Eintagsfliege
boelsche_liebesleben01_1898-5496-26	holz_hamlet_1889-16-21	inferred	0	 	Eintagsfliege
boelsche_liebesleben01_1898-5496-26	holz_hamlet_1889-18-24	inferred	1	 	Eintagsfliege
boelsche_liebesleben01_1898-5496-26	klingemann_nachtwachen_1805-282-16	inferred	1	 	Eintagsfliege
boelsche_liebesleben01_1898-5496-26	menzel_literatur02_1828-2676-11	inferred	1	 	Eintagsfliege
boelsche_liebesleben01_1898-5496-26	nn_nrhz207i_1849-181-15	inferred	0	 	Eintagsfliege
boelsche_liebesleben01_1898-5496-26	nn_nrhz297b_1849-34-15	inferred	0	 	Eintagsfliege
boelsche_liebesleben01_1898-5496-26	rossmaessler_suesswasseraquarium_1857-638-23	inferred	1	 	Eintagsfliege
boelsche_liebesleben01_1898-5496-26	treitschke_geschichte05_1894-3174-13	inferred	0	 	Eintagsfliege
boelsche_liebesleben01_1898-5496-26	vogt_briefe01_1851-6608-2	inferred	1	 	Eintagsfliege
boelsche_liebesleben01_1898-5496-26	vogt_thierstaaten_1851-1326-16	inferred	1	 	Eintagsfliege
boelsche_liebesleben01_1898-5496-26	wilamowitz_aristoteles01_1893-1523-7	inferred	0	 	Eintagsfliege
boelsche_liebesleben01_1898-995-5	boelsche_liebesleben01_1898-998-4	inferred	1	 	Eintagsfliege
boelsche_liebesleben01_1898-995-5	boerne_paris03_1833-290-12	inferred	0	 	Eintagsfliege
boelsche_liebesleben01_1898-995-5	brehm_thierleben01_1864-5014-20	inferred	1	 	Eintagsfliege
boelsche_liebesleben01_1898-995-5	brehm_thierleben06_1869-14181-31	inferred	1	 	Eintagsfliege
boelsche_liebesleben01_1898-995-5	brehm_thierleben06_1869-8742-14	inferred	1	 	Eintagsfliege
boelsche_liebesleben01_1898-995-5	brehm_thierleben06_1869-8764-52	inferred	1	 	Eintagsfliege
boelsche_liebesleben01_1898-995-5	frapan_fluegel_1895-2258-4	inferred	1	 	Eintagsfliege
boelsche_liebesleben01_1898-995-5	haeckel_weltraethsel_1899-3032-40	inferred	1	 	Eintagsfliege
boelsche_liebesleben01_1898-995-5	holz_hamlet_1889-15-15	inferred	0	 	Eintagsfliege
boelsche_liebesleben01_1898-995-5	holz_hamlet_1889-16-21	inferred	0	 	Eintagsfliege
boelsche_liebesleben01_1898-995-5	holz_hamlet_1889-18-24	inferred	1	 	Eintagsfliege
boelsche_liebesleben01_1898-995-5	klingemann_nachtwachen_1805-282-16	inferred	1	 	Eintagsfliege
boelsche_liebesleben01_1898-995-5	menzel_literatur02_1828-2676-11	inferred	1	 	Eintagsfliege
boelsche_liebesleben01_1898-995-5	nn_nrhz207i_1849-181-15	inferred	0	 	Eintagsfliege
boelsche_liebesleben01_1898-995-5	nn_nrhz297b_1849-34-15	inferred	0	 	Eintagsfliege
boelsche_liebesleben01_1898-995-5	rossmaessler_suesswasseraquarium_1857-638-23	inferred	1	 	Eintagsfliege
boelsche_liebesleben01_1898-995-5	treitschke_geschichte05_1894-3174-13	inferred	0	 	Eintagsfliege
boelsche_liebesleben01_1898-995-5	vogt_briefe01_1851-6608-2	inferred	1	 	Eintagsfliege
boelsche_liebesleben01_1898-995-5	vogt_thierstaaten_1851-1326-16	inferred	1	 	Eintagsfliege
boelsche_liebesleben01_1898-995-5	wilamowitz_aristoteles01_1893-1523-7	inferred	0	 	Eintagsfliege
boelsche_liebesleben01_1898-998-4	boerne_paris03_1833-290-12	inferred	0	 	Eintagsfliege
boelsche_liebesleben01_1898-998-4	brehm_thierleben01_1864-5014-20	inferred	1	 	Eintagsfliege
boelsche_liebesleben01_1898-998-4	brehm_thierleben06_1869-14181-31	inferred	1	 	Eintagsfliege
boelsche_liebesleben01_1898-998-4	brehm_thierleben06_1869-8742-14	inferred	1	 	Eintagsfliege
boelsche_liebesleben01_1898-998-4	brehm_thierleben06_1869-8764-52	inferred	1	 	Eintagsfliege
boelsche_liebesleben01_1898-998-4	frapan_fluegel_1895-2258-4	inferred	1	 	Eintagsfliege
boelsche_liebesleben01_1898-998-4	haeckel_weltraethsel_1899-3032-40	inferred	1	 	Eintagsfliege
boelsche_liebesleben01_1898-998-4	holz_hamlet_1889-15-15	inferred	0	 	Eintagsfliege
boelsche_liebesleben01_1898-998-4	holz_hamlet_1889-16-21	inferred	0	 	Eintagsfliege
boelsche_liebesleben01_1898-998-4	holz_hamlet_1889-18-24	inferred	1	 	Eintagsfliege
boelsche_liebesleben01_1898-998-4	klingemann_nachtwachen_1805-282-16	inferred	1	 	Eintagsfliege
boelsche_liebesleben01_1898-998-4	menzel_literatur02_1828-2676-11	inferred	1	 	Eintagsfliege
boelsche_liebesleben01_1898-998-4	nn_nrhz207i_1849-181-15	inferred	0	 	Eintagsfliege
boelsche_liebesleben01_1898-998-4	nn_nrhz297b_1849-34-15	inferred	0	 	Eintagsfliege
boelsche_liebesleben01_1898-998-4	rossmaessler_suesswasseraquarium_1857-638-23	inferred	1	 	Eintagsfliege
boelsche_liebesleben01_1898-998-4	treitschke_geschichte05_1894-3174-13	inferred	0	 	Eintagsfliege
boelsche_liebesleben01_1898-998-4	vogt_briefe01_1851-6608-2	inferred	1	 	Eintagsfliege
boelsche_liebesleben01_1898-998-4	vogt_thierstaaten_1851-1326-16	inferred	1	 	Eintagsfliege
boelsche_liebesleben01_1898-998-4	wilamowitz_aristoteles01_1893-1523-7	inferred	0	 	Eintagsfliege
boerne_paris03_1833-290-12	brehm_thierleben01_1864-5014-20	inferred	0	 	Eintagsfliege
boerne_paris03_1833-290-12	brehm_thierleben06_1869-14181-31	inferred	0	 	Eintagsfliege
boerne_paris03_1833-290-12	brehm_thierleben06_1869-8742-14	inferred	0	 	Eintagsfliege
boerne_paris03_1833-290-12	brehm_thierleben06_1869-8764-52	inferred	0	 	Eintagsfliege
boerne_paris03_1833-290-12	frapan_fluegel_1895-2258-4	inferred	0	 	Eintagsfliege
boerne_paris03_1833-290-12	haeckel_weltraethsel_1899-3032-40	inferred	0	 	Eintagsfliege
boerne_paris03_1833-290-12	holz_hamlet_1889-15-15	inferred	1	 	Eintagsfliege
boerne_paris03_1833-290-12	holz_hamlet_1889-16-21	inferred	1	 	Eintagsfliege
boerne_paris03_1833-290-12	holz_hamlet_1889-18-24	inferred	0	 	Eintagsfliege
boerne_paris03_1833-290-12	klingemann_nachtwachen_1805-282-16	inferred	0	 	Eintagsfliege
boerne_paris03_1833-290-12	menzel_literatur02_1828-2676-11	inferred	0	 	Eintagsfliege
boerne_paris03_1833-290-12	nn_nrhz207i_1849-181-15	inferred	1	 	Eintagsfliege
boerne_paris03_1833-290-12	nn_nrhz297b_1849-34-15	inferred	1	 	Eintagsfliege
boerne_paris03_1833-290-12	rossmaessler_suesswasseraquarium_1857-638-23	inferred	0	 	Eintagsfliege
boerne_paris03_1833-290-12	treitschke_geschichte05_1894-3174-13	inferred	1	 	Eintagsfliege
boerne_paris03_1833-290-12	vogt_briefe01_1851-6608-2	inferred	0	 	Eintagsfliege
boerne_paris03_1833-290-12	vogt_thierstaaten_1851-1326-16	inferred	0	 	Eintagsfliege
boerne_paris03_1833-290-12	wilamowitz_aristoteles01_1893-1523-7	inferred	1	 	Eintagsfliege
brehm_thierleben01_1864-5014-20	brehm_thierleben06_1869-14181-31	inferred	1	 	Eintagsfliege
brehm_thierleben01_1864-5014-20	brehm_thierleben06_1869-8742-14	inferred	1	 	Eintagsfliege
brehm_thierleben01_1864-5014-20	brehm_thierleben06_1869-8764-52	inferred	1	 	Eintagsfliege
brehm_thierleben01_1864-5014-20	frapan_fluegel_1895-2258-4	inferred	1	 	Eintagsfliege
brehm_thierleben01_1864-5014-20	haeckel_weltraethsel_1899-3032-40	inferred	1	 	Eintagsfliege
brehm_thierleben01_1864-5014-20	holz_hamlet_1889-15-15	inferred	0	 	Eintagsfliege
brehm_thierleben01_1864-5014-20	holz_hamlet_1889-16-21	inferred	0	 	Eintagsfliege
brehm_thierleben01_1864-5014-20	holz_hamlet_1889-18-24	inferred	1	 	Eintagsfliege
brehm_thierleben01_1864-5014-20	klingemann_nachtwachen_1805-282-16	inferred	1	 	Eintagsfliege
brehm_thierleben01_1864-5014-20	menzel_literatur02_1828-2676-11	inferred	1	 	Eintagsfliege
brehm_thierleben01_1864-5014-20	nn_nrhz207i_1849-181-15	inferred	0	 	Eintagsfliege
brehm_thierleben01_1864-5014-20	nn_nrhz297b_1849-34-15	inferred	0	 	Eintagsfliege
brehm_thierleben01_1864-5014-20	rossmaessler_suesswasseraquarium_1857-638-23	inferred	1	 	Eintagsfliege
brehm_thierleben01_1864-5014-20	treitschke_geschichte05_1894-3174-13	inferred	0	 	Eintagsfliege
brehm_thierleben01_1864-5014-20	vogt_briefe01_1851-6608-2	inferred	1	 	Eintagsfliege
brehm_thierleben01_1864-5014-20	vogt_thierstaaten_1851-1326-16	inferred	1	 	Eintagsfliege
brehm_thierleben01_1864-5014-20	wilamowitz_aristoteles01_1893-1523-7	inferred	0	 	Eintagsfliege
brehm_thierleben06_1869-14181-31	brehm_thierleben06_1869-8742-14	inferred	1	 	Eintagsfliege
brehm_thierleben06_1869-14181-31	brehm_thierleben06_1869-8764-52	inferred	1	 	Eintagsfliege
brehm_thierleben06_1869-14181-31	frapan_fluegel_1895-2258-4	inferred	1	 	Eintagsfliege
brehm_thierleben06_1869-14181-31	haeckel_weltraethsel_1899-3032-40	inferred	1	 	Eintagsfliege
brehm_thierleben06_1869-14181-31	holz_hamlet_1889-15-15	inferred	0	 	Eintagsfliege
brehm_thierleben06_1869-14181-31	holz_hamlet_1889-16-21	inferred	0	 	Eintagsfliege
brehm_thierleben06_1869-14181-31	holz_hamlet_1889-18-24	inferred	1	 	Eintagsfliege
brehm_thierleben06_1869-14181-31	klingemann_nachtwachen_1805-282-16	inferred	1	 	Eintagsfliege
brehm_thierleben06_1869-14181-31	menzel_literatur02_1828-2676-11	inferred	1	 	Eintagsfliege
brehm_thierleben06_1869-14181-31	nn_nrhz207i_1849-181-15	inferred	0	 	Eintagsfliege
brehm_thierleben06_1869-14181-31	nn_nrhz297b_1849-34-15	inferred	0	 	Eintagsfliege
brehm_thierleben06_1869-14181-31	rossmaessler_suesswasseraquarium_1857-638-23	inferred	1	 	Eintagsfliege
brehm_thierleben06_1869-14181-31	treitschke_geschichte05_1894-3174-13	inferred	0	 	Eintagsfliege
brehm_thierleben06_1869-14181-31	vogt_briefe01_1851-6608-2	inferred	1	 	Eintagsfliege
brehm_thierleben06_1869-14181-31	vogt_thierstaaten_1851-1326-16	inferred	1	 	Eintagsfliege
brehm_thierleben06_1869-14181-31	wilamowitz_aristoteles01_1893-1523-7	inferred	0	 	Eintagsfliege
brehm_thierleben06_1869-8742-14	brehm_thierleben06_1869-8764-52	inferred	1	 	Eintagsfliege
brehm_thierleben06_1869-8742-14	frapan_fluegel_1895-2258-4	inferred	1	 	Eintagsfliege
brehm_thierleben06_1869-8742-14	haeckel_weltraethsel_1899-3032-40	inferred	1	 	Eintagsfliege
brehm_thierleben06_1869-8742-14	holz_hamlet_1889-15-15	inferred	0	 	Eintagsfliege
brehm_thierleben06_1869-8742-14	holz_hamlet_1889-16-21	inferred	0	 	Eintagsfliege
brehm_thierleben06_1869-8742-14	holz_hamlet_1889-18-24	inferred	1	 	Eintagsfliege
brehm_thierleben06_1869-8742-14	klingemann_nachtwachen_1805-282-16	inferred	1	 	Eintagsfliege
brehm_thierleben06_1869-8742-14	menzel_literatur02_1828-2676-11	inferred	1	 	Eintagsfliege
brehm_thierleben06_1869-8742-14	nn_nrhz207i_1849-181-15	inferred	0	 	Eintagsfliege
brehm_thierleben06_1869-8742-14	nn_nrhz297b_1849-34-15	inferred	0	 	Eintagsfliege
brehm_thierleben06_1869-8742-14	rossmaessler_suesswasseraquarium_1857-638-23	inferred	1	 	Eintagsfliege
brehm_thierleben06_1869-8742-14	treitschke_geschichte05_1894-3174-13	inferred	0	 	Eintagsfliege
brehm_thierleben06_1869-8742-14	vogt_briefe01_1851-6608-2	inferred	1	 	Eintagsfliege
brehm_thierleben06_1869-8742-14	vogt_thierstaaten_1851-1326-16	inferred	1	 	Eintagsfliege
brehm_thierleben06_1869-8742-14	wilamowitz_aristoteles01_1893-1523-7	inferred	0	 	Eintagsfliege
brehm_thierleben06_1869-8764-52	frapan_fluegel_1895-2258-4	inferred	1	 	Eintagsfliege
brehm_thierleben06_1869-8764-52	haeckel_weltraethsel_1899-3032-40	inferred	1	 	Eintagsfliege
brehm_thierleben06_1869-8764-52	holz_hamlet_1889-15-15	inferred	0	 	Eintagsfliege
brehm_thierleben06_1869-8764-52	holz_hamlet_1889-16-21	inferred	0	 	Eintagsfliege
brehm_thierleben06_1869-8764-52	holz_hamlet_1889-18-24	inferred	1	 	Eintagsfliege
brehm_thierleben06_1869-8764-52	klingemann_nachtwachen_1805-282-16	inferred	1	 	Eintagsfliege
brehm_thierleben06_1869-8764-52	menzel_literatur02_1828-2676-11	inferred	1	 	Eintagsfliege
brehm_thierleben06_1869-8764-52	nn_nrhz207i_1849-181-15	inferred	0	 	Eintagsfliege
brehm_thierleben06_1869-8764-52	nn_nrhz297b_1849-34-15	inferred	0	 	Eintagsfliege
brehm_thierleben06_1869-8764-52	rossmaessler_suesswasseraquarium_1857-638-23	inferred	1	 	Eintagsfliege
brehm_thierleben06_1869-8764-52	treitschke_geschichte05_1894-3174-13	inferred	0	 	Eintagsfliege
brehm_thierleben06_1869-8764-52	vogt_briefe01_1851-6608-2	inferred	1	 	Eintagsfliege
brehm_thierleben06_1869-8764-52	vogt_thierstaaten_1851-1326-16	inferred	1	 	Eintagsfliege
brehm_thierleben06_1869-8764-52	wilamowitz_aristoteles01_1893-1523-7	inferred	0	 	Eintagsfliege
frapan_fluegel_1895-2258-4	haeckel_weltraethsel_1899-3032-40	inferred	1	 	Eintagsfliege
frapan_fluegel_1895-2258-4	holz_hamlet_1889-15-15	inferred	0	 	Eintagsfliege
frapan_fluegel_1895-2258-4	holz_hamlet_1889-16-21	inferred	0	 	Eintagsfliege
frapan_fluegel_1895-2258-4	holz_hamlet_1889-18-24	inferred	1	 	Eintagsfliege
frapan_fluegel_1895-2258-4	klingemann_nachtwachen_1805-282-16	inferred	1	 	Eintagsfliege
frapan_fluegel_1895-2258-4	menzel_literatur02_1828-2676-11	inferred	1	 	Eintagsfliege
frapan_fluegel_1895-2258-4	nn_nrhz207i_1849-181-15	inferred	0	 	Eintagsfliege
frapan_fluegel_1895-2258-4	nn_nrhz297b_1849-34-15	inferred	0	 	Eintagsfliege
frapan_fluegel_1895-2258-4	rossmaessler_suesswasseraquarium_1857-638-23	inferred	1	 	Eintagsfliege
frapan_fluegel_1895-2258-4	treitschke_geschichte05_1894-3174-13	inferred	0	 	Eintagsfliege
frapan_fluegel_1895-2258-4	vogt_briefe01_1851-6608-2	inferred	1	 	Eintagsfliege
frapan_fluegel_1895-2258-4	vogt_thierstaaten_1851-1326-16	inferred	1	 	Eintagsfliege
frapan_fluegel_1895-2258-4	wilamowitz_aristoteles01_1893-1523-7	inferred	0	 	Eintagsfliege
haeckel_weltraethsel_1899-3032-40	holz_hamlet_1889-15-15	inferred	0	 	Eintagsfliege
haeckel_weltraethsel_1899-3032-40	holz_hamlet_1889-16-21	inferred	0	 	Eintagsfliege
haeckel_weltraethsel_1899-3032-40	holz_hamlet_1889-18-24	inferred	1	 	Eintagsfliege
haeckel_weltraethsel_1899-3032-40	klingemann_nachtwachen_1805-282-16	inferred	1	 	Eintagsfliege
haeckel_weltraethsel_1899-3032-40	menzel_literatur02_1828-2676-11	inferred	1	 	Eintagsfliege
haeckel_weltraethsel_1899-3032-40	nn_nrhz207i_1849-181-15	inferred	0	 	Eintagsfliege
haeckel_weltraethsel_1899-3032-40	nn_nrhz297b_1849-34-15	inferred	0	 	Eintagsfliege
haeckel_weltraethsel_1899-3032-40	rossmaessler_suesswasseraquarium_1857-638-23	inferred	1	 	Eintagsfliege
haeckel_weltraethsel_1899-3032-40	treitschke_geschichte05_1894-3174-13	inferred	0	 	Eintagsfliege
haeckel_weltraethsel_1899-3032-40	vogt_briefe01_1851-6608-2	inferred	1	 	Eintagsfliege
haeckel_weltraethsel_1899-3032-40	vogt_thierstaaten_1851-1326-16	inferred	1	 	Eintagsfliege
haeckel_weltraethsel_1899-3032-40	wilamowitz_aristoteles01_1893-1523-7	inferred	0	 	Eintagsfliege
holz_hamlet_1889-15-15	holz_hamlet_1889-16-21	inferred	1	 	Eintagsfliege
holz_hamlet_1889-15-15	holz_hamlet_1889-18-24	inferred	0	 	Eintagsfliege
holz_hamlet_1889-15-15	klingemann_nachtwachen_1805-282-16	inferred	0	 	Eintagsfliege
holz_hamlet_1889-15-15	menzel_literatur02_1828-2676-11	inferred	0	 	Eintagsfliege
holz_hamlet_1889-15-15	nn_nrhz207i_1849-181-15	inferred	1	 	Eintagsfliege
holz_hamlet_1889-15-15	nn_nrhz297b_1849-34-15	inferred	1	 	Eintagsfliege
holz_hamlet_1889-15-15	rossmaessler_suesswasseraquarium_1857-638-23	inferred	0	 	Eintagsfliege
holz_hamlet_1889-15-15	treitschke_geschichte05_1894-3174-13	inferred	1	 	Eintagsfliege
holz_hamlet_1889-15-15	vogt_briefe01_1851-6608-2	inferred	0	 	Eintagsfliege
holz_hamlet_1889-15-15	vogt_thierstaaten_1851-1326-16	inferred	0	 	Eintagsfliege
holz_hamlet_1889-15-15	wilamowitz_aristoteles01_1893-1523-7	inferred	1	 	Eintagsfliege
holz_hamlet_1889-16-21	holz_hamlet_1889-18-24	inferred	0	 	Eintagsfliege
holz_hamlet_1889-16-21	klingemann_nachtwachen_1805-282-16	inferred	0	 	Eintagsfliege
holz_hamlet_1889-16-21	menzel_literatur02_1828-2676-11	inferred	0	 	Eintagsfliege
holz_hamlet_1889-16-21	nn_nrhz207i_1849-181-15	inferred	1	 	Eintagsfliege
holz_hamlet_1889-16-21	nn_nrhz297b_1849-34-15	inferred	1	 	Eintagsfliege
holz_hamlet_1889-16-21	rossmaessler_suesswasseraquarium_1857-638-23	inferred	0	 	Eintagsfliege
holz_hamlet_1889-16-21	treitschke_geschichte05_1894-3174-13	inferred	1	 	Eintagsfliege
holz_hamlet_1889-16-21	vogt_briefe01_1851-6608-2	inferred	0	 	Eintagsfliege
holz_hamlet_1889-16-21	vogt_thierstaaten_1851-1326-16	inferred	0	 	Eintagsfliege
holz_hamlet_1889-16-21	wilamowitz_aristoteles01_1893-1523-7	inferred	1	 	Eintagsfliege
holz_hamlet_1889-18-24	klingemann_nachtwachen_1805-282-16	inferred	1	 	Eintagsfliege
holz_hamlet_1889-18-24	menzel_literatur02_1828-2676-11	inferred	1	 	Eintagsfliege
holz_hamlet_1889-18-24	nn_nrhz207i_1849-181-15	inferred	0	 	Eintagsfliege
holz_hamlet_1889-18-24	nn_nrhz297b_1849-34-15	inferred	0	 	Eintagsfliege
holz_hamlet_1889-18-24	rossmaessler_suesswasseraquarium_1857-638-23	inferred	1	 	Eintagsfliege
holz_hamlet_1889-18-24	treitschke_geschichte05_1894-3174-13	inferred	0	 	Eintagsfliege
holz_hamlet_1889-18-24	vogt_briefe01_1851-6608-2	inferred	1	 	Eintagsfliege
holz_hamlet_1889-18-24	vogt_thierstaaten_1851-1326-16	inferred	1	 	Eintagsfliege
holz_hamlet_1889-18-24	wilamowitz_aristoteles01_1893-1523-7	inferred	0	 	Eintagsfliege
klingemann_nachtwachen_1805-282-16	menzel_literatur02_1828-2676-11	inferred	1	 	Eintagsfliege
klingemann_nachtwachen_1805-282-16	nn_nrhz207i_1849-181-15	inferred	0	 	Eintagsfliege
klingemann_nachtwachen_1805-282-16	nn_nrhz297b_1849-34-15	inferred	0	 	Eintagsfliege
klingemann_nachtwachen_1805-282-16	rossmaessler_suesswasseraquarium_1857-638-23	inferred	1	 	Eintagsfliege
klingemann_nachtwachen_1805-282-16	treitschke_geschichte05_1894-3174-13	inferred	0	 	Eintagsfliege
klingemann_nachtwachen_1805-282-16	vogt_briefe01_1851-6608-2	inferred	1	 	Eintagsfliege
klingemann_nachtwachen_1805-282-16	vogt_thierstaaten_1851-1326-16	inferred	1	 	Eintagsfliege
klingemann_nachtwachen_1805-282-16	wilamowitz_aristoteles01_1893-1523-7	inferred	0	 	Eintagsfliege
menzel_literatur02_1828-2676-11	nn_nrhz207i_1849-181-15	inferred	0	 	Eintagsfliege
menzel_literatur02_1828-2676-11	nn_nrhz297b_1849-34-15	inferred	0	 	Eintagsfliege
menzel_literatur02_1828-2676-11	rossmaessler_suesswasseraquarium_1857-638-23	inferred	1	 	Eintagsfliege
menzel_literatur02_1828-2676-11	treitschke_geschichte05_1894-3174-13	inferred	0	 	Eintagsfliege
menzel_literatur02_1828-2676-11	vogt_briefe01_1851-6608-2	inferred	1	 	Eintagsfliege
menzel_literatur02_1828-2676-11	vogt_thierstaaten_1851-1326-16	inferred	1	 	Eintagsfliege
menzel_literatur02_1828-2676-11	wilamowitz_aristoteles01_1893-1523-7	inferred	0	 	Eintagsfliege
nn_nrhz207i_1849-181-15	nn_nrhz297b_1849-34-15	inferred	1	 	Eintagsfliege
nn_nrhz207i_1849-181-15	rossmaessler_suesswasseraquarium_1857-638-23	inferred	0	 	Eintagsfliege
nn_nrhz207i_1849-181-15	treitschke_geschichte05_1894-3174-13	inferred	1	 	Eintagsfliege
nn_nrhz207i_1849-181-15	vogt_briefe01_1851-6608-2	inferred	0	 	Eintagsfliege
nn_nrhz207i_1849-181-15	vogt_thierstaaten_1851-1326-16	inferred	0	 	Eintagsfliege
nn_nrhz207i_1849-181-15	wilamowitz_aristoteles01_1893-1523-7	inferred	1	 	Eintagsfliege
nn_nrhz297b_1849-34-15	rossmaessler_suesswasseraquarium_1857-638-23	inferred	0	 	Eintagsfliege
nn_nrhz297b_1849-34-15	treitschke_geschichte05_1894-3174-13	inferred	1	 	Eintagsfliege
nn_nrhz297b_1849-34-15	vogt_briefe01_1851-6608-2	inferred	0	 	Eintagsfliege
nn_nrhz297b_1849-34-15	vogt_thierstaaten_1851-1326-16	inferred	0	 	Eintagsfliege
nn_nrhz297b_1849-34-15	wilamowitz_aristoteles01_1893-1523-7	inferred	1	 	Eintagsfliege
rossmaessler_suesswasseraquarium_1857-638-23	treitschke_geschichte05_1894-3174-13	inferred	0	 	Eintagsfliege
rossmaessler_suesswasseraquarium_1857-638-23	vogt_briefe01_1851-6608-2	inferred	1	 	Eintagsfliege
rossmaessler_suesswasseraquarium_1857-638-23	vogt_thierstaaten_1851-1326-16	inferred	1	 	Eintagsfliege
rossmaessler_suesswasseraquarium_1857-638-23	wilamowitz_aristoteles01_1893-1523-7	inferred	0	 	Eintagsfliege
treitschke_geschichte05_1894-3174-13	vogt_briefe01_1851-6608-2	inferred	0	 	Eintagsfliege
treitschke_geschichte05_1894-3174-13	vogt_thierstaaten_1851-1326-16	inferred	0	 	Eintagsfliege
treitschke_geschichte05_1894-3174-13	wilamowitz_aristoteles01_1893-1523-7	inferred	1	 	Eintagsfliege
vogt_briefe01_1851-6608-2	vogt_thierstaaten_1851-1326-16	inferred	1	 	Eintagsfliege
vogt_briefe01_1851-6608-2	wilamowitz_aristoteles01_1893-1523-7	inferred	0	 	Eintagsfliege
vogt_thierstaaten_1851-1326-16	wilamowitz_aristoteles01_1893-1523-7	inferred	0	 	Eintagsfliege
