identifier	lemma	identifier_sense	comment	annotator
2532889X_1948-03-25_01_064.tcf.xml-33-25	Schmiere	sense4	 	annotatorA
vogt_briefe02_1851-5243-10	Schmiere	sense2	 	annotatorA
26120215_1965_01_28_01_054.tcf.xml-9-13	Schmiere	None	Verb “schmieren”	annotatorA
vogt_briefe02_1851-3388-33	Schmiere	sense2	 	annotatorA
nn_maehrisches42_1886-36-23	Schmiere	sense5	 	annotatorA
gerstner_mechanik01_1831-10633-26	Schmiere	sense0	 	annotatorA
nn_nrhz046_1848-619-7	Schmiere	sense6	 	annotatorA
parthey_jugenderinnerungen01_1871-367-12	Schmiere	sense0	 	annotatorA
brehm_thierleben03_1866-10964-18	Schmiere	None	Schmirn	annotatorA
kurz_sonnenwirth_1855-3945-7	Schmiere	None	Verb “schmieren”	annotatorA
gerstner_mechanik01_1831-10827-9	Schmiere	sense0	 	annotatorA
krafft_landwirthschaft01_1875-5229-26	Schmiere	None	Verb “schmieren”	annotatorA
2532889X_1980-08-06_01_070.tcf.xml-9-9	Schmiere	sense2	metaphorisch	annotatorA
2532889X_1953-05-22_01_048.tcf.xml-49-11	Schmiere	sense0	 	annotatorA
quenstedt_mineralogie_1854-4135-19	Schmiere	None	Verb “schmieren”	annotatorA
26120215_1950_02_07_01_232.tcf.xml-11-5	Schmiere	sense4	 	annotatorA
keller_sinngedicht_1882-843-62	Schmiere	None	Verb “schmieren”	annotatorA
26120215_1986_04_22_01_164.tcf.xml-2-49	Schmiere	sense4	 	annotatorA
2532889X_1980-05-03_01_425.tcf.xml-1-11	Schmiere	sense5	 	annotatorA
26120215_1949_03_24_01_039.tcf.xml-31-3	Schmiere	sense5	 	annotatorA
avelallemant_gaunerthum02_1858-1638-34	Schmiere	sense7	 	annotatorA
gerstner_mechanik03_1834-8218-15	Schmiere	sense0	 	annotatorA
gerstner_mechanik01_1831-10498-30	Schmiere	sense0	 	annotatorA
26120215_1959_04_08_01_090.tcf.xml-132-15	Schmiere	sense0	 	annotatorA
gerstner_mechanik01_1831-9110-24	Schmiere	sense0	 	annotatorA
26120215_1960_02_28_01_505.tcf.xml-41-6	Schmiere	sense4	 	annotatorA
gerstner_mechanik01_1831-9111-16	Schmiere	sense0	 	annotatorA
steub_tirol_1846-5814-19	Schmiere	None	“Schmirn”	annotatorA
brehm_thierleben05_1869-14677-12	Schmiere	None	Verb “schmieren”	annotatorA
2532889X_1964-10-20_01_024.tcf.xml-13-20	Schmiere	sense4	 	annotatorA
26120215_1956_12_16_02_189.tcf.xml-4-17	Schmiere	sense4	 	annotatorA
michelis_reiseschule_1869-635-38	Schmiere	sense0	 	annotatorA
2532889X_1956-03-29_01_132.tcf.xml-11-1	Schmiere	sense3	Verb “schmieren”	annotatorA
2532889X_1982-07-13_01_068.tcf.xml-22-16	Schmiere	sense1	 	annotatorA
2532889X_1960-08-12_01_026.tcf.xml-7-7	Schmiere	sense4	 	annotatorA
26120215_1953_11_01_02_360.tcf.xml-46-16	Schmiere	sense2	 	annotatorA
avelallemant_gaunerthum02_1858-1011-6	Schmiere	sense7	 	annotatorA
2532889X_1964-03-12_01_145.tcf.xml-165-4	Schmiere	None	Verb “schmieren”	annotatorA
2532889X_1956-12-09_01_069.tcf.xml-15-35	Schmiere	None	Verb “schmieren”	annotatorA
2532889X_1964-03-29_01_012.tcf.xml-16-7	Schmiere	None	Eigenname	annotatorA
26120215_1950_08_11_01_489.tcf.xml-2-22	Schmiere	None	Eigenname	annotatorA
avelallemant_gaunerthum02_1858-1638-6	Schmiere	sense7	 	annotatorA
2532889X_1966-10-02_01_199.tcf.xml-23-10	Schmiere	sense5	 	annotatorA
gerstner_mechanik01_1831-10932-1	Schmiere	sense0	 	annotatorA
26120215_1961_08_18_01_282.tcf.xml-28-13	Schmiere	sense4	 	annotatorA
26120215_1988_12_16_01_122.tcf.xml-28-31	Schmiere	sense5	 	annotatorA
avelallemant_gaunerthum02_1858-1636-79	Schmiere	None	?	annotatorA
2532889X_1962-06-09_01_129.tcf.xml-37-27	Schmiere	None	Verb “schmieren”	annotatorA
2532889X_1958-04-15_01_080.tcf.xml-16-21	Schmiere	None	Verb “schmieren”	annotatorA
vogt_briefe02_1851-4078-42	Schmiere	sense2	 	annotatorA
2532889X_1948-03-25_01_064.tcf.xml-33-25	Schmiere	sense4	 	annotatorB
vogt_briefe02_1851-5243-10	Schmiere	sense2	 	annotatorB
26120215_1965_01_28_01_054.tcf.xml-9-13	Schmiere	sense0	 	annotatorB
vogt_briefe02_1851-3388-33	Schmiere	sense0	 	annotatorB
nn_maehrisches42_1886-36-23	Schmiere	sense5	 	annotatorB
gerstner_mechanik01_1831-10633-26	Schmiere	sense0	 	annotatorB
nn_nrhz046_1848-619-7	Schmiere	sense6	 	annotatorB
parthey_jugenderinnerungen01_1871-367-12	Schmiere	sense2	 	annotatorB
brehm_thierleben03_1866-10964-18	Schmiere	None	Vogelart	annotatorB
kurz_sonnenwirth_1855-3945-7	Schmiere	sense0	 	annotatorB
gerstner_mechanik01_1831-10827-9	Schmiere	sense0	 	annotatorB
krafft_landwirthschaft01_1875-5229-26	Schmiere	sense0	 	annotatorB
2532889X_1980-08-06_01_070.tcf.xml-9-9	Schmiere	sense5	 	annotatorB
2532889X_1953-05-22_01_048.tcf.xml-49-11	Schmiere	sense0	 	annotatorB
quenstedt_mineralogie_1854-4135-19	Schmiere	sense0	 	annotatorB
26120215_1950_02_07_01_232.tcf.xml-11-5	Schmiere	sense4	 	annotatorB
keller_sinngedicht_1882-843-62	Schmiere	sense0	 	annotatorB
26120215_1986_04_22_01_164.tcf.xml-2-49	Schmiere	sense4	 	annotatorB
2532889X_1980-05-03_01_425.tcf.xml-1-11	Schmiere	None	 	annotatorB
26120215_1949_03_24_01_039.tcf.xml-31-3	Schmiere	sense5	 	annotatorB
avelallemant_gaunerthum02_1858-1638-34	Schmiere	sense7	 	annotatorB
gerstner_mechanik03_1834-8218-15	Schmiere	sense0	 	annotatorB
gerstner_mechanik01_1831-10498-30	Schmiere	sense0	 	annotatorB
26120215_1959_04_08_01_090.tcf.xml-132-15	Schmiere	sense0	 	annotatorB
gerstner_mechanik01_1831-9110-24	Schmiere	sense0	 	annotatorB
26120215_1960_02_28_01_505.tcf.xml-41-6	Schmiere	sense4	 	annotatorB
gerstner_mechanik01_1831-9111-16	Schmiere	sense0	 	annotatorB
steub_tirol_1846-5814-19	Schmiere	None	eine nicht relevante Ortsbezeichnung	annotatorB
brehm_thierleben05_1869-14677-12	Schmiere	sense0	 	annotatorB
2532889X_1964-10-20_01_024.tcf.xml-13-20	Schmiere	sense4	 	annotatorB
26120215_1956_12_16_02_189.tcf.xml-4-17	Schmiere	sense4	 	annotatorB
michelis_reiseschule_1869-635-38	Schmiere	sense0	 	annotatorB
2532889X_1956-03-29_01_132.tcf.xml-11-1	Schmiere	sense3	 	annotatorB
2532889X_1982-07-13_01_068.tcf.xml-22-16	Schmiere	sense5	 	annotatorB
2532889X_1960-08-12_01_026.tcf.xml-7-7	Schmiere	sense4	 	annotatorB
26120215_1953_11_01_02_360.tcf.xml-46-16	Schmiere	sense2	 	annotatorB
avelallemant_gaunerthum02_1858-1011-6	Schmiere	sense7	 	annotatorB
2532889X_1964-03-12_01_145.tcf.xml-165-4	Schmiere	sense0	 	annotatorB
2532889X_1956-12-09_01_069.tcf.xml-15-35	Schmiere	sense0	 	annotatorB
2532889X_1964-03-29_01_012.tcf.xml-16-7	Schmiere	sense5	 	annotatorB
26120215_1950_08_11_01_489.tcf.xml-2-22	Schmiere	None	Nachname	annotatorB
avelallemant_gaunerthum02_1858-1638-6	Schmiere	sense7	 	annotatorB
2532889X_1966-10-02_01_199.tcf.xml-23-10	Schmiere	sense5	 	annotatorB
gerstner_mechanik01_1831-10932-1	Schmiere	sense0	 	annotatorB
26120215_1961_08_18_01_282.tcf.xml-28-13	Schmiere	sense4	 	annotatorB
26120215_1988_12_16_01_122.tcf.xml-28-31	Schmiere	sense5	 	annotatorB
avelallemant_gaunerthum02_1858-1636-79	Schmiere	sense4	 	annotatorB
2532889X_1962-06-09_01_129.tcf.xml-37-27	Schmiere	sense0	 	annotatorB
2532889X_1958-04-15_01_080.tcf.xml-16-21	Schmiere	sense0	 	annotatorB
vogt_briefe02_1851-4078-42	Schmiere	sense0	 	annotatorB
2532889X_1948-03-25_01_064.tcf.xml-33-25	Schmiere	sense4	 	annotatorC
vogt_briefe02_1851-5243-10	Schmiere	sense1	 	annotatorC
26120215_1965_01_28_01_054.tcf.xml-9-13	Schmiere	sense0	 	annotatorC
vogt_briefe02_1851-3388-33	Schmiere	sense0	 	annotatorC
nn_maehrisches42_1886-36-23	Schmiere	sense5	 	annotatorC
gerstner_mechanik01_1831-10633-26	Schmiere	sense0	 	annotatorC
nn_nrhz046_1848-619-7	Schmiere	sense6	 	annotatorC
parthey_jugenderinnerungen01_1871-367-12	Schmiere	sense0	 	annotatorC
brehm_thierleben03_1866-10964-18	Schmiere	None	Hier gab es glaub einen Fehler bei der maschinellen Texterkennung	annotatorC
kurz_sonnenwirth_1855-3945-7	Schmiere	sense0	 	annotatorC
gerstner_mechanik01_1831-10827-9	Schmiere	sense0	 	annotatorC
krafft_landwirthschaft01_1875-5229-26	Schmiere	sense0	 	annotatorC
2532889X_1980-08-06_01_070.tcf.xml-9-9	Schmiere	sense3	 	annotatorC
2532889X_1953-05-22_01_048.tcf.xml-49-11	Schmiere	sense0	 	annotatorC
quenstedt_mineralogie_1854-4135-19	Schmiere	sense0	 	annotatorC
26120215_1950_02_07_01_232.tcf.xml-11-5	Schmiere	sense4	 	annotatorC
keller_sinngedicht_1882-843-62	Schmiere	sense6	 	annotatorC
26120215_1986_04_22_01_164.tcf.xml-2-49	Schmiere	sense4	 	annotatorC
2532889X_1980-05-03_01_425.tcf.xml-1-11	Schmiere	sense5	 	annotatorC
26120215_1949_03_24_01_039.tcf.xml-31-3	Schmiere	sense5	 	annotatorC
avelallemant_gaunerthum02_1858-1638-34	Schmiere	sense4	 	annotatorC
gerstner_mechanik03_1834-8218-15	Schmiere	sense0	 	annotatorC
gerstner_mechanik01_1831-10498-30	Schmiere	sense0	 	annotatorC
26120215_1959_04_08_01_090.tcf.xml-132-15	Schmiere	sense0	 	annotatorC
gerstner_mechanik01_1831-9110-24	Schmiere	sense0	 	annotatorC
26120215_1960_02_28_01_505.tcf.xml-41-6	Schmiere	sense4	 	annotatorC
gerstner_mechanik01_1831-9111-16	Schmiere	sense0	 	annotatorC
steub_tirol_1846-5814-19	Schmiere	None	Hier handelt es sich um eine Ortsbezeichnung und einen Fehler bei der maschinellen Texterkennung	annotatorC
brehm_thierleben05_1869-14677-12	Schmiere	sense0	 	annotatorC
2532889X_1964-10-20_01_024.tcf.xml-13-20	Schmiere	sense4	 	annotatorC
26120215_1956_12_16_02_189.tcf.xml-4-17	Schmiere	sense4	 	annotatorC
michelis_reiseschule_1869-635-38	Schmiere	sense0	 	annotatorC
2532889X_1956-03-29_01_132.tcf.xml-11-1	Schmiere	sense3	 	annotatorC
2532889X_1982-07-13_01_068.tcf.xml-22-16	Schmiere	sense5	 	annotatorC
2532889X_1960-08-12_01_026.tcf.xml-7-7	Schmiere	sense4	 	annotatorC
26120215_1953_11_01_02_360.tcf.xml-46-16	Schmiere	sense2	 	annotatorC
avelallemant_gaunerthum02_1858-1011-6	Schmiere	sense4	 	annotatorC
2532889X_1964-03-12_01_145.tcf.xml-165-4	Schmiere	sense0	 	annotatorC
2532889X_1956-12-09_01_069.tcf.xml-15-35	Schmiere	sense0	 	annotatorC
2532889X_1964-03-29_01_012.tcf.xml-16-7	Schmiere	sense5	 	annotatorC
26120215_1950_08_11_01_489.tcf.xml-2-22	Schmiere	None	Schmiere ist hier ein Name ohne bestimmtbare Bedeutung	annotatorC
avelallemant_gaunerthum02_1858-1638-6	Schmiere	sense4	 	annotatorC
2532889X_1966-10-02_01_199.tcf.xml-23-10	Schmiere	sense5	 	annotatorC
gerstner_mechanik01_1831-10932-1	Schmiere	sense0	 	annotatorC
26120215_1961_08_18_01_282.tcf.xml-28-13	Schmiere	sense4	 	annotatorC
26120215_1988_12_16_01_122.tcf.xml-28-31	Schmiere	sense5	 	annotatorC
avelallemant_gaunerthum02_1858-1636-79	Schmiere	sense4	 	annotatorC
2532889X_1962-06-09_01_129.tcf.xml-37-27	Schmiere	sense0	 	annotatorC
2532889X_1958-04-15_01_080.tcf.xml-16-21	Schmiere	sense0	 	annotatorC
vogt_briefe02_1851-4078-42	Schmiere	sense0	 	annotatorC
