lemma	pos	date	grouping	identifier	description	context	indexes_target_token	indexes_target_sentence	context_tokenized	indexes_target_token_tokenized	indexes_target_sentence_tokenized	context_lemmatized	context_pos	context_normalized
Schmiere	NN	1948	2	2532889X_1948-03-25_01_064.tcf.xml-33-25	 	Der 19 jährte Gerhard R. versuchte den Kühlwagen BeTlin 16320 eines auf dem Güterbahnhof Neukölln abgestellten Fletschzuges zu bestehlen, während drei Personen am Bahndamm Schmiere standen.	172:180	0:189	Der 19 jährte Gerhard R. versuchte den Kühlwagen BeTlin 16320 eines auf dem Güterbahnhof Neukölln abgestellten Fletschzuges zu bestehlen , während drei Personen am Bahndamm Schmiere standen .	25	0:28	d 19 jähren Gerhard R. versuchen d Kühlwagen Betlin 16320 eine auf d Guterbahnhof Neukölln abgestellt Fletschzug zu bestehlen , während drei Person am Bahndamm Schmiere stehen .	ART CARD VVFIN NE NE VVFIN ART NN NE CARD ART APPR ART NN NE ADJA NN PTKZU VVINF $, KOUS CARD NN APPRART NN NN VVFIN $.	
Schmiere	NN	1953	2	2532889X_1953-05-22_01_048.tcf.xml-49-11	 	„Der Qualm klebt wie eine schlei-¦ nige, fette Schmiere auf der Haut.	47:55	0:69	„ Der Qualm klebt wie eine schlei- ¦ nige , fette Schmiere auf der Haut .	11	0:16	„ d Qualm kleben wie eine schlei- ¦ Nige , fett Schmiere auf d Haut .	$( ART NN VVFIN KOKOM ART TRUNC $( NE $, ADJA NN APPR ART NN $.	
Schmiere	NN	1956	2	2532889X_1956-03-29_01_132.tcf.xml-11-1	 	Das Schmieren der Frontstadtprominenz in den vergangenen Jahren hat Oberjat und seine Komplicen eine größere Stange Geld gekostet als das jetzt festgelegte Strafmandat.	4:13	0:168	Das Schmieren der Frontstadtprominenz in den vergangenen Jahren hat Oberjat und seine Komplicen eine größere Stange Geld gekostet als das jetzt festgelegte Strafmandat .	1	0:24	d Schmiere d Frontstadtprominenz in d vergangen Jahr haben Oberjat und seine Komplice eine groß Stange Geld kosten als d jetzt festgelegt Strafemandat .	ART NN ART NN APPR ART ADJA NN VAFIN NE KON PPOSAT NN ART ADJA NN NN VVPP KOKOM ART ADV ADJA NN $.	
Schmiere	NN	1956	2	2532889X_1956-12-09_01_069.tcf.xml-15-35	 	Man muß dafür sorgen; i Es ist noch nicht ausreichend für den Winter gesorgt i, Wir verstehen nicht", meint z. B; der Schmierer Schulze, „warum wir das Fett zum Schmieren der Aggregate vom Abraumbetrieb und die Waschmittel für uns aus Roitzsch holen müssen.	161:170	0:257	Man muß dafür sorgen; i Es ist noch nicht ausreichend für den Winter gesorgt i , Wir verstehen nicht " , meint z. B ; der Schmierer Schulze , „ warum wir das Fett zum Schmieren der Aggregate vom Abraumbetrieb und die Waschmittel für uns aus Roitzsch holen müssen .	35	0:50	man müssen dafür sorgen; i es sein noch nicht ausreichend für d Winter sorgen i , wir verstehen nicht " , meinen z. B ; d Schmierer Schulze , „ warum wir d Fett zum Schmiere d Aggregat vom Abraumbetrieb und d Waschmittel für wir aus Roitzsch holen müssen .	PIS VMFIN PAV VVFIN PPER PPER VAFIN ADV PTKNEG ADJD APPR ART NN VVPP PPER $, PPER VVFIN PTKNEG $( $, VVFIN APPRART NN $. ART NN NE $, $( PWAV PPER ART NN APPRART NN ART NN APPRART NN KON ART NN APPR PPER APPR NE VVINF VMINF $.	
Schmiere	NN	1958	2	2532889X_1958-04-15_01_080.tcf.xml-16-21	 	Der kapitalistische Konkurrenzkampf verhinderte, daß aus dem alten Magdeburg auch Anlagen geliefert wurden, die zur Produktion hochwertiger öle zum Schmieren von Auto-und Flugzeugmotoren taugten.	148:157	0:195	Der kapitalistische Konkurrenzkampf verhinderte , daß aus dem alten Magdeburg auch Anlagen geliefert wurden , die zur Produktion hochwertiger öle zum Schmieren von Auto- und Flugzeugmotoren taugten .	21	0:28	d kapitalistisch Konkurrenzkampf verhindern , daß aus d alt Magdeburg auch Anlage liefern werden , die zur Produktion hochwertig ölen zum Schmiere von auto- und Flugzeugmotor taugen .	ART ADJA NN VVFIN $, KOUS APPR ART ADJA NE ADV NN VVPP VAFIN $, PRELS APPRART NN ADJA VVFIN APPRART NN APPR TRUNC KON NN VVFIN $.	
Schmiere	NN	1960	2	2532889X_1960-08-12_01_026.tcf.xml-7-7	 	Mutter von vier Kindern, die „Schmiere" stand, erklärte uns:	30:38	0:60	Mutter von vier Kindern , die „ Schmiere " stand , erklärte uns :	7	0:14	Mutter von vier Kind , d „ Schmiere " stehen , erklären wir :	NN APPR CARD NN $, ART $( NN $( VVFIN $, VVFIN PPER $.	
Schmiere	NN	1962	2	2532889X_1962-06-09_01_129.tcf.xml-37-27	 	Man versuchte mich zu trösten und meinte, derlei Austausche von Meinungen seien gang und gäbe, und im Grunde wären sie nur ein wenig öl zum Schmieren des nicht ganz einwandfrei laufenden Getriebes Stahlplatz— Gußputzerei.	140:149	0:221	Man versuchte mich zu trösten und meinte , derlei Austausche von Meinungen seien gang und gäbe , und im Grunde wären sie nur ein wenig öl zum Schmieren des nicht ganz einwandfrei laufenden Getriebes Stahlplatz— Gußputzerei .	27	0:37	man versuchen ich zu trösten und meinen , derlei Austausch von Meinung sein gang und geben , und im Grund sein sie nur eine wenig ölen zum Schmiere d nicht ganz einwandfrei laufend Getriebe stahlplatz— Gußputzerei .	PIS VVFIN PPER PTKZU VVINF KON VVFIN $, PIAT NN APPR NN VAFIN FM KON VVFIN $, KON APPRART NN VAFIN PPER ADV ART PIS VVFIN APPRART NN ART PTKNEG ADV ADJD ADJA NN ADJA NN $.	
Schmiere	NN	1964	2	2532889X_1964-03-12_01_145.tcf.xml-165-4	 	eignen sich besonders zum Schmieren von Ofentüren, Ventilen, Bolzen, Führungszapfen von Kunststoffpressen, Sicherheitszylinderschlössern, Wälz-und Gleitlagern, F 4202.F 4206 und F4256	26:35	0:183	eignen sich besonders zum Schmieren von Ofentüren , Ventilen , Bolzen , Führungszapfen von Kunststoffpressen , Sicherheitszylinderschlössern , Wälz- und Gleitlagern , F 4202.F 4206 und F4256	4	0:27	eignen sich besonders zum Schmiere von Ofentüre , Ventil , Bolzen , Führungszapfen von Kunststoffpresse , Sicherheitszylinderschloß , wälz- und Gleitlager , f 4202.f 4206 und F4256	VVFIN PRF ADV APPRART NN APPR NN $, NN $, NN $, NN APPR NN $, NN $, TRUNC KON NN $, XY CARD CARD KON NE	
Schmiere	NN	1964	2	2532889X_1964-03-29_01_012.tcf.xml-16-7	 	Der Direktor des Frankfurter Kabaretts „Die Schmiere".	44:52	0:54	Der Direktor des Frankfurter Kabaretts „ Die Schmiere " .	7	0:10	d Direktor d Frankfurter Kabarett „ d Schmiere " .	ART NN ART ADJA NN $( ART NN $( $.	
Schmiere	NN	1964	2	2532889X_1964-10-20_01_024.tcf.xml-13-20	 	Die Polizei greift schließlich nicht ein; well jJie selbst in diesen Fall verwickelt ist, weil sie nicht nur Schmiere stand* sondern aktiv rnit Waffen und Funksprechgeräten die Mörder unterstützte.	109:117	0:197	Die Polizei greift schließlich nicht ein ; well jJie selbst in diesen Fall verwickelt ist , weil sie nicht nur Schmiere stand* sondern aktiv rnit Waffen und Funksprechgeräten die Mörder unterstützte .	20	0:32	d Polizei greifen schließlich nicht ein ; well jjie selbst in diese Fall verwickeln sein , weil sie nicht nur Schmiere Stand* sondern aktiv rnit Waffe und Funksprechgerät d Mörder unterstützen .	ART NN VVFIN ADV PTKNEG PTKVZ $. FM FM ADV APPR PDAT NN VVPP VAFIN $, KOUS PPER PTKNEG ADV NN NE KON ADJD ADJA NN KON NN ART NN VVFIN $.	
Schmiere	NN	1966	2	2532889X_1966-10-02_01_199.tcf.xml-23-10	 	Das Publikum des Provinztheaters, um nicht zu sagen der Schmiere.	56:64	0:65	Das Publikum des Provinztheaters , um nicht zu sagen der Schmiere .	10	0:12	d Publikum d Provinztheater , um nicht zu sagen d Schmiere .	ART NN ART NN $, KOUI PTKNEG PTKZU VVINF ART NN $.	
Schmiere	NN	1980	2	2532889X_1980-05-03_01_425.tcf.xml-1-11	 	Mit knurrendem Magen spielte Hans Albers in seinen Anfängeriahren bei einer Schmiere den Valentin im „Faust. Während der Aufführung in einem Gasthof wurde im Saal serviert.	76:84	0:172	Mit knurrendem Magen spielte Hans Albers in seinen Anfängeriahren bei einer Schmiere den Valentin im „ Faust . Während der Aufführung in einem Gasthof wurde im Saal serviert .	11	0:29	mit knurrend Magen spielen Hans Albers in seine Anfängeriahren bei eine Schmiere d Valentin im „ Faust . während d Aufführung in eine Gasthof werden im Saal servieren .	APPR ADJA NN VVFIN NE NE APPR PPOSAT NN APPR ART NN ART NE APPRART $( NN $. KOUS ART NN APPR ART NN VAFIN APPRART NN VVPP $.	
Schmiere	NN	1980	2	2532889X_1980-08-06_01_070.tcf.xml-9-9	 	So tingelt er bis zum ersten Weltkrieg über die Schmieren der k. u. k.-Monarchie und wird nach dem Krieg in Wien engagiert.	48:57	0:123	So tingelt er bis zum ersten Weltkrieg über die Schmieren der k. u. k.-Monarchie und wird nach dem Krieg in Wien engagiert .	9	0:23	so tingeln er bis zum erst Weltkrieg über d Schmiere d k. u. k.-monarchie und werden nach d Krieg in Wien engagieren .	ADV VVFIN PPER ADV APPRART ADJA NN APPR ART NN ART ADJA XY XY KON VAFIN APPR ART NN APPR NE VVPP $.	
Schmiere	NN	1982	2	2532889X_1982-07-13_01_068.tcf.xml-22-16	 	Fritz Marquardt, Rolf Ludwig, Jürgen Heinrieh widerstanden weitgehend der Verlockung, einmal richtig „Schmiere" zu. machen, Die im Stück diskutierte Frage nach dem gesunden Kompromiß zwischen „ernsthafter" und „unterhaltender" Kunst beantwortete der Film nicht verbal, sondern gleichsam als Ganzes:	102:110	0:298	Fritz Marquardt , Rolf Ludwig , Jürgen Heinrieh widerstanden weitgehend der Verlockung , einmal richtig „ Schmiere " zu . machen , Die im Stück diskutierte Frage nach dem gesunden Kompromiß zwischen „ ernsthafter " und „ unterhaltender " Kunst beantwortete der Film nicht verbal , sondern gleichsam als Ganzes :	16	0:51	Fritz Marquardt , Rolf Ludwig , Jürgen Heinrieh widerstehen weitgehend d Verlockung , einmal richtig „ Schmiere " zu . machen , d im Stück diskutiert Frage nach d gesund Kompromiß zwischen „ ernsthaft " und „ unterhaltend " Kunst beantworten d Film nicht verbal , sondern gleichsam als Ganze :	NE NE $, NE NE $, NE NE VVPP ADJD ART NN $, ADV ADJD $( NN $( PTKVZ $. VVINF $, ART APPRART NN ADJA NN APPR ART ADJA NN APPR $( ADJA $( KON $( ADJA $( NN VVFIN ART NN PTKNEG ADJD $, KON ADJD KOKOM NN $.	
Schmiere	NN	1949	2	26120215_1949_03_24_01_039.tcf.xml-31-3	 	Von der „Schmiere" zum Deutschen Theater, eine Karriere ohne Beispiel.	9:17	0:70	Von der „ Schmiere " zum Deutschen Theater , eine Karriere ohne Beispiel .	3	0:14	von d „ Schmiere " zum deutsch Theater , eine Karriere ohne Beispiel .	APPR ART $( NN $( APPRART ADJA NN $, ART NN APPR NN $.	
Schmiere	NN	1950	2	26120215_1950_02_07_01_232.tcf.xml-11-5	 	Die Kinder der Portierfrau stehen Schmiere und helfen wohl auch mit.	34:42	0:68	Die Kinder der Portierfrau stehen Schmiere und helfen wohl auch mit .	5	0:12	d Kind d Portierfrau stehen Schmiere und helfen wohl auch mit .	ART NN ART NN VVFIN NN KON VVFIN ADV ADV PTKVZ $.	
Schmiere	NN	1950	2	26120215_1950_08_11_01_489.tcf.xml-2-22	 	Herr Schmiere, der von Gottes Gnaden ein Künstler, meint', es könnt nichts schaden, wenn er den schönen Namen Schmiere durch ein.accent aiqu verziere.	110:118	0:150	Herr Schmiere , der von Gottes Gnaden ein Künstler , meint' , es könnt nichts schaden , wenn er den schönen Namen Schmiere durch ein .accent aiqu verziere .	22	0:29	Herr Schmiere , die von Gott Gnade eine Künstler , Meint' , es können nichts schaden , wenn er d schön Namen Schmiere durch eine .accent Aiqu verzieren .	NN NN $, PRELS APPR NN NN ART NN $, NE $, PPER VVFIN PIS VVINF $, KOUS PPER ART ADJA NN NN APPR ART NE NE VVFIN $.	
Schmiere	NN	1953	2	26120215_1953_11_01_02_360.tcf.xml-46-16	 	Er fuhr sich mit der Hand übers Gesicht und merkte nicht, daß dort eine rötlich-graue Schmiere /urückblieb.	86:94	0:107	Er fuhr sich mit der Hand übers Gesicht und merkte nicht , daß dort eine rötlich-graue Schmiere /urückblieb .	16	0:19	er fahren sich mit d Hand übers Gesicht und merken nicht , daß dort eine rötlich-grau Schmiere /urückblieb .	PPER VVFIN PRF APPR ART NN APPRART NN KON VVFIN PTKNEG $, KOUS ADV ART ADJA NN NE $.	
Schmiere	NN	1956	2	26120215_1956_12_16_02_189.tcf.xml-4-17	 	Der bereits zehnmal Vorbestrafte hatte zu diesen Diebstählen seinen 13 Jahre alten Sohn mitgenommen, der „Schmiere" stehen und die Beute nach Hause tragen mußte.	106:114	0:161	Der bereits zehnmal Vorbestrafte hatte zu diesen Diebstählen seinen 13 Jahre alten Sohn mitgenommen , der „ Schmiere " stehen und die Beute nach Hause tragen mußte .	17	0:28	d bereits zehnmal Vorbestrafte haben zu diese Diebstahl seine 13 Jahr alt Sohn mitnehmen , d „ Schmiere " stehen und d Beute nach Haus tragen müssen .	ART ADV ADV NN VAFIN APPR PDAT NN PPOSAT CARD NN ADJA NN VVPP $, ART $( NN $( VVFIN KON ART NN APPR NN VVINF VMFIN $.	
Schmiere	NN	1959	2	26120215_1959_04_08_01_090.tcf.xml-132-15	 	Um eine bessere Qualität der Erzeugnisse zu erreichen, schlage ich außerdem vor, zum Schmieren der Preßformen mit Oxydwachs Spritzpistolen anzuschaffen, die ein gleichmäßiges Auftragen der Flüssigkeit gewährleisten.	85:94	0:215	Um eine bessere Qualität der Erzeugnisse zu erreichen , schlage ich außerdem vor , zum Schmieren der Preßformen mit Oxydwachs Spritzpistolen anzuschaffen , die ein gleichmäßiges Auftragen der Flüssigkeit gewährleisten .	15	0:31	um eine gut Qualität d Erzeugnis zu erreichen , schlagen ich außerdem vor , zum Schmiere d Preßform mit Oxydwachs Spritzpistole anschaffen , die eine gleichmäßig Auftragen d Flüßigkeit gewährleisten .	KOUI ART ADJA NN ART NN PTKZU VVINF $, VVFIN PPER PAV PTKVZ $, APPRART NN ART NN APPR NN NN VVIZU $, PRELS ART ADJA NN ART NN VVINF $.	
Schmiere	NN	1960	2	26120215_1960_02_28_01_505.tcf.xml-41-6	 	Seit Jahr und Tag standen Polizisten Schmiere, wenn die echten Ganoven Geldschränke knackten und Juweliergeschäfte ausraubten.	37:45	0:126	Seit Jahr und Tag standen Polizisten Schmiere , wenn die echten Ganoven Geldschränke knackten und Juweliergeschäfte ausraubten .	6	0:18	seit Jahr und Tag stehen Polizist Schmiere , wenn d echt Ganove Geldschrank knacken und Juweliergeschäft ausrauben .	APPR NN KON NN VVFIN NN NN $, KOUS ART ADJA NN NN VVFIN KON NN VVFIN $.	
Schmiere	NN	1961	2	26120215_1961_08_18_01_282.tcf.xml-28-13	 	Audi Streichhölzer stellte er zur Verfügung, und er hatte auf dem Flur Schmiere gestanden, damit der kleine Klaus un. gestört seine Tat begehen konnte.	71:79	0:151	Audi Streichhölzer stellte er zur Verfügung , und er hatte auf dem Flur Schmiere gestanden , damit der kleine Klaus un. gestört seine Tat begehen konnte .	13	0:27	Audi Streichholz stellen er zur Verfügung , und er haben auf d Flur Schmiere gestehen , damit d klein Klaus Un. stören seine Tat begehen können .	NE NN VVFIN PPER APPRART NN $, KON PPER VAFIN APPR ART NN NN VVPP $, KOUS ART ADJA NE NE VVPP PPOSAT NN VVINF VMFIN $.	
Schmiere	NN	1965	2	26120215_1965_01_28_01_054.tcf.xml-9-13	 	Bei der Deutschen Reichsbahn konnte durch Venwendung von THA die Frist für das Schmieren der Achsrollenlager von 50000 auf 400000 Fahrkilometer erhöht werden.	79:88	0:158	Bei der Deutschen Reichsbahn konnte durch Venwendung von THA die Frist für das Schmieren der Achsrollenlager von 50000 auf 400000 Fahrkilometer erhöht werden .	13	0:24	bei d deutsch Reichsbahn können durch Venwendung von Tha d Frist für d Schmiere d Achserollenlager von 50000 auf 400000 Fahrkilometer erhöhen werden .	APPR ART ADJA NN VMFIN APPR NE APPR NE ART NN APPR ART NN ART NN APPR CARD APPR CARD NN VVPP VAINF $.	
Schmiere	NN	1986	2	26120215_1986_04_22_01_164.tcf.xml-2-49	 	9.10 Aktuelle Kamera; 10.00 Festveranstaltung zum 40. Jahrestag des Vereinigungsparteitages und anläßlich des Abschlusses des XI. Parteitages der SED; 12.40 WM im Eishockey; 13.50 Wettlauf mit der Zeit; 14.25 Englisch; 14.55 Russisch: 16.50 Medizin nach Noten; 17.00 Nachrichten; 17.45 Einer stand Schmiere, Filmkomödie; 18.10 Verkehrskompaß; 18.15 Alles Trick; 18.40 Blickpunkt: Arbeitsschutz; 18.50 Sandmännchen; 19.00 Elternsprechstunde; 19.25 Wetter; 19.30 Aktuelle Kamera;	298:306	0:477	9.10 Aktuelle Kamera ; 10.00 Festveranstaltung zum 40. Jahrestag des Vereinigungsparteitages und anläßlich des Abschlusses des XI. Parteitages der SED ; 12.40 WM im Eishockey ; 13.50 Wettlauf mit der Zeit ; 14.25 Englisch ; 14.55 Russisch : 16.50 Medizin nach Noten ; 17.00 Nachrichten ; 17.45 Einer stand Schmiere , Filmkomödie ; 18.10 Verkehrskompaß ; 18.15 Alles Trick ; 18.40 Blickpunkt : Arbeitsschutz ; 18.50 Sandmännchen ; 19.00 Elternsprechstunde ; 19.25 Wetter ; 19.30 Aktuelle Kamera ;	49	0:78	9.10 aktuell Kamera ; 10.00 Festveranstaltung zum 40. Jahrestag d Vereinigungsparteitag und anläßlich d Abschluß d xi. Parteitag d Sed ; 12.40 wm im Eishockey ; 13.50 Wettlauf mit d Zeit ; 14.25 Englisch ; 14.55 russisch : 16.50 Medizin nach Note ; 17.00 Nachricht ; 17.45 eine stehen Schmiere , Filmkomödie ; 18.10 Verkehrskompaß ; 18.15 alle Trick ; 18.40 Blickpunkt : Arbeitsschutz ; 18.50 Sandmännchen ; 19.00 Elternsprechstunde ; 19.25 Wetter ; 19.30 aktuell Kamera ;	CARD ADJA NN $. CARD NN APPRART ADJA NN ART NN KON APPR ART NN ART ADJA NN ART NE $. CARD XY APPRART NN $. CARD NN APPR ART NN $. CARD NN $. CARD ADJD $. CARD NN APPR NN $. CARD NN $. CARD PIS VVFIN NN $, NN $. CARD NN $. CARD PIAT NN $. CARD NN $. NN $. CARD NN $. CARD NN $. CARD NN $. CARD ADJA NN $.	
Schmiere	NN	1988	2	26120215_1988_12_16_01_122.tcf.xml-28-31	 	Ihre hervorragende Begabung als „Komödiantin" bewies besonders anschaulich Elsa Grube-Deister als schrullige, schußlige Hausangestellte wie als leicht verschnupfte, aber auch versöhnbare „Mutter" dieser „Schmiere".	204:212	0:214	Ihre hervorragende Begabung als „ Komödiantin " bewies besonders anschaulich Elsa Grube- Deister als schrullige , schußlige Hausangestellte wie als leicht verschnupfte , aber auch versöhnbare „ Mutter " dieser „ Schmiere " .	31	0:34	ihr hervorragend Begabung als „ Komödiantin " beweisen besonders anschaulich Elsa grube- Deister als schrullig , schußlig Hausangestellte wie als leicht verschnupfen , aber auch versöhnbar „ Mutter " diese „ Schmiere " .	PPOSAT ADJA NN KOUS $( NN $( VVFIN ADV ADJD NE TRUNC NN KOUS ADJA $, ADJA NN KOKOM KOUS ADJD VVFIN $, ADV ADV ADJA $( NN $( PDAT $( NN $( $.	
Schmiere	NN	1858	1	avelallemant_gaunerthum02_1858-1011-6	 	Außerhalb des Hauses ist es den Schmiren meistens nicht sehr schwer, den in später Nacht vielleicht aus fröhlicher Gesellschaft zurückkehrenden Freier durch Fragen, Bemerkungen u. dgl. aufzuhalten.	32:40	0:197	Außerhalb des Hauſes iſt es den Schmiren meiſtens nicht ſehr ſchwer , den in ſpäter Nacht vielleicht aus fröhlicher Geſellſchaft zurückkehrenden Freier durch Fragen , Bemerkungen u. dgl. aufzuhalten .	6	0:30	außerhalb d Haus sein es d Schmiere meistens nicht sehr schwer , die in spät Nacht vielleicht aus fröhlich Gesellschaft zurückkehrend Freier durch Frage , Bemerkung u. Dgl. aufhalten .	APPR ART NN VAFIN PPER ART NN ADV PTKNEG ADV ADJD $, PRELS APPR ADJD NN ADV APPR ADJA NN ADJA NN APPR NN $, NN KON NN VVIZU $.	Außerhalb des Hauses ist es den Schmieren meistens nicht sehr schwer , den in später Nacht vielleicht aus fröhlicher Gesellschaft zurückkehrenden Freier durch Fragen , Bemerkungen u. dgl. aufzuhalten .
Schmiere	NN	1858	1	avelallemant_gaunerthum02_1858-1636-79	 	Die rohe Auffassung des Wortes Schmire — vom jüdischdeutschen Schmiro, Schmiruss (von, er hat bewacht, behütet), die Wache, Wacht, Wachthaus, Wachtposten, — hat nicht nur die falsche Schreibweise Schmiere, sondern auch die diesem sinnverwandten Wörter Butter und Käs (auch sogar Chäs) mit gleicher Bedeutung von Schmiro geschaffen, sodaß man für den Begriff Wache stehen und Wache ausstellen ebenso wol sagen kann: Schmire stehen, Schmire stellen, als Butter oder Käs stehen oder stellen.	431:438	0:488	Die rohe Auffaſſung des Wortes Schmire — vom jüdiſchdeutſchen Schmiro , Schmiruſſ ( von , er hat bewacht , behütet ) , die Wache , Wacht , Wachthaus , Wachtpoſten , — hat nicht nur die falſche Schreibweiſe Schmiere , ſondern auch die dieſem ſinnverwandten Wörter Butter und Käs ( auch ſogar Chäs ) mit gleicher Bedeutung von Schmiro geſchaffen , ſodaß man für den Begriff Wache ſtehen und Wache ausſtellen ebenſo wol ſagen kann : Schmire ſtehen , Schmire ſtellen , als Butter oder Käs ſtehen oder ſtellen .	79	0:90	d roh Auffaßung d Wort Schmiere -- vom jüdischdeutsch Schmiro , Schmiruss ( von , er haben bewachen , behüten ) , d Wache , Wacht , Wachthaus , Wachtposten , -- haben nicht nur d falsch Schreibweise Schmiere , sondern auch d diese sinnverwandt Wort Butter und Käse ( auch sogar Chäs ) mit gleich Bedeutung von Schmiro schaffen , sodaß man für d Begriff Wache stehen und Wache ausstellen ebenso wohl sagen können : Schmiere stehen , Schmiere stellen , als Butter oder Käse stehen oder stellen .	ART ADJA NN ART NN NN $( APPRART ADJA NE $, NE $( APPR $, PPER VAFIN VVPP $, VVFIN $( $, ART NN $, NN $, NN $, NN $, $( VAFIN PTKNEG ADV ART ADJA NN NN $, KON ADV ART PDAT ADJA NN NN KON NN $( ADV ADV NE $( APPR ADJA NN APPR NE VVPP $, KOUS PIS APPR ART NN NN VVINF KON NN VVINF ADV ADV VVINF VMFIN $. NN VVFIN $, NN VVINF $, KOKOM NN KON NN VVINF KON VVINF $.	Die rohe Auffassung des Wortes Schmiere -- vom jüdischdeutschen Schmiro , Schmiruss ( von , er hat bewacht , behütet ) , die Wache , Wacht , Wachthaus , Wachtposten , -- hat nicht nur die falsche Schreibweise Schmiere , sondern auch die diesem sinnverwandten Wörter Butter und Käse ( auch sogar Chäs ) mit gleicher Bedeutung von Schmiro geschaffen , sodaß man für den Begriff Wache stehen und Wache ausstellen ebenso wohl sagen kann : Schmiere stehen , Schmiere stellen , als Butter oder Käse stehen oder stellen .
Schmiere	NN	1858	1	avelallemant_gaunerthum02_1858-1638-34	 	Sehr oft müssen sich aber die Schmiren versteckt aufstellen, namentlich wenn in der Nähe ein Militärposten steht, oder Nachtwächter und Patrouillen häufig passiren; diese versteckten Schmiren werden mit dem Kunstausdruck betuchte Schmiren bezeichnet.	230:238	0:250	Sehr oft müſſen ſich aber die Schmiren verſteckt aufſtellen , namentlich wenn in der Nähe ein Militärpoſten ſteht , oder Nachtwächter und Patrouillen häufig paſſiren ; dieſe verſteckten Schmiren werden mit dem Kunſtausdruck betuchte Schmiren bezeichnet .	34	0:37	sehr oft müssen sich aber d Schmiere verstecken aufstellen , namentlich wenn in d Nähe eine Militärposten stehen , oder Nachtwächter und Patrouille häufig passieren ; diese versteckt Schmiere werden mit d Kunstausdruck betucht Schmiere bezeichnen .	ADV ADV VMFIN PRF ADV ART NN VVPP VVINF $, ADV KOUS APPR ART NN ART NN VVFIN $, KON NN KON NN ADJD VVINF $. PDAT ADJA NN VAFIN APPR ART NN ADJA NN VVPP $.	Sehr oft müssen sich aber die Schmieren versteckt aufstellen , namentlich wenn in der Nähe ein Militärposten steht , oder Nachtwächter und Patrouillen häufig passieren ; diese versteckten Schmieren werden mit dem Kunstausdruck betuchte Schmieren bezeichnet .
Schmiere	NN	1858	1	avelallemant_gaunerthum02_1858-1638-6	 	Sehr oft müssen sich aber die Schmiren versteckt aufstellen, namentlich wenn in der Nähe ein Militärposten steht, oder Nachtwächter und Patrouillen häufig passiren; diese versteckten Schmiren werden mit dem Kunstausdruck betuchte Schmiren bezeichnet.	30:38	0:250	Sehr oft müſſen ſich aber die Schmiren verſteckt aufſtellen , namentlich wenn in der Nähe ein Militärpoſten ſteht , oder Nachtwächter und Patrouillen häufig paſſiren ; dieſe verſteckten Schmiren werden mit dem Kunſtausdruck betuchte Schmiren bezeichnet .	6	0:37	sehr oft müssen sich aber d Schmiere verstecken aufstellen , namentlich wenn in d Nähe eine Militärposten stehen , oder Nachtwächter und Patrouille häufig passieren ; diese versteckt Schmiere werden mit d Kunstausdruck betucht Schmiere bezeichnen .	ADV ADV VMFIN PRF ADV ART NN VVPP VVINF $, ADV KOUS APPR ART NN ART NN VVFIN $, KON NN KON NN ADJD VVINF $. PDAT ADJA NN VAFIN APPR ART NN ADJA NN VVPP $.	Sehr oft müssen sich aber die Schmieren versteckt aufstellen , namentlich wenn in der Nähe ein Militärposten steht , oder Nachtwächter und Patrouillen häufig passieren ; diese versteckten Schmieren werden mit dem Kunstausdruck betuchte Schmieren bezeichnet .
Schmiere	NN	1866	1	brehm_thierleben03_1866-10964-18	 	Der Sperber oder Finkenhabicht, der Schwalben-, Sperlings-, Vogel-, Berg-, Stockstößer, Sprinz, Schmirn und wie er sonst noch heißt (Nisus communis) ist 1 Fuß lang und 2 Fuß breit; der Fittig mißt 7⅔, der Schwanz fast 6 Zoll.	96:103	0:225	Der Sperber oder Finkenhabicht , der Schwalben- , Sperlings- , Vogel- , Berg- , Stockſtößer , Sprinz , Schmirn und wie er ſonſt noch heißt ( Nisus communis ) iſt 1 Fuß lang und 2 Fuß breit ; der Fittig mißt 7⅔ , der Schwanz faſt 6 Zoll .	18	0:49	d Sperber oder Finkenhabicht , d schwalben- , sperlings- , vogel- , berg- , Stockstoß , Sbrinz , Schmiere und wie er sonst noch heißen ( nisus communis ) sein 1 Fuß lang und 2 Fuß breit ; d Fittich missen 7_2/3 , d Schwanz fast 6 Zoll .	ART NN KON NN $, ART TRUNC $, TRUNC $, TRUNC $, TRUNC $, NN $, NN $, NN KON PWAV PPER ADV ADV VVFIN $( FM FM $( VAFIN CARD NN ADJD KON CARD NN PTKVZ $. ART NN VVFIN NE $, ART NN ADV CARD NN $.	Der Sperber oder Finkenhabicht , der Schwalben- , Sperlings- , Vogel- , Berg- , Stockstöße , Sbrinz , Schmieren und wie er sonst noch heißt ( Nisus communis ) ist 1 Fuß lang und 2 Fuß breit ; der Fittich mißt 7 2/3  , der Schwanz fast 6 Zoll .
Schmiere	NN	1869	1	brehm_thierleben05_1869-14677-12	 	Aus der Leber bereitet man einen Thran, welchen man hauptsächlich zum Schmieren, seltener zum Beleuchten benutzt.	70:79	0:113	Aus der Leber bereitet man einen Thran , welchen man hauptſächlich zum Schmieren , ſeltener zum Beleuchten benutzt .	12	0:19	aus d Leber bereiten man eine Tran , welchen man hauptsächlich zum Schmiere , selten zum Beleuchten benutzen .	APPR ART NN VVFIN PIS ART NE $, PWAT PIS ADJD APPRART NN $, ADJD APPRART NN VVPP $.	Aus der Leber bereitet man einen Tran , welchen man hauptsächlich zum Schmieren , seltener zum Beleuchten benutzt .
Schmiere	NN	1831	1	gerstner_mechanik01_1831-10498-30	 	Der Ausdruck [Formel] wird desshalb bedeutend gross, weil M. Q den Reibungswiderstand an der Strasse vorstellt, wo also die Mittel zur Verminderung der Reibung, nämlich Abglättung, Schmieren etc. nicht anwendbar sind, und desshalb der Reibungscoeffizient den Werth M = ½ oder = ¾, zuweilen auch = 1 erhält.	181:190	0:306	Der Ausdruck [Formel] wird desshalb bedeutend gross , weil M. Q den Reibungswiderstand an der Strasse vorstellt , wo also die Mittel zur Verminderung der Reibung , nämlich Abglättung , Schmieren etc. nicht anwendbar sind , und desshalb der Reibungscoeffizient den Werth M = ½ oder = ¾ , zuweilen auch = 1 erhält .	30	0:55	d Ausdruck [formel] werden deshalb bedeutend groß , weil M. Q d Reibungswiderstand an d Straße vorstellen , wo also d Mittel zur Verminderung d Reibung , nämlich Abglättung , Schmiere etc. nicht anwendbar sein , und deshalb d Reibungskoeffizient d Wert m = ½ oder = ¾ , zuweilen auch = 1 erhalten .	ART NN XY VAFIN PAV ADJD ADJD $, KOUS NE NE ART NN APPR ART NN VVFIN $, PWAV ADV ART NN APPRART NN ART NN $, ADV NN $, NN ADV PTKNEG ADJD VAFIN $, KON PAV ART NN ART NN XY XY XY KON XY NE $, ADV ADV XY CARD VVFIN $.	Der Ausdruck [Formel] wird deshalb bedeutend groß , weil M. Q den Reibungswiderstand an der Straße vorstellt , wo also die Mittel zur Verminderung der Reibung , nämlich Abglättung , Schmieren etc. nicht anwendbar sind , und deshalb der Reibungskoeffizient den Wert M = ½ oder = ¾ , zuweilen auch = 1 erhält .
Schmiere	NN	1831	1	gerstner_mechanik01_1831-10633-26	 	Da solche Räder bei der Bewegung des Wagens auf den Achsen immer hin und her schwanken, so kann man wegen des nothwendigen Spielraumes keine flüssige Schmiere anwenden, und auch die gewöhnliche Schmiere geht sehr schnell verloren.	150:158	0:230	Da solche Räder bei der Bewegung des Wagens auf den Achsen immer hin und her schwanken , so kann man wegen des nothwendigen Spielraumes keine flüssige Schmiere anwenden , und auch die gewöhnliche Schmiere geht sehr schnell verloren .	26	0:39	da solch Rad bei d Bewegung d Wagen auf d Achse immer hin und her schwanken , so können man wegen d notwendig Spielraum keine flüssig Schmiere anwenden , und auch d gewöhnlich Schmiere gehen sehr schnell verlieren .	KOUS PIAT NN APPR ART NN ART NN APPR ART NN ADV ADV KON ADV VVINF $, ADV VMFIN PIS APPR ART ADJA NN PIAT ADJA NN VVINF $, KON ADV ART ADJA NN VVFIN ADV ADJD VVPP $.	Da solche Räder bei der Bewegung des Wagens auf den Achsen immer hin und her schwanken , so kann man wegen des notwendigen Spielraumes keine flüssige Schmiere anwenden , und auch die gewöhnliche Schmiere geht sehr schnell verloren .
Schmiere	NN	1831	1	gerstner_mechanik01_1831-10827-9	 	Dieses fasst beiläufig 15 Kubikzoll Oehl, die zur Schmiere einer Achse für mehrere Tage hinreichen.	50:58	0:99	Dieses fasst beiläufig 15 Kubikzoll Oehl , die zur Schmiere einer Achse für mehrere Tage hinreichen .	9	0:17	diese fassen beiläufig 15 Kubikzoll Öl , die zur Schmiere eine Achse für mehrere Tag hinreichen .	PDS VVFIN ADJD CARD NN NN $, PRELS APPRART NN ART NN APPR PIAT NN VVINF $.	Dieses fasst beiläufig 15 Kubikzoll Öl , die zur Schmiere einer Achse für mehrere Tage hinreichen .
Schmiere	NN	1831	1	gerstner_mechanik01_1831-10932-1	 	Zur Schmiere im Winter werden 4 gallons oder 30 ℔ Fischthran mit 26 ℔ russischem Talg geschmolzen; diese Schmiere ist daher flüssiger als die erste, und hat die Consistenz wie beiläufig unser Schmalz.	4:12	0:200	Zur Schmiere im Winter werden 4 gallons oder 30 ℔ Fischthran mit 26 ℔ russischem Talg geschmolzen ; diese Schmiere ist daher flüssiger als die erste , und hat die Consistenz wie beiläufig unser Schmalz .	1	0:36	zur Schmiere im Winter werden 4 Gallons oder 30 ℔ Fischtran mit 26 ℔ russisch Talg schmelzen ; diese Schmiere sein daher flüssig als d erst , und haben d Konsistenz wie beiläufig unsere Schmalz .	APPRART NN APPRART NN VAFIN CARD NE KON CARD NN NN APPR CARD NN ADJA NN VVPP $. PDAT NN VAFIN PAV ADJD KOKOM ART ADJA $, KON VAFIN ART NN KOKOM ADJD PPOSAT NN $.	Zur Schmiere im Winter werden 4 gallons oder 30 ℔ Fischtran mit 26 ℔ russischem Talg geschmolzen ; diese Schmiere ist daher flüssiger als die erste , und hat die Konsistenz wie beiläufig unser Schmalz .
Schmiere	NN	1831	1	gerstner_mechanik01_1831-9110-24	 	Das Einschmieren der Hölzer und Metalle geschieht übrigens am vortheilhaftesten unter einem grossen Drucke und bei geschwinder Bewegung, weil in diesem Falle die Schmiere viel leichter eindringt.	162:170	0:195	Das Einschmieren der Hölzer und Metalle geschieht übrigens am vortheilhaftesten unter einem grossen Drucke und bei geschwinder Bewegung , weil in diesem Falle die Schmiere viel leichter eindringt .	24	0:29	d Einschmieren d Holz und Metall geschehen übrigens am vorteilhaft unter eine groß Druck und bei geschwind Bewegung , weil in diese Falle d Schmiere viel leicht eindringen .	ART NN ART NN KON NN VVFIN ADV APPRART ADJA APPR ART ADJA NN KON APPR ADJA NN $, KOUS APPR PDAT NN ART NN ADV ADJD VVFIN $.	Das Einschmieren der Hölzer und Metalle geschieht übrigens am vorteilhaftesten unter einem großen Drucke und bei geschwinder Bewegung , weil in diesem Falle die Schmiere viel leichter eindringt .
Schmiere	NN	1831	1	gerstner_mechanik01_1831-9111-16	 	Wird eine sehr schmale oder schneidige Fläche auf einer andern Fläche fortgeschoben, so nützt die Schmiere weit weniger, als wenn die reibenden Flächen breit sind.	98:106	0:163	Wird eine sehr schmale oder schneidige Fläche auf einer andern Fläche fortgeschoben , so nützt die Schmiere weit weniger , als wenn die reibenden Flächen breit sind .	16	0:28	werden eine sehr schmal oder schneidig Fläche auf eine ander Fläche fortschieben , so nützen d Schmiere weit wenige , als wenn d reibend Fläche breit sein .	VAFIN ART ADV ADJA KON ADJA NN APPR ART ADJA NN VVPP $, ADV VVFIN ART NN ADJD PIS $, KOKOM KOUS ART ADJA NN ADJD VAFIN $.	Wird eine sehr schmale oder schneidige Fläche auf einer anderen Fläche fortgeschoben , so nützt die Schmiere weit weniger , als wenn die reibenden Flächen breit sind .
Schmiere	NN	1834	1	gerstner_mechanik03_1834-8218-15	 	So wurden z. B. alle Liederungen einen bis drei Tage vorher erneuert, die verschiedenen Schmieren eben so einige Zeit vorher aufgestrichen, die Wasserzugänge genau regulirt, und die Messapparate zu handhaben eingeübt u. s. w. Hierauf maass man mittelst kubischer Kästen alle einzelnen Wasserzugänge und regulirte nun den Gang der Maschine dergestalt, dass alle, an verschiedenen Punkten zudringende Grundwässer weggehoben wurden.	88:97	0:429	So wurden z. B. alle Liederungen einen bis drei Tage vorher erneuert , die verschiedenen Schmieren eben so einige Zeit vorher aufgestrichen , die Wasserzugänge genau regulirt , und die Messapparate zu handhaben eingeübt u. s. w. Hierauf maass man mittelst kubischer Kästen alle einzelnen Wasserzugänge und regulirte nun den Gang der Maschine dergestalt , dass alle , an verschiedenen Punkten zudringende Grundwässer weggehoben wurden .	15	0:66	so werden z. B. alle Liedrunge eine bis drei Tag vorher erneuern , d verschieden Schmiere eben so einige Zeit vorher aufstreichen , d Wasserzugang genau regulieren , und d Meßapparat zu handhaben einüben u. s. W. hierauf messen man mittels kubisch Kasten alle einzeln Wasserzugang und reguliert nun d Gang d Maschine dergestalt , dass alle , an verschieden Punkt zudringend Grundwasser wegheben werden .	ADV VAFIN APPRART NN PIAT NN ART APPR CARD NN ADV VVPP $, ART ADJA NN ADV ADV PIAT NN ADV VVPP $, ART NN ADJD VVFIN $, KON ART NN PTKZU VVINF VVPP KON VVIMP NN PAV VVFIN PIS APPR ADJA NN PIAT ADJA NN KON ADJA ADV ART NN ART NN ADV $, KOUS PIS $, APPR ADJA NN ADJA NN VVPP VAFIN $.	So wurden z. B. alle Liedrungen einen bis drei Tage vorher erneuert , die verschiedenen Schmieren eben so einige Zeit vorher aufgestrichen , die Wasserzugänge genau reguliert , und die Messapparate zu handhaben eingeübt u. s. w. Hierauf maß man mittels kubischer Kästen alle einzelnen Wasserzugänge und regulierte nun den Gang der Maschine dergestalt , dass alle , an verschiedenen Punkten zudringende Grundwässer weggehoben wurden .
Schmiere	NN	1882	1	keller_sinngedicht_1882-843-62	 	Reginen's Bildniß als phantastisch angeordneten Studienkopf, über Lebensgröße, mit theatralisch aufgebundenem Haar und einer dicken Perlenschnur darin, mit bloßem Nacken und gehüllt in einen Theatermantel von Hermelin und rothem Sammet, d. h. jener von Katzenpelz und dieser von Möbelplüsch, das Alles mit einer scheinbaren Frechheit gemalt, wie sie von gewissen Kunstjüngern mit unendlichem mühevollem Salben und Schmieren und ängstlicher Hand zuweilen erworben oder wenigstens geheuchelt wird.	414:423	0:495	Reginen's Bildniß als phantaſtiſch angeordneten Studienkopf , über Lebensgröße , mit theatraliſch aufgebundenem Haar und einer dicken Perlenſchnur darin , mit bloßem Nacken und gehüllt in einen Theatermantel von Hermelin und rothem Sammet , d. h. jener von Katzenpelz und dieſer von Möbelplüſch , das Alles mit einer ſcheinbaren Frechheit gemalt , wie ſie von gewiſſen Kunſtjüngern mit unendlichem mühevollem Salben und Schmieren und ängſtlicher Hand zuweilen erworben oder wenigſtens geheuchelt wird .	62	0:73	Reginen's Bildnis als phantastisch angeordnet Studiumkopf , über Lebensgröße , mit theatralisch aufgebinden Haar und eine dick Perlenschnur darin , mit bloß Nacken und hüllen in eine Theatermantel von Hermelin und rot Samt , d. h. jene von Katzenpelz und diese von Möbelplüsch , die alle mit eine scheinbar Frechheit malen , wie sie von gewiß Kunstjünger mit unendlich mühevoll Salbe und Schmiere und ängstlich Hand zuweilen erwerben oder wenigstens heucheln werden .	NE NN KOKOM ADJD ADJA NN $, APPR NN $, APPR ADJD ADJA NN KON ART ADJA NN PAV $, APPR ADJA NN KON VVPP APPR ART NN APPR NN KON ADJA NN $, PDS VVFIN PDS APPR NN KON PDAT APPR NN $, PRELS PIS APPR ART ADJA NN VVPP $, PWAV PPER APPR ADJA NN APPR ADJA ADJA NN KON NN KON ADJA NN ADV VVPP KON ADV VVPP VAFIN $.	Reginen's Bildnis als phantastisch angeordneten Studienkopf , über Lebensgröße , mit theatralisch aufgebundenem Haar und einer dicken Perlenschnur darin , mit bloßem Nacken und gehüllt in einen Theatermantel von Hermelin und rotem Samt , d. h. jener von Katzenpelz und dieser von Möbelplüsch , das Alles mit einer scheinbaren Frechheit gemalt , wie sie von gewissen Kunstjüngern mit unendlichem mühevollem Salben und Schmieren und ängstlicher Hand zuweilen erworben oder wenigstens geheuchelt wird .
Schmiere	NN	1875	1	krafft_landwirthschaft01_1875-5229-26	 	3. Nachdem die Maschine in der höchsten Stellung des Schneideapparates auf das Feld gebracht worden ist, wird sie nach Bedarf genau gestellt und nach dem Schmieren probeweise leer gefahren.	154:163	0:189	3. Nachdem die Maſchine in der höchſten Stellung des Schneideapparates auf das Feld gebracht worden iſt , wird ſie nach Bedarf genau geſtellt und nach dem Schmieren probeweiſe leer gefahren .	26	0:31	3. nachdem d Maschine in d hoch Stellung d Schneideapparat auf d Feld bringen werden sein , werden sie nach Bedarf genau stellen und nach d Schmiere probeweise leer fahren .	ADV KOUS ART NN APPR ART ADJA NN ART NN APPR ART NN VVPP VAPP VAFIN $, VAFIN PPER APPR NN ADJD VVPP KON APPR ART NN ADV ADJD VVPP $.	3. Nachdem die Maschine in der höchsten Stellung des Schneideapparates auf das Feld gebracht worden ist , wird sie nach Bedarf genau gestellt und nach dem Schmieren probeweise leer gefahren .
Schmiere	NN	1855	1	kurz_sonnenwirth_1855-3945-7	 	Du weißt ja, sagte er, Schmieren und Salben hilft allenthalben.	23:32	0:63	Du weißt ja , ſagte er , Schmieren und Salben hilft allenthalben .	7	0:13	du weißen ja , sagen er , Schmiere und Salbe helfen allenthalben .	PPER VVFIN ADV $, VVFIN PPER $, NN KON NN VVFIN ADV $.	Du weißt ja , sagte er , Schmieren und Salben hilft allenthalben .
Schmiere	NN	1869	1	michelis_reiseschule_1869-635-38	 	Um das Leder durchaus weich, geschmeidig und wasserdicht zu machen und so zu erhalten, inmitten der härtesten Prüfungen durch Regen, Eiswasser und Sonnenglut, genügt nicht eine flüchtige Bestreichung, sondern es muß mit sogenannter Schmiere bis zur Sättigung eingerieben und das Verfahren dann und wann wiederholt werden, zu welchem Behufe man etwas davon bei sich führt.	232:240	0:371	Um das Leder durchaus weich , geſchmeidig und waſſerdicht zu machen und ſo zu erhalten , inmitten der härteſten Prüfungen durch Regen , Eiswaſſer und Sonnenglut , genügt nicht eine flüchtige Beſtreichung , ſondern es muß mit ſogenannter Schmiere bis zur Sättigung eingerieben und das Verfahren dann und wann wiederholt werden , zu welchem Behufe man etwas davon bei ſich führt .	38	0:62	um d Leder durchaus weich , geschmeidig und wasserdicht zu machen und so zu erhalten , inmitten d hart Prüfung durch Regen , Eiswasser und Sonnenglut , genügen nicht eine flüchtig Bestreichung , sondern es müssen mit sogenannt Schmiere bis zur Sättigung einreiben und d Verfahren dann und wann wiederholt werden , zu welchem Behuf man etwas davon bei sich führen .	KOUI ART NN ADV ADJD $, ADJD KON ADJD PTKZU VVINF KON ADV PTKZU VVINF $, APPR ART ADJA NN APPR NN $, NN KON NN $, VVFIN PTKNEG ART ADJA NN $, KON PPER VMFIN APPR ADJA NN APPR APPRART NN VVPP KON ART NN ADV KON PWAV ADJD VAINF $, APPR PWAT NN PIS PIS PAV APPR PRF VVFIN $.	Um das Leder durchaus weich , geschmeidig und wasserdicht zu machen und so zu erhalten , inmitten der härtesten Prüfungen durch Regen , Eiswasser und Sonnenglut , genügt nicht eine flüchtige Bestreichung , sondern es muß mit sogenannter Schmiere bis zur Sättigung eingerieben und das Verfahren dann und wann wiederholt werden , zu welchem Behufe man etwas davon bei sich führt .
Schmiere	NN	1886	1	nn_maehrisches42_1886-36-23	 	Als „Principal“, wie als Schauspieler hatte er alle Verhältnisse des wechselvollen Lebens gründlich kennen gelernt, sich auf der „Schmiere“ wie am Hoftheater bewegt, heute den „Hamlet“ mit besonderem Erfolg in München und gleich darauf in seiner Posse:	130:138	0:252	Als „ Principal “ , wie als Schauſpieler hatte er alle Verhältniſſe des wechſelvollen Lebens gründlich kennen gelernt , ſich auf der „ Schmiere “ wie am Hoftheater bewegt , heute den „ Hamlet “ mit beſonderem Erfolg in München und gleich darauf in ſeiner Poſſe :	23	0:47	als " Prinzipal " , wie als Schauspieler haben er alle Verhältnis d wechselvoll Leben gründlich kennen lernen , sich auf d " Schmiere " wie am Hoftheater bewegen , heute d " Hamlet " mit besondere Erfolg in München und gleich darauf in seine Posse :	KOKOM $( NN $( $, PWAV KOKOM NN VAFIN PPER PIAT NN ART ADJA NN ADJD VVINF VVPP $, PRF APPR ART $( NN $( KOKOM APPRART NN VVFIN $, ADV ART $( NN $( APPR ADJA NN APPR NE KON ADV PAV APPR PPOSAT NN $.	Als " Prinzipal " , wie als Schauspieler hatte er alle Verhältnisse des wechselvollen Lebens gründlich kennen gelernt , sich auf der " Schmiere " wie am Hoftheater bewegt , heute den " Hamlet " mit besonderem Erfolg in München und gleich darauf in seiner Posse :
Schmiere	NN	1848	1	nn_nrhz046_1848-619-7	 	‒ Ihr Fr. womit Sie Ihre erbärmliche Schmiere unterzeichnet haben, soll das etwa Franzose heißen?	37:45	0:97	‒ Ihr Fr. womit Sie Ihre erbärmliche Schmiere unterzeichnet haben , soll das etwa Franzose heißen ?	7	0:17	- ihr Fr. womit sie ihr erbärmlich Schmiere unterzeichnen haben , sollen die etwa Franzose heißen ?	$( PPOSAT NN PWAV PPER PPOSAT ADJA NN VVPP VAFIN $, VMFIN PDS ADV NN VVINF $.	- Ihr Fr. womit Sie Ihre erbärmliche Schmiere unterzeichnet haben , soll das etwa Franzose heißen ?
Schmiere	NN	1871	1	parthey_jugenderinnerungen01_1871-367-12	 	Dieser trockne Qualm war mir nicht weniger zuwider als die vorher angewendete Schmiere, und ich suchte den Athem so lange anzuhalten, bis der ärgste Dunst sich verzogen.	78:86	0:169	Dieser trockne Qualm war mir nicht weniger zuwider als die vorher angewendete Schmiere , und ich suchte den Athem so lange anzuhalten , bis der ärgste Dunst sich verzogen .	12	0:30	diese trocken Qualm sein ich nicht wenige zuwider als d vorher angewendet Schmiere , und ich suchen d Atem so lange anhalten , bis d arg Dunst sich verziehen .	PDAT ADJA NN VAFIN PPER PTKNEG ADV ADJD KOKOM ART ADV ADJA NN $, KON PPER VVFIN ART NN ADV ADV VVIZU $, KOUS ART ADJA NN PRF VVPP $.	Dieser trockene Qualm war mir nicht weniger zuwider als die vorher angewendete Schmiere , und ich suchte den Atem so lange anzuhalten , bis der ärgste Dunst sich verzogen .
Schmiere	NN	1855	1	quenstedt_mineralogie_1854-4135-19	 	Immer fühlen sich jedoch die Stücke außerordentlich fettig an, so daß man das zu Mehl geriebene Material zum Schmieren von Holzmaschinen, Glätten des Leders rc. anwenden kann.	109:118	0:175	Immer fühlen ſich jedoch die Stücke außerordentlich fettig an , ſo daß man das zu Mehl geriebene Material zum Schmieren von Holzmaſchinen , Glätten des Leders ꝛc. anwenden kann .	19	0:30	immer fühlen sich jedoch d Stück außerordentlich fettig an , so daß man d zu Mehl gereiben Material zum Schmiere von Holzmaschine , Glätten d Leder etc. anwenden können .	ADV VVFIN PRF ADV ART NN ADJD ADJD PTKVZ $, ADV KOUS PIS ART PTKZU ADJA ADJA NN APPRART NN APPR NN $, NN ART NN ADV VVINF VMFIN $.	Immer fühlen sich jedoch die Stücke außerordentlich fettig an , so daß man das zu Mehl geriebene Material zum Schmieren von Holzmaschinen , Glätten des Leders etc. anwenden kann .
Schmiere	NN	1846	1	steub_tirol_1846-5814-19	 	Endlich führt der Steig wieder ins Freie, in eine schöne, hellgrüne Fläche, in das Thal von Schmirn, durch welches der Bach ruhig, silberglänzend dahin fließt.	92:99	0:159	Endlich führt der Steig wieder ins Freie , in eine schöne , hellgrüne Fläche , in das Thal von Schmirn , durch welches der Bach ruhig , silberglänzend dahin fließt .	19	0:31	endlich führen d Steig wieder ins Freie , in eine schön , hellgrün Fläche , in d Tal von Schmiere , durch welche d Bach ruhig , silberglänzend dahin fließen .	ADV VVFIN ART NN ADV APPRART NN $, APPR ART ADJA $, ADJA NN $, APPR ART NN APPR NN $, APPR PRELS ART NN ADJD $, ADJD PAV VVFIN $.	Endlich führt der Steige wieder ins Freie , in eine schöne , hellgrüne Fläche , in das Tal von Schmieren , durch welches der Bach ruhig , silberglänzend dahin fließt .
Schmiere	NN	1851	1	vogt_briefe02_1851-3388-33	 	Außer ihnen müssen wir noch eines besonderen Absonderungsorganes gedenken, der sogenannten Bürzeldrüse, welche in der äußeren Haut auf dem Rücken des Schwanzes unmittelbar an den Steuerfedern desselben liegt und eine fettige Schmiere absondert, womit die Vögel ihre Federn einzuölen pflegen.	225:233	0:291	Außer ihnen müſſen wir noch eines beſonderen Abſonderungsorganes gedenken , der ſogenannten Bürzeldrüſe , welche in der äußeren Haut auf dem Rücken des Schwanzes unmittelbar an den Steuerfedern deſſelben liegt und eine fettige Schmiere abſondert , womit die Vögel ihre Federn einzuölen pflegen .	33	0:44	außer sie müssen wir noch eine besondere Absonderungsorgan gedenken , d sogenannt Bürzeldrüse , welche in d äußer Haut auf d Rücken d Schwanz unmittelbar an d Steuerfeder dieselbe liegen und eine fettig Schmiere absondern , womit d Vogel ihr Feder einölen pflegen .	APPR PPER VMFIN PPER ADV ART ADJA NN VVINF $, ART ADJA NN $, PRELS APPR ART ADJA NN APPR ART NN ART NN ADJD APPR ART NN PDS VVFIN KON ART ADJA NN VVFIN $, PWAV ART NN PPOSAT NN VVIZU VVFIN $.	Außer ihnen müssen wir noch eines besonderen Absonderungsorganes gedenken , der sogenannten Bürzeldrüse , welche in der äußeren Haut auf dem Rücken des Schwanzes unmittelbar an den Steuerfedern desselben liegt und eine fettige Schmiere absondert , womit die Vögel ihre Federn einzuölen pflegen .
Schmiere	NN	1851	1	vogt_briefe02_1851-4078-42	 	Außer diesen Oberhautgebilden finden sich in der Haut der Säugethiere fast überall Schweißdrüsen, aus einem engen geschlängelten Ausführungsgange bestehend, der in der Tiefe der Haut mit einem Drüsenknäuel zusammenhängt, und weitere Talgdrüsen, die eine mehr oder minder fettige Schmiere absondern und gewöhnlich der Art in die Haarbälge einmünden, daß das Haar von ihrem Sekrete eingeölt wird.	279:287	0:394	Außer dieſen Oberhautgebilden finden ſich in der Haut der Säugethiere faſt überall Schweißdrüſen , aus einem engen geſchlängelten Ausführungsgange beſtehend , der in der Tiefe der Haut mit einem Drüſenknäuel zuſammenhängt , und weitere Talgdrüſen , die eine mehr oder minder fettige Schmiere abſondern und gewöhnlich der Art in die Haarbälge einmünden , daß das Haar von ihrem Sekrete eingeölt wird .	42	0:62	außer diese Oberhautgebilde finden sich in d Haut d Säugetier fast überall Schweißdrüse , aus eine eng geschlängelt Ausführungsgang bestehend , die in d Tiefe d Haut mit eine Drüsenknäuel zusammenhängen , und weit Talgdrüse , die eine mehr oder minder fettig Schmiere absondern und gewöhnlich d Art in d Haarbalge einmünden , daß d Haar von ihr Sekret einölen werden .	APPR PDAT NN VVFIN PRF APPR ART NN ART NN ADV ADV NN $, APPR ART ADJA ADJA NN ADJD $, PRELS APPR ART NN ART NN APPR ART NN VVFIN $, KON ADJA NN $, PRELS ART ADV KON ADV ADJA NN VVINF KON ADJD ART NN APPR ART NN VVINF $, KOUS ART NN APPR PPOSAT NN VVPP VAFIN $.	Außer diesen Oberhautgebilden finden sich in der Haut der Säugetiere fast überall Schweißdrüsen , aus einem engen geschlängelten Ausführungsgange bestehend , der in der Tiefe der Haut mit einem Drüsenknäuel zusammenhängt , und weitere Talgdrüsen , die eine mehr oder minder fettige Schmiere absondern und gewöhnlich der Art in die Haarbalge einmünden , daß das Haar von ihrem Sekrete eingeölt wird .
Schmiere	NN	1851	1	vogt_briefe02_1851-5243-10	 	Am After befindet sich eine Drüsentasche, die eine stinkige Schmiere absondert.	60:68	0:79	Am After befindet ſich eine Drüſentaſche , die eine ſtinkige Schmiere abſondert .	10	0:13	am after befinden sich eine Drüsentasche , die eine stinkig Schmiere absondern .	APPRART FM VVFIN PRF ART NN $, PRELS ART ADJA NN VVFIN $.	Am After befindet sich eine Drüsentasche , die eine stinkige Schmiere absondert .
