lemma	pos	date	grouping	identifier	description	context	indexes_target_token	indexes_target_sentence	context_tokenized	indexes_target_token_tokenized	indexes_target_sentence_tokenized	context_lemmatized	context_pos	context_normalized
Engpaß	NN	1947	2	2532889X_1947-06-10_01_049.tcf.xml-10-2	 	Ein weiterer Engpaß, den wir nur mit Mühe Oberwunden haben, war die schlechte Qualität ' unserer Zugkräfte.	13:19	0:107	Ein weiterer Engpaß , den wir nur mit Mühe Oberwunden haben , war die schlechte Qualität ' unserer Zugkräfte .	2	0:20	eine weit Engpaß , die wir nur mit Mühe Oberwunde haben , sein d schlecht Qualität ' unsere Zugkraft .	ART ADJA NN $, PRELS PPER ADV APPR NN NN VAFIN $, VAFIN ART ADJA NN $( PPOSAT NN $.	
Engpaß	NN	1948	2	2532889X_1948-02-05_01_130.tcf.xml-5-2	 	Als einen Engpaß der Demontage bezeichnete Minister Nölting das Problem der Verpackung der demontierten Maschinen.	10:16	0:114	Als einen Engpaß der Demontage bezeichnete Minister Nölting das Problem der Verpackung der demontierten Maschinen .	2	0:16	als eine Engpaß d Demontage bezeichnen Minister Nölting d Problem d Verpackung d demontiert Maschine .	KOUS ART NN ART NN VVFIN NN NE ART NN ART NN ART ADJA NN $.	
Engpaß	NN	1949	2	2532889X_1949-02-06_01_163.tcf.xml-82-15	 	Es sei selbstverständlich, daß jeder im Betrieb alle Kräfte mobilisiere, um Schwierigkeiten und Engpässe ZU überwinden.	96:104	0:119	Es sei selbstverständlich , daß jeder im Betrieb alle Kräfte mobilisiere , um Schwierigkeiten und Engpässe ZU überwinden .	15	0:19	es sein selbstverständlich , daß jede im Betrieb alle Kraft mobilisieren , um Schwierigkeit und Engpaß zu überwinden .	PPER VAFIN ADJD $, KOUS PIS APPRART NN PIAT NN VVFIN $, KOUI NN KON NN PTKZU VVINF $.	
Engpaß	NN	1949	2	2532889X_1949-04-06_01_054.tcf.xml-62-14	 	Natürlich ist Uns dabei bewußt daß sowohl die Baustoff-als auch die Transportfrage erhebliche Engpässe sind.	94:102	0:108	Natürlich ist Uns dabei bewußt daß sowohl die Baustoff- als auch die Transportfrage erhebliche Engpässe sind .	14	0:17	natürlich sein wir dabei bewußt daß sowohl d baustoff- als auch d Transportfrage erheblich Engpaß sein .	ADV VAFIN PPER PAV ADJD KOUS KON ART TRUNC KON ADV ART NN ADJA NN VAFIN $.	
Engpaß	NN	1949	2	2532889X_1949-07-16_01_087.tcf.xml-8-3	 	Um endlich diesen Engpaß zu überwinden, haben die Handwerker des Betriebes nach einer Produktionsbesprechune In zwei Tagen 250 Förderwagen überholt.	18:24	0:148	Um endlich diesen Engpaß zu überwinden , haben die Handwerker des Betriebes nach einer Produktionsbesprechune In zwei Tagen 250 Förderwagen überholt .	3	0:22	um endlich diese Engpaß zu überwinden , haben d Handwerker d Betrieb nach eine Produktionsbesprechune in zwei Tag 250 Förderwagen überholen .	KOUI ADV PDAT NN PTKZU VVINF $, VAFIN ART NN ART NN APPR ART NN APPR CARD NN CARD NN VVPP $.	
Engpaß	NN	1952	2	2532889X_1952-10-08_01_019.tcf.xml-357-9	 	Viele Ministerien setzen die Betriebskapazitäten mit Ausrichtung auf „Engpässe" in der Produktion fest; bei der Berechnung der Kapazitäten werden oft zu niedrige Normen für die Produktivität der Ausrüstung festgesetzt, es werden Arbeitsnormen für die Herstellung von Erzeugnissen ohne Berücksichtigung der fortschrittlichen Technologie und der vollkommneren Methoden der Arbeitsorganisation festgesetzt.	70:78	0:403	Viele Ministerien setzen die Betriebskapazitäten mit Ausrichtung auf „ Engpässe " in der Produktion fest ; bei der Berechnung der Kapazitäten werden oft zu niedrige Normen für die Produktivität der Ausrüstung festgesetzt , es werden Arbeitsnormen für die Herstellung von Erzeugnissen ohne Berücksichtigung der fortschrittlichen Technologie und der vollkommneren Methoden der Arbeitsorganisation festgesetzt .	9	0:54	viel Ministerium setzen d Betriebskapazität mit Ausrichtung auf „ Engpaß " in d Produktion fest ; bei d Berechnung d Kapazität werden oft zu niedrig Norm für d Produktivität d Ausrüstung festsetzen , es werden Arbeitsnorm für d Herstellung von Erzeugnis ohne Berücksichtigung d fortschrittlich Technologie und d vollkommneren Methode d Arbeitsorganisation festsetzen .	PIAT NN VVFIN ART NN APPR NN APPR $( NN $( APPR ART NN PTKVZ $. APPR ART NN ART NN VAFIN ADV APPR ADJA NN APPR ART NN ART NN VVPP $, PPER VAFIN NN APPR ART NN APPR NN APPR NN ART ADJA NN KON ART ADJA NN ART NN VVPP $.	
Engpaß	NN	1954	2	2532889X_1954-07-25_01_051.tcf.xml-19-14	 	So wichtig es auch ist, eine gute Organisation des Produktionsprozesses aufzubauen — „Engpässe" ein für allemal aus der Welt zu schaffen, dazu ist sie nicht in der Lage.	86:94	0:169	So wichtig es auch ist , eine gute Organisation des Produktionsprozesses aufzubauen — „ Engpässe " ein für allemal aus der Welt zu schaffen , dazu ist sie nicht in der Lage .	14	0:33	so wichtig es auch sein , eine gut Organisation d Produktionsprozeß aufbauen — „ Engpaß " eine für allemal aus d Welt zu schaffen , dazu sein sie nicht in d Lage .	ADV ADJD PPER ADV VAFIN $, ART ADJA NN ART NN VVIZU $( $( NN $( ART APPR ADV APPR ART NN PTKZU VVINF $, PAV VAFIN PPER PTKNEG APPR ART NN $.	
Engpaß	NN	1955	2	2532889X_1955-10-25_01_121.tcf.xml-58-16	 	Unsere Techniker versuchen immer wieder, neue, moderne Methoden anzuwenden und unsere Republik von bestimmten Engpässen	110:119	0:119	Unsere Techniker versuchen immer wieder , neue , moderne Methoden anzuwenden und unsere Republik von bestimmten Engpässen	16	0:17	unsere Techniker versuchen immer wieder , neu , modern Methode anwenden und unsere Republik von bestimmt Engpaß	PPOSAT NN VVFIN ADV ADV $, ADJA $, ADJA NN VVIZU KON PPOSAT NN APPR ADJA NN	
Engpaß	NN	1956	2	2532889X_1956-09-07_01_041.tcf.xml-18-6	 	Die neue Secura-Kleinregistrierkasse überbrückt den „Engpaß" in der Beschaffung von hochwertigen Kleinregistrierkassen, damit auch in den Ein-Mann-Verkaufsstellen, Kiosken und im ambulanten Handel eine Kontrolle durch die Registrierkassen erfolgen kann.	53:59	0:253	Die neue Secura-Kleinregistrierkasse überbrückt den „ Engpaß " in der Beschaffung von hochwertigen Kleinregistrierkassen , damit auch in den Ein-Mann-Verkaufsstellen , Kiosken und im ambulanten Handel eine Kontrolle durch die Registrierkassen erfolgen kann .	6	0:34	d neu Secura-Kleinregistrierkasse überbrücken d „ Engpaß " in d Beschaffung von hochwertig Kleinregistrierkasse , damit auch in d Ein-Mann-Verkaufsstelle , Kiosk und im ambulant Handel eine Kontrolle durch d Registrierkasse erfolgen können .	ART ADJA NN VVPP ART $( NN $( APPR ART NN APPR ADJA NN $, PAV ADV APPR ART NN $, NN KON APPRART ADJA NN ART NN APPR ART NN VVINF VMFIN $.	
Engpaß	NN	1958	2	2532889X_1958-09-27_01_157.tcf.xml-14-13	 	Daß von dieser Seite nicht alle Möglichkeiten ausgeschöpft wurden, damit nirgends ein Engpaß eintritt, ersieht man schon daraus. daß nicht einmal für die diesjährigen Schulabgänger genügend Arbeitskleidung vorhanden war.	86:92	0:220	Daß von dieser Seite nicht alle Möglichkeiten ausgeschöpft wurden , damit nirgends ein Engpaß eintritt , ersieht man schon daraus . daß nicht einmal für die diesjährigen Schulabgänger genügend Arbeitskleidung vorhanden war .	13	0:33	daß von diese Seite nicht alle Möglichkeit ausschöpfen werden , damit nirgends eine Engpaß eintreten , ersehen man schon daraus . daß nicht einmal für d diesjährig Schulabgänger genügen Arbeitskleidung vorhanden sein .	KOUS APPR PDAT NN PTKNEG PIAT NN VVPP VAFIN $, PAV ADV ART NN VVFIN $, VVFIN PIS ADV PAV $. KOUS PTKNEG ADV APPR ART ADJA NN PIAT NN ADJD VAFIN $.	
Engpaß	NN	1965	2	2532889X_1965-12-17_01_165.tcf.xml-376-25	 	Neben der weiteren vorrangigen Entwicklung der führenden Zweige auf dem Gebiet der Investitionen werden im Jahre 1966 gleichzeitig auch stärker als in den Vorjahren bestimmte Engpässe,	175:183	0:184	Neben der weiteren vorrangigen Entwicklung der führenden Zweige auf dem Gebiet der Investitionen werden im Jahre 1966 gleichzeitig auch stärker als in den Vorjahren bestimmte Engpässe ,	25	0:27	neben d weit vorrangig Entwicklung d führend Zweig auf d Gebiet d Investition werden im Jahr 1966 gleichzeitig auch stark als in d Vorjahr bestimmt Engpaß ,	APPR ART ADJA ADJA NN ART ADJA NN APPR ART NN ART NN VAFIN APPRART NN CARD ADJD ADV ADJD KOKOM APPR ART NN ADJA NN $,	
Engpaß	NN	1971	2	2532889X_1971-11-28_01_047.tcf.xml-25-13	 	Zehn Jugendfreunde aus dem Direktionsbereich Investitionen erklärten ihre Bereitschaft, an Wochenenden an Engpässen der Prodution bei Sonderschichten mitzuarbeiten.	106:115	0:164	Zehn Jugendfreunde aus dem Direktionsbereich Investitionen erklärten ihre Bereitschaft , an Wochenenden an Engpässen der Prodution bei Sonderschichten mitzuarbeiten .	13	0:20	zehn Jugendfreund aus d Direktionsbereich Investition erklären ihr Bereitschaft , an Wochenende an Engpaß d Prodution bei Sonderschichte mitarbeiten .	CARD NN APPR ART NN NN VVFIN PPOSAT NN $, APPR NN APPR NN ART NN APPR NN VVIZU $.	
Engpaß	NN	1972	2	2532889X_1972-04-14_01_342.tcf.xml-7-9	 	Auf der einen Seite ergeben sich da und dort Engpässe in der Materialversorgung, weil die Baustoffindustrie noch nicht richtig mitmarschiert.	45:53	0:141	Auf der einen Seite ergeben sich da und dort Engpässe in der Materialversorgung , weil die Baustoffindustrie noch nicht richtig mitmarschiert .	9	0:22	auf d eine Seite ergeben sich da und dort Engpaß in d Materialversorgung , weil d Baustoffindustrie noch nicht richtig mitmarschieren .	APPR ART ART NN VVFIN PRF ADV KON ADV NN APPR ART NN $, KOUS ART NN ADV PTKNEG ADJD VVPP $.	
Engpaß	NN	1973	2	2532889X_1973-09-22_01_089.tcf.xml-26-22	 	Betriebsfunk, Betriebszeitung, Vorträge von Fachleuten — alle erklären die notwendigen Schritte und werben um die besten Vorschläge zur Überwindung von Engpässen und Störfaktoren.	152:161	0:179	Betriebsfunk , Betriebszeitung , Vorträge von Fachleuten — alle erklären die notwendigen Schritte und werben um die besten Vorschläge zur Überwindung von Engpässen und Störfaktoren .	22	0:26	Betriebsfunk , Betriebszeitung , Vortrag von Fachleute — alle erklären d notwendig Schritt und werben um d gut Vorschlag zur Überwindung von Engpaß und Störfaktor .	NN $, NN $, NN APPR NN $( PIS VVFIN ART ADJA NN KON VVFIN APPR ART ADJA NN APPRART NN APPR NN KON NN $.	
Engpaß	NN	1976	2	2532889X_1976-06-22_01_063.tcf.xml-23-7	 	Der Magdeburger Baurrlechanisierungsbetrieb hat sich noch weiterer Engpässe der Baumaterialienindustrie angenommen: der Fertigung von Hohldielen, wie sie für fast alle niedrigen Bauwerke, für den Eigenheimbau sowie bei komplexen Werterhaltungsarbeiten erforderlich sind.	67:75	0:270	Der Magdeburger Baurrlechanisierungsbetrieb hat sich noch weiterer Engpässe der Baumaterialienindustrie angenommen : der Fertigung von Hohldielen , wie sie für fast alle niedrigen Bauwerke , für den Eigenheimbau sowie bei komplexen Werterhaltungsarbeiten erforderlich sind .	7	0:35	d Magdeburger Baurrlechanisierungsbetrieb haben sich noch weit Engpaß d Baumaterialindustrie annehmen : d Fertigung von Hohldielen , wie sie für fast alle niedrig Bauwerk , für d Eigenheimbau sowie bei komplex Werterhaltungsarbeit erforderlich sein .	ART ADJA NN VAFIN PRF ADV ADJA NN ART NN VVPP $. ART NN APPR NN $, PWAV PPER APPR ADV PIAT ADJA NN $, APPR ART NN KON APPR ADJA NN ADJD VAFIN $.	
Engpaß	NN	1947	2	26120215_1947_04_24_01_126.tcf.xml-7-9	 	Die RöhrenherstelluAq ist nach dem Zusammenbruch auch der schwierigste Engpaß der Rundfunkindustrie.	71:77	0:100	Die RöhrenherstelluAq ist nach dem Zusammenbruch auch der schwierigste Engpaß der Rundfunkindustrie .	9	0:13	d Röhrenherstelluaq sein nach d Zusammenbruch auch d schwierig Engpaß d Rundfunkindustrie .	ART NE VAFIN APPR ART NN ADV ART ADJA NN ART NN $.	
Engpaß	NN	1948	2	26120215_1948_08_13_01_091.tcf.xml-15-17	 	Fittlngs, Rohre und Armaturen aus Mipolam (hergestellt auf der Basis des Polyvinylchlorids) halfen manchen Engpaß überwinden. Phenoplaste (Verbindungen von Phenolen und Formaldehyd) liefern Preßmassen zu Baustoff und Konstruktionsmaterial und ersetzen mit Papier als Hartpapier oder Hartgewebe im Maschine nbau Gußeisen.	107:113	0:320	Fittlngs , Rohre und Armaturen aus Mipolam ( hergestellt auf der Basis des Polyvinylchlorids ) halfen manchen Engpaß überwinden. Phenoplaste ( Verbindungen von Phenolen und Formaldehyd ) liefern Preßmassen zu Baustoff und Konstruktionsmaterial und ersetzen mit Papier als Hartpapier oder Hartgewebe im Maschine nbau Gußeisen .	17	0:46	Fittlngs , Rohr und Armatur aus Mipolam ( herstellen auf d Basis d Polyvinylchlorid ) helfen manche Engpaß Überwinden. Phenoplaste ( Verbindung von Phenol und Formaldehyd ) liefern Preßmasse zu Baustoff und Konstruktionsmaterial und ersetzen mit Papier als Hartpapier oder Hartgewebe im Maschine nbau Gußeisen .	NE $, NN KON NN APPR NE $( VVPP APPR ART NN ART NN $( VVFIN PIAT NN NE NE $( NN APPR NN KON NN $( VVFIN NN APPR NN KON NN KON VVFIN APPR NN KOKOM NN KON NN APPRART NN ADJA NN $.	
Engpaß	NN	1948	2	26120215_1948_12_21_01_020.tcf.xml-6-1	 	Dieser Engpaß könne nur überwunden werden, wenn in kürzester Frist eme Wasserleitung von der Saale nach Unterwellenborn und im Werk einSO 000 cbm fassendes Wasserreservoir gebaut werden.	7:13	0:186	Dieser Engpaß könne nur überwunden werden , wenn in kürzester Frist eme Wasserleitung von der Saale nach Unterwellenborn und im Werk einSO 000 cbm fassendes Wasserreservoir gebaut werden .	1	0:29	diese Engpaß können nur überwinden werden , wenn in kurz Frist Eme Wasserleitung von d Saal nach Unterwellenborn und im Werk Einso 000 Cbm faßend Wasserreservoir bauen werden .	PDAT NN VMFIN ADV VVPP VAINF $, KOUS APPR ADJA NN NE NN APPR ART NN APPR NE KON APPRART NN NE CARD NN ADJA NN VVPP VAINF $.	
Engpaß	NN	1949	2	26120215_1949_10_22_01_196.tcf.xml-28-16	 	Es fehlt an vielen Dingen bei der BVG; Ersatzteile, Weichenanlagen sind auch jetzt noch Engpässe.	88:96	0:97	Es fehlt an vielen Dingen bei der BVG ; Ersatzteile , Weichenanlagen sind auch jetzt noch Engpässe .	16	0:18	es fehlen an viel Ding bei d Berliner_Verkehrsbetriebe ; Ersatzteil , Weichenanlage sein auch jetzt noch Engpaß .	PPER VVFIN APPR PIAT NN APPR ART NE $. NN $, NN VAFIN ADV ADV ADV NN $.	
Engpaß	NN	1970	2	26120215_1970_07_24_01_094.tcf.xml-56-11	 	Wie sonst hätten wir all die schwierigen wirtschaftlichen Probleme lösen, Engpässe überwinden, die wissenschaftlich-technische Revolution zu meistern vermocht!	74:82	0:159	Wie sonst hätten wir all die schwierigen wirtschaftlichen Probleme lösen , Engpässe überwinden , die wissenschaftlich-technische Revolution zu meistern vermocht !	11	0:21	wie sonst haben wir all d schwierig wirtschaftlich Problem lösen , Engpaß überwinden , d wissenschaftlich-technisch Revolution zu meistern vermögen !	PWAV ADV VAFIN PPER PIAT ART ADJA ADJA NN VVINF $, NN VVINF $, ART ADJA NN PTKZU VVINF VVPP $.	
Engpaß	NN	1971	2	26120215_1971_02_12_01_346.tcf.xml-34-7	 	Nur eine Analyse dieser Faktoren wird den Engpaß im betrieblichen Reproduktionsprozeß klar erkennen lassen.	42:48	0:107	Nur eine Analyse dieser Faktoren wird den Engpaß im betrieblichen Reproduktionsprozeß klar erkennen lassen .	7	0:15	nur eine Analyse diese Faktor werden d Engpaß im betrieblich Reproduktionsprozeß klar erkennen lassen .	ADV ART NN PDAT NN VAFIN ART NN APPRART ADJA NN ADJD VVINF VVINF $.	
Engpaß	NN	1976	2	26120215_1976_03_02_01_025.tcf.xml-160-22	 	Andererseits ist es uns im vergangenen Zeitraum nicht gelungen, eine Reihe von Problemen restlos zu losen und in der Volkswirtschaft vorhandene Engpässe zu beseitigen.	144:152	0:167	Andererseits ist es uns im vergangenen Zeitraum nicht gelungen , eine Reihe von Problemen restlos zu losen und in der Volkswirtschaft vorhandene Engpässe zu beseitigen .	22	0:26	andererseits sein es uns im vergangen Zeitraum nicht gelingen , eine Reihe von Problem restlos zu losen und in d Volkswirtschaft vorhanden Engpaß zu beseitigen .	ADV VAFIN PPER PRF APPRART ADJA NN PTKNEG VVPP $, ART NN APPR NN ADJD PTKZU VVINF KON APPR ART NN ADJA NN PTKZU VVINF $.	
Engpaß	NN	1977	2	26120215_1977_12_01_01_218.tcf.xml-48-22	 	Lkw, Bau-und Landmaschinen, Pumpstationen, Ziegeleien, Signal-und Sicherungsanlagen, kurzum Erzeugnisse, die bei der Überwindung jener Engpässe keine geringe Rolle spielen	135:143	0:171	Lkw , Bau- und Landmaschinen , Pumpstationen , Ziegeleien , Signal- und Sicherungsanlagen , kurzum Erzeugnisse , die bei der Überwindung jener Engpässe keine geringe Rolle spielen	22	0:27	Lkw , bau- und Landmaschine , Pumpstation , Ziegelei , signal- und Sicherungsanlage , kurzum Erzeugnis , die bei d Überwindung jen Engpaß keine gering Rolle spielen	NN $, TRUNC KON NN $, NN $, NN $, TRUNC KON NN $, ADV NN $, PRELS APPR ART NN PDAT NN PIAT ADJA NN VVINF	
Engpaß	NN	1978	2	26120215_1978_03_11_01_040.tcf.xml-35-10	 	Es ist ganz wichtig, daß ■ wir aus diesem Engpaß herauskommen.	42:48	0:62	Es ist ganz wichtig , daß ■ wir aus diesem Engpaß herauskommen .	10	0:13	es sein ganz wichtig , daß ■ wir aus diese Engpaß herauskommen .	PPER VAFIN ADV ADJD $, KOUS $( PPER APPR PDAT NN VVINF $.	
Engpaß	NN	1986	2	26120215_1986_09_08_01_015.tcf.xml-13-39	 	„Nachdem wir im Bereich Schweißerei, im Emaillierwerk und in der Endmontage in den letzten Jahren in großem Umfang rationalisiert haben, war es im Interesse künftiger hoher Zuwachsraten dringend erforderlich, auch in der Vorfertigung, einem Engpaß im Produktionsablauf, die Durchlaßfähigkeit zu erhöhen.	241:247	0:303	„ Nachdem wir im Bereich Schweißerei , im Emaillierwerk und in der Endmontage in den letzten Jahren in großem Umfang rationalisiert haben , war es im Interesse künftiger hoher Zuwachsraten dringend erforderlich , auch in der Vorfertigung , einem Engpaß im Produktionsablauf , die Durchlaßfähigkeit zu erhöhen .	39	0:48	„ nachdem wir im Bereich Schweißerei , im Emaillierwerk und in d Endemontage in d letzte Jahr in groß Umfang rationalisieren haben , sein es im Interesse künftig hoch Zuwachsrate dringend erforderlich , auch in d Vorfertigung , eine Engpaß im Produktionsablauf , d Durchlaßfähigkeit zu erhöhen .	$( KOUS PPER APPRART NN NN $, APPRART NN KON APPR ART NN APPR ART ADJA NN APPR ADJA NN VVPP VAFIN $, VAFIN PPER APPRART NN ADJA ADJA NN ADJD ADJD $, ADV APPR ART NN $, ART NN APPRART NN $, ART NN PTKZU VVINF $.	
Engpaß	NN	1864	1	brehm_thierleben01_1864-6441-1	 	Manche Engpässe durch waldreiche Schluchten sind berüchtigt wegen der Raubthaten des Tigers; Forbes versichert, daß ohne die große Furcht des Tigers vor dem Feuer kaum hier und da eine Verbindung im Lande möglich sein könne.	7:15	0:224	Manche Engpäſſe durch waldreiche Schluchten ſind berüchtigt wegen der Raubthaten des Tigers ; Forbes verſichert , daß ohne die große Furcht des Tigers vor dem Feuer kaum hier und da eine Verbindung im Lande möglich ſein könne .	1	0:38	manche Engpaß durch waldreich Schlucht sein berüchtigt wegen d Raubtat d Tiger ; Forbes versichern , daß ohne d groß Furcht d Tiger vor d Feuer kaum hier und da eine Verbindung im Land möglich sein können .	PIAT NN APPR ADJA NN VAFIN ADJD APPR ART NN ART NN $. NE VVFIN $, KOUS APPR ART ADJA NN ART NN APPR ART NN ADV ADV KON ADV ART NN APPRART NN ADJD VAINF VMFIN $.	Manche Engpässe durch waldreiche Schluchten sind berüchtigt wegen der Raubtaten des Tigers ; Forbes versichert , daß ohne die große Furcht des Tigers vor dem Feuer kaum hier und da eine Verbindung im Lande möglich sein könne .
Engpaß	NN	1833	1	droysen_alexander_1833-1874-35	 	Je wichtiger die freie Passage nach dem oberen Lande war, desto weniger konnte Alexander sie in den Händen eines so trotzigen Bergvolkes lassen; er ließ ihnen sagen, sie möchten nur in die Engpässe kommen, und sich dort ihr Theil holen.	189:197	0:236	Je wichtiger die freie Paſſage nach dem oberen Lande war , deſto weniger konnte Alexander ſie in den Händen eines ſo trotzigen Bergvolkes laſſen ; er ließ ihnen ſagen , ſie möchten nur in die Engpäſſe kommen , und ſich dort ihr Theil holen .	35	0:45	je wichtig d frei Passage nach d ober Land sein , desto wenige können Alexander sie in d Hand eine so trotzig Bergvolk lassen ; er lassen sie sagen , sie mögen nur in d Engpaß kommen , und sich dort ihr Teil holen .	ADV ADJD ART ADJA NN APPR ART ADJA NN VAFIN $, ADV ADV VMFIN NE PPER APPR ART NN ART ADV ADJA NN VVINF $. PPER VVFIN PPER VVFIN $, PPER VMFIN ADV APPR ART NN VVINF $, KON PRF ADV PPOSAT NN VVINF $.	Je wichtiger die freie Passage nach dem oberen Lande war , desto weniger konnte Alexander sie in den Händen eines so trotzigen Bergvolkes lassen ; er ließ ihnen sagen , sie möchten nur in die Engpässe kommen , und sich dort ihr Teil holen .
Engpaß	NN	1833	1	droysen_alexander_1833-2064-57	 	Den Marsch von Chaloo durch die Bergwälder, den Curtius zu bezeichnen vergißt, ergänzt Arrian (III. 23 c.): ὑπεϱβαλὼν τὰ πϱῶτα ὄϱη ist bei Chaloo, ἤει χαλεπὴν ὁδὸν καὶ δύσποϱον ist der Weg durch die Bergwaldung; διελϑὼν τὰ στενὰ ἐν τῷ πεδίῳ κατεστϱατοπέδευσεν πϱὸς ποταμῷ οὐ μεγάλῳ sind die zwanzig Stadien Engpaß, die Curtius bezeichnet, und vielleicht derselbe „Höllenpaß“, durch den Timur den Rebellen Iskender von Firuzkuh verfolgte (Chereffeddin IV. 2. p. 160 sqq.); erst jenseits des Passes läßt, nach Arrian, Alexander seine Truppen vier Tage im Lager, um die einzelnen Posten, die zurückgeblieben sind, an sich zu ziehen (Curtius scheint seine vier Tage Lagerung zu früh anzusetzen), und es dürfte dies ungefähr einen Marsch oberhalb Sari gewesen sein.	307:313	0:760	Den Marſch von Chaloo durch die Bergwälder , den Curtius zu bezeichnen vergißt , ergänzt Arrian ( III. 23 c. ) : ὑπεϱβαλὼν τὰ πϱῶτα ὄϱη iſt bei Chaloo , ἤει χαλεπὴν ὁδὸν καὶ δύσποϱον iſt der Weg durch die Bergwaldung ; διελϑὼν τὰ στενὰ ἐν τῷ πεδίῳ κατεστϱατοπέδευσεν πϱὸς ποταμῷ οὐ μεγάλῳ ſind die zwanzig Stadien Engpaß , die Curtius bezeichnet , und vielleicht derſelbe „ Höllenpaß “ , durch den Timur den Rebellen Iskender von Firuzkuh verfolgte ( Chereffeddin IV. 2. p. 160 sqq. ) ; erſt jenſeits des Paſſes läßt , nach Arrian , Alexander ſeine Truppen vier Tage im Lager , um die einzelnen Poſten , die zurückgeblieben ſind , an ſich zu ziehen ( Curtius ſcheint ſeine vier Tage Lagerung zu früh anzuſetzen ) , und es dürfte dies ungefähr einen Marſch oberhalb Sari geweſen ſein .	57	0:142	d Marsch von Chaloo durch d Bergwald , d Curtius zu bezeichnen vergessen , ergänzen Arrian ( Iii. 23 C. ) : ὑπεϱβαλὼν τὰ πϱῶτα ὄϱη sein bei Chaloo , ἤει χαλεπὴν ὁδὸν καὶ δύσποϱον sein d Weg durch d Bergwaldung ; διελϑὼν τὰ στενὰ ἐν τῷ πεδίῳ κατεστϱατοπέδευσεν πϱὸς ποταμῷ οὐ μεγάλῳ sein d zwanzig Stadion Engpaß , die Curtius bezeichnen , und vielleicht dieselbe " Höllenpaß " , durch d Timur d Rebell Iskender von Firuzkuh verfolgen ( Chereffeddin Iv. 2. P. 160 sqq. ) ; erst jenseits d Paß lassen , nach Arrian , Alexander seine Truppe vier Tag im Lager , um d einzeln Posten , die zurückbleiben sein , an sich zu ziehen ( Curtius scheinen seine vier Tag Lagerung zu früh ansetzen ) , und es dürfen diese ungefähr eine Marsch oberhalb Sari sein sein .	ART NN APPR NE APPR ART NN $, ART NE PTKZU VVINF VVFIN $, VVFIN NE $( NE CARD NE $( $. FM FM FM FM VAFIN APPR NE $, FM FM FM FM FM VAFIN ART NN APPR ART NN $. FM FM FM FM FM FM FM FM FM FM FM VAFIN ART CARD NN NN $, PRELS NE VVPP $, KON ADV PDAT $( NN $( $, APPR ART NN ART NN NE APPR NE VVFIN $( NE NE ADJA NN CARD XY $( $. ADV APPR ART NN VVFIN $, APPR NE $, NE PPOSAT NN CARD NN APPRART NN $, KOUI ART ADJA NN $, PRELS VVPP VAFIN $, APPR PRF PTKZU VVINF $( NE VVFIN PPOSAT CARD NN NN APPR ADJD VVIZU $( $, KON PPER VMFIN PDS ADJD ART NN APPR NE VAPP VAINF $.	Den Marsch von Chaloo durch die Bergwälder , den Curtius zu bezeichnen vergißt , ergänzt Arrian ( III. 23 c. ) : ὑπεϱβαλὼν τὰ πϱῶτα ὄϱη ist bei Chaloo , ἤει χαλεπὴν ὁδὸν καὶ δύσποϱον ist der Weg durch die Bergwaldung ; διελϑὼν τὰ στενὰ ἐν τῷ πεδίῳ κατεστϱατοπέδευσεν πϱὸς ποταμῷ οὐ μεγάλῳ sind die zwanzig Stadien Engpaß , die Curtius bezeichnet , und vielleicht derselbe " Höllenpaß " , durch den Timur den Rebellen Iskender von Firuzkuh verfolgte ( Chereffeddin IV. 2. p. 160 sqq. ) ; erst jenseits des Passes läßt , nach Arrian , Alexander seine Truppen vier Tage im Lager , um die einzelnen Posten , die zurückgeblieben sind , an sich zu ziehen ( Curtius scheint seine vier Tage Lagerung zu früh anzusetzen ) , und es dürfte dies ungefähr einen Marsch oberhalb Sari gewesen sein .
Engpaß	NN	1833	1	droysen_alexander_1833-2077-10	 	Alexander erkannte die außerordentliche Wichtigkeit der Hyrkanischen Satrapie, ihrer Engpässe, ihrer hafenreichen Küsten, ihrer zum Schiffbau trefflichen Waldungen; schon jetzt mochte ihn der große Plan einer Kaspischen Flotte, eines Verkehrs zwischen diesen Küsten und dem Osten Asiens, einer Entdeckungsfahrt in diesem Meere beschäftigen; noch mehr als dies forderte die Communication zwischen den bisherigen Eroberungen und den weiteren Heereszügen vollkommene Besitznahme dieser paßreichen Gebirgslandschaft, die das Südufer des Kaspischen Meeres beherrscht; Alexander hatte sich eben jetzt der Pässe der Tapurischen Distrikte versichert; Parmenion war beauftragt, mit dem Corps, das in Medien stand, im nächsten Frühling durch das nördliche Medien und die Kaspischen Westpässe im Lande der Kadusier nach dem Meeresstrande hinabzurücken, um die Straße, welche Armenien und Medien mit dem Thale des Kur und dem Kaspischen Meere verbindet, zu öffnen; er sollte von dort aus, am Strande entlang, nach Hyrkanien und weiter der großen Armee nachziehen. Die Pässe von Pyl-Rudbar, die aus Medien am Amardusstrom hinab zum Meere führen, und welche durch das kriegerische und raublüsterne Bergvolk der Amardier gesperrt wurden, beschloß Alexander durch einen Streifzug gegen diese Amardier sofort zu öffnen. Während die Hauptmasse des Heeres im Lager von Arvas zurückblieb, zog er selbst an der Spitze der Hypaspisten, der Phalangen Könus und Amyntas, einiger Rittergeschwader und mehrerer leichter Corps gen Westen; die Amardier, im Vertrauen auf die Unzugänglichkeit ihrer Berge, da noch nie ein Feind in ihre Wälder eingedrungen war, hatten sich bisher um die Macedonier nicht viel gekümmert; da rückte Alexander von der Ebene heran; die nächsten Ortschaften wurden genommen, die Bewohner flüchteten sich in die waldigen Gebirge.	85:93	0:1827	Alexander erkannte die außerordentliche Wichtigkeit der Hyrkaniſchen Satrapie , ihrer Engpäſſe , ihrer hafenreichen Küſten , ihrer zum Schiffbau trefflichen Waldungen ; ſchon jetzt mochte ihn der große Plan einer Kaspiſchen Flotte , eines Verkehrs zwiſchen dieſen Küſten und dem Oſten Aſiens , einer Entdeckungsfahrt in dieſem Meere beſchäftigen ; noch mehr als dies forderte die Communication zwiſchen den bisherigen Eroberungen und den weiteren Heereszügen vollkommene Beſitznahme dieſer paßreichen Gebirgslandſchaft , die das Südufer des Kaspiſchen Meeres beherrſcht ; Alexander hatte ſich eben jetzt der Päſſe der Tapuriſchen Diſtrikte verſichert ; Parmenion war beauftragt , mit dem Corps , das in Medien ſtand , im nächſten Frühling durch das nördliche Medien und die Kaspiſchen Weſtpäſſe im Lande der Kaduſier nach dem Meeresſtrande hinabzurücken , um die Straße , welche Armenien und Medien mit dem Thale des Kur und dem Kaspiſchen Meere verbindet , zu öffnen ; er ſollte von dort aus , am Strande entlang , nach Hyrkanien und weiter der großen Armee nachziehen . Die Päſſe von Pyl-Rudbar , die aus Medien am Amardusſtrom hinab zum Meere führen , und welche durch das kriegeriſche und raublüſterne Bergvolk der Amardier geſperrt wurden , beſchloß Alexander durch einen Streifzug gegen dieſe Amardier ſofort zu öffnen . Während die Hauptmaſſe des Heeres im Lager von Arvas zurückblieb , zog er ſelbſt an der Spitze der Hypaspiſten , der Phalangen Könus und Amyntas , einiger Rittergeſchwader und mehrerer leichter Corps gen Weſten ; die Amardier , im Vertrauen auf die Unzugänglichkeit ihrer Berge , da noch nie ein Feind in ihre Wälder eingedrungen war , hatten ſich bisher um die Macedonier nicht viel gekümmert ; da rückte Alexander von der Ebene heran ; die nächſten Ortſchaften wurden genommen , die Bewohner flüchteten ſich in die waldigen Gebirge .	10	0:295	Alexander erkennen d außerordentlich Wichtigkeit d hyrkanischen Satrapie , ihr Engpaß , ihr hafenreich Küste , ihr zum Schiffbau trefflich Waldung ; schon jetzt mögen er d groß Plan eine kaspisch Flotte , eine Verkehr zwischen diese Küste und d Osten Asien , eine Entdeckungsfahrt in diese Meer beschäftigen ; noch mehr als diese fordern d Kommunikation zwischen d bisherig Eroberung und d weit Heereszug vollkommen Besitznahme diese paßreich Gebirgeslandschaft , die d Südufer d kaspisch Meer beherrschen ; Alexander haben sich eben jetzt d Paß d Tapurisechen Distrikt versichern ; Parmenion sein beauftragen , mit d Korps , die in Medien stehen , im nächst Frühling durch d nördlich Medien und d kaspisch Westenpaß im Land d Kadusier nach d Meeresstrand hinabrücken , um d Straße , welche Armenien und Medien mit d Tal d Kur und d kaspisch Meer verbinden , zu öffnen ; er sollen von dort aus , am Strand entlang , nach Hyrkanien und weiter d groß Armee nachziehen . d Paß von Pyl-Rudbar , die aus Medien am Amardusstrom hinab zum Meer führen , und welche durch d kriegerisch und raublüstern Bergvolk d Amardier sperren werden , beschließen Alexander durch eine Streifzug gegen diese Amardier sofort zu öffnen . während d Hauptmasse d Heer im Lager von Arva zurückbleiben , ziehen er selbst an d Spitze d Hypaspisten , d Phalanx Konus und Amyntas , einige Rittergeschwader und mehrere leicht Korps gen Westen ; d Amardier , im Vertrauen auf d Unzugänglichkeit ihr Berg , da noch nie eine Feind in ihr Wald eindringen sein , haben sich bisher um d Mazedonier nicht viel kümmern ; da rücken Alexander von d Ebene heran ; d nächst Ortschaft werden nehmen , d Bewohner flüchten sich in d waldig Gebirge .	NE VVFIN ART ADJA NN ART ADJA NN $, PPOSAT NN $, PPOSAT ADJA NN $, PPOSAT APPRART NN ADJA NN $. ADV ADV VMFIN PPER ART ADJA NN ART ADJA NN $, ART NN APPR PDAT NN KON ART NN NE $, ART NN APPR PDAT NN VVINF $. ADV PIAT KOKOM PDS VVFIN ART NN APPR ART ADJA NN KON ART ADJA NN ADJA NN PDAT ADJA NN $, PRELS ART NN ART ADJA NN VVFIN $. NE VAFIN PRF ADV ADV ART NN ART NN NN VVPP $. NE VAFIN VVPP $, APPR ART NN $, PRELS APPR NN VVFIN $, APPRART ADJA NN APPR ART ADJA NN KON ART ADJA NN APPRART NN ART NN APPR ART NN VVIZU $, KOUI ART NN $, PRELS NE KON NN APPR ART NN ART NN KON ART ADJA NN VVFIN $, PTKZU VVINF $. PPER VMFIN APPR ADV PTKVZ $, APPRART NN APPR $, APPR NE KON ADV ART ADJA NN VVINF $. ART NN APPR NE $, PRELS APPR NN APPRART NN ADV APPRART NN VVINF $, KON PRELS APPR ART ADJA KON ADJA NN ART NN VVPP VAFIN $, VVFIN NE APPR ART NN APPR PDAT NN ADV PTKZU VVINF $. KOUS ART NN ART NN APPRART NN APPR NE VVFIN $, VVFIN PPER ADV APPR ART NN ART NE $, ART NN NN KON NN $, PIAT NN KON PIAT ADJA NN APPR NN $. ART NE $, APPRART NN APPR ART NN PPOSAT NN $, KOUS ADV ADV ART NN APPR PPOSAT NN VVPP VAFIN $, VAFIN PRF ADV APPR ART NN PTKNEG ADV VVPP $. ADV VVFIN NE APPR ART NN PTKVZ $. ART ADJA NN VAFIN VVPP $, ART NN VVFIN PRF APPR ART ADJA NN $.	Alexander erkannte die außerordentliche Wichtigkeit der Hyrkanischen Satrapie , ihrer Engpässe , ihrer hafenreichen Küsten , ihrer zum Schiffbau trefflichen Waldungen ; schon jetzt mochte ihn der große Plan einer Kaspischen Flotte , eines Verkehrs zwischen diesen Küsten und dem Osten Asiens , einer Entdeckungsfahrt in diesem Meere beschäftigen ; noch mehr als dies forderte die Kommunikation zwischen den bisherigen Eroberungen und den weiteren Heereszügen vollkommene Besitznahme dieser paßreichen Gebirgslandschaft , die das Südufer des Kaspischen Meeres beherrscht ; Alexander hatte sich eben jetzt der Pässe der Tapurischen Distrikte versichert ; Parmenion war beauftragt , mit dem Korps , das in Medien stand , im nächsten Frühling durch das nördliche Medien und die Kaspischen Westpässe im Lande der Kadusier nach dem Meeresstrande hinabzurücken , um die Straße , welche Armenien und Medien mit dem Tale des Kur und dem Kaspischen Meere verbindet , zu öffnen ; er sollte von dort aus , am Strande entlang , nach Hyrkanien und weiter der großen Armee nachziehen . Die Pässe von Pyl-Rudbar , die aus Medien am Amardusstrom hinab zum Meere führen , und welche durch das kriegerische und raublüsterne Bergvolk der Amardier gesperrt wurden , beschloß Alexander durch einen Streifzug gegen diese Amardier sofort zu öffnen . Während die Hauptmasse des Heeres im Lager von Arvas zurückblieb , zog er selbst an der Spitze der Hypaspisten , der Phalangen Konus und Amyntas , einiger Rittergeschwader und mehrerer leichter Korps gen Westen ; die Amardier , im Vertrauen auf die Unzugänglichkeit ihrer Berge , da noch nie ein Feind in ihre Wälder eingedrungen war , hatten sich bisher um die Mazedonier nicht viel gekümmert ; da rückte Alexander von der Ebene heran ; die nächsten Ortschaften wurden genommen , die Bewohner flüchteten sich in die waldigen Gebirge .
Engpaß	NN	1843	1	erbkam_tagebuch02_1843-2490-21	 	Mit Sonnenaufgang fortgefahren, aber nur etwa 1 ½ Stunde; wir finden uns jetzt nah an der Schellale oberhalb des Engpasses von Gherry, und der Reis will sie in diesem heftigen Winde nicht passiren.	113:122	0:197	Mit Sonnenaufgang fortgefahren , aber nur etwa 1 ½ Stunde ; wir finden uns jetzt nah an der Schellale oberhalb des Engpasses von Gherry , und der Reis will sie in diesem heftigen Winde nicht passiren .	21	0:37	mit Sonnenaufgang fortfahren , aber nur etwa 1 ½ Stunde ; wir finden wir jetzt nah an d Schelleale oberhalb d Engpaß von Gherry , und d Reis wollen sie in diese heftig Winde nicht passieren .	APPR NN VVPP $, KON ADV ADV CARD NN NN $. PPER VVFIN PPER ADV ADJD APPR ART NN APPR ART NN APPR NE $, KON ART NN VMFIN PPER APPR PDAT ADJA NN PTKNEG VVINF $.	Mit Sonnenaufgang fortgefahren , aber nur etwa 1 ½ Stunde ; wir finden uns jetzt nah an der Schellale oberhalb des Engpasses von Gherry , und der Reis will sie in diesem heftigen Winde nicht passieren .
Engpaß	NN	1843	1	erbkam_tagebuch02_1843-2502-22	 	Etwa um ¼ 7, nach Sonnenuntergang, legt sich der Wind ein wenig, und wir machen uns auf, den Engpaß zurückzulegen.	93:99	0:114	Etwa um ¼ 7 , nach Sonnenuntergang , legt sich der Wind ein wenig , und wir machen uns auf , den Engpaß zurückzulegen .	22	0:25	etwa um ¼ 7 , nach Sonnenuntergang , legen sich d Wind eine wenig , und wir machen wir auf , d Engpaß zurücklegen .	ADV APPR NE CARD $, APPR NN $, VVFIN PRF ART NN ART PIS $, KON PPER VVFIN PPER PTKVZ $, ART NN VVIZU $.	Etwa um ¼ 7 , nach Sonnenuntergang , legt sich der Wind ein wenig , und wir machen uns auf , den Engpaß zurückzulegen .
Engpaß	NN	1899	1	fontane_stechlin_1899-7913-12	 	Ja, ich hatte das Gefühl, daß ich in diesem hochgelegenen Engpaß ebenfalls über die Römer gesiegt haben würde.	58:64	0:110	Ja , ich hatte das Gefühl , daß ich in dieſem hochgelegenen Engpaß ebenfalls über die Römer geſiegt haben würde .	12	0:21	ja , ich haben d Gefühl , daß ich in diese hochgelegen Engpaß ebenfalls über d Römer siegen haben werden .	PTKANT $, PPER VAFIN ART NN $, KOUS PPER APPR PDAT ADJA NN ADV APPR ART NN VVPP VAINF VAFIN $.	Ja , ich hatte das Gefühl , daß ich in diesem hochgelegenen Engpaß ebenfalls über die Römer gesiegt haben würde .
Engpaß	NN	1895	1	freud_hysterie_1895-3853-35	 	Stösst die Bewältigung dieser einen pathogenen Erinnerung auf Schwierigkeiten, wie z. B. wenn der Kranke mit dem Widerstande gegen sie nicht nachlässt, wenn er sie verdrängen oder verstümmeln will, so ist der Engpass gleichsam verlegt; die Arbeit stockt, es kann nichts anderes kommen, und die eine im Durchbruch befindliche Erinnerung bleibt vor dem Kranken stehen, bis er sie in die Weite des Ich ’s aufgenommen hat.	209:216	0:418	Stösst die Bewältigung dieser einen pathogenen Erinnerung auf Schwierigkeiten , wie z. B. wenn der Kranke mit dem Widerstande gegen sie nicht nachlässt , wenn er sie verdrängen oder verstümmeln will , so ist der Engpass gleichsam verlegt ; die Arbeit stockt , es kann nichts anderes kommen , und die eine im Durchbruch befindliche Erinnerung bleibt vor dem Kranken stehen , bis er sie in die Weite des Ich ’s aufgenommen hat .	35	0:74	stoßen d Bewältigung diese eine pathogen Erinnerung auf Schwierigkeit , wie z. B. wenn d Kranke mit d Widerstand gegen sie nicht nachlassen , wenn er sie verdrängen oder verstümmeln wollen , so sein d Engpaß gleichsam verlegen ; d Arbeit stocken , es können nichts andere kommen , und d eine im Durchbruch befindlich Erinnerung bleiben vor d Kranke stehen , bis er sie in d Weite d ich es aufnehmen haben .	VVFIN ART NN PDAT ART ADJA NN APPR NN $, PWAV APPRART NN KOUS ART NN APPR ART NN APPR PPER PTKNEG VVFIN $, KOUS PPER PPER VVINF KON VVINF VMFIN $, ADV VAFIN ART NN ADJD VVPP $. ART NN VVFIN $, PPER VMFIN PIS PIS VVFIN $, KON ART ART APPRART NN ADJA NN VVFIN APPR ART NN VVFIN $, KOUS PPER PPER APPR ART NN ART PPER PPER VVPP VAFIN $.	stößt die Bewältigung dieser einen pathogenen Erinnerung auf Schwierigkeiten , wie z. B. wenn der Kranke mit dem Widerstande gegen sie nicht nachlässt , wenn er sie verdrängen oder verstümmeln will , so ist der Engpass gleichsam verlegt ; die Arbeit stockt , es kann nichts anderes kommen , und die eine im Durchbruch befindliche Erinnerung bleibt vor dem Kranken stehen , bis er sie in die Weite des Ich es aufgenommen hat .
Engpaß	NN	1859	1	humboldt_aequinoktial02_1859-811-59	 	wir wollten bis zum Ende der Regenzeit in Caracas bleiben, von dort über die großen Ebenen oder Llanos in die Missionen am Orinoko reisen, diesen ungeheuren Strom südlich von den Katarakten bis zum Rio Negro und zur Grenze von Brasilien hinauffahren und über die Hauptstadt des spanischen Guyana, gemeiniglich wegen ihrer Lage Angostura, d. h. Engpaß geheißen, nach Cumana zurückkehren.	344:350	0:386	wir wollten bis zum Ende der Regenzeit in Caracas bleiben , von dort über die großen Ebenen oder Llanos in die Miſſionen am Orinoko reiſen , dieſen ungeheuren Strom ſüdlich von den Katarakten bis zum Rio Negro und zur Grenze von Braſilien hinauffahren und über die Hauptſtadt des ſpaniſchen Guyana , gemeiniglich wegen ihrer Lage Angoſtura , d. h. Engpaß geheißen , nach Cumana zurückkehren .	59	0:66	wir wollen bis zum Ende d Regenzeit in Caracas bleiben , von dort über d groß Ebene oder Llanos in d Mission am Orinoco reisen , diese ungeheuer Strom südlich von d Katarakt bis zum Rio Negro und zur Grenze von Brasilien hinauffahren und über d Hauptstadt d spanisch Guyana , gemeiniglich wegen ihr Lage Angostura , d. h. Engpaß heißen , nach Cumana zurückkehren .	PPER VMFIN ADV APPRART NN ART NN APPR NE VVINF $, APPR ADV APPR ART ADJA NN KON NE APPR ART NN APPRART NE VVINF $, PDAT ADJA NN ADJD APPR ART NN APPR APPRART NE NE KON APPRART NN APPR NE VVINF KON APPR ART NN ART ADJA NE $, ADV APPR PPOSAT NN NE $, PDS VVFIN NN VVPP $, APPR NE VVINF $.	wir wollten bis zum Ende der Regenzeit in Caracas bleiben , von dort über die großen Ebenen oder Llanos in die Missionen am Orinoco reisen , diesen ungeheuren Strom südlich von den Katarakten bis zum Rio Negro und zur Grenze von Brasilien hinauffahren und über die Hauptstadt des spanischen Guyana , gemeiniglich wegen ihrer Lage Angostura , d. h. Engpaß geheißen , nach Cumana zurückkehren .
Engpaß	NN	1860	1	humboldt_aequinoktial03_1859-2103-12	 	Aber über dem Einfluß des Rio Arauca, wenn man durch den Engpaß beim Baraguan kommt, wird es auf einmal anders, und von nun an findet der Reisende keine Ruhe mehr.	57:63	0:163	Aber über dem Einfluß des Rio Arauca , wenn man durch den Engpaß beim Baraguan kommt , wird es auf einmal anders , und von nun an findet der Reiſende keine Ruhe mehr .	12	0:34	aber über d Einfluß d Rio Arauca , wenn man durch d Engpaß beim Baraguan kommen , werden es auf einmal anders , und von nun an finden d Reisende keine Ruhe mehr .	KON APPR ART NN ART NE NE $, KOUS PIS APPR ART NN APPRART NN VVFIN $, VAFIN PPER APPR ADV ADV $, KON APPR ADV APZR VVFIN ART NN PIAT NN ADV $.	Aber über dem Einfluß des Rio Arauca , wenn man durch den Engpaß beim Baraguan kommt , wird es auf einmal anders , und von nun an findet der Reisende keine Ruhe mehr .
Engpaß	NN	1860	1	humboldt_aequinoktial04_1859-1451-6	 	Nordwärts von den Katarakten, am Engpaß beim Baraguan, scheint es ähnliche mit Knochen gefüllte Höhlen zu geben wie die oben beschriebenen.	33:39	0:139	Nordwärts von den Katarakten , am Engpaß beim Baraguan , ſcheint es ähnliche mit Knochen gefüllte Höhlen zu geben wie die oben beſchriebenen .	6	0:24	nordwärts von d Katarakt , am Engpaß beim Baraguan , scheinen es ähnlich mit Knochen gefüllt Höhle zu geben wie d oben beschreiben .	ADV APPR ART NN $, APPRART NN APPRART NE $, VVFIN PPER ADJA APPR NN ADJA NN PTKZU VVINF KOKOM ART ADV ADJA $.	Nordwärts von den Katarakten , am Engpaß beim Baraguan , scheint es ähnliche mit Knochen gefüllte Höhlen zu geben wie die oben beschriebenen .
Engpaß	NN	1860	1	humboldt_aequinoktial04_1859-1988-16	 	Da dieser Name sehr lang ist, so sagt man dafür im gemeinen Leben Angostura (Engpaß).	77:83	0:85	Da dieſer Name ſehr lang iſt , ſo ſagt man dafür im gemeinen Leben Angoſtura ( Engpaß ) .	16	0:19	da diese Name sehr lang sein , so sagen man dafür im gemein Leben Angostura ( Engpaß ) .	KOUS PDAT NN ADV ADJD VAFIN $, ADV VVFIN PIS PAV APPRART ADJA NN NE $( NN $( $.	Da dieser Name sehr lang ist , so sagt man dafür im gemeinen Leben Angostura ( Engpaß ) .
Engpaß	NN	1860	1	humboldt_aequinoktial04_1859-2007-29	 	Nach einem langen Streit über die Verteidigung des Platzes und die Kanonenschußweite wollte die Regierung genau wissen, wie breit der Strom bei dem Punkte sei, welcher der Engpaß heißt, und wo ein Fels liegt (el Peñon), der bei Hochwasser ganz bedeckt wird.	172:178	0:257	Nach einem langen Streit über die Verteidigung des Platzes und die Kanonenſchußweite wollte die Regierung genau wiſſen , wie breit der Strom bei dem Punkte ſei , welcher der Engpaß heißt , und wo ein Fels liegt ( el Peñon ) , der bei Hochwaſſer ganz bedeckt wird .	29	0:49	nach eine lang Streit über d Verteidigung d Platz und d Kanonenschußweite wollen d Regierung genau wissen , wie breit d Strom bei d Punkt sein , welche d Engpaß heißen , und wo eine Fels liegen ( El Pennon ) , die bei Hochwasser ganz bedecken werden .	APPR ART ADJA NN APPR ART NN ART NN KON ART NN VMFIN ART NN ADJD VVINF $, PWAV ADJD ART NN APPR ART NN VAFIN $, PRELS ART NN VVFIN $, KON PWAV ART NN VVFIN $( NE NN $( $, PRELS APPR NN ADV VVPP VAFIN $.	Nach einem langen Streit über die Verteidigung des Platzes und die Kanonenschußweite wollte die Regierung genau wissen , wie breit der Strom bei dem Punkte sei , welcher der Engpaß heißt , und wo ein Fels liegt ( el Pennon ) , der bei Hochwasser ganz bedeckt wird .
Engpaß	NN	1860	1	humboldt_aequinoktial04_1859-2016-1	 	Letzterer Engpaß ist also beinahe so breit als der Orinoko im Engpaß beim Baraguan.	10:16	0:83	Letzterer Engpaß iſt alſo beinahe ſo breit als der Orinoko im Engpaß beim Baraguan .	1	0:15	letztere Engpaß sein also beinahe so breit als d Orinoco im Engpaß beim Baraguan .	PIAT NN VAFIN ADV ADV ADV ADJD KOKOM ART NE APPRART NN APPRART NN $.	Letzterer Engpaß ist also beinahe so breit als der Orinoco im Engpaß beim Baraguan .
Engpaß	NN	1891	1	lehnert_seehaefen01_1891-3266-10	 	Es that uns wohl, aus der Hitze in einen Engpass zu gelangen, dessen hohe Wände der Sonne nur selten Einlass gewährten.	41:48	0:119	Es that uns wohl , aus der Hitze in einen Engpass zu gelangen , dessen hohe Wände der Sonne nur selten Einlass gewährten .	10	0:24	es tun wir wohl , aus d Hitze in eine Engpaß zu gelangen , die hoch Wand d Sonne nur selten Einlaß gewähren .	PPER VVFIN PPER ADV $, APPR ART NN APPR ART NN PTKZU VVINF $, PRELAT ADJA NN ART NN ADV ADJD NN VVFIN $.	Es tat uns wohl , aus der Hitze in einen Engpass zu gelangen , dessen hohe Wände der Sonne nur selten Einlass gewährten .
Engpaß	NN	1854	1	mommsen_roemische01_1854-4605-25	 	Er bewerkstelligte seinen Rückzug so geschickt, dass Galba, der den verwegenen Entschluss fasste ihm zu folgen, seine Spur verlor und Philippos den Engpass, der die Landschaften Lynkestis und Eordaea scheidet, auf Seitenwegen erreichen und besetzen konnte, an welchem die Römer zu erwarten und ihnen die Schlacht zu liefern er entschlossen war.	148:155	0:344	Er bewerkstelligte seinen Rückzug so geschickt , daſs Galba , der den verwegenen Entschluſs faſste ihm zu folgen , seine Spur verlor und Philippos den Engpaſs , der die Landschaften Lynkestis und Eordaea scheidet , auf Seitenwegen erreichen und besetzen konnte , an welchem die Römer zu erwarten und ihnen die Schlacht zu liefern er entschlossen war .	25	0:58	er bewerkstelligen seine Rückzug so schicken , dass Galba , die d verwegen Entschluß fassen er zu folgen , seine Spur verlieren und Philippos d Engpaß , die d Landschaft Lynkestis und Eordaea scheiden , auf Seitenweg erreichen und besetzen können , an welche d Römer zu erwarten und sie d Schlacht zu liefern er entschließen sein .	PPER VVFIN PPOSAT NN ADV VVPP $, KOUS NE $, PRELS ART ADJA NN VVFIN PPER PTKZU VVINF $, PPOSAT NN VVFIN KON NN ART NN $, PRELS ART NN NE KON NE VVFIN $, APPR NN VVINF KON VVINF VMFIN $, APPR PRELS ART NN PTKZU VVINF KON PPER ART NN PTKZU VVINF PPER VVPP VAFIN $.	Er bewerkstelligte seinen Rückzug so geschickt , dass Galba , der den verwegenen Entschluss fasste ihm zu folgen , seine Spur verlor und Philippos den Engpass , der die Landschaften Lynkestis und Eordaea scheidet , auf Seitenwegen erreichen und besetzen konnte , an welchem die Römer zu erwarten und ihnen die Schlacht zu liefern er entschlossen war .
Engpaß	NN	1854	1	mommsen_roemische01_1854-5155-79	 	Nicht bloss konnte eine Handvoll entschlossener Leute ihm den Weg verlegen, wo dann an keinen Rückzug zu denken war, sondern noch nach dem Uebergang, wie er stand mit der makedonischen Hauptmacht vor sich, hinter sich die stark befestigten Bergfestungen Tempe und Lapathus, eingekeilt in eine schmale Strandebene und ohne Zufuhr wie ohne die Möglichkeit zu fouragiren, war seine Lage nicht minder verzweifelt, als da er in seinem ersten Consulat in den ligurischen Engpässen, die seitdem seinen Namen behielten, sich gleichfalls hatte umzingeln lassen und militärisch verloren war.	465:474	0:581	Nicht bloſs konnte eine Handvoll entschlossener Leute ihm den Weg verlegen , wo dann an keinen Rückzug zu denken war , sondern noch nach dem Uebergang , wie er stand mit der makedonischen Hauptmacht vor sich , hinter sich die stark befestigten Bergfestungen Tempe und Lapathus , eingekeilt in eine schmale Strandebene und ohne Zufuhr wie ohne die Möglichkeit zu fouragiren , war seine Lage nicht minder verzweifelt , als da er in seinem ersten Consulat in den ligurischen Engpässen , die seitdem seinen Namen behielten , sich gleichfalls hatte umzingeln lassen und militärisch verloren war .	79	0:97	nicht bloß können eine Handvoll entschlossen Leute er d Weg verlegen , wo dann an keine Rückzug zu denken sein , sondern noch nach d Übergang , wie er stehen mit d makedonisch Hauptmacht vor sich , hinter sich d stark befestigt Bergfestung Tempe und Lapathus , einkeilen in eine schmal Strandebene und ohne Zufuhr wie ohne d Möglichkeit zu furagieren , sein seine Lage nicht minder verzweifelt , als da er in seine erst Konsulat in d ligurisch Engpaß , die seitdem seine Name behalten , sich gleichfalls haben umzingeln lassen und militärisch verlieren sein .	PTKNEG ADV VMFIN ART NN ADJA NN PPER ART NN VVINF $, PWAV ADV APPR PIAT NN PTKZU VVINF VAFIN $, KON ADV APPR ART NN $, PWAV PPER VVFIN APPR ART ADJA NN APPR PRF $, APPR PRF ART ADJD ADJA NN NE KON NE $, VVPP APPR ART ADJA NN KON APPR NN KOKOM APPR ART NN PTKZU VVINF $, VAFIN PPOSAT NN PTKNEG ADV ADJD $, KOKOM KOUS PPER APPR PPOSAT ADJA NN APPR ART ADJA NN $, PRELS ADV PPOSAT NN VVFIN $, PRF ADV VAFIN VVINF VVINF KON ADJD VVPP VAFIN $.	Nicht bloß konnte eine Handvoll entschlossener Leute ihm den Weg verlegen , wo dann an keinen Rückzug zu denken war , sondern noch nach dem Übergang , wie er stand mit der makedonischen Hauptmacht vor sich , hinter sich die stark befestigten Bergfestungen Tempe und Lapathus , eingekeilt in eine schmale Strandebene und ohne Zufuhr wie ohne die Möglichkeit zu furagieren , war seine Lage nicht minder verzweifelt , als da er in seinem ersten Konsulat in den ligurischen Engpässen , die seitdem seinen Namen behielten , sich gleichfalls hatte umzingeln lassen und militärisch verloren war .
Engpaß	NN	1824	1	mueller_hellenische02_1824-5697-51	 	Ohne indeß darauf besonderes Gewicht zu legen, beweisen jene epischen Sagen, daß Herakles in alten Mythen als Vertheidiger nicht blos des Dorischen Stammes, sondern auch des Dorischen Cultus gedacht wurde, als ein erzgewappneter Held, der mit dem Schwerdte die heiligen Straßen schirmt, und die in Engpässen und Bergschluchten den Opferzügen auflauernden Marssöhne, wilder und störrischer Art, daniederwirft.	298:307	0:408	Ohne indeß darauf beſonderes Gewicht zu legen , beweiſen jene epiſchen Sagen , daß Herakles in alten Mythen als Vertheidiger nicht blos des Doriſchen Stammes , ſondern auch des Doriſchen Cultus gedacht wurde , als ein erzgewappneter Held , der mit dem Schwerdte die heiligen Straßen ſchirmt , und die in Engpaͤſſen und Bergſchluchten den Opferzuͤgen auflauernden Marsſoͤhne , wilder und ſtoͤrriſcher Art , daniederwirft .	51	0:66	ohne indes darauf besondere Gewicht zu legen , beweisen jen episch Sage , daß Herakles in alt Mythe als Verteidiger nicht bloß d dorisch Stamm , sondern auch d dorisch Kultus gedenken werden , als eine erzgewappnet Held , die mit d Schwert d heilig Straße schirmen , und d in Engpaß und Bergschlucht d Opferzug auflauernd Marssohn , wild und störrisch Art , Daniederwirft .	KOUI ADV PAV ADJA NN PTKZU VVINF $, VVFIN PDAT ADJA NN $, KOUS NE APPR ADJA NN KOKOM NN PTKNEG ADV ART ADJA NN $, KON ADV ART ADJA NN VVPP VAFIN $, KOKOM ART ADJA NN $, PRELS APPR ART NN ART ADJA NN VVFIN $, KON ART APPR NN KON NN ART NN ADJA NN $, ADJA KON ADJA NN $, NE $.	Ohne indes darauf besonderes Gewicht zu legen , beweisen jene epischen Sagen , daß Herakles in alten Mythen als Verteidiger nicht bloß des Dorischen Stammes , sondern auch des Dorischen Kultus gedacht wurde , als ein erzgewappneter Held , der mit dem Schwerte die heiligen Straßen schirmt , und die in Engpässen und Bergschluchten den Opferzügen auflauernden Marssöhne , wilder und störrischer Art , daniederwirft .
Engpaß	NN	1848	1	nn_nrhz193_1849-455-27	 	Am 1. Jan. rückten beide Kolonnen nach Neustadt vor, welchen Ort der Feind verlassen und bei Budatin und Sillein Stellung genommen hatte, um den Brodner Engpaß und den Uebergang über die Waag zu vertheidigen.	153:159	0:208	Am 1. Jan. rückten beide Kolonnen nach Neustadt vor , welchen Ort der Feind verlassen und bei Budatin und Sillein Stellung genommen hatte , um den Brodner Engpaß und den Uebergang über die Waag zu vertheidigen .	27	0:37	am 1. Jan. rücken beide Kolonne nach Neustadt vor , welchen Ort d Feind verlassen und bei Budatin und Sillein Stellung nehmen haben , um d brodner Engpaß und d Übergang über d Waag zu verteidigen .	APPRART ADJA NN VVFIN PIAT NN APPR NE PTKVZ $, PWAT NN ART NN VVINF KON APPR NE KON NE NN VVPP VAFIN $, KOUI ART ADJA NN KON ART NN APPR ART NN PTKZU VVINF $.	Am 1. Jan. rückten beide Kolonnen nach Neustadt vor , welchen Ort der Feind verlassen und bei Budatin und Sillein Stellung genommen hatte , um den Brodner Engpaß und den Übergang über die Waag zu verteidigen .
Engpaß	NN	1848	1	nn_nrhz300i_1849-169-15	 	Neue und festere Barrikaden wurden daher in allen Straßen angelegt, indem man zugleich die Engpässe des Gebirges besetzte und sich mit der aufgestandenen Bevölkerung der an der Ruhr gelegenen Orte in Verbindung setzte.	91:99	0:218	Neue und festere Barrikaden wurden daher in allen Straßen angelegt , indem man zugleich die Engpässe des Gebirges besetzte und sich mit der aufgestandenen Bevölkerung der an der Ruhr gelegenen Orte in Verbindung setzte .	15	0:35	neu und fest Barrikade werden daher in alle Straße anlegen , indem man zugleich d Engpaß d Gebirge besetzen und sich mit d aufgestehen Bevölkerung d an d Ruhr gelegen Ort in Verbindung setzen .	ADJA KON ADJA NN VAFIN PAV APPR PIAT NN VVPP $, KOUS PIS ADV ART NN ART NN VVFIN KON PRF APPR ART ADJA NN ART APPR ART NN ADJA NN APPR NN VVFIN $.	Neue und festere Barrikaden wurden daher in allen Straßen angelegt , indem man zugleich die Engpässe des Gebirges besetzte und sich mit der aufgestandenen Bevölkerung der an der Ruhr gelegenen Orte in Verbindung setzte .
Engpaß	NN	1850	1	pfeiffer_frauenfahrt01_1850-1876-7	 	Die Schluchten schlossen sich oft zu wahren Engpässen, und die sie umgebenden Berge waren schroff und unersteigbar, so daß hier, wie einst zu Termopylä, eine kleine Schaar tapferer Krieger ganze Armeen zurückhalten könnte.	44:53	0:222	Die Schluchten schlossen sich oft zu wahren Engpässen , und die sie umgebenden Berge waren schroff und unersteigbar , so daß hier , wie einst zu Termopylä , eine kleine Schaar tapferer Krieger ganze Armeen zurückhalten könnte .	7	0:38	d Schlucht schließen sich oft zu wahr Engpaß , und d sie umgebend Berg sein schroff und unersteigbar , so daß hier , wie einst zu Termopylä , eine klein Schar tapfer Krieger ganz Armee zurückhalten können .	ART NN VVFIN PRF ADV APPR ADJA NN $, KON ART PPER ADJA NN VAFIN ADJD KON ADJD $, ADV KOUS ADV $, PWAV ADV APPR NE $, ART ADJA NN ADJA NN ADJA NN VVINF VMFIN $.	Die Schluchten schlossen sich oft zu wahren Engpässen , und die sie umgebenden Berge waren schroff und unersteigbar , so daß hier , wie einst zu Termopylä , eine kleine Schar tapferer Krieger ganze Armeen zurückhalten könnte .
Engpaß	NN	1899	1	schubin_vollmondzauber02_1899-785-4	 	„Es ist kein Engpaß, es ist eine Sackgasse!“ rief er verzweifelt, „und es gibt keinen Weg hinaus.	13:19	0:97	„ Es ist kein Engpaß , es ist eine Sackgasse ! “ rief er verzweifelt , „ und es gibt keinen Weg hinaus .	4	0:24	" es sein keine Engpaß , es sein eine Sackgasse ! " rufen er verzweifelt , " und es geben keine Weg hinaus .	$( PPER VAFIN PIAT NN $, PPER VAFIN ART NN $. $( VVFIN PPER ADJD $, $( KON PPER VVFIN PIAT NN PTKVZ $.	" Es ist kein Engpaß , es ist eine Sackgasse ! " rief er verzweifelt , " und es gibt keinen Weg hinaus .
Engpaß	NN	1879	1	treitschke_geschichte01_1879-6912-37	 	Bald waren die schmalen Felsengründe vollgestopft von den unbeweglichen Massen des ungeheuren Wagentrosses; der Regen strömte vom Himmel; Unordnung, Angst und Hunger überall, kein Gedanke mehr an eine gemeinsame Leitung der in den Engpässen eingeklemmten Heerestheile.	231:240	0:268	Bald waren die ſchmalen Felſengründe vollgeſtopft von den unbeweglichen Maſſen des ungeheuren Wagentroſſes ; der Regen ſtrömte vom Himmel ; Unordnung , Angſt und Hunger überall , kein Gedanke mehr an eine gemeinſame Leitung der in den Engpäſſen eingeklemmten Heerestheile .	37	0:41	bald sein d schmal Felsengrund vollstopfen von d unbeweglich Masse d ungeheuer Wagentroß ; d Regen strömen vom Himmel ; Unordnung , Angst und Hunger überall , keine Gedanke mehr an eine gemeinsam Leitung d in d Engpaß eingeklemmt Heeresteil .	ADV VAFIN ART ADJA NN VVPP APPR ART ADJA NN ART ADJA NN $. ART NN VVFIN APPRART NN $. NN $, NN KON NN ADV $, PIAT NN ADV APPR ART ADJA NN ART APPR ART NN ADJA NN $.	Bald waren die schmalen Felsengründe vollgestopft von den unbeweglichen Massen des ungeheuren Wagentrosses ; der Regen strömte vom Himmel ; Unordnung , Angst und Hunger überall , kein Gedanke mehr an eine gemeinsame Leitung der in den Engpässen eingeklemmten Heeresteile .
Engpaß	NN	1854	1	vischer_aesthetik030203_1854-1875-31	 	So befand sich auf der Kunstausstellung zu Berlin 1852 ein Sittenbild von Lessing: wehrhafte Gebirgsmänner in der Tracht am Ausgang des Mittelalters, von Felsen herab auf Ritter in einem Engpaß schießend, ein Gefangener in vornehmer Kleidung unter ihnen; alles so auffallend porträtartig, bei vortrefflicher Ausführung so local und speziell interessant behandelt, daß man durchaus meinte, im Katalog die Angabe einer bestimmten Begebenheit lesen zu müssen; das Bild wirkte bei allem Werth aus diesem Grunde beunruhigend.	187:193	0:520	So befand ſich auf der Kunſtausſtellung zu Berlin 1852 ein Sittenbild von Leſſing : wehrhafte Gebirgsmänner in der Tracht am Ausgang des Mittelalters , von Felſen herab auf Ritter in einem Engpaß ſchießend , ein Gefangener in vornehmer Kleidung unter ihnen ; alles ſo auffallend porträtartig , bei vortrefflicher Ausführung ſo local und ſpeziell intereſſant behandelt , daß man durchaus meinte , im Katalog die Angabe einer beſtimmten Begebenheit leſen zu müſſen ; das Bild wirkte bei allem Werth aus dieſem Grunde beunruhigend .	31	0:84	so befinden sich auf d Kunstausstellung zu Berlin 1852 eine Sittenbild von Lessing : wehrhaft Gebirgesmann in d Tracht am Ausgang d Mittelalter , von Felsen herab auf Ritter in eine Engpaß schießen , eine Gefangene in vornehm Kleidung unter sie ; alle so auffallend porträtartig , bei vortrefflich Ausführung so lokal und speziell interessant behandeln , daß man durchaus meinen , im Katalog d Angabe eine bestimmt Begebenheit lesen zu müssen ; d Bild wirken bei alle Wert aus diese Grund beunruhigend .	ADV VVFIN PRF APPR ART NN APPR NE CARD ART NN APPR NE $. ADJA NN APPR ART NN APPRART NN ART NN $, APPR NN ADV APPR NN APPR ART NN VVPP $, ART NN APPR ADJA NN APPR PPER $. PIS ADV ADJD ADJD $, APPR ADJA NN ADV ADJD KON ADJD ADJD VVPP $, KOUS PIS ADV VVFIN $, APPRART NN ART NN ART ADJA NN VVINF PTKZU VMINF $. ART NN VVFIN APPR PIS NN APPR PDAT NN ADJD $.	So befand sich auf der Kunstausstellung zu Berlin 1852 ein Sittenbild von Lessing : wehrhafte Gebirgsmänner in der Tracht am Ausgang des Mittelalters , von Felsen herab auf Ritter in einem Engpaß schießend , ein Gefangener in vornehmer Kleidung unter ihnen ; alles so auffallend porträtartig , bei vortrefflicher Ausführung so lokal und speziell interessant behandelt , daß man durchaus meinte , im Katalog die Angabe einer bestimmten Begebenheit lesen zu müssen ; das Bild wirkte bei allem Wert aus diesem Grunde beunruhigend .
Engpaß	NN	1879	1	vischer_auch02_1879-1069-21	 	Bei dieser Linearberechnung vergaß er nur, daß der Zufall noch schneller ist, als unsere Strategie, und in solche Engpässe im Nu neue Wanderer hineinzuschieben pflegt.	114:122	0:167	Bei dieſer Linearberechnung vergaß er nur , daß der Zufall noch ſchneller iſt , als unſere Strategie , und in ſolche Engpäſſe im Nu neue Wanderer hineinzuſchieben pflegt .	21	0:29	bei diese Linearberechnung vergessen er nur , daß d Zufall noch schnell sein , als unsere Strategie , und in solch Engpaß im nun neu Wanderer hineinschieben pflegen .	APPR PDAT NN VVFIN PPER ADV $, KOUS ART NN ADV ADJD VAFIN $, KOKOM PPOSAT NN $, KON APPR PIAT NN APPRART ADV ADJA NN VVIZU VVFIN $.	Bei dieser Linearberechnung vergaß er nur , daß der Zufall noch schneller ist , als unsere Strategie , und in solche Engpässe im Nun neue Wanderer hineinzuschieben pflegt .
