identifier1	identifier2	annotator	judgment	comment	lemma
2532889X_1948-03-25_01_064.tcf.xml-33-25	2532889X_1953-05-22_01_048.tcf.xml-49-11	inferred	0	 	Schmiere
2532889X_1948-03-25_01_064.tcf.xml-33-25	2532889X_1956-03-29_01_132.tcf.xml-11-1	inferred	0	 	Schmiere
2532889X_1948-03-25_01_064.tcf.xml-33-25	2532889X_1956-12-09_01_069.tcf.xml-15-35	inferred	0	 	Schmiere
2532889X_1948-03-25_01_064.tcf.xml-33-25	2532889X_1958-04-15_01_080.tcf.xml-16-21	inferred	0	 	Schmiere
2532889X_1948-03-25_01_064.tcf.xml-33-25	2532889X_1960-08-12_01_026.tcf.xml-7-7	inferred	1	 	Schmiere
2532889X_1948-03-25_01_064.tcf.xml-33-25	2532889X_1962-06-09_01_129.tcf.xml-37-27	inferred	0	 	Schmiere
2532889X_1948-03-25_01_064.tcf.xml-33-25	2532889X_1964-03-12_01_145.tcf.xml-165-4	inferred	0	 	Schmiere
2532889X_1948-03-25_01_064.tcf.xml-33-25	2532889X_1964-03-29_01_012.tcf.xml-16-7	inferred	0	 	Schmiere
2532889X_1948-03-25_01_064.tcf.xml-33-25	2532889X_1964-10-20_01_024.tcf.xml-13-20	inferred	1	 	Schmiere
2532889X_1948-03-25_01_064.tcf.xml-33-25	2532889X_1966-10-02_01_199.tcf.xml-23-10	inferred	0	 	Schmiere
2532889X_1948-03-25_01_064.tcf.xml-33-25	2532889X_1980-05-03_01_425.tcf.xml-1-11	inferred	0	 	Schmiere
2532889X_1948-03-25_01_064.tcf.xml-33-25	2532889X_1982-07-13_01_068.tcf.xml-22-16	inferred	0	 	Schmiere
2532889X_1948-03-25_01_064.tcf.xml-33-25	26120215_1949_03_24_01_039.tcf.xml-31-3	inferred	0	 	Schmiere
2532889X_1948-03-25_01_064.tcf.xml-33-25	26120215_1950_02_07_01_232.tcf.xml-11-5	inferred	1	 	Schmiere
2532889X_1948-03-25_01_064.tcf.xml-33-25	26120215_1953_11_01_02_360.tcf.xml-46-16	inferred	0	 	Schmiere
2532889X_1948-03-25_01_064.tcf.xml-33-25	26120215_1956_12_16_02_189.tcf.xml-4-17	inferred	1	 	Schmiere
2532889X_1948-03-25_01_064.tcf.xml-33-25	26120215_1959_04_08_01_090.tcf.xml-132-15	inferred	0	 	Schmiere
2532889X_1948-03-25_01_064.tcf.xml-33-25	26120215_1960_02_28_01_505.tcf.xml-41-6	inferred	1	 	Schmiere
2532889X_1948-03-25_01_064.tcf.xml-33-25	26120215_1961_08_18_01_282.tcf.xml-28-13	inferred	1	 	Schmiere
2532889X_1948-03-25_01_064.tcf.xml-33-25	26120215_1965_01_28_01_054.tcf.xml-9-13	inferred	0	 	Schmiere
2532889X_1948-03-25_01_064.tcf.xml-33-25	26120215_1986_04_22_01_164.tcf.xml-2-49	inferred	1	 	Schmiere
2532889X_1948-03-25_01_064.tcf.xml-33-25	26120215_1988_12_16_01_122.tcf.xml-28-31	inferred	0	 	Schmiere
2532889X_1948-03-25_01_064.tcf.xml-33-25	avelallemant_gaunerthum02_1858-1011-6	inferred	0	 	Schmiere
2532889X_1948-03-25_01_064.tcf.xml-33-25	avelallemant_gaunerthum02_1858-1636-79	inferred	1	 	Schmiere
2532889X_1948-03-25_01_064.tcf.xml-33-25	avelallemant_gaunerthum02_1858-1638-34	inferred	0	 	Schmiere
2532889X_1948-03-25_01_064.tcf.xml-33-25	avelallemant_gaunerthum02_1858-1638-6	inferred	0	 	Schmiere
2532889X_1948-03-25_01_064.tcf.xml-33-25	brehm_thierleben05_1869-14677-12	inferred	0	 	Schmiere
2532889X_1948-03-25_01_064.tcf.xml-33-25	gerstner_mechanik01_1831-10498-30	inferred	0	 	Schmiere
2532889X_1948-03-25_01_064.tcf.xml-33-25	gerstner_mechanik01_1831-10633-26	inferred	0	 	Schmiere
2532889X_1948-03-25_01_064.tcf.xml-33-25	gerstner_mechanik01_1831-10827-9	inferred	0	 	Schmiere
2532889X_1948-03-25_01_064.tcf.xml-33-25	gerstner_mechanik01_1831-10932-1	inferred	0	 	Schmiere
2532889X_1948-03-25_01_064.tcf.xml-33-25	gerstner_mechanik01_1831-9110-24	inferred	0	 	Schmiere
2532889X_1948-03-25_01_064.tcf.xml-33-25	gerstner_mechanik01_1831-9111-16	inferred	0	 	Schmiere
2532889X_1948-03-25_01_064.tcf.xml-33-25	gerstner_mechanik03_1834-8218-15	inferred	0	 	Schmiere
2532889X_1948-03-25_01_064.tcf.xml-33-25	krafft_landwirthschaft01_1875-5229-26	inferred	0	 	Schmiere
2532889X_1948-03-25_01_064.tcf.xml-33-25	kurz_sonnenwirth_1855-3945-7	inferred	0	 	Schmiere
2532889X_1948-03-25_01_064.tcf.xml-33-25	michelis_reiseschule_1869-635-38	inferred	0	 	Schmiere
2532889X_1948-03-25_01_064.tcf.xml-33-25	nn_maehrisches42_1886-36-23	inferred	0	 	Schmiere
2532889X_1948-03-25_01_064.tcf.xml-33-25	nn_nrhz046_1848-619-7	inferred	0	 	Schmiere
2532889X_1948-03-25_01_064.tcf.xml-33-25	parthey_jugenderinnerungen01_1871-367-12	inferred	0	 	Schmiere
2532889X_1948-03-25_01_064.tcf.xml-33-25	quenstedt_mineralogie_1854-4135-19	inferred	0	 	Schmiere
2532889X_1948-03-25_01_064.tcf.xml-33-25	vogt_briefe02_1851-3388-33	inferred	0	 	Schmiere
2532889X_1948-03-25_01_064.tcf.xml-33-25	vogt_briefe02_1851-4078-42	inferred	0	 	Schmiere
2532889X_1948-03-25_01_064.tcf.xml-33-25	vogt_briefe02_1851-5243-10	inferred	0	 	Schmiere
2532889X_1953-05-22_01_048.tcf.xml-49-11	2532889X_1956-03-29_01_132.tcf.xml-11-1	inferred	0	 	Schmiere
2532889X_1953-05-22_01_048.tcf.xml-49-11	2532889X_1956-12-09_01_069.tcf.xml-15-35	inferred	1	 	Schmiere
2532889X_1953-05-22_01_048.tcf.xml-49-11	2532889X_1958-04-15_01_080.tcf.xml-16-21	inferred	1	 	Schmiere
2532889X_1953-05-22_01_048.tcf.xml-49-11	2532889X_1960-08-12_01_026.tcf.xml-7-7	inferred	0	 	Schmiere
2532889X_1953-05-22_01_048.tcf.xml-49-11	2532889X_1962-06-09_01_129.tcf.xml-37-27	inferred	1	 	Schmiere
2532889X_1953-05-22_01_048.tcf.xml-49-11	2532889X_1964-03-12_01_145.tcf.xml-165-4	inferred	1	 	Schmiere
2532889X_1953-05-22_01_048.tcf.xml-49-11	2532889X_1964-03-29_01_012.tcf.xml-16-7	inferred	0	 	Schmiere
2532889X_1953-05-22_01_048.tcf.xml-49-11	2532889X_1964-10-20_01_024.tcf.xml-13-20	inferred	0	 	Schmiere
2532889X_1953-05-22_01_048.tcf.xml-49-11	2532889X_1966-10-02_01_199.tcf.xml-23-10	inferred	0	 	Schmiere
2532889X_1953-05-22_01_048.tcf.xml-49-11	2532889X_1980-05-03_01_425.tcf.xml-1-11	inferred	0	 	Schmiere
2532889X_1953-05-22_01_048.tcf.xml-49-11	2532889X_1982-07-13_01_068.tcf.xml-22-16	inferred	0	 	Schmiere
2532889X_1953-05-22_01_048.tcf.xml-49-11	26120215_1949_03_24_01_039.tcf.xml-31-3	inferred	0	 	Schmiere
2532889X_1953-05-22_01_048.tcf.xml-49-11	26120215_1950_02_07_01_232.tcf.xml-11-5	inferred	0	 	Schmiere
2532889X_1953-05-22_01_048.tcf.xml-49-11	26120215_1953_11_01_02_360.tcf.xml-46-16	inferred	0	 	Schmiere
2532889X_1953-05-22_01_048.tcf.xml-49-11	26120215_1956_12_16_02_189.tcf.xml-4-17	inferred	0	 	Schmiere
2532889X_1953-05-22_01_048.tcf.xml-49-11	26120215_1959_04_08_01_090.tcf.xml-132-15	inferred	1	 	Schmiere
2532889X_1953-05-22_01_048.tcf.xml-49-11	26120215_1960_02_28_01_505.tcf.xml-41-6	inferred	0	 	Schmiere
2532889X_1953-05-22_01_048.tcf.xml-49-11	26120215_1961_08_18_01_282.tcf.xml-28-13	inferred	0	 	Schmiere
2532889X_1953-05-22_01_048.tcf.xml-49-11	26120215_1965_01_28_01_054.tcf.xml-9-13	inferred	1	 	Schmiere
2532889X_1953-05-22_01_048.tcf.xml-49-11	26120215_1986_04_22_01_164.tcf.xml-2-49	inferred	0	 	Schmiere
2532889X_1953-05-22_01_048.tcf.xml-49-11	26120215_1988_12_16_01_122.tcf.xml-28-31	inferred	0	 	Schmiere
2532889X_1953-05-22_01_048.tcf.xml-49-11	avelallemant_gaunerthum02_1858-1011-6	inferred	0	 	Schmiere
2532889X_1953-05-22_01_048.tcf.xml-49-11	avelallemant_gaunerthum02_1858-1636-79	inferred	0	 	Schmiere
2532889X_1953-05-22_01_048.tcf.xml-49-11	avelallemant_gaunerthum02_1858-1638-34	inferred	0	 	Schmiere
2532889X_1953-05-22_01_048.tcf.xml-49-11	avelallemant_gaunerthum02_1858-1638-6	inferred	0	 	Schmiere
2532889X_1953-05-22_01_048.tcf.xml-49-11	brehm_thierleben05_1869-14677-12	inferred	1	 	Schmiere
2532889X_1953-05-22_01_048.tcf.xml-49-11	gerstner_mechanik01_1831-10498-30	inferred	1	 	Schmiere
2532889X_1953-05-22_01_048.tcf.xml-49-11	gerstner_mechanik01_1831-10633-26	inferred	1	 	Schmiere
2532889X_1953-05-22_01_048.tcf.xml-49-11	gerstner_mechanik01_1831-10827-9	inferred	1	 	Schmiere
2532889X_1953-05-22_01_048.tcf.xml-49-11	gerstner_mechanik01_1831-10932-1	inferred	1	 	Schmiere
2532889X_1953-05-22_01_048.tcf.xml-49-11	gerstner_mechanik01_1831-9110-24	inferred	1	 	Schmiere
2532889X_1953-05-22_01_048.tcf.xml-49-11	gerstner_mechanik01_1831-9111-16	inferred	1	 	Schmiere
2532889X_1953-05-22_01_048.tcf.xml-49-11	gerstner_mechanik03_1834-8218-15	inferred	1	 	Schmiere
2532889X_1953-05-22_01_048.tcf.xml-49-11	krafft_landwirthschaft01_1875-5229-26	inferred	1	 	Schmiere
2532889X_1953-05-22_01_048.tcf.xml-49-11	kurz_sonnenwirth_1855-3945-7	inferred	1	 	Schmiere
2532889X_1953-05-22_01_048.tcf.xml-49-11	michelis_reiseschule_1869-635-38	inferred	1	 	Schmiere
2532889X_1953-05-22_01_048.tcf.xml-49-11	nn_maehrisches42_1886-36-23	inferred	0	 	Schmiere
2532889X_1953-05-22_01_048.tcf.xml-49-11	nn_nrhz046_1848-619-7	inferred	0	 	Schmiere
2532889X_1953-05-22_01_048.tcf.xml-49-11	parthey_jugenderinnerungen01_1871-367-12	inferred	1	 	Schmiere
2532889X_1953-05-22_01_048.tcf.xml-49-11	quenstedt_mineralogie_1854-4135-19	inferred	1	 	Schmiere
2532889X_1953-05-22_01_048.tcf.xml-49-11	vogt_briefe02_1851-3388-33	inferred	1	 	Schmiere
2532889X_1953-05-22_01_048.tcf.xml-49-11	vogt_briefe02_1851-4078-42	inferred	1	 	Schmiere
2532889X_1953-05-22_01_048.tcf.xml-49-11	vogt_briefe02_1851-5243-10	inferred	0	 	Schmiere
2532889X_1956-03-29_01_132.tcf.xml-11-1	2532889X_1956-12-09_01_069.tcf.xml-15-35	inferred	0	 	Schmiere
2532889X_1956-03-29_01_132.tcf.xml-11-1	2532889X_1958-04-15_01_080.tcf.xml-16-21	inferred	0	 	Schmiere
2532889X_1956-03-29_01_132.tcf.xml-11-1	2532889X_1960-08-12_01_026.tcf.xml-7-7	inferred	0	 	Schmiere
2532889X_1956-03-29_01_132.tcf.xml-11-1	2532889X_1962-06-09_01_129.tcf.xml-37-27	inferred	0	 	Schmiere
2532889X_1956-03-29_01_132.tcf.xml-11-1	2532889X_1964-03-12_01_145.tcf.xml-165-4	inferred	0	 	Schmiere
2532889X_1956-03-29_01_132.tcf.xml-11-1	2532889X_1964-03-29_01_012.tcf.xml-16-7	inferred	0	 	Schmiere
2532889X_1956-03-29_01_132.tcf.xml-11-1	2532889X_1964-10-20_01_024.tcf.xml-13-20	inferred	0	 	Schmiere
2532889X_1956-03-29_01_132.tcf.xml-11-1	2532889X_1966-10-02_01_199.tcf.xml-23-10	inferred	0	 	Schmiere
2532889X_1956-03-29_01_132.tcf.xml-11-1	2532889X_1980-05-03_01_425.tcf.xml-1-11	inferred	0	 	Schmiere
2532889X_1956-03-29_01_132.tcf.xml-11-1	2532889X_1982-07-13_01_068.tcf.xml-22-16	inferred	0	 	Schmiere
2532889X_1956-03-29_01_132.tcf.xml-11-1	26120215_1949_03_24_01_039.tcf.xml-31-3	inferred	0	 	Schmiere
2532889X_1956-03-29_01_132.tcf.xml-11-1	26120215_1950_02_07_01_232.tcf.xml-11-5	inferred	0	 	Schmiere
2532889X_1956-03-29_01_132.tcf.xml-11-1	26120215_1953_11_01_02_360.tcf.xml-46-16	inferred	0	 	Schmiere
2532889X_1956-03-29_01_132.tcf.xml-11-1	26120215_1956_12_16_02_189.tcf.xml-4-17	inferred	0	 	Schmiere
2532889X_1956-03-29_01_132.tcf.xml-11-1	26120215_1959_04_08_01_090.tcf.xml-132-15	inferred	0	 	Schmiere
2532889X_1956-03-29_01_132.tcf.xml-11-1	26120215_1960_02_28_01_505.tcf.xml-41-6	inferred	0	 	Schmiere
2532889X_1956-03-29_01_132.tcf.xml-11-1	26120215_1961_08_18_01_282.tcf.xml-28-13	inferred	0	 	Schmiere
2532889X_1956-03-29_01_132.tcf.xml-11-1	26120215_1965_01_28_01_054.tcf.xml-9-13	inferred	0	 	Schmiere
2532889X_1956-03-29_01_132.tcf.xml-11-1	26120215_1986_04_22_01_164.tcf.xml-2-49	inferred	0	 	Schmiere
2532889X_1956-03-29_01_132.tcf.xml-11-1	26120215_1988_12_16_01_122.tcf.xml-28-31	inferred	0	 	Schmiere
2532889X_1956-03-29_01_132.tcf.xml-11-1	avelallemant_gaunerthum02_1858-1011-6	inferred	0	 	Schmiere
2532889X_1956-03-29_01_132.tcf.xml-11-1	avelallemant_gaunerthum02_1858-1636-79	inferred	0	 	Schmiere
2532889X_1956-03-29_01_132.tcf.xml-11-1	avelallemant_gaunerthum02_1858-1638-34	inferred	0	 	Schmiere
2532889X_1956-03-29_01_132.tcf.xml-11-1	avelallemant_gaunerthum02_1858-1638-6	inferred	0	 	Schmiere
2532889X_1956-03-29_01_132.tcf.xml-11-1	brehm_thierleben05_1869-14677-12	inferred	0	 	Schmiere
2532889X_1956-03-29_01_132.tcf.xml-11-1	gerstner_mechanik01_1831-10498-30	inferred	0	 	Schmiere
2532889X_1956-03-29_01_132.tcf.xml-11-1	gerstner_mechanik01_1831-10633-26	inferred	0	 	Schmiere
2532889X_1956-03-29_01_132.tcf.xml-11-1	gerstner_mechanik01_1831-10827-9	inferred	0	 	Schmiere
2532889X_1956-03-29_01_132.tcf.xml-11-1	gerstner_mechanik01_1831-10932-1	inferred	0	 	Schmiere
2532889X_1956-03-29_01_132.tcf.xml-11-1	gerstner_mechanik01_1831-9110-24	inferred	0	 	Schmiere
2532889X_1956-03-29_01_132.tcf.xml-11-1	gerstner_mechanik01_1831-9111-16	inferred	0	 	Schmiere
2532889X_1956-03-29_01_132.tcf.xml-11-1	gerstner_mechanik03_1834-8218-15	inferred	0	 	Schmiere
2532889X_1956-03-29_01_132.tcf.xml-11-1	krafft_landwirthschaft01_1875-5229-26	inferred	0	 	Schmiere
2532889X_1956-03-29_01_132.tcf.xml-11-1	kurz_sonnenwirth_1855-3945-7	inferred	0	 	Schmiere
2532889X_1956-03-29_01_132.tcf.xml-11-1	michelis_reiseschule_1869-635-38	inferred	0	 	Schmiere
2532889X_1956-03-29_01_132.tcf.xml-11-1	nn_maehrisches42_1886-36-23	inferred	0	 	Schmiere
2532889X_1956-03-29_01_132.tcf.xml-11-1	nn_nrhz046_1848-619-7	inferred	0	 	Schmiere
2532889X_1956-03-29_01_132.tcf.xml-11-1	parthey_jugenderinnerungen01_1871-367-12	inferred	0	 	Schmiere
2532889X_1956-03-29_01_132.tcf.xml-11-1	quenstedt_mineralogie_1854-4135-19	inferred	0	 	Schmiere
2532889X_1956-03-29_01_132.tcf.xml-11-1	vogt_briefe02_1851-3388-33	inferred	0	 	Schmiere
2532889X_1956-03-29_01_132.tcf.xml-11-1	vogt_briefe02_1851-4078-42	inferred	0	 	Schmiere
2532889X_1956-03-29_01_132.tcf.xml-11-1	vogt_briefe02_1851-5243-10	inferred	0	 	Schmiere
2532889X_1956-12-09_01_069.tcf.xml-15-35	2532889X_1958-04-15_01_080.tcf.xml-16-21	inferred	1	 	Schmiere
2532889X_1956-12-09_01_069.tcf.xml-15-35	2532889X_1960-08-12_01_026.tcf.xml-7-7	inferred	0	 	Schmiere
2532889X_1956-12-09_01_069.tcf.xml-15-35	2532889X_1962-06-09_01_129.tcf.xml-37-27	inferred	1	 	Schmiere
2532889X_1956-12-09_01_069.tcf.xml-15-35	2532889X_1964-03-12_01_145.tcf.xml-165-4	inferred	1	 	Schmiere
2532889X_1956-12-09_01_069.tcf.xml-15-35	2532889X_1964-03-29_01_012.tcf.xml-16-7	inferred	0	 	Schmiere
2532889X_1956-12-09_01_069.tcf.xml-15-35	2532889X_1964-10-20_01_024.tcf.xml-13-20	inferred	0	 	Schmiere
2532889X_1956-12-09_01_069.tcf.xml-15-35	2532889X_1966-10-02_01_199.tcf.xml-23-10	inferred	0	 	Schmiere
2532889X_1956-12-09_01_069.tcf.xml-15-35	2532889X_1980-05-03_01_425.tcf.xml-1-11	inferred	0	 	Schmiere
2532889X_1956-12-09_01_069.tcf.xml-15-35	2532889X_1982-07-13_01_068.tcf.xml-22-16	inferred	0	 	Schmiere
2532889X_1956-12-09_01_069.tcf.xml-15-35	26120215_1949_03_24_01_039.tcf.xml-31-3	inferred	0	 	Schmiere
2532889X_1956-12-09_01_069.tcf.xml-15-35	26120215_1950_02_07_01_232.tcf.xml-11-5	inferred	0	 	Schmiere
2532889X_1956-12-09_01_069.tcf.xml-15-35	26120215_1953_11_01_02_360.tcf.xml-46-16	inferred	0	 	Schmiere
2532889X_1956-12-09_01_069.tcf.xml-15-35	26120215_1956_12_16_02_189.tcf.xml-4-17	inferred	0	 	Schmiere
2532889X_1956-12-09_01_069.tcf.xml-15-35	26120215_1959_04_08_01_090.tcf.xml-132-15	inferred	1	 	Schmiere
2532889X_1956-12-09_01_069.tcf.xml-15-35	26120215_1960_02_28_01_505.tcf.xml-41-6	inferred	0	 	Schmiere
2532889X_1956-12-09_01_069.tcf.xml-15-35	26120215_1961_08_18_01_282.tcf.xml-28-13	inferred	0	 	Schmiere
2532889X_1956-12-09_01_069.tcf.xml-15-35	26120215_1965_01_28_01_054.tcf.xml-9-13	inferred	1	 	Schmiere
2532889X_1956-12-09_01_069.tcf.xml-15-35	26120215_1986_04_22_01_164.tcf.xml-2-49	inferred	0	 	Schmiere
2532889X_1956-12-09_01_069.tcf.xml-15-35	26120215_1988_12_16_01_122.tcf.xml-28-31	inferred	0	 	Schmiere
2532889X_1956-12-09_01_069.tcf.xml-15-35	avelallemant_gaunerthum02_1858-1011-6	inferred	0	 	Schmiere
2532889X_1956-12-09_01_069.tcf.xml-15-35	avelallemant_gaunerthum02_1858-1636-79	inferred	0	 	Schmiere
2532889X_1956-12-09_01_069.tcf.xml-15-35	avelallemant_gaunerthum02_1858-1638-34	inferred	0	 	Schmiere
2532889X_1956-12-09_01_069.tcf.xml-15-35	avelallemant_gaunerthum02_1858-1638-6	inferred	0	 	Schmiere
2532889X_1956-12-09_01_069.tcf.xml-15-35	brehm_thierleben05_1869-14677-12	inferred	1	 	Schmiere
2532889X_1956-12-09_01_069.tcf.xml-15-35	gerstner_mechanik01_1831-10498-30	inferred	1	 	Schmiere
2532889X_1956-12-09_01_069.tcf.xml-15-35	gerstner_mechanik01_1831-10633-26	inferred	1	 	Schmiere
2532889X_1956-12-09_01_069.tcf.xml-15-35	gerstner_mechanik01_1831-10827-9	inferred	1	 	Schmiere
2532889X_1956-12-09_01_069.tcf.xml-15-35	gerstner_mechanik01_1831-10932-1	inferred	1	 	Schmiere
2532889X_1956-12-09_01_069.tcf.xml-15-35	gerstner_mechanik01_1831-9110-24	inferred	1	 	Schmiere
2532889X_1956-12-09_01_069.tcf.xml-15-35	gerstner_mechanik01_1831-9111-16	inferred	1	 	Schmiere
2532889X_1956-12-09_01_069.tcf.xml-15-35	gerstner_mechanik03_1834-8218-15	inferred	1	 	Schmiere
2532889X_1956-12-09_01_069.tcf.xml-15-35	krafft_landwirthschaft01_1875-5229-26	inferred	1	 	Schmiere
2532889X_1956-12-09_01_069.tcf.xml-15-35	kurz_sonnenwirth_1855-3945-7	inferred	1	 	Schmiere
2532889X_1956-12-09_01_069.tcf.xml-15-35	michelis_reiseschule_1869-635-38	inferred	1	 	Schmiere
2532889X_1956-12-09_01_069.tcf.xml-15-35	nn_maehrisches42_1886-36-23	inferred	0	 	Schmiere
2532889X_1956-12-09_01_069.tcf.xml-15-35	nn_nrhz046_1848-619-7	inferred	0	 	Schmiere
2532889X_1956-12-09_01_069.tcf.xml-15-35	parthey_jugenderinnerungen01_1871-367-12	inferred	1	 	Schmiere
2532889X_1956-12-09_01_069.tcf.xml-15-35	quenstedt_mineralogie_1854-4135-19	inferred	1	 	Schmiere
2532889X_1956-12-09_01_069.tcf.xml-15-35	vogt_briefe02_1851-3388-33	inferred	1	 	Schmiere
2532889X_1956-12-09_01_069.tcf.xml-15-35	vogt_briefe02_1851-4078-42	inferred	1	 	Schmiere
2532889X_1956-12-09_01_069.tcf.xml-15-35	vogt_briefe02_1851-5243-10	inferred	0	 	Schmiere
2532889X_1958-04-15_01_080.tcf.xml-16-21	2532889X_1960-08-12_01_026.tcf.xml-7-7	inferred	0	 	Schmiere
2532889X_1958-04-15_01_080.tcf.xml-16-21	2532889X_1962-06-09_01_129.tcf.xml-37-27	inferred	1	 	Schmiere
2532889X_1958-04-15_01_080.tcf.xml-16-21	2532889X_1964-03-12_01_145.tcf.xml-165-4	inferred	1	 	Schmiere
2532889X_1958-04-15_01_080.tcf.xml-16-21	2532889X_1964-03-29_01_012.tcf.xml-16-7	inferred	0	 	Schmiere
2532889X_1958-04-15_01_080.tcf.xml-16-21	2532889X_1964-10-20_01_024.tcf.xml-13-20	inferred	0	 	Schmiere
2532889X_1958-04-15_01_080.tcf.xml-16-21	2532889X_1966-10-02_01_199.tcf.xml-23-10	inferred	0	 	Schmiere
2532889X_1958-04-15_01_080.tcf.xml-16-21	2532889X_1980-05-03_01_425.tcf.xml-1-11	inferred	0	 	Schmiere
2532889X_1958-04-15_01_080.tcf.xml-16-21	2532889X_1982-07-13_01_068.tcf.xml-22-16	inferred	0	 	Schmiere
2532889X_1958-04-15_01_080.tcf.xml-16-21	26120215_1949_03_24_01_039.tcf.xml-31-3	inferred	0	 	Schmiere
2532889X_1958-04-15_01_080.tcf.xml-16-21	26120215_1950_02_07_01_232.tcf.xml-11-5	inferred	0	 	Schmiere
2532889X_1958-04-15_01_080.tcf.xml-16-21	26120215_1953_11_01_02_360.tcf.xml-46-16	inferred	0	 	Schmiere
2532889X_1958-04-15_01_080.tcf.xml-16-21	26120215_1956_12_16_02_189.tcf.xml-4-17	inferred	0	 	Schmiere
2532889X_1958-04-15_01_080.tcf.xml-16-21	26120215_1959_04_08_01_090.tcf.xml-132-15	inferred	1	 	Schmiere
2532889X_1958-04-15_01_080.tcf.xml-16-21	26120215_1960_02_28_01_505.tcf.xml-41-6	inferred	0	 	Schmiere
2532889X_1958-04-15_01_080.tcf.xml-16-21	26120215_1961_08_18_01_282.tcf.xml-28-13	inferred	0	 	Schmiere
2532889X_1958-04-15_01_080.tcf.xml-16-21	26120215_1965_01_28_01_054.tcf.xml-9-13	inferred	1	 	Schmiere
2532889X_1958-04-15_01_080.tcf.xml-16-21	26120215_1986_04_22_01_164.tcf.xml-2-49	inferred	0	 	Schmiere
2532889X_1958-04-15_01_080.tcf.xml-16-21	26120215_1988_12_16_01_122.tcf.xml-28-31	inferred	0	 	Schmiere
2532889X_1958-04-15_01_080.tcf.xml-16-21	avelallemant_gaunerthum02_1858-1011-6	inferred	0	 	Schmiere
2532889X_1958-04-15_01_080.tcf.xml-16-21	avelallemant_gaunerthum02_1858-1636-79	inferred	0	 	Schmiere
2532889X_1958-04-15_01_080.tcf.xml-16-21	avelallemant_gaunerthum02_1858-1638-34	inferred	0	 	Schmiere
2532889X_1958-04-15_01_080.tcf.xml-16-21	avelallemant_gaunerthum02_1858-1638-6	inferred	0	 	Schmiere
2532889X_1958-04-15_01_080.tcf.xml-16-21	brehm_thierleben05_1869-14677-12	inferred	1	 	Schmiere
2532889X_1958-04-15_01_080.tcf.xml-16-21	gerstner_mechanik01_1831-10498-30	inferred	1	 	Schmiere
2532889X_1958-04-15_01_080.tcf.xml-16-21	gerstner_mechanik01_1831-10633-26	inferred	1	 	Schmiere
2532889X_1958-04-15_01_080.tcf.xml-16-21	gerstner_mechanik01_1831-10827-9	inferred	1	 	Schmiere
2532889X_1958-04-15_01_080.tcf.xml-16-21	gerstner_mechanik01_1831-10932-1	inferred	1	 	Schmiere
2532889X_1958-04-15_01_080.tcf.xml-16-21	gerstner_mechanik01_1831-9110-24	inferred	1	 	Schmiere
2532889X_1958-04-15_01_080.tcf.xml-16-21	gerstner_mechanik01_1831-9111-16	inferred	1	 	Schmiere
2532889X_1958-04-15_01_080.tcf.xml-16-21	gerstner_mechanik03_1834-8218-15	inferred	1	 	Schmiere
2532889X_1958-04-15_01_080.tcf.xml-16-21	krafft_landwirthschaft01_1875-5229-26	inferred	1	 	Schmiere
2532889X_1958-04-15_01_080.tcf.xml-16-21	kurz_sonnenwirth_1855-3945-7	inferred	1	 	Schmiere
2532889X_1958-04-15_01_080.tcf.xml-16-21	michelis_reiseschule_1869-635-38	inferred	1	 	Schmiere
2532889X_1958-04-15_01_080.tcf.xml-16-21	nn_maehrisches42_1886-36-23	inferred	0	 	Schmiere
2532889X_1958-04-15_01_080.tcf.xml-16-21	nn_nrhz046_1848-619-7	inferred	0	 	Schmiere
2532889X_1958-04-15_01_080.tcf.xml-16-21	parthey_jugenderinnerungen01_1871-367-12	inferred	1	 	Schmiere
2532889X_1958-04-15_01_080.tcf.xml-16-21	quenstedt_mineralogie_1854-4135-19	inferred	1	 	Schmiere
2532889X_1958-04-15_01_080.tcf.xml-16-21	vogt_briefe02_1851-3388-33	inferred	1	 	Schmiere
2532889X_1958-04-15_01_080.tcf.xml-16-21	vogt_briefe02_1851-4078-42	inferred	1	 	Schmiere
2532889X_1958-04-15_01_080.tcf.xml-16-21	vogt_briefe02_1851-5243-10	inferred	0	 	Schmiere
2532889X_1960-08-12_01_026.tcf.xml-7-7	2532889X_1962-06-09_01_129.tcf.xml-37-27	inferred	0	 	Schmiere
2532889X_1960-08-12_01_026.tcf.xml-7-7	2532889X_1964-03-12_01_145.tcf.xml-165-4	inferred	0	 	Schmiere
2532889X_1960-08-12_01_026.tcf.xml-7-7	2532889X_1964-03-29_01_012.tcf.xml-16-7	inferred	0	 	Schmiere
2532889X_1960-08-12_01_026.tcf.xml-7-7	2532889X_1964-10-20_01_024.tcf.xml-13-20	inferred	1	 	Schmiere
2532889X_1960-08-12_01_026.tcf.xml-7-7	2532889X_1966-10-02_01_199.tcf.xml-23-10	inferred	0	 	Schmiere
2532889X_1960-08-12_01_026.tcf.xml-7-7	2532889X_1980-05-03_01_425.tcf.xml-1-11	inferred	0	 	Schmiere
2532889X_1960-08-12_01_026.tcf.xml-7-7	2532889X_1982-07-13_01_068.tcf.xml-22-16	inferred	0	 	Schmiere
2532889X_1960-08-12_01_026.tcf.xml-7-7	26120215_1949_03_24_01_039.tcf.xml-31-3	inferred	0	 	Schmiere
2532889X_1960-08-12_01_026.tcf.xml-7-7	26120215_1950_02_07_01_232.tcf.xml-11-5	inferred	1	 	Schmiere
2532889X_1960-08-12_01_026.tcf.xml-7-7	26120215_1953_11_01_02_360.tcf.xml-46-16	inferred	0	 	Schmiere
2532889X_1960-08-12_01_026.tcf.xml-7-7	26120215_1956_12_16_02_189.tcf.xml-4-17	inferred	1	 	Schmiere
2532889X_1960-08-12_01_026.tcf.xml-7-7	26120215_1959_04_08_01_090.tcf.xml-132-15	inferred	0	 	Schmiere
2532889X_1960-08-12_01_026.tcf.xml-7-7	26120215_1960_02_28_01_505.tcf.xml-41-6	inferred	1	 	Schmiere
2532889X_1960-08-12_01_026.tcf.xml-7-7	26120215_1961_08_18_01_282.tcf.xml-28-13	inferred	1	 	Schmiere
2532889X_1960-08-12_01_026.tcf.xml-7-7	26120215_1965_01_28_01_054.tcf.xml-9-13	inferred	0	 	Schmiere
2532889X_1960-08-12_01_026.tcf.xml-7-7	26120215_1986_04_22_01_164.tcf.xml-2-49	inferred	1	 	Schmiere
2532889X_1960-08-12_01_026.tcf.xml-7-7	26120215_1988_12_16_01_122.tcf.xml-28-31	inferred	0	 	Schmiere
2532889X_1960-08-12_01_026.tcf.xml-7-7	avelallemant_gaunerthum02_1858-1011-6	inferred	0	 	Schmiere
2532889X_1960-08-12_01_026.tcf.xml-7-7	avelallemant_gaunerthum02_1858-1636-79	inferred	1	 	Schmiere
2532889X_1960-08-12_01_026.tcf.xml-7-7	avelallemant_gaunerthum02_1858-1638-34	inferred	0	 	Schmiere
2532889X_1960-08-12_01_026.tcf.xml-7-7	avelallemant_gaunerthum02_1858-1638-6	inferred	0	 	Schmiere
2532889X_1960-08-12_01_026.tcf.xml-7-7	brehm_thierleben05_1869-14677-12	inferred	0	 	Schmiere
2532889X_1960-08-12_01_026.tcf.xml-7-7	gerstner_mechanik01_1831-10498-30	inferred	0	 	Schmiere
2532889X_1960-08-12_01_026.tcf.xml-7-7	gerstner_mechanik01_1831-10633-26	inferred	0	 	Schmiere
2532889X_1960-08-12_01_026.tcf.xml-7-7	gerstner_mechanik01_1831-10827-9	inferred	0	 	Schmiere
2532889X_1960-08-12_01_026.tcf.xml-7-7	gerstner_mechanik01_1831-10932-1	inferred	0	 	Schmiere
2532889X_1960-08-12_01_026.tcf.xml-7-7	gerstner_mechanik01_1831-9110-24	inferred	0	 	Schmiere
2532889X_1960-08-12_01_026.tcf.xml-7-7	gerstner_mechanik01_1831-9111-16	inferred	0	 	Schmiere
2532889X_1960-08-12_01_026.tcf.xml-7-7	gerstner_mechanik03_1834-8218-15	inferred	0	 	Schmiere
2532889X_1960-08-12_01_026.tcf.xml-7-7	krafft_landwirthschaft01_1875-5229-26	inferred	0	 	Schmiere
2532889X_1960-08-12_01_026.tcf.xml-7-7	kurz_sonnenwirth_1855-3945-7	inferred	0	 	Schmiere
2532889X_1960-08-12_01_026.tcf.xml-7-7	michelis_reiseschule_1869-635-38	inferred	0	 	Schmiere
2532889X_1960-08-12_01_026.tcf.xml-7-7	nn_maehrisches42_1886-36-23	inferred	0	 	Schmiere
2532889X_1960-08-12_01_026.tcf.xml-7-7	nn_nrhz046_1848-619-7	inferred	0	 	Schmiere
2532889X_1960-08-12_01_026.tcf.xml-7-7	parthey_jugenderinnerungen01_1871-367-12	inferred	0	 	Schmiere
2532889X_1960-08-12_01_026.tcf.xml-7-7	quenstedt_mineralogie_1854-4135-19	inferred	0	 	Schmiere
2532889X_1960-08-12_01_026.tcf.xml-7-7	vogt_briefe02_1851-3388-33	inferred	0	 	Schmiere
2532889X_1960-08-12_01_026.tcf.xml-7-7	vogt_briefe02_1851-4078-42	inferred	0	 	Schmiere
2532889X_1960-08-12_01_026.tcf.xml-7-7	vogt_briefe02_1851-5243-10	inferred	0	 	Schmiere
2532889X_1962-06-09_01_129.tcf.xml-37-27	2532889X_1964-03-12_01_145.tcf.xml-165-4	inferred	1	 	Schmiere
2532889X_1962-06-09_01_129.tcf.xml-37-27	2532889X_1964-03-29_01_012.tcf.xml-16-7	inferred	0	 	Schmiere
2532889X_1962-06-09_01_129.tcf.xml-37-27	2532889X_1964-10-20_01_024.tcf.xml-13-20	inferred	0	 	Schmiere
2532889X_1962-06-09_01_129.tcf.xml-37-27	2532889X_1966-10-02_01_199.tcf.xml-23-10	inferred	0	 	Schmiere
2532889X_1962-06-09_01_129.tcf.xml-37-27	2532889X_1980-05-03_01_425.tcf.xml-1-11	inferred	0	 	Schmiere
2532889X_1962-06-09_01_129.tcf.xml-37-27	2532889X_1982-07-13_01_068.tcf.xml-22-16	inferred	0	 	Schmiere
2532889X_1962-06-09_01_129.tcf.xml-37-27	26120215_1949_03_24_01_039.tcf.xml-31-3	inferred	0	 	Schmiere
2532889X_1962-06-09_01_129.tcf.xml-37-27	26120215_1950_02_07_01_232.tcf.xml-11-5	inferred	0	 	Schmiere
2532889X_1962-06-09_01_129.tcf.xml-37-27	26120215_1953_11_01_02_360.tcf.xml-46-16	inferred	0	 	Schmiere
2532889X_1962-06-09_01_129.tcf.xml-37-27	26120215_1956_12_16_02_189.tcf.xml-4-17	inferred	0	 	Schmiere
2532889X_1962-06-09_01_129.tcf.xml-37-27	26120215_1959_04_08_01_090.tcf.xml-132-15	inferred	1	 	Schmiere
2532889X_1962-06-09_01_129.tcf.xml-37-27	26120215_1960_02_28_01_505.tcf.xml-41-6	inferred	0	 	Schmiere
2532889X_1962-06-09_01_129.tcf.xml-37-27	26120215_1961_08_18_01_282.tcf.xml-28-13	inferred	0	 	Schmiere
2532889X_1962-06-09_01_129.tcf.xml-37-27	26120215_1965_01_28_01_054.tcf.xml-9-13	inferred	1	 	Schmiere
2532889X_1962-06-09_01_129.tcf.xml-37-27	26120215_1986_04_22_01_164.tcf.xml-2-49	inferred	0	 	Schmiere
2532889X_1962-06-09_01_129.tcf.xml-37-27	26120215_1988_12_16_01_122.tcf.xml-28-31	inferred	0	 	Schmiere
2532889X_1962-06-09_01_129.tcf.xml-37-27	avelallemant_gaunerthum02_1858-1011-6	inferred	0	 	Schmiere
2532889X_1962-06-09_01_129.tcf.xml-37-27	avelallemant_gaunerthum02_1858-1636-79	inferred	0	 	Schmiere
2532889X_1962-06-09_01_129.tcf.xml-37-27	avelallemant_gaunerthum02_1858-1638-34	inferred	0	 	Schmiere
2532889X_1962-06-09_01_129.tcf.xml-37-27	avelallemant_gaunerthum02_1858-1638-6	inferred	0	 	Schmiere
2532889X_1962-06-09_01_129.tcf.xml-37-27	brehm_thierleben05_1869-14677-12	inferred	1	 	Schmiere
2532889X_1962-06-09_01_129.tcf.xml-37-27	gerstner_mechanik01_1831-10498-30	inferred	1	 	Schmiere
2532889X_1962-06-09_01_129.tcf.xml-37-27	gerstner_mechanik01_1831-10633-26	inferred	1	 	Schmiere
2532889X_1962-06-09_01_129.tcf.xml-37-27	gerstner_mechanik01_1831-10827-9	inferred	1	 	Schmiere
2532889X_1962-06-09_01_129.tcf.xml-37-27	gerstner_mechanik01_1831-10932-1	inferred	1	 	Schmiere
2532889X_1962-06-09_01_129.tcf.xml-37-27	gerstner_mechanik01_1831-9110-24	inferred	1	 	Schmiere
2532889X_1962-06-09_01_129.tcf.xml-37-27	gerstner_mechanik01_1831-9111-16	inferred	1	 	Schmiere
2532889X_1962-06-09_01_129.tcf.xml-37-27	gerstner_mechanik03_1834-8218-15	inferred	1	 	Schmiere
2532889X_1962-06-09_01_129.tcf.xml-37-27	krafft_landwirthschaft01_1875-5229-26	inferred	1	 	Schmiere
2532889X_1962-06-09_01_129.tcf.xml-37-27	kurz_sonnenwirth_1855-3945-7	inferred	1	 	Schmiere
2532889X_1962-06-09_01_129.tcf.xml-37-27	michelis_reiseschule_1869-635-38	inferred	1	 	Schmiere
2532889X_1962-06-09_01_129.tcf.xml-37-27	nn_maehrisches42_1886-36-23	inferred	0	 	Schmiere
2532889X_1962-06-09_01_129.tcf.xml-37-27	nn_nrhz046_1848-619-7	inferred	0	 	Schmiere
2532889X_1962-06-09_01_129.tcf.xml-37-27	parthey_jugenderinnerungen01_1871-367-12	inferred	1	 	Schmiere
2532889X_1962-06-09_01_129.tcf.xml-37-27	quenstedt_mineralogie_1854-4135-19	inferred	1	 	Schmiere
2532889X_1962-06-09_01_129.tcf.xml-37-27	vogt_briefe02_1851-3388-33	inferred	1	 	Schmiere
2532889X_1962-06-09_01_129.tcf.xml-37-27	vogt_briefe02_1851-4078-42	inferred	1	 	Schmiere
2532889X_1962-06-09_01_129.tcf.xml-37-27	vogt_briefe02_1851-5243-10	inferred	0	 	Schmiere
2532889X_1964-03-12_01_145.tcf.xml-165-4	2532889X_1964-03-29_01_012.tcf.xml-16-7	inferred	0	 	Schmiere
2532889X_1964-03-12_01_145.tcf.xml-165-4	2532889X_1964-10-20_01_024.tcf.xml-13-20	inferred	0	 	Schmiere
2532889X_1964-03-12_01_145.tcf.xml-165-4	2532889X_1966-10-02_01_199.tcf.xml-23-10	inferred	0	 	Schmiere
2532889X_1964-03-12_01_145.tcf.xml-165-4	2532889X_1980-05-03_01_425.tcf.xml-1-11	inferred	0	 	Schmiere
2532889X_1964-03-12_01_145.tcf.xml-165-4	2532889X_1982-07-13_01_068.tcf.xml-22-16	inferred	0	 	Schmiere
2532889X_1964-03-12_01_145.tcf.xml-165-4	26120215_1949_03_24_01_039.tcf.xml-31-3	inferred	0	 	Schmiere
2532889X_1964-03-12_01_145.tcf.xml-165-4	26120215_1950_02_07_01_232.tcf.xml-11-5	inferred	0	 	Schmiere
2532889X_1964-03-12_01_145.tcf.xml-165-4	26120215_1953_11_01_02_360.tcf.xml-46-16	inferred	0	 	Schmiere
2532889X_1964-03-12_01_145.tcf.xml-165-4	26120215_1956_12_16_02_189.tcf.xml-4-17	inferred	0	 	Schmiere
2532889X_1964-03-12_01_145.tcf.xml-165-4	26120215_1959_04_08_01_090.tcf.xml-132-15	inferred	1	 	Schmiere
2532889X_1964-03-12_01_145.tcf.xml-165-4	26120215_1960_02_28_01_505.tcf.xml-41-6	inferred	0	 	Schmiere
2532889X_1964-03-12_01_145.tcf.xml-165-4	26120215_1961_08_18_01_282.tcf.xml-28-13	inferred	0	 	Schmiere
2532889X_1964-03-12_01_145.tcf.xml-165-4	26120215_1965_01_28_01_054.tcf.xml-9-13	inferred	1	 	Schmiere
2532889X_1964-03-12_01_145.tcf.xml-165-4	26120215_1986_04_22_01_164.tcf.xml-2-49	inferred	0	 	Schmiere
2532889X_1964-03-12_01_145.tcf.xml-165-4	26120215_1988_12_16_01_122.tcf.xml-28-31	inferred	0	 	Schmiere
2532889X_1964-03-12_01_145.tcf.xml-165-4	avelallemant_gaunerthum02_1858-1011-6	inferred	0	 	Schmiere
2532889X_1964-03-12_01_145.tcf.xml-165-4	avelallemant_gaunerthum02_1858-1636-79	inferred	0	 	Schmiere
2532889X_1964-03-12_01_145.tcf.xml-165-4	avelallemant_gaunerthum02_1858-1638-34	inferred	0	 	Schmiere
2532889X_1964-03-12_01_145.tcf.xml-165-4	avelallemant_gaunerthum02_1858-1638-6	inferred	0	 	Schmiere
2532889X_1964-03-12_01_145.tcf.xml-165-4	brehm_thierleben05_1869-14677-12	inferred	1	 	Schmiere
2532889X_1964-03-12_01_145.tcf.xml-165-4	gerstner_mechanik01_1831-10498-30	inferred	1	 	Schmiere
2532889X_1964-03-12_01_145.tcf.xml-165-4	gerstner_mechanik01_1831-10633-26	inferred	1	 	Schmiere
2532889X_1964-03-12_01_145.tcf.xml-165-4	gerstner_mechanik01_1831-10827-9	inferred	1	 	Schmiere
2532889X_1964-03-12_01_145.tcf.xml-165-4	gerstner_mechanik01_1831-10932-1	inferred	1	 	Schmiere
2532889X_1964-03-12_01_145.tcf.xml-165-4	gerstner_mechanik01_1831-9110-24	inferred	1	 	Schmiere
2532889X_1964-03-12_01_145.tcf.xml-165-4	gerstner_mechanik01_1831-9111-16	inferred	1	 	Schmiere
2532889X_1964-03-12_01_145.tcf.xml-165-4	gerstner_mechanik03_1834-8218-15	inferred	1	 	Schmiere
2532889X_1964-03-12_01_145.tcf.xml-165-4	krafft_landwirthschaft01_1875-5229-26	inferred	1	 	Schmiere
2532889X_1964-03-12_01_145.tcf.xml-165-4	kurz_sonnenwirth_1855-3945-7	inferred	1	 	Schmiere
2532889X_1964-03-12_01_145.tcf.xml-165-4	michelis_reiseschule_1869-635-38	inferred	1	 	Schmiere
2532889X_1964-03-12_01_145.tcf.xml-165-4	nn_maehrisches42_1886-36-23	inferred	0	 	Schmiere
2532889X_1964-03-12_01_145.tcf.xml-165-4	nn_nrhz046_1848-619-7	inferred	0	 	Schmiere
2532889X_1964-03-12_01_145.tcf.xml-165-4	parthey_jugenderinnerungen01_1871-367-12	inferred	1	 	Schmiere
2532889X_1964-03-12_01_145.tcf.xml-165-4	quenstedt_mineralogie_1854-4135-19	inferred	1	 	Schmiere
2532889X_1964-03-12_01_145.tcf.xml-165-4	vogt_briefe02_1851-3388-33	inferred	1	 	Schmiere
2532889X_1964-03-12_01_145.tcf.xml-165-4	vogt_briefe02_1851-4078-42	inferred	1	 	Schmiere
2532889X_1964-03-12_01_145.tcf.xml-165-4	vogt_briefe02_1851-5243-10	inferred	0	 	Schmiere
2532889X_1964-03-29_01_012.tcf.xml-16-7	2532889X_1964-10-20_01_024.tcf.xml-13-20	inferred	0	 	Schmiere
2532889X_1964-03-29_01_012.tcf.xml-16-7	2532889X_1966-10-02_01_199.tcf.xml-23-10	inferred	1	 	Schmiere
2532889X_1964-03-29_01_012.tcf.xml-16-7	2532889X_1980-05-03_01_425.tcf.xml-1-11	inferred	1	 	Schmiere
2532889X_1964-03-29_01_012.tcf.xml-16-7	2532889X_1982-07-13_01_068.tcf.xml-22-16	inferred	1	 	Schmiere
2532889X_1964-03-29_01_012.tcf.xml-16-7	26120215_1949_03_24_01_039.tcf.xml-31-3	inferred	1	 	Schmiere
2532889X_1964-03-29_01_012.tcf.xml-16-7	26120215_1950_02_07_01_232.tcf.xml-11-5	inferred	0	 	Schmiere
2532889X_1964-03-29_01_012.tcf.xml-16-7	26120215_1953_11_01_02_360.tcf.xml-46-16	inferred	0	 	Schmiere
2532889X_1964-03-29_01_012.tcf.xml-16-7	26120215_1956_12_16_02_189.tcf.xml-4-17	inferred	0	 	Schmiere
2532889X_1964-03-29_01_012.tcf.xml-16-7	26120215_1959_04_08_01_090.tcf.xml-132-15	inferred	0	 	Schmiere
2532889X_1964-03-29_01_012.tcf.xml-16-7	26120215_1960_02_28_01_505.tcf.xml-41-6	inferred	0	 	Schmiere
2532889X_1964-03-29_01_012.tcf.xml-16-7	26120215_1961_08_18_01_282.tcf.xml-28-13	inferred	0	 	Schmiere
2532889X_1964-03-29_01_012.tcf.xml-16-7	26120215_1965_01_28_01_054.tcf.xml-9-13	inferred	0	 	Schmiere
2532889X_1964-03-29_01_012.tcf.xml-16-7	26120215_1986_04_22_01_164.tcf.xml-2-49	inferred	0	 	Schmiere
2532889X_1964-03-29_01_012.tcf.xml-16-7	26120215_1988_12_16_01_122.tcf.xml-28-31	inferred	1	 	Schmiere
2532889X_1964-03-29_01_012.tcf.xml-16-7	avelallemant_gaunerthum02_1858-1011-6	inferred	0	 	Schmiere
2532889X_1964-03-29_01_012.tcf.xml-16-7	avelallemant_gaunerthum02_1858-1636-79	inferred	0	 	Schmiere
2532889X_1964-03-29_01_012.tcf.xml-16-7	avelallemant_gaunerthum02_1858-1638-34	inferred	0	 	Schmiere
2532889X_1964-03-29_01_012.tcf.xml-16-7	avelallemant_gaunerthum02_1858-1638-6	inferred	0	 	Schmiere
2532889X_1964-03-29_01_012.tcf.xml-16-7	brehm_thierleben05_1869-14677-12	inferred	0	 	Schmiere
2532889X_1964-03-29_01_012.tcf.xml-16-7	gerstner_mechanik01_1831-10498-30	inferred	0	 	Schmiere
2532889X_1964-03-29_01_012.tcf.xml-16-7	gerstner_mechanik01_1831-10633-26	inferred	0	 	Schmiere
2532889X_1964-03-29_01_012.tcf.xml-16-7	gerstner_mechanik01_1831-10827-9	inferred	0	 	Schmiere
2532889X_1964-03-29_01_012.tcf.xml-16-7	gerstner_mechanik01_1831-10932-1	inferred	0	 	Schmiere
2532889X_1964-03-29_01_012.tcf.xml-16-7	gerstner_mechanik01_1831-9110-24	inferred	0	 	Schmiere
2532889X_1964-03-29_01_012.tcf.xml-16-7	gerstner_mechanik01_1831-9111-16	inferred	0	 	Schmiere
2532889X_1964-03-29_01_012.tcf.xml-16-7	gerstner_mechanik03_1834-8218-15	inferred	0	 	Schmiere
2532889X_1964-03-29_01_012.tcf.xml-16-7	krafft_landwirthschaft01_1875-5229-26	inferred	0	 	Schmiere
2532889X_1964-03-29_01_012.tcf.xml-16-7	kurz_sonnenwirth_1855-3945-7	inferred	0	 	Schmiere
2532889X_1964-03-29_01_012.tcf.xml-16-7	michelis_reiseschule_1869-635-38	inferred	0	 	Schmiere
2532889X_1964-03-29_01_012.tcf.xml-16-7	nn_maehrisches42_1886-36-23	inferred	1	 	Schmiere
2532889X_1964-03-29_01_012.tcf.xml-16-7	nn_nrhz046_1848-619-7	inferred	0	 	Schmiere
2532889X_1964-03-29_01_012.tcf.xml-16-7	parthey_jugenderinnerungen01_1871-367-12	inferred	0	 	Schmiere
2532889X_1964-03-29_01_012.tcf.xml-16-7	quenstedt_mineralogie_1854-4135-19	inferred	0	 	Schmiere
2532889X_1964-03-29_01_012.tcf.xml-16-7	vogt_briefe02_1851-3388-33	inferred	0	 	Schmiere
2532889X_1964-03-29_01_012.tcf.xml-16-7	vogt_briefe02_1851-4078-42	inferred	0	 	Schmiere
2532889X_1964-03-29_01_012.tcf.xml-16-7	vogt_briefe02_1851-5243-10	inferred	0	 	Schmiere
2532889X_1964-10-20_01_024.tcf.xml-13-20	2532889X_1966-10-02_01_199.tcf.xml-23-10	inferred	0	 	Schmiere
2532889X_1964-10-20_01_024.tcf.xml-13-20	2532889X_1980-05-03_01_425.tcf.xml-1-11	inferred	0	 	Schmiere
2532889X_1964-10-20_01_024.tcf.xml-13-20	2532889X_1982-07-13_01_068.tcf.xml-22-16	inferred	0	 	Schmiere
2532889X_1964-10-20_01_024.tcf.xml-13-20	26120215_1949_03_24_01_039.tcf.xml-31-3	inferred	0	 	Schmiere
2532889X_1964-10-20_01_024.tcf.xml-13-20	26120215_1950_02_07_01_232.tcf.xml-11-5	inferred	1	 	Schmiere
2532889X_1964-10-20_01_024.tcf.xml-13-20	26120215_1953_11_01_02_360.tcf.xml-46-16	inferred	0	 	Schmiere
2532889X_1964-10-20_01_024.tcf.xml-13-20	26120215_1956_12_16_02_189.tcf.xml-4-17	inferred	1	 	Schmiere
2532889X_1964-10-20_01_024.tcf.xml-13-20	26120215_1959_04_08_01_090.tcf.xml-132-15	inferred	0	 	Schmiere
2532889X_1964-10-20_01_024.tcf.xml-13-20	26120215_1960_02_28_01_505.tcf.xml-41-6	inferred	1	 	Schmiere
2532889X_1964-10-20_01_024.tcf.xml-13-20	26120215_1961_08_18_01_282.tcf.xml-28-13	inferred	1	 	Schmiere
2532889X_1964-10-20_01_024.tcf.xml-13-20	26120215_1965_01_28_01_054.tcf.xml-9-13	inferred	0	 	Schmiere
2532889X_1964-10-20_01_024.tcf.xml-13-20	26120215_1986_04_22_01_164.tcf.xml-2-49	inferred	1	 	Schmiere
2532889X_1964-10-20_01_024.tcf.xml-13-20	26120215_1988_12_16_01_122.tcf.xml-28-31	inferred	0	 	Schmiere
2532889X_1964-10-20_01_024.tcf.xml-13-20	avelallemant_gaunerthum02_1858-1011-6	inferred	0	 	Schmiere
2532889X_1964-10-20_01_024.tcf.xml-13-20	avelallemant_gaunerthum02_1858-1636-79	inferred	1	 	Schmiere
2532889X_1964-10-20_01_024.tcf.xml-13-20	avelallemant_gaunerthum02_1858-1638-34	inferred	0	 	Schmiere
2532889X_1964-10-20_01_024.tcf.xml-13-20	avelallemant_gaunerthum02_1858-1638-6	inferred	0	 	Schmiere
2532889X_1964-10-20_01_024.tcf.xml-13-20	brehm_thierleben05_1869-14677-12	inferred	0	 	Schmiere
2532889X_1964-10-20_01_024.tcf.xml-13-20	gerstner_mechanik01_1831-10498-30	inferred	0	 	Schmiere
2532889X_1964-10-20_01_024.tcf.xml-13-20	gerstner_mechanik01_1831-10633-26	inferred	0	 	Schmiere
2532889X_1964-10-20_01_024.tcf.xml-13-20	gerstner_mechanik01_1831-10827-9	inferred	0	 	Schmiere
2532889X_1964-10-20_01_024.tcf.xml-13-20	gerstner_mechanik01_1831-10932-1	inferred	0	 	Schmiere
2532889X_1964-10-20_01_024.tcf.xml-13-20	gerstner_mechanik01_1831-9110-24	inferred	0	 	Schmiere
2532889X_1964-10-20_01_024.tcf.xml-13-20	gerstner_mechanik01_1831-9111-16	inferred	0	 	Schmiere
2532889X_1964-10-20_01_024.tcf.xml-13-20	gerstner_mechanik03_1834-8218-15	inferred	0	 	Schmiere
2532889X_1964-10-20_01_024.tcf.xml-13-20	krafft_landwirthschaft01_1875-5229-26	inferred	0	 	Schmiere
2532889X_1964-10-20_01_024.tcf.xml-13-20	kurz_sonnenwirth_1855-3945-7	inferred	0	 	Schmiere
2532889X_1964-10-20_01_024.tcf.xml-13-20	michelis_reiseschule_1869-635-38	inferred	0	 	Schmiere
2532889X_1964-10-20_01_024.tcf.xml-13-20	nn_maehrisches42_1886-36-23	inferred	0	 	Schmiere
2532889X_1964-10-20_01_024.tcf.xml-13-20	nn_nrhz046_1848-619-7	inferred	0	 	Schmiere
2532889X_1964-10-20_01_024.tcf.xml-13-20	parthey_jugenderinnerungen01_1871-367-12	inferred	0	 	Schmiere
2532889X_1964-10-20_01_024.tcf.xml-13-20	quenstedt_mineralogie_1854-4135-19	inferred	0	 	Schmiere
2532889X_1964-10-20_01_024.tcf.xml-13-20	vogt_briefe02_1851-3388-33	inferred	0	 	Schmiere
2532889X_1964-10-20_01_024.tcf.xml-13-20	vogt_briefe02_1851-4078-42	inferred	0	 	Schmiere
2532889X_1964-10-20_01_024.tcf.xml-13-20	vogt_briefe02_1851-5243-10	inferred	0	 	Schmiere
2532889X_1966-10-02_01_199.tcf.xml-23-10	2532889X_1980-05-03_01_425.tcf.xml-1-11	inferred	1	 	Schmiere
2532889X_1966-10-02_01_199.tcf.xml-23-10	2532889X_1982-07-13_01_068.tcf.xml-22-16	inferred	1	 	Schmiere
2532889X_1966-10-02_01_199.tcf.xml-23-10	26120215_1949_03_24_01_039.tcf.xml-31-3	inferred	1	 	Schmiere
2532889X_1966-10-02_01_199.tcf.xml-23-10	26120215_1950_02_07_01_232.tcf.xml-11-5	inferred	0	 	Schmiere
2532889X_1966-10-02_01_199.tcf.xml-23-10	26120215_1953_11_01_02_360.tcf.xml-46-16	inferred	0	 	Schmiere
2532889X_1966-10-02_01_199.tcf.xml-23-10	26120215_1956_12_16_02_189.tcf.xml-4-17	inferred	0	 	Schmiere
2532889X_1966-10-02_01_199.tcf.xml-23-10	26120215_1959_04_08_01_090.tcf.xml-132-15	inferred	0	 	Schmiere
2532889X_1966-10-02_01_199.tcf.xml-23-10	26120215_1960_02_28_01_505.tcf.xml-41-6	inferred	0	 	Schmiere
2532889X_1966-10-02_01_199.tcf.xml-23-10	26120215_1961_08_18_01_282.tcf.xml-28-13	inferred	0	 	Schmiere
2532889X_1966-10-02_01_199.tcf.xml-23-10	26120215_1965_01_28_01_054.tcf.xml-9-13	inferred	0	 	Schmiere
2532889X_1966-10-02_01_199.tcf.xml-23-10	26120215_1986_04_22_01_164.tcf.xml-2-49	inferred	0	 	Schmiere
2532889X_1966-10-02_01_199.tcf.xml-23-10	26120215_1988_12_16_01_122.tcf.xml-28-31	inferred	1	 	Schmiere
2532889X_1966-10-02_01_199.tcf.xml-23-10	avelallemant_gaunerthum02_1858-1011-6	inferred	0	 	Schmiere
2532889X_1966-10-02_01_199.tcf.xml-23-10	avelallemant_gaunerthum02_1858-1636-79	inferred	0	 	Schmiere
2532889X_1966-10-02_01_199.tcf.xml-23-10	avelallemant_gaunerthum02_1858-1638-34	inferred	0	 	Schmiere
2532889X_1966-10-02_01_199.tcf.xml-23-10	avelallemant_gaunerthum02_1858-1638-6	inferred	0	 	Schmiere
2532889X_1966-10-02_01_199.tcf.xml-23-10	brehm_thierleben05_1869-14677-12	inferred	0	 	Schmiere
2532889X_1966-10-02_01_199.tcf.xml-23-10	gerstner_mechanik01_1831-10498-30	inferred	0	 	Schmiere
2532889X_1966-10-02_01_199.tcf.xml-23-10	gerstner_mechanik01_1831-10633-26	inferred	0	 	Schmiere
2532889X_1966-10-02_01_199.tcf.xml-23-10	gerstner_mechanik01_1831-10827-9	inferred	0	 	Schmiere
2532889X_1966-10-02_01_199.tcf.xml-23-10	gerstner_mechanik01_1831-10932-1	inferred	0	 	Schmiere
2532889X_1966-10-02_01_199.tcf.xml-23-10	gerstner_mechanik01_1831-9110-24	inferred	0	 	Schmiere
2532889X_1966-10-02_01_199.tcf.xml-23-10	gerstner_mechanik01_1831-9111-16	inferred	0	 	Schmiere
2532889X_1966-10-02_01_199.tcf.xml-23-10	gerstner_mechanik03_1834-8218-15	inferred	0	 	Schmiere
2532889X_1966-10-02_01_199.tcf.xml-23-10	krafft_landwirthschaft01_1875-5229-26	inferred	0	 	Schmiere
2532889X_1966-10-02_01_199.tcf.xml-23-10	kurz_sonnenwirth_1855-3945-7	inferred	0	 	Schmiere
2532889X_1966-10-02_01_199.tcf.xml-23-10	michelis_reiseschule_1869-635-38	inferred	0	 	Schmiere
2532889X_1966-10-02_01_199.tcf.xml-23-10	nn_maehrisches42_1886-36-23	inferred	1	 	Schmiere
2532889X_1966-10-02_01_199.tcf.xml-23-10	nn_nrhz046_1848-619-7	inferred	0	 	Schmiere
2532889X_1966-10-02_01_199.tcf.xml-23-10	parthey_jugenderinnerungen01_1871-367-12	inferred	0	 	Schmiere
2532889X_1966-10-02_01_199.tcf.xml-23-10	quenstedt_mineralogie_1854-4135-19	inferred	0	 	Schmiere
2532889X_1966-10-02_01_199.tcf.xml-23-10	vogt_briefe02_1851-3388-33	inferred	0	 	Schmiere
2532889X_1966-10-02_01_199.tcf.xml-23-10	vogt_briefe02_1851-4078-42	inferred	0	 	Schmiere
2532889X_1966-10-02_01_199.tcf.xml-23-10	vogt_briefe02_1851-5243-10	inferred	0	 	Schmiere
2532889X_1980-05-03_01_425.tcf.xml-1-11	2532889X_1982-07-13_01_068.tcf.xml-22-16	inferred	1	 	Schmiere
2532889X_1980-05-03_01_425.tcf.xml-1-11	26120215_1949_03_24_01_039.tcf.xml-31-3	inferred	1	 	Schmiere
2532889X_1980-05-03_01_425.tcf.xml-1-11	26120215_1950_02_07_01_232.tcf.xml-11-5	inferred	0	 	Schmiere
2532889X_1980-05-03_01_425.tcf.xml-1-11	26120215_1953_11_01_02_360.tcf.xml-46-16	inferred	0	 	Schmiere
2532889X_1980-05-03_01_425.tcf.xml-1-11	26120215_1956_12_16_02_189.tcf.xml-4-17	inferred	0	 	Schmiere
2532889X_1980-05-03_01_425.tcf.xml-1-11	26120215_1959_04_08_01_090.tcf.xml-132-15	inferred	0	 	Schmiere
2532889X_1980-05-03_01_425.tcf.xml-1-11	26120215_1960_02_28_01_505.tcf.xml-41-6	inferred	0	 	Schmiere
2532889X_1980-05-03_01_425.tcf.xml-1-11	26120215_1961_08_18_01_282.tcf.xml-28-13	inferred	0	 	Schmiere
2532889X_1980-05-03_01_425.tcf.xml-1-11	26120215_1965_01_28_01_054.tcf.xml-9-13	inferred	0	 	Schmiere
2532889X_1980-05-03_01_425.tcf.xml-1-11	26120215_1986_04_22_01_164.tcf.xml-2-49	inferred	0	 	Schmiere
2532889X_1980-05-03_01_425.tcf.xml-1-11	26120215_1988_12_16_01_122.tcf.xml-28-31	inferred	1	 	Schmiere
2532889X_1980-05-03_01_425.tcf.xml-1-11	avelallemant_gaunerthum02_1858-1011-6	inferred	0	 	Schmiere
2532889X_1980-05-03_01_425.tcf.xml-1-11	avelallemant_gaunerthum02_1858-1636-79	inferred	0	 	Schmiere
2532889X_1980-05-03_01_425.tcf.xml-1-11	avelallemant_gaunerthum02_1858-1638-34	inferred	0	 	Schmiere
2532889X_1980-05-03_01_425.tcf.xml-1-11	avelallemant_gaunerthum02_1858-1638-6	inferred	0	 	Schmiere
2532889X_1980-05-03_01_425.tcf.xml-1-11	brehm_thierleben05_1869-14677-12	inferred	0	 	Schmiere
2532889X_1980-05-03_01_425.tcf.xml-1-11	gerstner_mechanik01_1831-10498-30	inferred	0	 	Schmiere
2532889X_1980-05-03_01_425.tcf.xml-1-11	gerstner_mechanik01_1831-10633-26	inferred	0	 	Schmiere
2532889X_1980-05-03_01_425.tcf.xml-1-11	gerstner_mechanik01_1831-10827-9	inferred	0	 	Schmiere
2532889X_1980-05-03_01_425.tcf.xml-1-11	gerstner_mechanik01_1831-10932-1	inferred	0	 	Schmiere
2532889X_1980-05-03_01_425.tcf.xml-1-11	gerstner_mechanik01_1831-9110-24	inferred	0	 	Schmiere
2532889X_1980-05-03_01_425.tcf.xml-1-11	gerstner_mechanik01_1831-9111-16	inferred	0	 	Schmiere
2532889X_1980-05-03_01_425.tcf.xml-1-11	gerstner_mechanik03_1834-8218-15	inferred	0	 	Schmiere
2532889X_1980-05-03_01_425.tcf.xml-1-11	krafft_landwirthschaft01_1875-5229-26	inferred	0	 	Schmiere
2532889X_1980-05-03_01_425.tcf.xml-1-11	kurz_sonnenwirth_1855-3945-7	inferred	0	 	Schmiere
2532889X_1980-05-03_01_425.tcf.xml-1-11	michelis_reiseschule_1869-635-38	inferred	0	 	Schmiere
2532889X_1980-05-03_01_425.tcf.xml-1-11	nn_maehrisches42_1886-36-23	inferred	1	 	Schmiere
2532889X_1980-05-03_01_425.tcf.xml-1-11	nn_nrhz046_1848-619-7	inferred	0	 	Schmiere
2532889X_1980-05-03_01_425.tcf.xml-1-11	parthey_jugenderinnerungen01_1871-367-12	inferred	0	 	Schmiere
2532889X_1980-05-03_01_425.tcf.xml-1-11	quenstedt_mineralogie_1854-4135-19	inferred	0	 	Schmiere
2532889X_1980-05-03_01_425.tcf.xml-1-11	vogt_briefe02_1851-3388-33	inferred	0	 	Schmiere
2532889X_1980-05-03_01_425.tcf.xml-1-11	vogt_briefe02_1851-4078-42	inferred	0	 	Schmiere
2532889X_1980-05-03_01_425.tcf.xml-1-11	vogt_briefe02_1851-5243-10	inferred	0	 	Schmiere
2532889X_1982-07-13_01_068.tcf.xml-22-16	26120215_1949_03_24_01_039.tcf.xml-31-3	inferred	1	 	Schmiere
2532889X_1982-07-13_01_068.tcf.xml-22-16	26120215_1950_02_07_01_232.tcf.xml-11-5	inferred	0	 	Schmiere
2532889X_1982-07-13_01_068.tcf.xml-22-16	26120215_1953_11_01_02_360.tcf.xml-46-16	inferred	0	 	Schmiere
2532889X_1982-07-13_01_068.tcf.xml-22-16	26120215_1956_12_16_02_189.tcf.xml-4-17	inferred	0	 	Schmiere
2532889X_1982-07-13_01_068.tcf.xml-22-16	26120215_1959_04_08_01_090.tcf.xml-132-15	inferred	0	 	Schmiere
2532889X_1982-07-13_01_068.tcf.xml-22-16	26120215_1960_02_28_01_505.tcf.xml-41-6	inferred	0	 	Schmiere
2532889X_1982-07-13_01_068.tcf.xml-22-16	26120215_1961_08_18_01_282.tcf.xml-28-13	inferred	0	 	Schmiere
2532889X_1982-07-13_01_068.tcf.xml-22-16	26120215_1965_01_28_01_054.tcf.xml-9-13	inferred	0	 	Schmiere
2532889X_1982-07-13_01_068.tcf.xml-22-16	26120215_1986_04_22_01_164.tcf.xml-2-49	inferred	0	 	Schmiere
2532889X_1982-07-13_01_068.tcf.xml-22-16	26120215_1988_12_16_01_122.tcf.xml-28-31	inferred	1	 	Schmiere
2532889X_1982-07-13_01_068.tcf.xml-22-16	avelallemant_gaunerthum02_1858-1011-6	inferred	0	 	Schmiere
2532889X_1982-07-13_01_068.tcf.xml-22-16	avelallemant_gaunerthum02_1858-1636-79	inferred	0	 	Schmiere
2532889X_1982-07-13_01_068.tcf.xml-22-16	avelallemant_gaunerthum02_1858-1638-34	inferred	0	 	Schmiere
2532889X_1982-07-13_01_068.tcf.xml-22-16	avelallemant_gaunerthum02_1858-1638-6	inferred	0	 	Schmiere
2532889X_1982-07-13_01_068.tcf.xml-22-16	brehm_thierleben05_1869-14677-12	inferred	0	 	Schmiere
2532889X_1982-07-13_01_068.tcf.xml-22-16	gerstner_mechanik01_1831-10498-30	inferred	0	 	Schmiere
2532889X_1982-07-13_01_068.tcf.xml-22-16	gerstner_mechanik01_1831-10633-26	inferred	0	 	Schmiere
2532889X_1982-07-13_01_068.tcf.xml-22-16	gerstner_mechanik01_1831-10827-9	inferred	0	 	Schmiere
2532889X_1982-07-13_01_068.tcf.xml-22-16	gerstner_mechanik01_1831-10932-1	inferred	0	 	Schmiere
2532889X_1982-07-13_01_068.tcf.xml-22-16	gerstner_mechanik01_1831-9110-24	inferred	0	 	Schmiere
2532889X_1982-07-13_01_068.tcf.xml-22-16	gerstner_mechanik01_1831-9111-16	inferred	0	 	Schmiere
2532889X_1982-07-13_01_068.tcf.xml-22-16	gerstner_mechanik03_1834-8218-15	inferred	0	 	Schmiere
2532889X_1982-07-13_01_068.tcf.xml-22-16	krafft_landwirthschaft01_1875-5229-26	inferred	0	 	Schmiere
2532889X_1982-07-13_01_068.tcf.xml-22-16	kurz_sonnenwirth_1855-3945-7	inferred	0	 	Schmiere
2532889X_1982-07-13_01_068.tcf.xml-22-16	michelis_reiseschule_1869-635-38	inferred	0	 	Schmiere
2532889X_1982-07-13_01_068.tcf.xml-22-16	nn_maehrisches42_1886-36-23	inferred	1	 	Schmiere
2532889X_1982-07-13_01_068.tcf.xml-22-16	nn_nrhz046_1848-619-7	inferred	0	 	Schmiere
2532889X_1982-07-13_01_068.tcf.xml-22-16	parthey_jugenderinnerungen01_1871-367-12	inferred	0	 	Schmiere
2532889X_1982-07-13_01_068.tcf.xml-22-16	quenstedt_mineralogie_1854-4135-19	inferred	0	 	Schmiere
2532889X_1982-07-13_01_068.tcf.xml-22-16	vogt_briefe02_1851-3388-33	inferred	0	 	Schmiere
2532889X_1982-07-13_01_068.tcf.xml-22-16	vogt_briefe02_1851-4078-42	inferred	0	 	Schmiere
2532889X_1982-07-13_01_068.tcf.xml-22-16	vogt_briefe02_1851-5243-10	inferred	0	 	Schmiere
26120215_1949_03_24_01_039.tcf.xml-31-3	26120215_1950_02_07_01_232.tcf.xml-11-5	inferred	0	 	Schmiere
26120215_1949_03_24_01_039.tcf.xml-31-3	26120215_1953_11_01_02_360.tcf.xml-46-16	inferred	0	 	Schmiere
26120215_1949_03_24_01_039.tcf.xml-31-3	26120215_1956_12_16_02_189.tcf.xml-4-17	inferred	0	 	Schmiere
26120215_1949_03_24_01_039.tcf.xml-31-3	26120215_1959_04_08_01_090.tcf.xml-132-15	inferred	0	 	Schmiere
26120215_1949_03_24_01_039.tcf.xml-31-3	26120215_1960_02_28_01_505.tcf.xml-41-6	inferred	0	 	Schmiere
26120215_1949_03_24_01_039.tcf.xml-31-3	26120215_1961_08_18_01_282.tcf.xml-28-13	inferred	0	 	Schmiere
26120215_1949_03_24_01_039.tcf.xml-31-3	26120215_1965_01_28_01_054.tcf.xml-9-13	inferred	0	 	Schmiere
26120215_1949_03_24_01_039.tcf.xml-31-3	26120215_1986_04_22_01_164.tcf.xml-2-49	inferred	0	 	Schmiere
26120215_1949_03_24_01_039.tcf.xml-31-3	26120215_1988_12_16_01_122.tcf.xml-28-31	inferred	1	 	Schmiere
26120215_1949_03_24_01_039.tcf.xml-31-3	avelallemant_gaunerthum02_1858-1011-6	inferred	0	 	Schmiere
26120215_1949_03_24_01_039.tcf.xml-31-3	avelallemant_gaunerthum02_1858-1636-79	inferred	0	 	Schmiere
26120215_1949_03_24_01_039.tcf.xml-31-3	avelallemant_gaunerthum02_1858-1638-34	inferred	0	 	Schmiere
26120215_1949_03_24_01_039.tcf.xml-31-3	avelallemant_gaunerthum02_1858-1638-6	inferred	0	 	Schmiere
26120215_1949_03_24_01_039.tcf.xml-31-3	brehm_thierleben05_1869-14677-12	inferred	0	 	Schmiere
26120215_1949_03_24_01_039.tcf.xml-31-3	gerstner_mechanik01_1831-10498-30	inferred	0	 	Schmiere
26120215_1949_03_24_01_039.tcf.xml-31-3	gerstner_mechanik01_1831-10633-26	inferred	0	 	Schmiere
26120215_1949_03_24_01_039.tcf.xml-31-3	gerstner_mechanik01_1831-10827-9	inferred	0	 	Schmiere
26120215_1949_03_24_01_039.tcf.xml-31-3	gerstner_mechanik01_1831-10932-1	inferred	0	 	Schmiere
26120215_1949_03_24_01_039.tcf.xml-31-3	gerstner_mechanik01_1831-9110-24	inferred	0	 	Schmiere
26120215_1949_03_24_01_039.tcf.xml-31-3	gerstner_mechanik01_1831-9111-16	inferred	0	 	Schmiere
26120215_1949_03_24_01_039.tcf.xml-31-3	gerstner_mechanik03_1834-8218-15	inferred	0	 	Schmiere
26120215_1949_03_24_01_039.tcf.xml-31-3	krafft_landwirthschaft01_1875-5229-26	inferred	0	 	Schmiere
26120215_1949_03_24_01_039.tcf.xml-31-3	kurz_sonnenwirth_1855-3945-7	inferred	0	 	Schmiere
26120215_1949_03_24_01_039.tcf.xml-31-3	michelis_reiseschule_1869-635-38	inferred	0	 	Schmiere
26120215_1949_03_24_01_039.tcf.xml-31-3	nn_maehrisches42_1886-36-23	inferred	1	 	Schmiere
26120215_1949_03_24_01_039.tcf.xml-31-3	nn_nrhz046_1848-619-7	inferred	0	 	Schmiere
26120215_1949_03_24_01_039.tcf.xml-31-3	parthey_jugenderinnerungen01_1871-367-12	inferred	0	 	Schmiere
26120215_1949_03_24_01_039.tcf.xml-31-3	quenstedt_mineralogie_1854-4135-19	inferred	0	 	Schmiere
26120215_1949_03_24_01_039.tcf.xml-31-3	vogt_briefe02_1851-3388-33	inferred	0	 	Schmiere
26120215_1949_03_24_01_039.tcf.xml-31-3	vogt_briefe02_1851-4078-42	inferred	0	 	Schmiere
26120215_1949_03_24_01_039.tcf.xml-31-3	vogt_briefe02_1851-5243-10	inferred	0	 	Schmiere
26120215_1950_02_07_01_232.tcf.xml-11-5	26120215_1953_11_01_02_360.tcf.xml-46-16	inferred	0	 	Schmiere
26120215_1950_02_07_01_232.tcf.xml-11-5	26120215_1956_12_16_02_189.tcf.xml-4-17	inferred	1	 	Schmiere
26120215_1950_02_07_01_232.tcf.xml-11-5	26120215_1959_04_08_01_090.tcf.xml-132-15	inferred	0	 	Schmiere
26120215_1950_02_07_01_232.tcf.xml-11-5	26120215_1960_02_28_01_505.tcf.xml-41-6	inferred	1	 	Schmiere
26120215_1950_02_07_01_232.tcf.xml-11-5	26120215_1961_08_18_01_282.tcf.xml-28-13	inferred	1	 	Schmiere
26120215_1950_02_07_01_232.tcf.xml-11-5	26120215_1965_01_28_01_054.tcf.xml-9-13	inferred	0	 	Schmiere
26120215_1950_02_07_01_232.tcf.xml-11-5	26120215_1986_04_22_01_164.tcf.xml-2-49	inferred	1	 	Schmiere
26120215_1950_02_07_01_232.tcf.xml-11-5	26120215_1988_12_16_01_122.tcf.xml-28-31	inferred	0	 	Schmiere
26120215_1950_02_07_01_232.tcf.xml-11-5	avelallemant_gaunerthum02_1858-1011-6	inferred	0	 	Schmiere
26120215_1950_02_07_01_232.tcf.xml-11-5	avelallemant_gaunerthum02_1858-1636-79	inferred	1	 	Schmiere
26120215_1950_02_07_01_232.tcf.xml-11-5	avelallemant_gaunerthum02_1858-1638-34	inferred	0	 	Schmiere
26120215_1950_02_07_01_232.tcf.xml-11-5	avelallemant_gaunerthum02_1858-1638-6	inferred	0	 	Schmiere
26120215_1950_02_07_01_232.tcf.xml-11-5	brehm_thierleben05_1869-14677-12	inferred	0	 	Schmiere
26120215_1950_02_07_01_232.tcf.xml-11-5	gerstner_mechanik01_1831-10498-30	inferred	0	 	Schmiere
26120215_1950_02_07_01_232.tcf.xml-11-5	gerstner_mechanik01_1831-10633-26	inferred	0	 	Schmiere
26120215_1950_02_07_01_232.tcf.xml-11-5	gerstner_mechanik01_1831-10827-9	inferred	0	 	Schmiere
26120215_1950_02_07_01_232.tcf.xml-11-5	gerstner_mechanik01_1831-10932-1	inferred	0	 	Schmiere
26120215_1950_02_07_01_232.tcf.xml-11-5	gerstner_mechanik01_1831-9110-24	inferred	0	 	Schmiere
26120215_1950_02_07_01_232.tcf.xml-11-5	gerstner_mechanik01_1831-9111-16	inferred	0	 	Schmiere
26120215_1950_02_07_01_232.tcf.xml-11-5	gerstner_mechanik03_1834-8218-15	inferred	0	 	Schmiere
26120215_1950_02_07_01_232.tcf.xml-11-5	krafft_landwirthschaft01_1875-5229-26	inferred	0	 	Schmiere
26120215_1950_02_07_01_232.tcf.xml-11-5	kurz_sonnenwirth_1855-3945-7	inferred	0	 	Schmiere
26120215_1950_02_07_01_232.tcf.xml-11-5	michelis_reiseschule_1869-635-38	inferred	0	 	Schmiere
26120215_1950_02_07_01_232.tcf.xml-11-5	nn_maehrisches42_1886-36-23	inferred	0	 	Schmiere
26120215_1950_02_07_01_232.tcf.xml-11-5	nn_nrhz046_1848-619-7	inferred	0	 	Schmiere
26120215_1950_02_07_01_232.tcf.xml-11-5	parthey_jugenderinnerungen01_1871-367-12	inferred	0	 	Schmiere
26120215_1950_02_07_01_232.tcf.xml-11-5	quenstedt_mineralogie_1854-4135-19	inferred	0	 	Schmiere
26120215_1950_02_07_01_232.tcf.xml-11-5	vogt_briefe02_1851-3388-33	inferred	0	 	Schmiere
26120215_1950_02_07_01_232.tcf.xml-11-5	vogt_briefe02_1851-4078-42	inferred	0	 	Schmiere
26120215_1950_02_07_01_232.tcf.xml-11-5	vogt_briefe02_1851-5243-10	inferred	0	 	Schmiere
26120215_1953_11_01_02_360.tcf.xml-46-16	26120215_1956_12_16_02_189.tcf.xml-4-17	inferred	0	 	Schmiere
26120215_1953_11_01_02_360.tcf.xml-46-16	26120215_1959_04_08_01_090.tcf.xml-132-15	inferred	0	 	Schmiere
26120215_1953_11_01_02_360.tcf.xml-46-16	26120215_1960_02_28_01_505.tcf.xml-41-6	inferred	0	 	Schmiere
26120215_1953_11_01_02_360.tcf.xml-46-16	26120215_1961_08_18_01_282.tcf.xml-28-13	inferred	0	 	Schmiere
26120215_1953_11_01_02_360.tcf.xml-46-16	26120215_1965_01_28_01_054.tcf.xml-9-13	inferred	0	 	Schmiere
26120215_1953_11_01_02_360.tcf.xml-46-16	26120215_1986_04_22_01_164.tcf.xml-2-49	inferred	0	 	Schmiere
26120215_1953_11_01_02_360.tcf.xml-46-16	26120215_1988_12_16_01_122.tcf.xml-28-31	inferred	0	 	Schmiere
26120215_1953_11_01_02_360.tcf.xml-46-16	avelallemant_gaunerthum02_1858-1011-6	inferred	0	 	Schmiere
26120215_1953_11_01_02_360.tcf.xml-46-16	avelallemant_gaunerthum02_1858-1636-79	inferred	0	 	Schmiere
26120215_1953_11_01_02_360.tcf.xml-46-16	avelallemant_gaunerthum02_1858-1638-34	inferred	0	 	Schmiere
26120215_1953_11_01_02_360.tcf.xml-46-16	avelallemant_gaunerthum02_1858-1638-6	inferred	0	 	Schmiere
26120215_1953_11_01_02_360.tcf.xml-46-16	brehm_thierleben05_1869-14677-12	inferred	0	 	Schmiere
26120215_1953_11_01_02_360.tcf.xml-46-16	gerstner_mechanik01_1831-10498-30	inferred	0	 	Schmiere
26120215_1953_11_01_02_360.tcf.xml-46-16	gerstner_mechanik01_1831-10633-26	inferred	0	 	Schmiere
26120215_1953_11_01_02_360.tcf.xml-46-16	gerstner_mechanik01_1831-10827-9	inferred	0	 	Schmiere
26120215_1953_11_01_02_360.tcf.xml-46-16	gerstner_mechanik01_1831-10932-1	inferred	0	 	Schmiere
26120215_1953_11_01_02_360.tcf.xml-46-16	gerstner_mechanik01_1831-9110-24	inferred	0	 	Schmiere
26120215_1953_11_01_02_360.tcf.xml-46-16	gerstner_mechanik01_1831-9111-16	inferred	0	 	Schmiere
26120215_1953_11_01_02_360.tcf.xml-46-16	gerstner_mechanik03_1834-8218-15	inferred	0	 	Schmiere
26120215_1953_11_01_02_360.tcf.xml-46-16	krafft_landwirthschaft01_1875-5229-26	inferred	0	 	Schmiere
26120215_1953_11_01_02_360.tcf.xml-46-16	kurz_sonnenwirth_1855-3945-7	inferred	0	 	Schmiere
26120215_1953_11_01_02_360.tcf.xml-46-16	michelis_reiseschule_1869-635-38	inferred	0	 	Schmiere
26120215_1953_11_01_02_360.tcf.xml-46-16	nn_maehrisches42_1886-36-23	inferred	0	 	Schmiere
26120215_1953_11_01_02_360.tcf.xml-46-16	nn_nrhz046_1848-619-7	inferred	0	 	Schmiere
26120215_1953_11_01_02_360.tcf.xml-46-16	parthey_jugenderinnerungen01_1871-367-12	inferred	0	 	Schmiere
26120215_1953_11_01_02_360.tcf.xml-46-16	quenstedt_mineralogie_1854-4135-19	inferred	0	 	Schmiere
26120215_1953_11_01_02_360.tcf.xml-46-16	vogt_briefe02_1851-3388-33	inferred	0	 	Schmiere
26120215_1953_11_01_02_360.tcf.xml-46-16	vogt_briefe02_1851-4078-42	inferred	0	 	Schmiere
26120215_1953_11_01_02_360.tcf.xml-46-16	vogt_briefe02_1851-5243-10	inferred	1	 	Schmiere
26120215_1956_12_16_02_189.tcf.xml-4-17	26120215_1959_04_08_01_090.tcf.xml-132-15	inferred	0	 	Schmiere
26120215_1956_12_16_02_189.tcf.xml-4-17	26120215_1960_02_28_01_505.tcf.xml-41-6	inferred	1	 	Schmiere
26120215_1956_12_16_02_189.tcf.xml-4-17	26120215_1961_08_18_01_282.tcf.xml-28-13	inferred	1	 	Schmiere
26120215_1956_12_16_02_189.tcf.xml-4-17	26120215_1965_01_28_01_054.tcf.xml-9-13	inferred	0	 	Schmiere
26120215_1956_12_16_02_189.tcf.xml-4-17	26120215_1986_04_22_01_164.tcf.xml-2-49	inferred	1	 	Schmiere
26120215_1956_12_16_02_189.tcf.xml-4-17	26120215_1988_12_16_01_122.tcf.xml-28-31	inferred	0	 	Schmiere
26120215_1956_12_16_02_189.tcf.xml-4-17	avelallemant_gaunerthum02_1858-1011-6	inferred	0	 	Schmiere
26120215_1956_12_16_02_189.tcf.xml-4-17	avelallemant_gaunerthum02_1858-1636-79	inferred	1	 	Schmiere
26120215_1956_12_16_02_189.tcf.xml-4-17	avelallemant_gaunerthum02_1858-1638-34	inferred	0	 	Schmiere
26120215_1956_12_16_02_189.tcf.xml-4-17	avelallemant_gaunerthum02_1858-1638-6	inferred	0	 	Schmiere
26120215_1956_12_16_02_189.tcf.xml-4-17	brehm_thierleben05_1869-14677-12	inferred	0	 	Schmiere
26120215_1956_12_16_02_189.tcf.xml-4-17	gerstner_mechanik01_1831-10498-30	inferred	0	 	Schmiere
26120215_1956_12_16_02_189.tcf.xml-4-17	gerstner_mechanik01_1831-10633-26	inferred	0	 	Schmiere
26120215_1956_12_16_02_189.tcf.xml-4-17	gerstner_mechanik01_1831-10827-9	inferred	0	 	Schmiere
26120215_1956_12_16_02_189.tcf.xml-4-17	gerstner_mechanik01_1831-10932-1	inferred	0	 	Schmiere
26120215_1956_12_16_02_189.tcf.xml-4-17	gerstner_mechanik01_1831-9110-24	inferred	0	 	Schmiere
26120215_1956_12_16_02_189.tcf.xml-4-17	gerstner_mechanik01_1831-9111-16	inferred	0	 	Schmiere
26120215_1956_12_16_02_189.tcf.xml-4-17	gerstner_mechanik03_1834-8218-15	inferred	0	 	Schmiere
26120215_1956_12_16_02_189.tcf.xml-4-17	krafft_landwirthschaft01_1875-5229-26	inferred	0	 	Schmiere
26120215_1956_12_16_02_189.tcf.xml-4-17	kurz_sonnenwirth_1855-3945-7	inferred	0	 	Schmiere
26120215_1956_12_16_02_189.tcf.xml-4-17	michelis_reiseschule_1869-635-38	inferred	0	 	Schmiere
26120215_1956_12_16_02_189.tcf.xml-4-17	nn_maehrisches42_1886-36-23	inferred	0	 	Schmiere
26120215_1956_12_16_02_189.tcf.xml-4-17	nn_nrhz046_1848-619-7	inferred	0	 	Schmiere
26120215_1956_12_16_02_189.tcf.xml-4-17	parthey_jugenderinnerungen01_1871-367-12	inferred	0	 	Schmiere
26120215_1956_12_16_02_189.tcf.xml-4-17	quenstedt_mineralogie_1854-4135-19	inferred	0	 	Schmiere
26120215_1956_12_16_02_189.tcf.xml-4-17	vogt_briefe02_1851-3388-33	inferred	0	 	Schmiere
26120215_1956_12_16_02_189.tcf.xml-4-17	vogt_briefe02_1851-4078-42	inferred	0	 	Schmiere
26120215_1956_12_16_02_189.tcf.xml-4-17	vogt_briefe02_1851-5243-10	inferred	0	 	Schmiere
26120215_1959_04_08_01_090.tcf.xml-132-15	26120215_1960_02_28_01_505.tcf.xml-41-6	inferred	0	 	Schmiere
26120215_1959_04_08_01_090.tcf.xml-132-15	26120215_1961_08_18_01_282.tcf.xml-28-13	inferred	0	 	Schmiere
26120215_1959_04_08_01_090.tcf.xml-132-15	26120215_1965_01_28_01_054.tcf.xml-9-13	inferred	1	 	Schmiere
26120215_1959_04_08_01_090.tcf.xml-132-15	26120215_1986_04_22_01_164.tcf.xml-2-49	inferred	0	 	Schmiere
26120215_1959_04_08_01_090.tcf.xml-132-15	26120215_1988_12_16_01_122.tcf.xml-28-31	inferred	0	 	Schmiere
26120215_1959_04_08_01_090.tcf.xml-132-15	avelallemant_gaunerthum02_1858-1011-6	inferred	0	 	Schmiere
26120215_1959_04_08_01_090.tcf.xml-132-15	avelallemant_gaunerthum02_1858-1636-79	inferred	0	 	Schmiere
26120215_1959_04_08_01_090.tcf.xml-132-15	avelallemant_gaunerthum02_1858-1638-34	inferred	0	 	Schmiere
26120215_1959_04_08_01_090.tcf.xml-132-15	avelallemant_gaunerthum02_1858-1638-6	inferred	0	 	Schmiere
26120215_1959_04_08_01_090.tcf.xml-132-15	brehm_thierleben05_1869-14677-12	inferred	1	 	Schmiere
26120215_1959_04_08_01_090.tcf.xml-132-15	gerstner_mechanik01_1831-10498-30	inferred	1	 	Schmiere
26120215_1959_04_08_01_090.tcf.xml-132-15	gerstner_mechanik01_1831-10633-26	inferred	1	 	Schmiere
26120215_1959_04_08_01_090.tcf.xml-132-15	gerstner_mechanik01_1831-10827-9	inferred	1	 	Schmiere
26120215_1959_04_08_01_090.tcf.xml-132-15	gerstner_mechanik01_1831-10932-1	inferred	1	 	Schmiere
26120215_1959_04_08_01_090.tcf.xml-132-15	gerstner_mechanik01_1831-9110-24	inferred	1	 	Schmiere
26120215_1959_04_08_01_090.tcf.xml-132-15	gerstner_mechanik01_1831-9111-16	inferred	1	 	Schmiere
26120215_1959_04_08_01_090.tcf.xml-132-15	gerstner_mechanik03_1834-8218-15	inferred	1	 	Schmiere
26120215_1959_04_08_01_090.tcf.xml-132-15	krafft_landwirthschaft01_1875-5229-26	inferred	1	 	Schmiere
26120215_1959_04_08_01_090.tcf.xml-132-15	kurz_sonnenwirth_1855-3945-7	inferred	1	 	Schmiere
26120215_1959_04_08_01_090.tcf.xml-132-15	michelis_reiseschule_1869-635-38	inferred	1	 	Schmiere
26120215_1959_04_08_01_090.tcf.xml-132-15	nn_maehrisches42_1886-36-23	inferred	0	 	Schmiere
26120215_1959_04_08_01_090.tcf.xml-132-15	nn_nrhz046_1848-619-7	inferred	0	 	Schmiere
26120215_1959_04_08_01_090.tcf.xml-132-15	parthey_jugenderinnerungen01_1871-367-12	inferred	1	 	Schmiere
26120215_1959_04_08_01_090.tcf.xml-132-15	quenstedt_mineralogie_1854-4135-19	inferred	1	 	Schmiere
26120215_1959_04_08_01_090.tcf.xml-132-15	vogt_briefe02_1851-3388-33	inferred	1	 	Schmiere
26120215_1959_04_08_01_090.tcf.xml-132-15	vogt_briefe02_1851-4078-42	inferred	1	 	Schmiere
26120215_1959_04_08_01_090.tcf.xml-132-15	vogt_briefe02_1851-5243-10	inferred	0	 	Schmiere
26120215_1960_02_28_01_505.tcf.xml-41-6	26120215_1961_08_18_01_282.tcf.xml-28-13	inferred	1	 	Schmiere
26120215_1960_02_28_01_505.tcf.xml-41-6	26120215_1965_01_28_01_054.tcf.xml-9-13	inferred	0	 	Schmiere
26120215_1960_02_28_01_505.tcf.xml-41-6	26120215_1986_04_22_01_164.tcf.xml-2-49	inferred	1	 	Schmiere
26120215_1960_02_28_01_505.tcf.xml-41-6	26120215_1988_12_16_01_122.tcf.xml-28-31	inferred	0	 	Schmiere
26120215_1960_02_28_01_505.tcf.xml-41-6	avelallemant_gaunerthum02_1858-1011-6	inferred	0	 	Schmiere
26120215_1960_02_28_01_505.tcf.xml-41-6	avelallemant_gaunerthum02_1858-1636-79	inferred	1	 	Schmiere
26120215_1960_02_28_01_505.tcf.xml-41-6	avelallemant_gaunerthum02_1858-1638-34	inferred	0	 	Schmiere
26120215_1960_02_28_01_505.tcf.xml-41-6	avelallemant_gaunerthum02_1858-1638-6	inferred	0	 	Schmiere
26120215_1960_02_28_01_505.tcf.xml-41-6	brehm_thierleben05_1869-14677-12	inferred	0	 	Schmiere
26120215_1960_02_28_01_505.tcf.xml-41-6	gerstner_mechanik01_1831-10498-30	inferred	0	 	Schmiere
26120215_1960_02_28_01_505.tcf.xml-41-6	gerstner_mechanik01_1831-10633-26	inferred	0	 	Schmiere
26120215_1960_02_28_01_505.tcf.xml-41-6	gerstner_mechanik01_1831-10827-9	inferred	0	 	Schmiere
26120215_1960_02_28_01_505.tcf.xml-41-6	gerstner_mechanik01_1831-10932-1	inferred	0	 	Schmiere
26120215_1960_02_28_01_505.tcf.xml-41-6	gerstner_mechanik01_1831-9110-24	inferred	0	 	Schmiere
26120215_1960_02_28_01_505.tcf.xml-41-6	gerstner_mechanik01_1831-9111-16	inferred	0	 	Schmiere
26120215_1960_02_28_01_505.tcf.xml-41-6	gerstner_mechanik03_1834-8218-15	inferred	0	 	Schmiere
26120215_1960_02_28_01_505.tcf.xml-41-6	krafft_landwirthschaft01_1875-5229-26	inferred	0	 	Schmiere
26120215_1960_02_28_01_505.tcf.xml-41-6	kurz_sonnenwirth_1855-3945-7	inferred	0	 	Schmiere
26120215_1960_02_28_01_505.tcf.xml-41-6	michelis_reiseschule_1869-635-38	inferred	0	 	Schmiere
26120215_1960_02_28_01_505.tcf.xml-41-6	nn_maehrisches42_1886-36-23	inferred	0	 	Schmiere
26120215_1960_02_28_01_505.tcf.xml-41-6	nn_nrhz046_1848-619-7	inferred	0	 	Schmiere
26120215_1960_02_28_01_505.tcf.xml-41-6	parthey_jugenderinnerungen01_1871-367-12	inferred	0	 	Schmiere
26120215_1960_02_28_01_505.tcf.xml-41-6	quenstedt_mineralogie_1854-4135-19	inferred	0	 	Schmiere
26120215_1960_02_28_01_505.tcf.xml-41-6	vogt_briefe02_1851-3388-33	inferred	0	 	Schmiere
26120215_1960_02_28_01_505.tcf.xml-41-6	vogt_briefe02_1851-4078-42	inferred	0	 	Schmiere
26120215_1960_02_28_01_505.tcf.xml-41-6	vogt_briefe02_1851-5243-10	inferred	0	 	Schmiere
26120215_1961_08_18_01_282.tcf.xml-28-13	26120215_1965_01_28_01_054.tcf.xml-9-13	inferred	0	 	Schmiere
26120215_1961_08_18_01_282.tcf.xml-28-13	26120215_1986_04_22_01_164.tcf.xml-2-49	inferred	1	 	Schmiere
26120215_1961_08_18_01_282.tcf.xml-28-13	26120215_1988_12_16_01_122.tcf.xml-28-31	inferred	0	 	Schmiere
26120215_1961_08_18_01_282.tcf.xml-28-13	avelallemant_gaunerthum02_1858-1011-6	inferred	0	 	Schmiere
26120215_1961_08_18_01_282.tcf.xml-28-13	avelallemant_gaunerthum02_1858-1636-79	inferred	1	 	Schmiere
26120215_1961_08_18_01_282.tcf.xml-28-13	avelallemant_gaunerthum02_1858-1638-34	inferred	0	 	Schmiere
26120215_1961_08_18_01_282.tcf.xml-28-13	avelallemant_gaunerthum02_1858-1638-6	inferred	0	 	Schmiere
26120215_1961_08_18_01_282.tcf.xml-28-13	brehm_thierleben05_1869-14677-12	inferred	0	 	Schmiere
26120215_1961_08_18_01_282.tcf.xml-28-13	gerstner_mechanik01_1831-10498-30	inferred	0	 	Schmiere
26120215_1961_08_18_01_282.tcf.xml-28-13	gerstner_mechanik01_1831-10633-26	inferred	0	 	Schmiere
26120215_1961_08_18_01_282.tcf.xml-28-13	gerstner_mechanik01_1831-10827-9	inferred	0	 	Schmiere
26120215_1961_08_18_01_282.tcf.xml-28-13	gerstner_mechanik01_1831-10932-1	inferred	0	 	Schmiere
26120215_1961_08_18_01_282.tcf.xml-28-13	gerstner_mechanik01_1831-9110-24	inferred	0	 	Schmiere
26120215_1961_08_18_01_282.tcf.xml-28-13	gerstner_mechanik01_1831-9111-16	inferred	0	 	Schmiere
26120215_1961_08_18_01_282.tcf.xml-28-13	gerstner_mechanik03_1834-8218-15	inferred	0	 	Schmiere
26120215_1961_08_18_01_282.tcf.xml-28-13	krafft_landwirthschaft01_1875-5229-26	inferred	0	 	Schmiere
26120215_1961_08_18_01_282.tcf.xml-28-13	kurz_sonnenwirth_1855-3945-7	inferred	0	 	Schmiere
26120215_1961_08_18_01_282.tcf.xml-28-13	michelis_reiseschule_1869-635-38	inferred	0	 	Schmiere
26120215_1961_08_18_01_282.tcf.xml-28-13	nn_maehrisches42_1886-36-23	inferred	0	 	Schmiere
26120215_1961_08_18_01_282.tcf.xml-28-13	nn_nrhz046_1848-619-7	inferred	0	 	Schmiere
26120215_1961_08_18_01_282.tcf.xml-28-13	parthey_jugenderinnerungen01_1871-367-12	inferred	0	 	Schmiere
26120215_1961_08_18_01_282.tcf.xml-28-13	quenstedt_mineralogie_1854-4135-19	inferred	0	 	Schmiere
26120215_1961_08_18_01_282.tcf.xml-28-13	vogt_briefe02_1851-3388-33	inferred	0	 	Schmiere
26120215_1961_08_18_01_282.tcf.xml-28-13	vogt_briefe02_1851-4078-42	inferred	0	 	Schmiere
26120215_1961_08_18_01_282.tcf.xml-28-13	vogt_briefe02_1851-5243-10	inferred	0	 	Schmiere
26120215_1965_01_28_01_054.tcf.xml-9-13	26120215_1986_04_22_01_164.tcf.xml-2-49	inferred	0	 	Schmiere
26120215_1965_01_28_01_054.tcf.xml-9-13	26120215_1988_12_16_01_122.tcf.xml-28-31	inferred	0	 	Schmiere
26120215_1965_01_28_01_054.tcf.xml-9-13	avelallemant_gaunerthum02_1858-1011-6	inferred	0	 	Schmiere
26120215_1965_01_28_01_054.tcf.xml-9-13	avelallemant_gaunerthum02_1858-1636-79	inferred	0	 	Schmiere
26120215_1965_01_28_01_054.tcf.xml-9-13	avelallemant_gaunerthum02_1858-1638-34	inferred	0	 	Schmiere
26120215_1965_01_28_01_054.tcf.xml-9-13	avelallemant_gaunerthum02_1858-1638-6	inferred	0	 	Schmiere
26120215_1965_01_28_01_054.tcf.xml-9-13	brehm_thierleben05_1869-14677-12	inferred	1	 	Schmiere
26120215_1965_01_28_01_054.tcf.xml-9-13	gerstner_mechanik01_1831-10498-30	inferred	1	 	Schmiere
26120215_1965_01_28_01_054.tcf.xml-9-13	gerstner_mechanik01_1831-10633-26	inferred	1	 	Schmiere
26120215_1965_01_28_01_054.tcf.xml-9-13	gerstner_mechanik01_1831-10827-9	inferred	1	 	Schmiere
26120215_1965_01_28_01_054.tcf.xml-9-13	gerstner_mechanik01_1831-10932-1	inferred	1	 	Schmiere
26120215_1965_01_28_01_054.tcf.xml-9-13	gerstner_mechanik01_1831-9110-24	inferred	1	 	Schmiere
26120215_1965_01_28_01_054.tcf.xml-9-13	gerstner_mechanik01_1831-9111-16	inferred	1	 	Schmiere
26120215_1965_01_28_01_054.tcf.xml-9-13	gerstner_mechanik03_1834-8218-15	inferred	1	 	Schmiere
26120215_1965_01_28_01_054.tcf.xml-9-13	krafft_landwirthschaft01_1875-5229-26	inferred	1	 	Schmiere
26120215_1965_01_28_01_054.tcf.xml-9-13	kurz_sonnenwirth_1855-3945-7	inferred	1	 	Schmiere
26120215_1965_01_28_01_054.tcf.xml-9-13	michelis_reiseschule_1869-635-38	inferred	1	 	Schmiere
26120215_1965_01_28_01_054.tcf.xml-9-13	nn_maehrisches42_1886-36-23	inferred	0	 	Schmiere
26120215_1965_01_28_01_054.tcf.xml-9-13	nn_nrhz046_1848-619-7	inferred	0	 	Schmiere
26120215_1965_01_28_01_054.tcf.xml-9-13	parthey_jugenderinnerungen01_1871-367-12	inferred	1	 	Schmiere
26120215_1965_01_28_01_054.tcf.xml-9-13	quenstedt_mineralogie_1854-4135-19	inferred	1	 	Schmiere
26120215_1965_01_28_01_054.tcf.xml-9-13	vogt_briefe02_1851-3388-33	inferred	1	 	Schmiere
26120215_1965_01_28_01_054.tcf.xml-9-13	vogt_briefe02_1851-4078-42	inferred	1	 	Schmiere
26120215_1965_01_28_01_054.tcf.xml-9-13	vogt_briefe02_1851-5243-10	inferred	0	 	Schmiere
26120215_1986_04_22_01_164.tcf.xml-2-49	26120215_1988_12_16_01_122.tcf.xml-28-31	inferred	0	 	Schmiere
26120215_1986_04_22_01_164.tcf.xml-2-49	avelallemant_gaunerthum02_1858-1011-6	inferred	0	 	Schmiere
26120215_1986_04_22_01_164.tcf.xml-2-49	avelallemant_gaunerthum02_1858-1636-79	inferred	1	 	Schmiere
26120215_1986_04_22_01_164.tcf.xml-2-49	avelallemant_gaunerthum02_1858-1638-34	inferred	0	 	Schmiere
26120215_1986_04_22_01_164.tcf.xml-2-49	avelallemant_gaunerthum02_1858-1638-6	inferred	0	 	Schmiere
26120215_1986_04_22_01_164.tcf.xml-2-49	brehm_thierleben05_1869-14677-12	inferred	0	 	Schmiere
26120215_1986_04_22_01_164.tcf.xml-2-49	gerstner_mechanik01_1831-10498-30	inferred	0	 	Schmiere
26120215_1986_04_22_01_164.tcf.xml-2-49	gerstner_mechanik01_1831-10633-26	inferred	0	 	Schmiere
26120215_1986_04_22_01_164.tcf.xml-2-49	gerstner_mechanik01_1831-10827-9	inferred	0	 	Schmiere
26120215_1986_04_22_01_164.tcf.xml-2-49	gerstner_mechanik01_1831-10932-1	inferred	0	 	Schmiere
26120215_1986_04_22_01_164.tcf.xml-2-49	gerstner_mechanik01_1831-9110-24	inferred	0	 	Schmiere
26120215_1986_04_22_01_164.tcf.xml-2-49	gerstner_mechanik01_1831-9111-16	inferred	0	 	Schmiere
26120215_1986_04_22_01_164.tcf.xml-2-49	gerstner_mechanik03_1834-8218-15	inferred	0	 	Schmiere
26120215_1986_04_22_01_164.tcf.xml-2-49	krafft_landwirthschaft01_1875-5229-26	inferred	0	 	Schmiere
26120215_1986_04_22_01_164.tcf.xml-2-49	kurz_sonnenwirth_1855-3945-7	inferred	0	 	Schmiere
26120215_1986_04_22_01_164.tcf.xml-2-49	michelis_reiseschule_1869-635-38	inferred	0	 	Schmiere
26120215_1986_04_22_01_164.tcf.xml-2-49	nn_maehrisches42_1886-36-23	inferred	0	 	Schmiere
26120215_1986_04_22_01_164.tcf.xml-2-49	nn_nrhz046_1848-619-7	inferred	0	 	Schmiere
26120215_1986_04_22_01_164.tcf.xml-2-49	parthey_jugenderinnerungen01_1871-367-12	inferred	0	 	Schmiere
26120215_1986_04_22_01_164.tcf.xml-2-49	quenstedt_mineralogie_1854-4135-19	inferred	0	 	Schmiere
26120215_1986_04_22_01_164.tcf.xml-2-49	vogt_briefe02_1851-3388-33	inferred	0	 	Schmiere
26120215_1986_04_22_01_164.tcf.xml-2-49	vogt_briefe02_1851-4078-42	inferred	0	 	Schmiere
26120215_1986_04_22_01_164.tcf.xml-2-49	vogt_briefe02_1851-5243-10	inferred	0	 	Schmiere
26120215_1988_12_16_01_122.tcf.xml-28-31	avelallemant_gaunerthum02_1858-1011-6	inferred	0	 	Schmiere
26120215_1988_12_16_01_122.tcf.xml-28-31	avelallemant_gaunerthum02_1858-1636-79	inferred	0	 	Schmiere
26120215_1988_12_16_01_122.tcf.xml-28-31	avelallemant_gaunerthum02_1858-1638-34	inferred	0	 	Schmiere
26120215_1988_12_16_01_122.tcf.xml-28-31	avelallemant_gaunerthum02_1858-1638-6	inferred	0	 	Schmiere
26120215_1988_12_16_01_122.tcf.xml-28-31	brehm_thierleben05_1869-14677-12	inferred	0	 	Schmiere
26120215_1988_12_16_01_122.tcf.xml-28-31	gerstner_mechanik01_1831-10498-30	inferred	0	 	Schmiere
26120215_1988_12_16_01_122.tcf.xml-28-31	gerstner_mechanik01_1831-10633-26	inferred	0	 	Schmiere
26120215_1988_12_16_01_122.tcf.xml-28-31	gerstner_mechanik01_1831-10827-9	inferred	0	 	Schmiere
26120215_1988_12_16_01_122.tcf.xml-28-31	gerstner_mechanik01_1831-10932-1	inferred	0	 	Schmiere
26120215_1988_12_16_01_122.tcf.xml-28-31	gerstner_mechanik01_1831-9110-24	inferred	0	 	Schmiere
26120215_1988_12_16_01_122.tcf.xml-28-31	gerstner_mechanik01_1831-9111-16	inferred	0	 	Schmiere
26120215_1988_12_16_01_122.tcf.xml-28-31	gerstner_mechanik03_1834-8218-15	inferred	0	 	Schmiere
26120215_1988_12_16_01_122.tcf.xml-28-31	krafft_landwirthschaft01_1875-5229-26	inferred	0	 	Schmiere
26120215_1988_12_16_01_122.tcf.xml-28-31	kurz_sonnenwirth_1855-3945-7	inferred	0	 	Schmiere
26120215_1988_12_16_01_122.tcf.xml-28-31	michelis_reiseschule_1869-635-38	inferred	0	 	Schmiere
26120215_1988_12_16_01_122.tcf.xml-28-31	nn_maehrisches42_1886-36-23	inferred	1	 	Schmiere
26120215_1988_12_16_01_122.tcf.xml-28-31	nn_nrhz046_1848-619-7	inferred	0	 	Schmiere
26120215_1988_12_16_01_122.tcf.xml-28-31	parthey_jugenderinnerungen01_1871-367-12	inferred	0	 	Schmiere
26120215_1988_12_16_01_122.tcf.xml-28-31	quenstedt_mineralogie_1854-4135-19	inferred	0	 	Schmiere
26120215_1988_12_16_01_122.tcf.xml-28-31	vogt_briefe02_1851-3388-33	inferred	0	 	Schmiere
26120215_1988_12_16_01_122.tcf.xml-28-31	vogt_briefe02_1851-4078-42	inferred	0	 	Schmiere
26120215_1988_12_16_01_122.tcf.xml-28-31	vogt_briefe02_1851-5243-10	inferred	0	 	Schmiere
avelallemant_gaunerthum02_1858-1011-6	avelallemant_gaunerthum02_1858-1636-79	inferred	0	 	Schmiere
avelallemant_gaunerthum02_1858-1011-6	avelallemant_gaunerthum02_1858-1638-34	inferred	1	 	Schmiere
avelallemant_gaunerthum02_1858-1011-6	avelallemant_gaunerthum02_1858-1638-6	inferred	1	 	Schmiere
avelallemant_gaunerthum02_1858-1011-6	brehm_thierleben05_1869-14677-12	inferred	0	 	Schmiere
avelallemant_gaunerthum02_1858-1011-6	gerstner_mechanik01_1831-10498-30	inferred	0	 	Schmiere
avelallemant_gaunerthum02_1858-1011-6	gerstner_mechanik01_1831-10633-26	inferred	0	 	Schmiere
avelallemant_gaunerthum02_1858-1011-6	gerstner_mechanik01_1831-10827-9	inferred	0	 	Schmiere
avelallemant_gaunerthum02_1858-1011-6	gerstner_mechanik01_1831-10932-1	inferred	0	 	Schmiere
avelallemant_gaunerthum02_1858-1011-6	gerstner_mechanik01_1831-9110-24	inferred	0	 	Schmiere
avelallemant_gaunerthum02_1858-1011-6	gerstner_mechanik01_1831-9111-16	inferred	0	 	Schmiere
avelallemant_gaunerthum02_1858-1011-6	gerstner_mechanik03_1834-8218-15	inferred	0	 	Schmiere
avelallemant_gaunerthum02_1858-1011-6	krafft_landwirthschaft01_1875-5229-26	inferred	0	 	Schmiere
avelallemant_gaunerthum02_1858-1011-6	kurz_sonnenwirth_1855-3945-7	inferred	0	 	Schmiere
avelallemant_gaunerthum02_1858-1011-6	michelis_reiseschule_1869-635-38	inferred	0	 	Schmiere
avelallemant_gaunerthum02_1858-1011-6	nn_maehrisches42_1886-36-23	inferred	0	 	Schmiere
avelallemant_gaunerthum02_1858-1011-6	nn_nrhz046_1848-619-7	inferred	0	 	Schmiere
avelallemant_gaunerthum02_1858-1011-6	parthey_jugenderinnerungen01_1871-367-12	inferred	0	 	Schmiere
avelallemant_gaunerthum02_1858-1011-6	quenstedt_mineralogie_1854-4135-19	inferred	0	 	Schmiere
avelallemant_gaunerthum02_1858-1011-6	vogt_briefe02_1851-3388-33	inferred	0	 	Schmiere
avelallemant_gaunerthum02_1858-1011-6	vogt_briefe02_1851-4078-42	inferred	0	 	Schmiere
avelallemant_gaunerthum02_1858-1011-6	vogt_briefe02_1851-5243-10	inferred	0	 	Schmiere
avelallemant_gaunerthum02_1858-1636-79	avelallemant_gaunerthum02_1858-1638-34	inferred	0	 	Schmiere
avelallemant_gaunerthum02_1858-1636-79	avelallemant_gaunerthum02_1858-1638-6	inferred	0	 	Schmiere
avelallemant_gaunerthum02_1858-1636-79	brehm_thierleben05_1869-14677-12	inferred	0	 	Schmiere
avelallemant_gaunerthum02_1858-1636-79	gerstner_mechanik01_1831-10498-30	inferred	0	 	Schmiere
avelallemant_gaunerthum02_1858-1636-79	gerstner_mechanik01_1831-10633-26	inferred	0	 	Schmiere
avelallemant_gaunerthum02_1858-1636-79	gerstner_mechanik01_1831-10827-9	inferred	0	 	Schmiere
avelallemant_gaunerthum02_1858-1636-79	gerstner_mechanik01_1831-10932-1	inferred	0	 	Schmiere
avelallemant_gaunerthum02_1858-1636-79	gerstner_mechanik01_1831-9110-24	inferred	0	 	Schmiere
avelallemant_gaunerthum02_1858-1636-79	gerstner_mechanik01_1831-9111-16	inferred	0	 	Schmiere
avelallemant_gaunerthum02_1858-1636-79	gerstner_mechanik03_1834-8218-15	inferred	0	 	Schmiere
avelallemant_gaunerthum02_1858-1636-79	krafft_landwirthschaft01_1875-5229-26	inferred	0	 	Schmiere
avelallemant_gaunerthum02_1858-1636-79	kurz_sonnenwirth_1855-3945-7	inferred	0	 	Schmiere
avelallemant_gaunerthum02_1858-1636-79	michelis_reiseschule_1869-635-38	inferred	0	 	Schmiere
avelallemant_gaunerthum02_1858-1636-79	nn_maehrisches42_1886-36-23	inferred	0	 	Schmiere
avelallemant_gaunerthum02_1858-1636-79	nn_nrhz046_1848-619-7	inferred	0	 	Schmiere
avelallemant_gaunerthum02_1858-1636-79	parthey_jugenderinnerungen01_1871-367-12	inferred	0	 	Schmiere
avelallemant_gaunerthum02_1858-1636-79	quenstedt_mineralogie_1854-4135-19	inferred	0	 	Schmiere
avelallemant_gaunerthum02_1858-1636-79	vogt_briefe02_1851-3388-33	inferred	0	 	Schmiere
avelallemant_gaunerthum02_1858-1636-79	vogt_briefe02_1851-4078-42	inferred	0	 	Schmiere
avelallemant_gaunerthum02_1858-1636-79	vogt_briefe02_1851-5243-10	inferred	0	 	Schmiere
avelallemant_gaunerthum02_1858-1638-34	avelallemant_gaunerthum02_1858-1638-6	inferred	1	 	Schmiere
avelallemant_gaunerthum02_1858-1638-34	brehm_thierleben05_1869-14677-12	inferred	0	 	Schmiere
avelallemant_gaunerthum02_1858-1638-34	gerstner_mechanik01_1831-10498-30	inferred	0	 	Schmiere
avelallemant_gaunerthum02_1858-1638-34	gerstner_mechanik01_1831-10633-26	inferred	0	 	Schmiere
avelallemant_gaunerthum02_1858-1638-34	gerstner_mechanik01_1831-10827-9	inferred	0	 	Schmiere
avelallemant_gaunerthum02_1858-1638-34	gerstner_mechanik01_1831-10932-1	inferred	0	 	Schmiere
avelallemant_gaunerthum02_1858-1638-34	gerstner_mechanik01_1831-9110-24	inferred	0	 	Schmiere
avelallemant_gaunerthum02_1858-1638-34	gerstner_mechanik01_1831-9111-16	inferred	0	 	Schmiere
avelallemant_gaunerthum02_1858-1638-34	gerstner_mechanik03_1834-8218-15	inferred	0	 	Schmiere
avelallemant_gaunerthum02_1858-1638-34	krafft_landwirthschaft01_1875-5229-26	inferred	0	 	Schmiere
avelallemant_gaunerthum02_1858-1638-34	kurz_sonnenwirth_1855-3945-7	inferred	0	 	Schmiere
avelallemant_gaunerthum02_1858-1638-34	michelis_reiseschule_1869-635-38	inferred	0	 	Schmiere
avelallemant_gaunerthum02_1858-1638-34	nn_maehrisches42_1886-36-23	inferred	0	 	Schmiere
avelallemant_gaunerthum02_1858-1638-34	nn_nrhz046_1848-619-7	inferred	0	 	Schmiere
avelallemant_gaunerthum02_1858-1638-34	parthey_jugenderinnerungen01_1871-367-12	inferred	0	 	Schmiere
avelallemant_gaunerthum02_1858-1638-34	quenstedt_mineralogie_1854-4135-19	inferred	0	 	Schmiere
avelallemant_gaunerthum02_1858-1638-34	vogt_briefe02_1851-3388-33	inferred	0	 	Schmiere
avelallemant_gaunerthum02_1858-1638-34	vogt_briefe02_1851-4078-42	inferred	0	 	Schmiere
avelallemant_gaunerthum02_1858-1638-34	vogt_briefe02_1851-5243-10	inferred	0	 	Schmiere
avelallemant_gaunerthum02_1858-1638-6	brehm_thierleben05_1869-14677-12	inferred	0	 	Schmiere
avelallemant_gaunerthum02_1858-1638-6	gerstner_mechanik01_1831-10498-30	inferred	0	 	Schmiere
avelallemant_gaunerthum02_1858-1638-6	gerstner_mechanik01_1831-10633-26	inferred	0	 	Schmiere
avelallemant_gaunerthum02_1858-1638-6	gerstner_mechanik01_1831-10827-9	inferred	0	 	Schmiere
avelallemant_gaunerthum02_1858-1638-6	gerstner_mechanik01_1831-10932-1	inferred	0	 	Schmiere
avelallemant_gaunerthum02_1858-1638-6	gerstner_mechanik01_1831-9110-24	inferred	0	 	Schmiere
avelallemant_gaunerthum02_1858-1638-6	gerstner_mechanik01_1831-9111-16	inferred	0	 	Schmiere
avelallemant_gaunerthum02_1858-1638-6	gerstner_mechanik03_1834-8218-15	inferred	0	 	Schmiere
avelallemant_gaunerthum02_1858-1638-6	krafft_landwirthschaft01_1875-5229-26	inferred	0	 	Schmiere
avelallemant_gaunerthum02_1858-1638-6	kurz_sonnenwirth_1855-3945-7	inferred	0	 	Schmiere
avelallemant_gaunerthum02_1858-1638-6	michelis_reiseschule_1869-635-38	inferred	0	 	Schmiere
avelallemant_gaunerthum02_1858-1638-6	nn_maehrisches42_1886-36-23	inferred	0	 	Schmiere
avelallemant_gaunerthum02_1858-1638-6	nn_nrhz046_1848-619-7	inferred	0	 	Schmiere
avelallemant_gaunerthum02_1858-1638-6	parthey_jugenderinnerungen01_1871-367-12	inferred	0	 	Schmiere
avelallemant_gaunerthum02_1858-1638-6	quenstedt_mineralogie_1854-4135-19	inferred	0	 	Schmiere
avelallemant_gaunerthum02_1858-1638-6	vogt_briefe02_1851-3388-33	inferred	0	 	Schmiere
avelallemant_gaunerthum02_1858-1638-6	vogt_briefe02_1851-4078-42	inferred	0	 	Schmiere
avelallemant_gaunerthum02_1858-1638-6	vogt_briefe02_1851-5243-10	inferred	0	 	Schmiere
brehm_thierleben05_1869-14677-12	gerstner_mechanik01_1831-10498-30	inferred	1	 	Schmiere
brehm_thierleben05_1869-14677-12	gerstner_mechanik01_1831-10633-26	inferred	1	 	Schmiere
brehm_thierleben05_1869-14677-12	gerstner_mechanik01_1831-10827-9	inferred	1	 	Schmiere
brehm_thierleben05_1869-14677-12	gerstner_mechanik01_1831-10932-1	inferred	1	 	Schmiere
brehm_thierleben05_1869-14677-12	gerstner_mechanik01_1831-9110-24	inferred	1	 	Schmiere
brehm_thierleben05_1869-14677-12	gerstner_mechanik01_1831-9111-16	inferred	1	 	Schmiere
brehm_thierleben05_1869-14677-12	gerstner_mechanik03_1834-8218-15	inferred	1	 	Schmiere
brehm_thierleben05_1869-14677-12	krafft_landwirthschaft01_1875-5229-26	inferred	1	 	Schmiere
brehm_thierleben05_1869-14677-12	kurz_sonnenwirth_1855-3945-7	inferred	1	 	Schmiere
brehm_thierleben05_1869-14677-12	michelis_reiseschule_1869-635-38	inferred	1	 	Schmiere
brehm_thierleben05_1869-14677-12	nn_maehrisches42_1886-36-23	inferred	0	 	Schmiere
brehm_thierleben05_1869-14677-12	nn_nrhz046_1848-619-7	inferred	0	 	Schmiere
brehm_thierleben05_1869-14677-12	parthey_jugenderinnerungen01_1871-367-12	inferred	1	 	Schmiere
brehm_thierleben05_1869-14677-12	quenstedt_mineralogie_1854-4135-19	inferred	1	 	Schmiere
brehm_thierleben05_1869-14677-12	vogt_briefe02_1851-3388-33	inferred	1	 	Schmiere
brehm_thierleben05_1869-14677-12	vogt_briefe02_1851-4078-42	inferred	1	 	Schmiere
brehm_thierleben05_1869-14677-12	vogt_briefe02_1851-5243-10	inferred	0	 	Schmiere
gerstner_mechanik01_1831-10498-30	gerstner_mechanik01_1831-10633-26	inferred	1	 	Schmiere
gerstner_mechanik01_1831-10498-30	gerstner_mechanik01_1831-10827-9	inferred	1	 	Schmiere
gerstner_mechanik01_1831-10498-30	gerstner_mechanik01_1831-10932-1	inferred	1	 	Schmiere
gerstner_mechanik01_1831-10498-30	gerstner_mechanik01_1831-9110-24	inferred	1	 	Schmiere
gerstner_mechanik01_1831-10498-30	gerstner_mechanik01_1831-9111-16	inferred	1	 	Schmiere
gerstner_mechanik01_1831-10498-30	gerstner_mechanik03_1834-8218-15	inferred	1	 	Schmiere
gerstner_mechanik01_1831-10498-30	krafft_landwirthschaft01_1875-5229-26	inferred	1	 	Schmiere
gerstner_mechanik01_1831-10498-30	kurz_sonnenwirth_1855-3945-7	inferred	1	 	Schmiere
gerstner_mechanik01_1831-10498-30	michelis_reiseschule_1869-635-38	inferred	1	 	Schmiere
gerstner_mechanik01_1831-10498-30	nn_maehrisches42_1886-36-23	inferred	0	 	Schmiere
gerstner_mechanik01_1831-10498-30	nn_nrhz046_1848-619-7	inferred	0	 	Schmiere
gerstner_mechanik01_1831-10498-30	parthey_jugenderinnerungen01_1871-367-12	inferred	1	 	Schmiere
gerstner_mechanik01_1831-10498-30	quenstedt_mineralogie_1854-4135-19	inferred	1	 	Schmiere
gerstner_mechanik01_1831-10498-30	vogt_briefe02_1851-3388-33	inferred	1	 	Schmiere
gerstner_mechanik01_1831-10498-30	vogt_briefe02_1851-4078-42	inferred	1	 	Schmiere
gerstner_mechanik01_1831-10498-30	vogt_briefe02_1851-5243-10	inferred	0	 	Schmiere
gerstner_mechanik01_1831-10633-26	gerstner_mechanik01_1831-10827-9	inferred	1	 	Schmiere
gerstner_mechanik01_1831-10633-26	gerstner_mechanik01_1831-10932-1	inferred	1	 	Schmiere
gerstner_mechanik01_1831-10633-26	gerstner_mechanik01_1831-9110-24	inferred	1	 	Schmiere
gerstner_mechanik01_1831-10633-26	gerstner_mechanik01_1831-9111-16	inferred	1	 	Schmiere
gerstner_mechanik01_1831-10633-26	gerstner_mechanik03_1834-8218-15	inferred	1	 	Schmiere
gerstner_mechanik01_1831-10633-26	krafft_landwirthschaft01_1875-5229-26	inferred	1	 	Schmiere
gerstner_mechanik01_1831-10633-26	kurz_sonnenwirth_1855-3945-7	inferred	1	 	Schmiere
gerstner_mechanik01_1831-10633-26	michelis_reiseschule_1869-635-38	inferred	1	 	Schmiere
gerstner_mechanik01_1831-10633-26	nn_maehrisches42_1886-36-23	inferred	0	 	Schmiere
gerstner_mechanik01_1831-10633-26	nn_nrhz046_1848-619-7	inferred	0	 	Schmiere
gerstner_mechanik01_1831-10633-26	parthey_jugenderinnerungen01_1871-367-12	inferred	1	 	Schmiere
gerstner_mechanik01_1831-10633-26	quenstedt_mineralogie_1854-4135-19	inferred	1	 	Schmiere
gerstner_mechanik01_1831-10633-26	vogt_briefe02_1851-3388-33	inferred	1	 	Schmiere
gerstner_mechanik01_1831-10633-26	vogt_briefe02_1851-4078-42	inferred	1	 	Schmiere
gerstner_mechanik01_1831-10633-26	vogt_briefe02_1851-5243-10	inferred	0	 	Schmiere
gerstner_mechanik01_1831-10827-9	gerstner_mechanik01_1831-10932-1	inferred	1	 	Schmiere
gerstner_mechanik01_1831-10827-9	gerstner_mechanik01_1831-9110-24	inferred	1	 	Schmiere
gerstner_mechanik01_1831-10827-9	gerstner_mechanik01_1831-9111-16	inferred	1	 	Schmiere
gerstner_mechanik01_1831-10827-9	gerstner_mechanik03_1834-8218-15	inferred	1	 	Schmiere
gerstner_mechanik01_1831-10827-9	krafft_landwirthschaft01_1875-5229-26	inferred	1	 	Schmiere
gerstner_mechanik01_1831-10827-9	kurz_sonnenwirth_1855-3945-7	inferred	1	 	Schmiere
gerstner_mechanik01_1831-10827-9	michelis_reiseschule_1869-635-38	inferred	1	 	Schmiere
gerstner_mechanik01_1831-10827-9	nn_maehrisches42_1886-36-23	inferred	0	 	Schmiere
gerstner_mechanik01_1831-10827-9	nn_nrhz046_1848-619-7	inferred	0	 	Schmiere
gerstner_mechanik01_1831-10827-9	parthey_jugenderinnerungen01_1871-367-12	inferred	1	 	Schmiere
gerstner_mechanik01_1831-10827-9	quenstedt_mineralogie_1854-4135-19	inferred	1	 	Schmiere
gerstner_mechanik01_1831-10827-9	vogt_briefe02_1851-3388-33	inferred	1	 	Schmiere
gerstner_mechanik01_1831-10827-9	vogt_briefe02_1851-4078-42	inferred	1	 	Schmiere
gerstner_mechanik01_1831-10827-9	vogt_briefe02_1851-5243-10	inferred	0	 	Schmiere
gerstner_mechanik01_1831-10932-1	gerstner_mechanik01_1831-9110-24	inferred	1	 	Schmiere
gerstner_mechanik01_1831-10932-1	gerstner_mechanik01_1831-9111-16	inferred	1	 	Schmiere
gerstner_mechanik01_1831-10932-1	gerstner_mechanik03_1834-8218-15	inferred	1	 	Schmiere
gerstner_mechanik01_1831-10932-1	krafft_landwirthschaft01_1875-5229-26	inferred	1	 	Schmiere
gerstner_mechanik01_1831-10932-1	kurz_sonnenwirth_1855-3945-7	inferred	1	 	Schmiere
gerstner_mechanik01_1831-10932-1	michelis_reiseschule_1869-635-38	inferred	1	 	Schmiere
gerstner_mechanik01_1831-10932-1	nn_maehrisches42_1886-36-23	inferred	0	 	Schmiere
gerstner_mechanik01_1831-10932-1	nn_nrhz046_1848-619-7	inferred	0	 	Schmiere
gerstner_mechanik01_1831-10932-1	parthey_jugenderinnerungen01_1871-367-12	inferred	1	 	Schmiere
gerstner_mechanik01_1831-10932-1	quenstedt_mineralogie_1854-4135-19	inferred	1	 	Schmiere
gerstner_mechanik01_1831-10932-1	vogt_briefe02_1851-3388-33	inferred	1	 	Schmiere
gerstner_mechanik01_1831-10932-1	vogt_briefe02_1851-4078-42	inferred	1	 	Schmiere
gerstner_mechanik01_1831-10932-1	vogt_briefe02_1851-5243-10	inferred	0	 	Schmiere
gerstner_mechanik01_1831-9110-24	gerstner_mechanik01_1831-9111-16	inferred	1	 	Schmiere
gerstner_mechanik01_1831-9110-24	gerstner_mechanik03_1834-8218-15	inferred	1	 	Schmiere
gerstner_mechanik01_1831-9110-24	krafft_landwirthschaft01_1875-5229-26	inferred	1	 	Schmiere
gerstner_mechanik01_1831-9110-24	kurz_sonnenwirth_1855-3945-7	inferred	1	 	Schmiere
gerstner_mechanik01_1831-9110-24	michelis_reiseschule_1869-635-38	inferred	1	 	Schmiere
gerstner_mechanik01_1831-9110-24	nn_maehrisches42_1886-36-23	inferred	0	 	Schmiere
gerstner_mechanik01_1831-9110-24	nn_nrhz046_1848-619-7	inferred	0	 	Schmiere
gerstner_mechanik01_1831-9110-24	parthey_jugenderinnerungen01_1871-367-12	inferred	1	 	Schmiere
gerstner_mechanik01_1831-9110-24	quenstedt_mineralogie_1854-4135-19	inferred	1	 	Schmiere
gerstner_mechanik01_1831-9110-24	vogt_briefe02_1851-3388-33	inferred	1	 	Schmiere
gerstner_mechanik01_1831-9110-24	vogt_briefe02_1851-4078-42	inferred	1	 	Schmiere
gerstner_mechanik01_1831-9110-24	vogt_briefe02_1851-5243-10	inferred	0	 	Schmiere
gerstner_mechanik01_1831-9111-16	gerstner_mechanik03_1834-8218-15	inferred	1	 	Schmiere
gerstner_mechanik01_1831-9111-16	krafft_landwirthschaft01_1875-5229-26	inferred	1	 	Schmiere
gerstner_mechanik01_1831-9111-16	kurz_sonnenwirth_1855-3945-7	inferred	1	 	Schmiere
gerstner_mechanik01_1831-9111-16	michelis_reiseschule_1869-635-38	inferred	1	 	Schmiere
gerstner_mechanik01_1831-9111-16	nn_maehrisches42_1886-36-23	inferred	0	 	Schmiere
gerstner_mechanik01_1831-9111-16	nn_nrhz046_1848-619-7	inferred	0	 	Schmiere
gerstner_mechanik01_1831-9111-16	parthey_jugenderinnerungen01_1871-367-12	inferred	1	 	Schmiere
gerstner_mechanik01_1831-9111-16	quenstedt_mineralogie_1854-4135-19	inferred	1	 	Schmiere
gerstner_mechanik01_1831-9111-16	vogt_briefe02_1851-3388-33	inferred	1	 	Schmiere
gerstner_mechanik01_1831-9111-16	vogt_briefe02_1851-4078-42	inferred	1	 	Schmiere
gerstner_mechanik01_1831-9111-16	vogt_briefe02_1851-5243-10	inferred	0	 	Schmiere
gerstner_mechanik03_1834-8218-15	krafft_landwirthschaft01_1875-5229-26	inferred	1	 	Schmiere
gerstner_mechanik03_1834-8218-15	kurz_sonnenwirth_1855-3945-7	inferred	1	 	Schmiere
gerstner_mechanik03_1834-8218-15	michelis_reiseschule_1869-635-38	inferred	1	 	Schmiere
gerstner_mechanik03_1834-8218-15	nn_maehrisches42_1886-36-23	inferred	0	 	Schmiere
gerstner_mechanik03_1834-8218-15	nn_nrhz046_1848-619-7	inferred	0	 	Schmiere
gerstner_mechanik03_1834-8218-15	parthey_jugenderinnerungen01_1871-367-12	inferred	1	 	Schmiere
gerstner_mechanik03_1834-8218-15	quenstedt_mineralogie_1854-4135-19	inferred	1	 	Schmiere
gerstner_mechanik03_1834-8218-15	vogt_briefe02_1851-3388-33	inferred	1	 	Schmiere
gerstner_mechanik03_1834-8218-15	vogt_briefe02_1851-4078-42	inferred	1	 	Schmiere
gerstner_mechanik03_1834-8218-15	vogt_briefe02_1851-5243-10	inferred	0	 	Schmiere
krafft_landwirthschaft01_1875-5229-26	kurz_sonnenwirth_1855-3945-7	inferred	1	 	Schmiere
krafft_landwirthschaft01_1875-5229-26	michelis_reiseschule_1869-635-38	inferred	1	 	Schmiere
krafft_landwirthschaft01_1875-5229-26	nn_maehrisches42_1886-36-23	inferred	0	 	Schmiere
krafft_landwirthschaft01_1875-5229-26	nn_nrhz046_1848-619-7	inferred	0	 	Schmiere
krafft_landwirthschaft01_1875-5229-26	parthey_jugenderinnerungen01_1871-367-12	inferred	1	 	Schmiere
krafft_landwirthschaft01_1875-5229-26	quenstedt_mineralogie_1854-4135-19	inferred	1	 	Schmiere
krafft_landwirthschaft01_1875-5229-26	vogt_briefe02_1851-3388-33	inferred	1	 	Schmiere
krafft_landwirthschaft01_1875-5229-26	vogt_briefe02_1851-4078-42	inferred	1	 	Schmiere
krafft_landwirthschaft01_1875-5229-26	vogt_briefe02_1851-5243-10	inferred	0	 	Schmiere
kurz_sonnenwirth_1855-3945-7	michelis_reiseschule_1869-635-38	inferred	1	 	Schmiere
kurz_sonnenwirth_1855-3945-7	nn_maehrisches42_1886-36-23	inferred	0	 	Schmiere
kurz_sonnenwirth_1855-3945-7	nn_nrhz046_1848-619-7	inferred	0	 	Schmiere
kurz_sonnenwirth_1855-3945-7	parthey_jugenderinnerungen01_1871-367-12	inferred	1	 	Schmiere
kurz_sonnenwirth_1855-3945-7	quenstedt_mineralogie_1854-4135-19	inferred	1	 	Schmiere
kurz_sonnenwirth_1855-3945-7	vogt_briefe02_1851-3388-33	inferred	1	 	Schmiere
kurz_sonnenwirth_1855-3945-7	vogt_briefe02_1851-4078-42	inferred	1	 	Schmiere
kurz_sonnenwirth_1855-3945-7	vogt_briefe02_1851-5243-10	inferred	0	 	Schmiere
michelis_reiseschule_1869-635-38	nn_maehrisches42_1886-36-23	inferred	0	 	Schmiere
michelis_reiseschule_1869-635-38	nn_nrhz046_1848-619-7	inferred	0	 	Schmiere
michelis_reiseschule_1869-635-38	parthey_jugenderinnerungen01_1871-367-12	inferred	1	 	Schmiere
michelis_reiseschule_1869-635-38	quenstedt_mineralogie_1854-4135-19	inferred	1	 	Schmiere
michelis_reiseschule_1869-635-38	vogt_briefe02_1851-3388-33	inferred	1	 	Schmiere
michelis_reiseschule_1869-635-38	vogt_briefe02_1851-4078-42	inferred	1	 	Schmiere
michelis_reiseschule_1869-635-38	vogt_briefe02_1851-5243-10	inferred	0	 	Schmiere
nn_maehrisches42_1886-36-23	nn_nrhz046_1848-619-7	inferred	0	 	Schmiere
nn_maehrisches42_1886-36-23	parthey_jugenderinnerungen01_1871-367-12	inferred	0	 	Schmiere
nn_maehrisches42_1886-36-23	quenstedt_mineralogie_1854-4135-19	inferred	0	 	Schmiere
nn_maehrisches42_1886-36-23	vogt_briefe02_1851-3388-33	inferred	0	 	Schmiere
nn_maehrisches42_1886-36-23	vogt_briefe02_1851-4078-42	inferred	0	 	Schmiere
nn_maehrisches42_1886-36-23	vogt_briefe02_1851-5243-10	inferred	0	 	Schmiere
nn_nrhz046_1848-619-7	parthey_jugenderinnerungen01_1871-367-12	inferred	0	 	Schmiere
nn_nrhz046_1848-619-7	quenstedt_mineralogie_1854-4135-19	inferred	0	 	Schmiere
nn_nrhz046_1848-619-7	vogt_briefe02_1851-3388-33	inferred	0	 	Schmiere
nn_nrhz046_1848-619-7	vogt_briefe02_1851-4078-42	inferred	0	 	Schmiere
nn_nrhz046_1848-619-7	vogt_briefe02_1851-5243-10	inferred	0	 	Schmiere
parthey_jugenderinnerungen01_1871-367-12	quenstedt_mineralogie_1854-4135-19	inferred	1	 	Schmiere
parthey_jugenderinnerungen01_1871-367-12	vogt_briefe02_1851-3388-33	inferred	1	 	Schmiere
parthey_jugenderinnerungen01_1871-367-12	vogt_briefe02_1851-4078-42	inferred	1	 	Schmiere
parthey_jugenderinnerungen01_1871-367-12	vogt_briefe02_1851-5243-10	inferred	0	 	Schmiere
quenstedt_mineralogie_1854-4135-19	vogt_briefe02_1851-3388-33	inferred	1	 	Schmiere
quenstedt_mineralogie_1854-4135-19	vogt_briefe02_1851-4078-42	inferred	1	 	Schmiere
quenstedt_mineralogie_1854-4135-19	vogt_briefe02_1851-5243-10	inferred	0	 	Schmiere
vogt_briefe02_1851-3388-33	vogt_briefe02_1851-4078-42	inferred	1	 	Schmiere
vogt_briefe02_1851-3388-33	vogt_briefe02_1851-5243-10	inferred	0	 	Schmiere
vogt_briefe02_1851-4078-42	vogt_briefe02_1851-5243-10	inferred	0	 	Schmiere
