lemma	pos	date	grouping	identifier	description	context	indexes_target_token	indexes_target_sentence	context_tokenized	indexes_target_token_tokenized	indexes_target_sentence_tokenized	context_lemmatized	context_pos	context_normalized
überspannen	VVPP	1952	2	2532889X_1952-10-14_01_100.tcf.xml-139-10	 	Die Konservativen und öle fechten Labour-Führer haben jedoch den Bogen Überspannt; jetzt steigert sich durch den Verlust def nationalen Unabhängigkeit Großbritanniens die Unzufriedenheit über die amerikanische Bevormundung, verstärkt sich die Einsicht, daß das einzige Ergebnis alles dessen zunehmende Arbeitslosigkeit, sinkender Reallohn und Verlust der Außenhandelspositionen auf den Mark ten der kapitalistischen Welt Ist, die Infolge des schnellen Aufstiegs der vom amerikanischen Kapital geförderten westdeutschen und japanischen Konkurrenz immer welter schrumpfen.	71:81	0:570	Die Konservativen und öle fechten Labour-Führer haben jedoch den Bogen Überspannt ; jetzt steigert sich durch den Verlust def nationalen Unabhängigkeit Großbritanniens die Unzufriedenheit über die amerikanische Bevormundung , verstärkt sich die Einsicht , daß das einzige Ergebnis alles dessen zunehmende Arbeitslosigkeit , sinkender Reallohn und Verlust der Außenhandelspositionen auf den Mark ten der kapitalistischen Welt Ist , die Infolge des schnellen Aufstiegs der vom amerikanischen Kapital geförderten westdeutschen und japanischen Konkurrenz immer welter schrumpfen .	10	0:76	d Konservative und ölen fechten Labour-Führer haben jedoch d Bogen überspannen ; jetzt steigern sich durch d Verlust Def national Unabhängigkeit Großbritannien d Unzufriedenheit über d amerikanisch Bevormundung , verstärken sich d Einsicht , daß d einzig Ergebnis alle die zunehmend Arbeitslosigkeit , sinkend Reallohn und Verlust d Außenhandelsposition auf d Mark ten d kapitalistisch Welt sein , die infolge d schnell Aufstieg d vom amerikanisch Kapital gefördert westdeutsch und japanisch Konkurrenz immer Welter schrumpfen .	ART NN KON VVFIN VVINF NN VAFIN ADV ART NN VVPP $. ADV VVFIN PRF APPR ART NN NE ADJA NN NE ART NN APPR ART ADJA NN $, VVFIN PRF ART NN $, KOUS ART ADJA NN PIAT PDS ADJA NN $, ADJA NN KON NN ART NN APPR ART NN FM ART ADJA NN VAFIN $, PRELS APPR ART ADJA NN ART APPRART ADJA NN ADJA ADJA KON ADJA NN ADV NN VVINF $.	
überspannen	VVFIN	1961	2	2532889X_1961-04-10_01_051.tcf.xml-4-2	 	Der Handlungsbogen überspannt vier Jahrzehnte, geht vom Ausbruch des ersten Weltkrieges bis in unsere Zeit doch er verläuft immer an der „gleichen Strecke", am Arbeitsplatz und im kargen Milieu des Bahnwärters Paul der auf der Suche nach dem Glück sein Leben fast verwirkt ehe er im späten Alter begreift	19:29	0:304	Der Handlungsbogen überspannt vier Jahrzehnte , geht vom Ausbruch des ersten Weltkrieges bis in unsere Zeit doch er verläuft immer an der „ gleichen Strecke " , am Arbeitsplatz und im kargen Milieu des Bahnwärters Paul der auf der Suche nach dem Glück sein Leben fast verwirkt ehe er im späten Alter begreift	2	0:53	d Handlungsbogen überspannen vier Jahrzehnt , gehen vom Ausbruch d erst Weltkrieg bis in unsere Zeit doch er verlaufen immer an d „ gleich Strecke " , am Arbeitsplatz und im karg Milieu d Bahnwärter Paul d auf d Suche nach d Glück sein Leben fast verwirken ehe er im spät Alter begreifen	ART NN VVFIN CARD NN $, VVFIN APPRART NN ART ADJA NN APPR APPR PPOSAT NN KON PPER VVFIN ADV APPR ART $( ADJA NN $( $, APPRART NN KON APPRART ADJA NN ART NN NE ART APPR ART NN APPR ART NN PPOSAT NN ADV VVPP KOUS PPER APPRART ADJA NN VVFIN	
überspannen	VVFIN	1964	2	2532889X_1964-11-23_01_007.tcf.xml-3-10	 	Die Brücke, die Insgesamt 4,8 Kilometer lang ist, überspannt in ihrem Mittelteil zwischen zwei Pfeilern von je 211 Meter Höhe eine lichte weite von 1300 Metern und gestattet selbst den größten Seeschiffen, ungehindert in den Hafen einzulaufen.	50:60	0:243	Die Brücke , die Insgesamt 4,8 Kilometer lang ist , überspannt in ihrem Mittelteil zwischen zwei Pfeilern von je 211 Meter Höhe eine lichte weite von 1300 Metern und gestattet selbst den größten Seeschiffen , ungehindert in den Hafen einzulaufen .	10	0:41	d Brücke , die insgesamt 4,8 Kilometer lang sein , überspannen in ihr Mittelteil zwischen zwei Pfeiler von je 211 Meter Höhe eine licht weit von 1300 Meter und gestatten selbst d groß Seeschiff , ungehindert in d Hafen einlaufen .	ART NN $, PRELS ADV CARD NN ADJD VAFIN $, VVFIN APPR PPOSAT NN APPR CARD NN APPR ADV CARD NN NN ART ADJA ADJA APPR CARD NN KON VVFIN ADV ART ADJA NN $, ADJD APPR ART NN VVIZU $.	
überspannen	VVPP	1965	2	2532889X_1965-09-11_01_085.tcf.xml-16-8	 	mit seinen supernationalistischen Ambitionen den Bogen des Zumutbaren überspannt?"	70:80	0:82	mit seinen supernationalistischen Ambitionen den Bogen des Zumutbaren überspannt ? "	8	0:11	mit seine supernationalistisch Ambition d Bogen d zumutbar überspannen ? "	APPR PPOSAT ADJA NN ART NN ART ADJA VVPP $. $(	
überspannen	VVINF	1968	2	2532889X_1968-05-03_01_252.tcf.xml-6-9	 	Sie werden u. a. eine Saaleschleuse und einen Flußarm überspannen.	54:65	0:66	Sie werden u. a. eine Saaleschleuse und einen Flußarm überspannen .	9	0:11	sie werden u. a. eine Saaleschleuse und eine Flußarm überspannen .	PPER VAFIN APPR PIS ART NE KON ART NN VVINF $.	
überspannen	VVPP	1968	2	2532889X_1968-06-17_01_062.tcf.xml-8-6	 	Rote Seidentücher, die ganze Straßenbreite überspannend, künden vom kleinen Trompeter.	43:55	0:86	Rote Seidentücher , die ganze Straßenbreite überspannend , künden vom kleinen Trompeter .	6	0:13	rot Seidentuch , d ganz Straßenbreite überspannen , künden vom klein Trompeter .	ADJA NN $, ART ADJA NN VVPP $, VVFIN APPRART ADJA NN $.	
überspannen	VVFIN	1975	2	2532889X_1975-10-22_01_155.tcf.xml-2-23	 	• Mit der Fertigstellung der ersten 143 Meter, langen Brükkenhälfte, die in Höhe des Fern-und S-Bahnhofs Berlin-Lichtenberg das Bahngelände überspannt, ist die erste Etappe des größten. Verkehrsbauvorhabens der Hauptstadt erfolgreich abgeschlossen.	140:150	0:248	• Mit der Fertigstellung der ersten 143 Meter , langen Brükkenhälfte , die in Höhe des Fern- und S-Bahnhofs Berlin- Lichtenberg das Bahngelände überspannt , ist die erste Etappe des größten . Verkehrsbauvorhabens der Hauptstadt erfolgreich abgeschlossen .	23	0:38	• mit d Fertigstellung d erst 143 Meter , lang Brükkenhälfte , die in Höhe d fern- und S-Bahnhof berlin- Lichtenberg d Bahngelände überspannen , sein d erst Etappe d groß . Verkehrsbauvorhaben d Hauptstadt erfolgreich abschließen .	$( APPR ART NN ART ADJA CARD NN $, ADJA NN $, PRELS APPR NN ART TRUNC KON NN TRUNC NN ART NN VVFIN $, VAFIN ART ADJA NN ART ADJA $. NN ART NN ADJD VVPP $.	
überspannen	VVFIN	1975	2	2532889X_1975-11-24_01_038.tcf.xml-2-22	 	Eine 460 Meter lange Brücke, die das künftige neue Flußbett der Mulde bei Pouch im Kreis Bitterfeld in 22 Meter Höhe überspannt, wurde nach nur sechsmonatiger Bauzeit am Wochenende für den Verkehr freigegeben.	117:127	0:209	Eine 460 Meter lange Brücke , die das künftige neue Flußbett der Mulde bei Pouch im Kreis Bitterfeld in 22 Meter Höhe überspannt , wurde nach nur sechsmonatiger Bauzeit am Wochenende für den Verkehr freigegeben .	22	0:36	eine 460 Meter lang Brücke , die d künftig neu Flußbett d Mulde bei Pouch im Kreis Bitterfeld in 22 Meter Höhe überspannen , werden nach nur sechsmonatig Bauzeit am Wochenende für d Verkehr freigeben .	ART CARD NN ADJA NN $, PRELS ART ADJA ADJA NN ART NN APPR NE APPRART NN NE APPR CARD NN NN VVFIN $, VAFIN APPR ADV ADJA NN APPRART NN APPR ART NN VVPP $.	
überspannen	VVFIN	1978	2	2532889X_1978-10-04_01_044.tcf.xml-3-1	 	Wimpelketten überspannten die Straßen, die Häuser hatten Fahnenschmuck angelegt: das Schwarz-Rot-Gold mat Hammer, Zirkel und Ährenkranz, die rote Föhne der Arbeiterklasse oder das Rot-.Weiß-Schwarz der Syrischen Arabischen Republik.	13:25	0:232	Wimpelketten überspannten die Straßen , die Häuser hatten Fahnenschmuck angelegt : das Schwarz- Rot-Gold mat Hammer , Zirkel und Ährenkranz , die rote Föhne der Arbeiterklasse oder das Rot- .Weiß-Schwarz der Syrischen Arabischen Republik .	1	0:35	Wimpelkette überspannen d Straße , d Haus haben Fahnenschmuck anlegen : d schwarz- Rot-Gold Mat Hammer , Zirkel und Ährenkranz , d rot Föhn d Arbeiterklasse oder d rot- .weiß-schwarz d syrisch arabisch Republik .	NN VVFIN ART NN $, ART NN VAFIN NN VVPP $. ART TRUNC NN NE NE $, NN KON NN $, ART ADJA NN ART NN KON ART TRUNC KON ART ADJA ADJA NN $.	
überspannen	VVFIN	1980	2	2532889X_1980-05-10_01_109.tcf.xml-5-7	 	Die Kadin-Brücke wurde 1470 fertiggestellt, sie überspannt auf einer Länge von 150 Metern mit ihren fünf Bögen die Struma in der Nähe von Kjustendil.	48:58	0:149	Die Kadin-Brücke wurde 1470 fertiggestellt , sie überspannt auf einer Länge von 150 Metern mit ihren fünf Bögen die Struma in der Nähe von Kjustendil .	7	0:26	d Kadin-Brücke werden 1470 fertigstellen , sie überspannen auf eine Länge von 150 Meter mit ihr fünf Bogen d Struma in d Nähe von Kjustendil .	ART NN VAFIN CARD VVPP $, PPER VVFIN APPR ART NN APPR CARD NN APPR PPOSAT CARD NN ART NN APPR ART NN APPR NE $.	
überspannen	VVFIN	1981	2	2532889X_1981-02-14_01_071.tcf.xml-7-20	 	So entstand das dichteste Theaternetz, das je einen durch gemeinsame Sprache, Kultur und Geschichte zusammengehaltenen Bereich europäischer Prägung überspannte.	148:159	0:160	So entstand das dichteste Theaternetz , das je einen durch gemeinsame Sprache , Kultur und Geschichte zusammengehaltenen Bereich europäischer Prägung überspannte .	20	0:22	so entstehen d dicht Theaternetz , die je eine durch gemeinsam Sprache , Kultur und Geschichte zusammengehalten Bereich europäisch Prägung überspannen .	ADV VVFIN ART ADJA NN $, PRELS ADV ART APPR ADJA NN $, NN KON NN ADJA NN ADJA NN VVFIN $.	
überspannen	VVINF	1981	2	2532889X_1981-03-17_01_086.tcf.xml-42-16	 	Jürgen Hentsch als Harra zeigte Kauzigkeit und Intelligenz, vollkommen unaneestrengt, ohne den Bogen zu überspannen.	104:115	0:116	Jürgen Hentsch als Harra zeigte Kauzigkeit und Intelligenz , vollkommen unaneestrengt , ohne den Bogen zu überspannen .	16	0:18	Jürgen Hentsch als Harra zeigen Kauzigkeit und Intelligenz , vollkommen unaneestrengt , ohne d Bogen zu überspannen .	NE NE KON NE VVFIN NN KON NN $, ADJD VVIZU $, KOUI ART NN PTKZU VVINF $.	
überspannen	VVPP	1983	2	2532889X_1983-07-26_01_034.tcf.xml-17-18	 	Da die zu elektrifizierenden Strecken in der Regel zweigleisig sind und -auch die Bahnhofsgleise einschließlich der Rangierbahnhöfe überspannt werden müssen, kann man davon ausgehen, daß die Länge der benötigten Fahrleitungen etwa die dreifache Streckenlänge ausmacht	132:142	0:267	Da die zu elektrifizierenden Strecken in der Regel zweigleisig sind und - auch die Bahnhofsgleise einschließlich der Rangierbahnhöfe überspannt werden müssen , kann man davon ausgehen , daß die Länge der benötigten Fahrleitungen etwa die dreifache Streckenlänge ausmacht	18	0:38	da d zu elektrifizierend Strecke in d Regel zweigleisig sein und - auch d Bahnhofsgleis einschließlich d Rangierbahnhof überspannen werden müssen , können man davon ausgehen , daß d Länge d benötigt Fahrleitung etwa d dreifach Streckenlänge ausmachen	KOUS ART PTKZU ADJA NN APPR ART NN ADJD VAFIN KON $( ADV ART NN APPR ART NN VVPP VAINF VMFIN $, VMFIN PIS PAV VVINF $, KOUS ART NN ART ADJA NN ADV ART ADJA NN VVFIN	
überspannen	VVPP	1987	2	2532889X_1987-11-30_01_052.tcf.xml-106-18	 	Rechts die drei Bagger, links die Förderbrücke, die den Tagebau in einer Breite von 580 Meiern überspannt.	95:105	0:106	Rechts die drei Bagger , links die Förderbrücke , die den Tagebau in einer Breite von 580 Meiern überspannt .	18	0:20	Recht d drei Bagger , links d Förderbrücke , die d Tagebau in eine Breite von 580 Meier überspannen .	NN ART CARD NN $, ADV ART NN $, PRELS ART NN APPR ART NN APPR CARD NN VVPP $.	
überspannen	VVPP	1961	2	26120215_1961_08_10_01_204.tcf.xml-26-15	 	Er war ein schwerer Büssing-Lastkraftwagen mit einem hohen Anhänger, beide mit starken Planen überspannt.	94:104	0:105	Er war ein schwerer Büssing- Lastkraftwagen mit einem hohen Anhänger , beide mit starken Planen überspannt .	15	0:17	er sein eine schwer büssing- Lastkraftwagen mit eine hoch Anhänger , beide mit stark Plane überspannen .	PPER VAFIN ART ADJA TRUNC NN APPR ART ADJA NN $, PIS APPR ADJA NN VVPP $.	
überspannen	VVINF	1966	2	26120215_1966_10_16_01_006.tcf.xml-38-16	 	Eine dieser Brücken wird den künftigen Durchbruch Grunerstraße, die anderen den Durchbruch Prenzlauer Allee /Liebknechtstraße überspannen.	126:137	0:138	Eine dieser Brücken wird den künftigen Durchbruch Grunerstraße , die anderen den Durchbruch Prenzlauer Allee /Liebknechtstraße überspannen .	16	0:18	eine diese Brücke werden d künftig Durchbruch Grunerstraße , die andere d Durchbruch Prenzlauer Allee /liebknechtstraße überspannen .	ART PDAT NN VAFIN ART ADJA NN NE $, PRELS PIS ART NN NN NN NE VVINF $.	
überspannen	VVFIN	1967	2	26120215_1967_06_18_01_186.tcf.xml-2-9	 	In kühner Stahlkonstruktion, von schlanken Betonpfeilern unterstützt. überspannt sie in 50 Meter Höhe über dem Wasserspiegel die Moldau.	70:80	0:136	In kühner Stahlkonstruktion , von schlanken Betonpfeilern unterstützt . überspannt sie in 50 Meter Höhe über dem Wasserspiegel die Moldau .	9	0:21	in kühn Stahlkonstruktion , von schlank Betonpfeiler unterstützen . überspannen sie in 50 Meter Höhe über d Wasserspiegel d Moldau .	APPR ADJA NN $, APPR ADJA NN VVPP $. VVFIN PPER APPR CARD NN NN APPR ART NN ART NE $.	
überspannen	VVINF	1968	2	26120215_1968_08_09_01_040.tcf.xml-37-32	 	Das Dach dieser Halle, die zu Rpdit schon des öfteren in unserer Presse-erwähnt wurde, -besteht aus sogenannten Hyparflächen. die die ganze Halle schwunavoll und kühn wie ein Zeltdach überspannen.	184:195	0:196	Das Dach dieser Halle , die zu Rpdit schon des öfteren in unserer Presse- erwähnt wurde , -besteht aus sogenannten Hyparflächen . die die ganze Halle schwunavoll und kühn wie ein Zeltdach überspannen .	32	0:34	d Dach diese Halle , die zu Rpdit schon d öfteren in unsere presse- erwähnen werden , -besteht aus sogenannt Hyparflächen . d d ganz Halle Schwunavoll und kühn wie eine Zeltdach überspannen .	ART NN PDAT NN $, PRELS APPR NE ADV ART PIS APPR PPOSAT TRUNC VVPP VAFIN $, TRUNC APPR ADJA NN $. ART ART ADJA NN NE KON ADJD KOKOM ART NN VVINF $.	
überspannen	VVFIN	1968	2	26120215_1968_09_23_01_096.tcf.xml-3-4	 	Ein Geschichtchenschreiber besseren Formats überspannte sie vielleicht auch mit dem qeklauten und dann leicht veränderten Titel: Der alt Mann und der Hecht.	44:55	0:156	Ein Geschichtchenschreiber besseren Formats überspannte sie vielleicht auch mit dem qeklauten und dann leicht veränderten Titel : Der alt Mann und der Hecht .	4	0:24	eine Geschichtchenschreiber gut Format überspannen sie vielleicht auch mit d Qeklauten und dann leicht verändert Titel : d alt Mann und d Hecht .	ART NN ADJA NN VVFIN PPER ADV ADV APPR ART NE KON ADV ADJD ADJA NN $. ART ADJD NN KON ART NN $.	
überspannen	VVFIN	1972	2	26120215_1972_03_18_01_077.tcf.xml-34-2	 	17 Jahre überspannt der Film Das ist eine lanse Zeit für künstlerisch gültig komprimierte Reflexion in anderthalb Stunden.	9:19	0:122	17 Jahre überspannt der Film Das ist eine lanse Zeit für künstlerisch gültig komprimierte Reflexion in anderthalb Stunden .	2	0:19	17 Jahr überspannen d Film die sein eine lanse Zeit für künstlerisch gültig komprimiert Reflexion in anderthalb Stunde .	CARD NN VVFIN ART NN PDS VAFIN ART ADJA NN APPR ADJD ADJD ADJA NN APPR CARD NN $.	
überspannen	VVFIN	1973	2	26120215_1973_08_22_01_144.tcf.xml-17-18	 	Immer dann, wenn ein Bauernhof mit den für den Spreewald typischen. strohgedeckten Blockhäusern sichtbar wird, überspannen schmale Brücken die Wasserstraße.	111:122	0:156	Immer dann , wenn ein Bauernhof mit den für den Spreewald typischen . strohgedeckten Blockhäusern sichtbar wird , überspannen schmale Brücken die Wasserstraße .	18	0:24	immer dann , wenn eine Bauernhof mit d für d Spreewald typisch . strohgedeckt Blockhaus sichtbar werden , überspannen schmal Brücke d Wasserstraße .	ADV ADV $, KOUS ART NN APPR ART APPR ART NE ADJA $. ADJA NN ADJD VAFIN $, VVFIN ADJA NN ART NN $.	
überspannen	VVFIN	1978	2	26120215_1978_11_27_01_139.tcf.xml-13-12	 	Eine acht Kilometer lange Brücke, die die sibirische Angara in Irkutsk überspannt, wurde am Wochenende dem Verkehr übergeben.	71:81	0:125	Eine acht Kilometer lange Brücke , die die sibirische Angara in Irkutsk überspannt , wurde am Wochenende dem Verkehr übergeben .	12	0:21	eine acht Kilometer lang Brücke , die d sibirisch Angara in Irkutsk überspannen , werden am Wochenende d Verkehr übergeben .	ART CARD NN ADJA NN $, PRELS ART ADJA NE APPR NE VVFIN $, VAFIN APPRART NN ART NN VVPP $.	
überspannen	VVPP	1979	2	26120215_1979_01_09_01_052.tcf.xml-67-14	 	Sie verlangte auch viel — viel Geld, meine ich, und sie war überspannt.	60:70	0:71	Sie verlangte auch viel — viel Geld , meine ich , und sie war überspannt .	14	0:16	sie verlangen auch viel — viel Geld , meinen ich , und sie sein überspannen .	PPER VVFIN ADV ADV $( PIAT NN $, VVFIN PPER $, KON PPER VAFIN VVPP $.	
überspannen	VVPP	1979	2	26120215_1979_07_24_01_008.tcf.xml-2-16	 	Bis zum Jahresende werden in unserer Republik rund 1300 Strekkenkilometer der Deutschen Reichsbahn mit elektrischen Fahrleitungen überspannt sein.	130:140	0:146	Bis zum Jahresende werden in unserer Republik rund 1300 Strekkenkilometer der Deutschen Reichsbahn mit elektrischen Fahrleitungen überspannt sein .	16	0:19	bis zum Jahresende werden in unsere Republik rund 1300 Strekkenkilometer d deutsch Reichsbahn mit elektrisch Fahrleitung überspannen sein .	APPR APPRART NN VAFIN APPR PPOSAT NN ADJD CARD NN ART ADJA NN APPR ADJA NN VVPP VAINF $.	
überspannen	VVINF	1990	2	26120215_1990_06_02_01_529.tcf.xml-2-33	 	Zur Umstellung des 25 Kilometer langen Abschnitts auf die umweltfreundliche Traktionsart, die jährlich 4700 Tonnen Dieselkraftstoff spart, waren unter anderem 863 Masten zu setzen und 64 Kilometer Gleis mit Fahrdraht zu überspannen.	220:231	0:232	Zur Umstellung des 25 Kilometer langen Abschnitts auf die umweltfreundliche Traktionsart , die jährlich 4700 Tonnen Dieselkraftstoff spart , waren unter anderem 863 Masten zu setzen und 64 Kilometer Gleis mit Fahrdraht zu überspannen .	33	0:35	zur Umstellung d 25 Kilometer lang Abschnitt auf d umweltfreundlich Traktionsart , die jährlich 4700 Tonne Dieselkraftstoff sparen , sein unter ander 863 Mast zu setzen und 64 Kilometer Gleis mit Fahrdraht zu überspannen .	APPRART NN ART CARD NN ADJA NN APPR ART ADJA NN $, PRELS ADJD CARD NN NN VVFIN $, VAFIN APPR PIS CARD NN PTKZU VVINF KON CARD NN NN APPR NN PTKZU VVINF $.	
überspannen	VVPP	1884	1	beck_eisen01_1884-5529-19	 	Die weiteren Öffnungen der Thonröhren, die bei richtiger Stellung sich befinden, sind oben mit einer sackartigen Haut überspannt, in deren Mitte eine Öffnung ist.	118:128	0:162	Die weiteren Öffnungen der Thonröhren , die bei richtiger Stellung sich befinden , sind oben mit einer sackartigen Haut überspannt , in deren Mitte eine Öffnung ist .	19	0:28	d weit Öffnung d Thonröhre , die bei richtig Stellung sich befinden , sein oben mit eine sackartig Haut überspannen , in die Mitte eine Öffnung sein .	ART ADJA NN ART NN $, PRELS APPR ADJA NN PRF VVFIN $, VAFIN ADV APPR ART ADJA NN VVPP $, APPR PRELAT NN ART NN VAFIN $.	Die weiteren Öffnungen der Thonröhren , die bei richtiger Stellung sich befinden , sind oben mit einer sackartigen Haut überspannt , in deren Mitte eine Öffnung ist .
überspannen	VVINF	1899	1	beck_eisen04_1899-5268-44	 	Als es sich 1801 als Notwendigkeit herausstellte, die alte London-bridge abzureissen und eine neue Brücke an ihrer Stelle zu errichten, arbeitete Telford den Entwurf einer gusseisernen Brücke aus, welche in einem Bogen von 600 Fuss Spannweite die ganze Breite der Themse überspannen sollte: ein Entwurf, der an Schönheit alle anderen Brücken Londons übertroffen haben würde.	271:282	0:374	Als es sich 1801 als Notwendigkeit herausstellte , die alte London-bridge abzureiſsen und eine neue Brücke an ihrer Stelle zu errichten , arbeitete Telford den Entwurf einer guſseisernen Brücke aus , welche in einem Bogen von 600 Fuſs Spannweite die ganze Breite der Themse überspannen sollte : ein Entwurf , der an Schönheit alle anderen Brücken Londons übertroffen haben würde .	44	0:61	als es sich 1801 als Notwendigkeit herausstellen , d alt London-Bridge abreissen und eine neu Brücke an ihr Stelle zu errichten , arbeiten Telford d Entwurf eine gußeisern Brücke aus , welche in eine Bogen von 600 Fuß Spannweite d ganz Breite d Themse überspannen sollen : eine Entwurf , die an Schönheit alle ander Brücke London übertreffen haben werden .	KOUS PPER PRF CARD KOKOM NN VVFIN $, ART ADJA NN VVIZU KON ART ADJA NN APPR PPOSAT NN PTKZU VVINF $, VVFIN NE ART NN ART ADJA NN PTKVZ $, PRELS APPR ART NN APPR CARD NN NN ART ADJA NN ART NE VVINF VMFIN $. ART NN $, PRELS APPR NN PIAT ADJA NN NE VVPP VAINF VAFIN $.	Als es sich 1801 als Notwendigkeit herausstellte , die alte London-bridge abzureissen und eine neue Brücke an ihrer Stelle zu errichten , arbeitete Telford den Entwurf einer gusseisernen Brücke aus , welche in einem Bogen von 600 Fuß Spannweite die ganze Breite der Themse überspannen sollte : ein Entwurf , der an Schönheit alle anderen Brücken Londons übertroffen haben würde .
überspannen	VVINF	1861	1	berlepsch_alpen_1861-2780-36	 	Aber das kühne Werk, dessen Ausführung kurze Zeit vorher für eine tolle Phantasterei gegolten haben mag, gab den Impuls zu anderen, ebenso großartigen Straßenbauten, deren jetzt mehr als ein Dutzend die Hoch-Alpen überspannen.	214:225	0:226	Aber das kühne Werk , deſſen Ausführung kurze Zeit vorher für eine tolle Phantaſterei gegolten haben mag , gab den Impuls zu anderen , ebenſo großartigen Straßenbauten , deren jetzt mehr als ein Dutzend die Hoch-Alpen überſpannen .	36	0:38	aber d kühn Werk , die Ausführung kurz Zeit vorher für eine toll Phantasterei gelten haben mögen , geben d Impuls zu ander , ebenso großartig Straßenbau , die jetzt mehr als eine Dutzend d Hoch-Alpe überspannen .	KON ART ADJA NN $, PRELAT NN ADJA NN ADV APPR ART ADJA NN VVPP VAINF VMFIN $, VVFIN ART NN APPR ADJA $, ADV ADJA NN $, PRELAT ADV PIS KOKOM ART NN ART NN VVINF $.	Aber das kühne Werk , dessen Ausführung kurze Zeit vorher für eine tolle Phantasterei gegolten haben mag , gab den Impuls zu anderen , ebenso großartigen Straßenbauten , deren jetzt mehr als ein Dutzend die Hoch-Alpen überspannen .
überspannen	VVPP	1875	1	bluntschli_staatslehre_1875-4658-26	 	„Salus Populi suprema lex esto“ liegt überhaupt nicht darin, dasz der Statszweck zu enge gefaszt sei, sondern darin, dasz die Statsmacht überspannt und auf fremde Lebensgebiete ausgedehnt werde.	137:147	0:194	„ Salus Populi suprema lex esto “ liegt überhaupt nicht darin , dasz der Statszweck zu enge gefaszt sei , sondern darin , dasz die Statsmacht überspannt und auf fremde Lebensgebiete ausgedehnt werde .	26	0:34	" salus populi suprema lex esto " liegen überhaupt nicht darin , daß d Staatszweck zu eng fassen sein , sondern darin , daß d Staatsmacht überspannen und auf fremd Lebensgebiet ausdehnen werden .	$( FM FM FM FM FM $( VVFIN ADV PTKNEG PAV $, KOUS ART NN APPR ADJA VVPP VAFIN $, KON PAV $, KOUS ART NN VVPP KON APPR ADJA NN VVPP VAFIN $.	" Salus Populi suprema lex esto " liegt überhaupt nicht darin , daß der Staatszweck zu enge gefasst sei , sondern darin , daß die Staatsmacht überspannt und auf fremde Lebensgebiete ausgedehnt werde .
überspannen	VVFIN	1868	1	bluntschli_voelkerrecht_1868-7175-2	 	Die eine überspannt die Anforderung an dieselbe, indem sie nur die Sperre als wirksam betrachten will, die allen Verkehr absolut zu hindern vermag, und jede Blocade als unwirksam erklärt, wenn es auch nur Einem Schiffe gelingt, unbemerkt und unaufgehalten hindurchzukommen.	9:19	0:273	Die eine überſpannt die Anforderung an dieſelbe , indem ſie nur die Sperre als wirkſam betrachten will , die allen Verkehr abſolut zu hindern vermag , und jede Blocade als unwirkſam erklärt , wenn es auch nur Einem Schiffe gelingt , unbemerkt und unaufgehalten hindurchzukommen .	2	0:46	d eine überspannen d Anforderung an dieselbe , indem sie nur d Sperre als wirksam betrachten wollen , die alle Verkehr absolut zu hindern vermögen , und jede Blockade als unwirksam erklären , wenn es auch nur eine Schiff gelingen , unbemerkt und unaufgehalten hindurchkommen .	ART PIS VVFIN ART NN APPR PDAT $, KOUS PPER ADV ART NN KOKOM ADJD VVINF VMFIN $, PRELS PIAT NN ADJD PTKZU VVINF VVFIN $, KON PIAT NN KOKOM ADJD VVPP $, KOUS PPER ADV ADV ART NN VVFIN $, ADJD KON ADJD VVIZU $.	Die eine überspannt die Anforderung an dieselbe , indem sie nur die Sperre als wirksam betrachten will , die allen Verkehr absolut zu hindern vermag , und jede Blockade als unwirksam erklärt , wenn es auch nur Einem Schiffe gelingt , unbemerkt und unaufgehalten hindurchzukommen .
überspannen	VVFIN	1867	1	brehm_thierleben04_1867-8357-1	 	Erstere überspannt in einer dünnen Schicht den Boden überall da, wo er aus Geröll besteht; letztere siedelt sich auf dem Sterbebette der Flechte an.	8:18	0:148	Erſtere überſpannt in einer dünnen Schicht den Boden überall da , wo er aus Geröll beſteht ; letztere ſiedelt ſich auf dem Sterbebette der Flechte an .	1	0:27	erstere überspannen in eine dünn Schicht d Boden überall da , wo er aus Geröll bestehen ; letztere siedeln sich auf d Sterbebett d Flechte an .	PIS VVFIN APPR ART ADJA NN ART NN ADV ADV $, PWAV PPER APPR NN VVFIN $. PIS VVFIN PRF APPR ART NN ART NN PTKVZ $.	Erstere überspannt in einer dünnen Schicht den Boden überall da , wo er aus Geröll besteht ; letztere siedelt sich auf dem Sterbebette der Flechte an .
überspannen	VVFIN	1855	1	burckhardt_cicerone_1855-1498-18	 	S. Prassede (IX. Jahrhundert), ein merkwürdiger Versuch, in das Organische einzulenken; grosse Backsteinbögen überspannen das Mittelschiff; dazwischen je drei Intervalle und zwei Säulen mit geradem Gebälk.	110:121	0:205	S. Prassede ( IX. Jahrhundert ) , ein merkwürdiger Versuch , in das Organische einzulenken ; grosse Backsteinbögen überspannen das Mittelschiff ; dazwischen je drei Intervalle und zwei Säulen mit geradem Gebälk .	18	0:33	S. Prassede ( Ix. Jahrhundert ) , eine merkwürdig Versuch , in d Organische einlenken ; groß Backsteinbogen überspannen d Mittelschiff ; dazwischen je drei Intervall und zwei Säule mit gerade Gebälk .	NN NE $( NE NN $( $, ART ADJA NN $, APPR ART NN VVIZU $. ADJA NN VVFIN ART NN $. PAV ADV CARD NN KON CARD NN APPR ADJA NN $.	S. Prassede ( IX. Jahrhundert ) , ein merkwürdiger Versuch , in das Organische einzulenken ; große Backsteinbögen überspannen das Mittelschiff ; dazwischen je drei Intervalle und zwei Säulen mit geradem Gebälk .
überspannen	VVINF	1826	1	fouque_frauen_1826-1436-57	 	Wo bleiben die hellen, und freundlichen Verwandtschaften des Geistes und Geschmackes, die Bande der Geselligkeit, der unwillkührlichen Vorliebe, sind sie alle profan, weil es schwierig ist, tugendhaft und freundlich, pflichtvoll und liebenswürdig zu sein? soll es darum keine Freuden der Welt mehr geben, weil die schwächlichen Nerven sich überspannen bei den Anregungen in und außer dem Hause?	340:351	0:394	Wo bleiben die hellen , und freundlichen Verwandtſchaften des Geiſtes und Geſchmackes , die Bande der Geſelligkeit , der unwillkuͤhrlichen Vorliebe , ſind ſie alle profan , weil es ſchwierig iſt , tugendhaft und freundlich , pflichtvoll und liebenswuͤrdig zu ſein ? ſoll es darum keine Freuden der Welt mehr geben , weil die ſchwaͤchlichen Nerven ſich uͤberſpannen bei den Anregungen in und außer dem Hauſe ?	57	0:67	wo bleiben d hell , und freundlich Verwandtschaft d Geist und Geschmack , d Bande d Geselligkeit , d unwillkürlich Vorliebe , sein sie alle profan , weil es schwierig sein , tugendhaft und freundlich , pflichtvoll und liebenswürdig zu sein ? sollen es darum keine Freude d Welt mehr geben , weil d schwächlich Nerv sich überspannen bei d Anregung in und außer d Haus ?	PWAV VVFIN ART ADJA $, KON ADJA NN ART NN KON NN $, ART NN ART NN $, ART ADJA NN $, VAFIN PPER PIS ADJD $, KOUS PPER ADJD VAFIN $, ADJD KON ADJD $, ADJD KON ADJD PTKZU VAINF $. VMFIN PPER PAV PIAT NN ART NN ADV VVINF $, KOUS ART ADJA NN PRF VVINF APPR ART NN APPR KON APPR ART NN $.	Wo bleiben die hellen , und freundlichen Verwandtschaften des Geistes und Geschmackes , die Bande der Geselligkeit , der unwillkürlichen Vorliebe , sind sie alle profan , weil es schwierig ist , tugendhaft und freundlich , pflichtvoll und liebenswürdig zu sein ? soll es darum keine Freuden der Welt mehr geben , weil die schwächlichen Nerven sich überspannen bei den Anregungen in und außer dem Hause ?
überspannen	VVPP	1877	1	gutzkow_serapionsbrueder01_1877-96-45	 	Die tausendfachen Lebensziele, denen Alles nachrennt, beirren uns in der Verfolgung unsres eignen, ja es geschieht wohl, daß gedankenlose lässige Naturen diese unausgesetzt wechselnden Eindrücke so stark auf sich wirken lassen, daß ihre Nerven darunter leiden, ihr ganzes Wesen überspannt wird.	278:288	0:294	Die tausendfachen Lebensziele , denen Alles nachrennt , beirren uns in der Verfolgung unsres eignen , ja es geschieht wohl , daß gedankenlose lässige Naturen diese unausgesetzt wechselnden Eindrücke so stark auf sich wirken lassen , daß ihre Nerven darunter leiden , ihr ganzes Wesen überspannt wird .	45	0:48	d tausendfach Lebensziel , die alle nachrennen , beirren wir in d Verfolgung unsere eigen , ja es geschehen wohl , daß gedankenlos lässig Natur diese unausgesetzt wechselnd Eindruck so stark auf sich wirken lassen , daß ihr Nerv darunter leiden , ihr ganz Wesen überspannen werden .	ART ADJA NN $, PRELS PIS VVFIN $, VVINF PPER APPR ART NN PPOSAT ADJA $, ADV PPER VVFIN ADV $, KOUS ADJA ADJA NN PDAT ADJD ADJA NN ADV ADJD APPR PRF VVINF VVINF $, KOUS PPOSAT NN PAV VVINF $, PPOSAT ADJA NN VVPP VAFIN $.	Die tausendfachen Lebensziele , denen Alles nachrennt , beirren uns in der Verfolgung unseres eigenen , ja es geschieht wohl , daß gedankenlose lässige Naturen diese unausgesetzt wechselnden Eindrücke so stark auf sich wirken lassen , daß ihre Nerven darunter leiden , ihr ganzes Wesen überspannt wird .
überspannen	VVFIN	1825	1	herbart_psychologie02_1825-45-36	 	Und dieses findet sich um desto gewisser, da die Kirche nicht bloss dem Pantheismus abgeneigt ist, welcher das Princip der Endlichkeit in Gott hineinversetzt, sondern auch, und zwar nicht minder, demjenigen überspannten Theismus, der, um jenes für lästig gehaltene Princip zu verflüchtigen, oder vielmehr zu ignoriren, (denn das Verflüchtigen gelingt nicht,) sich von der Erfahrung absichtlich hinwegwendet, und in allerley Formen sich durch eine vorgeschützte Unwissenheit zu helfen sucht.	207:219	0:490	Und dieses findet sich um desto gewisser , da die Kirche nicht bloſs dem Pantheismus abgeneigt ist , welcher das Princip der Endlichkeit in Gott hineinversetzt , sondern auch , und zwar nicht minder , demjenigen überspannten Theismus , der , um jenes für lästig gehaltene Princip zu verflüchtigen , oder vielmehr zu ignoriren , ( denn das Verflüchtigen gelingt nicht , ) sich von der Erfahrung absichtlich hinwegwendet , und in allerley Formen sich durch eine vorgeschützte Unwissenheit zu helfen sucht .	36	0:83	und diese finden sich um desto gewiß , da d Kirche nicht bloß d Pantheismus abneigen sein , welche d Prinzip d Endlichkeit in Gott hineinversetzen , sondern auch , und zwar nicht minder , diejenige überspannen Theismus , die , um jene für lästig gehalten Prinzip zu verflüchtigen , oder vielmehr zu ignorieren , ( denn d Verflüchtigen gelingen nicht , ) sich von d Erfahrung absichtlich hinwegwenden , und in allerlei Form sich durch eine vorgeschützt Unwissenheit zu helfen suchen .	KON PDS VVFIN PRF APPR ADV ADJA $, KOUS ART NN PTKNEG ADV ART NN VVPP VAFIN $, PRELS ART NN ART NN APPR NN VVPP $, KON ADV $, KON ADV PTKNEG ADV $, PDS VVFIN NN $, PRELS $, KOUI PDS APPR ADJD ADJA NN PTKZU VVFIN $, KON ADV PTKZU VVINF $, $( KON ART NN VVFIN PTKNEG $, $( PRF APPR ART NN ADJD VVFIN $, KON APPR PIAT NN PRF APPR ART ADJA NN PTKZU VVINF VVFIN $.	Und dieses findet sich um desto gewisser , da die Kirche nicht bloß dem Pantheismus abgeneigt ist , welcher das Prinzip der Endlichkeit in Gott hineinversetzt , sondern auch , und zwar nicht minder , demjenigen überspannten Theismus , der , um jenes für lästig gehaltene Prinzip zu verflüchtigen , oder vielmehr zu ignorieren , ( denn das Verflüchtigen gelingt nicht , ) sich von der Erfahrung absichtlich hinwegwendet , und in allerlei Formen sich durch eine vorgeschützte Unwissenheit zu helfen sucht .
überspannen	VVINF	1851	1	humboldt_grenzen_1851-641-50	 	Daraus entspringt nun eine gleich schwierige, und leider nur zu oft vernachlässigte Berechnung, ob die natürlichen Kräfte des Staats zu Herbeischaffung aller nothwendig erforderlichen Mittel hinreichend sind? und fällt diese Berechnung unrichtig aus, ist ein wahres Missverhältniss vorhanden, so müssen neue künstliche Veranstaltungen die Kräfte überspannen, ein Uebel, an welchem nur zu viele neuere Staaten, wenn gleich nicht allein aus dieser Ursache, kranken.	346:357	0:463	Daraus entspringt nun eine gleich schwierige , und leider nur zu oft vernachlässigte Berechnung , ob die natürlichen Kräfte des Staats zu Herbeischaffung aller nothwendig erforderlichen Mittel hinreichend sind ? und fällt diese Berechnung unrichtig aus , ist ein wahres Missverhältniss vorhanden , so müssen neue künstliche Veranstaltungen die Kräfte überspannen , ein Uebel , an welchem nur zu viele neuere Staaten , wenn gleich nicht allein aus dieser Ursache , kranken .	50	0:73	daraus entspringen nun eine gleich schwierig , und leider nur zu oft vernachlässigt Berechnung , ob d natürlich Kraft d Staat zu Herbeischaffung alle notwendig erforderlich Mittel hinreichend sein ? und fällen diese Berechnung unrichtig aus , sein eine wahr Mißverhältnis vorhanden , so müssen neu künstlich Veranstaltung d Kraft überspannen , eine Übel , an welche nur zu viel neu Staat , wenn gleich nicht allein aus diese Ursache , kranken .	PAV VVFIN ADV ART ADV ADJA $, KON ADV ADV APPR ADV ADJA NN $, KOUS ART ADJA NN ART NN APPR NN PIAT ADJD ADJA NN ADJD VAFIN $. KON VVFIN PDAT NN ADJD PTKVZ $, VAFIN ART ADJA NN ADJD $, ADV VMFIN ADJA ADJA NN ART NN VVINF $, ART NN $, APPR PRELS ADV APPR PIAT ADJA NN $, KOUS ADV PTKNEG ADV APPR PDAT NN $, VVFIN $.	Daraus entspringt nun eine gleich schwierige , und leider nur zu oft vernachlässigte Berechnung , ob die natürlichen Kräfte des Staats zu Herbeischaffung aller notwendig erforderlichen Mittel hinreichend sind ? und fällt diese Berechnung unrichtig aus , ist ein wahres Missverhältnis vorhanden , so müssen neue künstliche Veranstaltungen die Kräfte überspannen , ein Übel , an welchem nur zu viele neuere Staaten , wenn gleich nicht allein aus dieser Ursache , kranken .
überspannen	VVFIN	1884	1	ledebur_eisenhuettenkunde_1884-1818-38	 	Um einen grösseren Fassungsraum bei geringerer Schütthöhe (die für dicht liegende Steinkohlen unerlässlich ist) zu erlangen, giebt man der Rückwand eine Neigung nach aussen, so dass der Generator sich nach oben erweitert, und überspannt denselben durch ein Gewölbe, in welchem die Füllöffnung sich befindet (vergl. unten die Abbildungen Fig. 26 und 28, Oefen mit Steinkohlengasgeneratoren darstellend).	226:236	0:402	Um einen grösseren Fassungsraum bei geringerer Schütthöhe ( die für dicht liegende Steinkohlen unerlässlich ist ) zu erlangen , giebt man der Rückwand eine Neigung nach aussen , so dass der Generator sich nach oben erweitert , und überspannt denselben durch ein Gewölbe , in welchem die Füllöffnung sich befindet ( vergl. unten die Abbildungen Fig. 26 und 28 , Oefen mit Steinkohlengasgeneratoren darstellend ) .	38	0:66	um eine groß Fassungsraum bei gering Schütthöhe ( d für dicht liegend Steinkohle unerläßlich sein ) zu erlangen , geben man d Rückwand eine Neigung nach außen , so dass d Generator sich nach oben erweitern , und überspannen dieselbe durch eine Gewölbe , in welche d Fülleöffnung sich befinden ( Vergl. unten d Abbildung Fig. 26 und 28 , Ofen mit Steinkohlengasgenerator darstellen ) .	KOUI ART ADJA NN APPR ADJA NN $( ART APPR ADJD ADJA NN ADJD VAFIN $( PTKZU VVINF $, VVFIN PIS ART NN ART NN APPR ADV $, ADV KOUS ART NN PRF APPR ADV VVPP $, KON VVFIN PDS APPR ART NN $, APPR PRELS ART NN PRF VVFIN $( NE ADV ART NN NN CARD KON CARD $, NN APPR NN VVPP $( $.	Um einen größeren Fassungsraum bei geringerer Schütthöhe ( die für dicht liegende Steinkohlen unerlässlich ist ) zu erlangen , gibt man der Rückwand eine Neigung nach außen , so dass der Generator sich nach oben erweitert , und überspannt denselben durch ein Gewölbe , in welchem die Füllöffnung sich befindet ( vergl. unten die Abbildungen Fig. 26 und 28 , Öfen mit Steinkohlengasgeneratoren darstellend ) .
überspannen	VVINF	1891	1	lehnert_seehaefen01_1891-6505-33	 	Valencia, die Stadt der Blumen, hat in einen immensen Garten sich gebettet; und die Promenade entlang der Ufer des Turia, der Blick auf die fünf Brücken, die ihn überspannen, und nach dem prächtigen Grün der Landschaft, gehören zu den höchsten Genüssen, welche der Aufenthalt in der schönen eleganten Stadt zu bieten vermag.	162:173	0:324	Valencia , die Stadt der Blumen , hat in einen immensen Garten sich gebettet ; und die Promenade entlang der Ufer des Turia , der Blick auf die fünf Brücken , die ihn überspannen , und nach dem prächtigen Grün der Landschaft , gehören zu den höchsten Genüssen , welche der Aufenthalt in der schönen eleganten Stadt zu bieten vermag .	33	0:61	Valencia , d Stadt d Blume , haben in eine immens Garten sich betten ; und d Promenade entlang d Ufer d Turia , d Blick auf d fünf Brücke , die er überspannen , und nach d prächtig Grün d Landschaft , gehören zu d hoch Genuß , welche d Aufenthalt in d schön elegant Stadt zu bieten vermögen .	NE $, ART NN ART NN $, VAFIN APPR ART ADJA NN PRF VVPP $. KON ART NN APPR ART NN ART NN $, ART NN APPR ART CARD NN $, PRELS PPER VVINF $, KON APPR ART ADJA NN ART NN $, VVFIN APPR ART ADJA NN $, PRELS ART NN APPR ART ADJA ADJA NN PTKZU VVINF VVFIN $.	Valencia , die Stadt der Blumen , hat in einen immensen Garten sich gebettet ; und die Promenade entlang der Ufer des Turia , der Blick auf die fünf Brücken , die ihn überspannen , und nach dem prächtigen Grün der Landschaft , gehören zu den höchsten Genüssen , welche der Aufenthalt in der schönen eleganten Stadt zu bieten vermag .
überspannen	VVFIN	1856	1	ludwig_himmel_1856-3855-12	 	In jenem überwucherte die Selbstsucht, die schlimme Anlage; in Apollonius überspannte sich, was Gutes in ihm war, seine Gewissenhaftigkeit, Anhänglichkeit und sein Sauberkeitsbedürfniß.	74:85	0:185	In jenem überwucherte die Selbſtſucht , die ſchlimme Anlage ; in Apollonius überſpannte ſich , was Gutes in ihm war , ſeine Gewiſſenhaftigkeit , Anhänglichkeit und ſein Sauberkeitsbedürfniß .	12	0:29	in jen überwuchert d Selbstsucht , d schlimm Anlage ; in Apollonius überspannen sich , was Gut in er sein , seine Gewissenhaftigkeit , Anhänglichkeit und sein Sauberkeitsbedürfnis .	APPR PDAT ADJA ART NN $, ART ADJA NN $. APPR NE VVFIN PRF $, PRELS NN APPR PPER VAFIN $, PPOSAT NN $, NN KON PPOSAT NN $.	In jenem überwucherte die Selbstsucht , die schlimme Anlage ; in Apollonius überspannte sich , was Gutes in ihm war , seine Gewissenhaftigkeit , Anhänglichkeit und sein Sauberkeitsbedürfnis .
überspannen	VVPP	1828	1	menzel_literatur02_1828-938-3	 	Auch Hoffmann war überspannt, wie Werner, und gemüthskrank.	18:28	0:59	Auch Hoffmann war uͤberſpannt , wie Werner , und gemuͤthskrank .	3	0:11	auch Hoffmann sein überspannen , wie Werner , und gemütskrank .	ADV NE VAFIN VVPP $, PWAV NE $, KON ADJD $.	Auch Hoffmann war überspannt , wie Werner , und gemütskrank .
überspannen	VVINF	1847	1	menzel_maurer_1847-3296-7	 	Wächst nämlich der Raum welchen ein Kreuzgewölbe überspannen soll so an, daß man für die Festigkeit der dünnen Kappen zu sorgen hat, so legt man außer den 4 Gradgurten noch Zwischengurten an, welche alsdann kleinere, folglich festere Kappenräume bilden.	49:60	0:253	Wächſt nämlich der Raum welchen ein Kreuzgewölbe überſpannen ſoll ſo an , daß man für die Feſtigkeit der dünnen Kappen zu ſorgen hat , ſo legt man außer den 4 Gradgurten noch Zwiſchengurten an , welche alsdann kleinere , folglich feſtere Kappenräume bilden .	7	0:44	wachsen nämlich d Raum welchen eine Kreuzgewölbe überspannen sollen so an , daß man für d Festigkeit d dünn Kappe zu sorgen haben , so legen man außer d 4 Gradgurt noch Zwischengurt an , welche alsdann klein , folglich fest Kappenraum bilden .	VVFIN ADV ART NN PWAT ART NN VVINF VMFIN ADV PTKVZ $, KOUS PIS APPR ART NN ART ADJA NN PTKZU VVINF VAFIN $, ADV VVFIN PIS APPR ART CARD NN ADV NN PTKVZ $, PRELS ADV ADJA $, ADV ADJA NN VVINF $.	Wächst nämlich der Raum welchen ein Kreuzgewölbe überspannen soll so an , daß man für die Festigkeit der dünnen Kappen zu sorgen hat , so legt man außer den 4 Gradgurten noch Zwischengurten an , welche alsdann kleinere , folglich festere Kappenräume bilden .
überspannen	VVFIN	1829	1	muellner_kaliber_1829-736-4	 	Sie sind leidenschaftlich, überspannt, schwärmerisch in Ihren Gefühlen.	27:37	0:71	Sie sind leidenschaftlich , überspannt , schwärmerisch in Ihren Gefühlen .	4	0:11	sie sein leidenschaftlich , überspannen , schwärmerisch in ihr Gefühl .	PPER VAFIN ADJD $, VVFIN $, ADJD APPR PPOSAT NN $.	Sie sind leidenschaftlich , überspannt , schwärmerisch in Ihren Gefühlen .
überspannen	VVFIN	1875	1	rosegger_waldschulmeister_1875-504-12	 	Der gute Mann hat mir mit ruhigen Worten gesagt, daß ich überspannt und wol krank sein müsse.	57:67	0:93	Der gute Mann hat mir mit ruhigen Worten geſagt , daß ich überſpannt und wol krank ſein müſſe .	12	0:19	d gut Mann haben ich mit ruhig Wort sagen , daß ich überspannen und wohl krank sein müssen .	ART ADJA NN VAFIN PPER APPR ADJA NN VVPP $, KOUS PPER VVFIN KON ADV ADJD VAINF VMFIN $.	Der gute Mann hat mir mit ruhigen Worten gesagt , daß ich überspannt und wohl krank sein müsse .
überspannen	VVFIN	1853	1	rosenkranz_aesthetik_1853-1698-0	 	Ueberspannt sie sich, so wird sie freilich mit eben diesem Wagniß Effect machen, denn sie bringt ja dann etwas hervor, was sie nicht hervorbringen sollte und was als eine seltsame Erscheinung immerhin interessant sein kann, jedenfalls aber die Gesetze der wahren Kunst verletzt.	0:11	0:278	Ueberſpannt ſie ſich , ſo wird ſie freilich mit eben dieſem Wagniß Effect machen , denn ſie bringt ja dann etwas hervor , was ſie nicht hervorbringen ſollte und was als eine ſeltſame Erſcheinung immerhin intereſſant ſein kann , jedenfalls aber die Geſetze der wahren Kunſt verletzt .	0	0:48	überspannen sie sich , so werden sie freilich mit eben diese Wagnis Effekt machen , denn sie bringen ja dann etwas hervor , was sie nicht hervorbringen sollen und was als eine seltsam Erscheinung immerhin interessant sein können , jedenfalls aber d Gesetz d wahr Kunst verletzen .	VVFIN PPER PRF $, ADV VAFIN PPER ADV APPR ADV PDAT NN NN VVINF $, KON PPER VVFIN ADV ADV PIS PTKVZ $, PWS PPER PTKNEG VVFIN VMFIN KON PWS KOKOM ART ADJA NN ADV ADJD VAINF VMFIN $, ADV ADV ART NN ART ADJA NN VVPP $.	Überspannt sie sich , so wird sie freilich mit eben diesem Wagnis Effekt machen , denn sie bringt ja dann etwas hervor , was sie nicht hervorbringen sollte und was als eine seltsame Erscheinung immerhin interessant sein kann , jedenfalls aber die Gesetze der wahren Kunst verletzt .
überspannen	VVPP	1866	1	siemens_telegraphie_1866-270-10	 	Fast alle europäischen Bänder sind jetzt von einem eisernen Drahtnetz überspannt, durch welches der electrische Bote die Gedanken und Nachrichten der Menschen in wunderbarer Geschwindigkeit von Ort zu Ort, vom atlantischen Meere zum indischen und stillen Ocean befördert!	70:80	0:271	Faſt alle europäiſchen Bänder ſind jetzt von einem eiſernen Drahtnetz überſpannt , durch welches der electriſche Bote die Gedanken und Nachrichten der Menſchen in wunderbarer Geſchwindigkeit von Ort zu Ort , vom atlantiſchen Meere zum indiſchen und ſtillen Ocean befördert !	10	0:41	fast alle europäisch Band sein jetzt von eine eisern Drahtnetz überspannen , durch welche d elektrisch Bote d Gedanke und Nachricht d Mensch in wunderbar Geschwindigkeit von Ort zu Ort , vom atlantisch Meer zum indisch und still Ozean befördern !	ADV PIAT ADJA NN VAFIN ADV APPR ART ADJA NN VVPP $, APPR PRELS ART ADJA NN ART NN KON NN ART NN APPR ADJA NN APPR NN APPR NN $, APPRART ADJA NN APPRART ADJA KON ADJA NN VVPP $.	Fast alle europäischen Bänder sind jetzt von einem eisernen Drahtnetz überspannt , durch welches der elektrische Bote die Gedanken und Nachrichten der Menschen in wunderbarer Geschwindigkeit von Ort zu Ort , vom atlantischen Meere zum indischen und stillen Ozean befördert !
überspannen	VVPP	1857	1	stifter_nachsommer01_1857-1009-9	 	Oben schloß gewölbtes Glas, das mit feinem Drahte überspannt war, die Räume.	50:60	0:76	Oben ſchloß gewölbtes Glas , das mit feinem Drahte überſpannt war , die Räume .	9	0:15	oben schließen gewölbt Glas , die mit fein Draht überspannen sein , d Raum .	ADV VVFIN ADJA NN $, PRELS APPR ADJA NN VVPP VAFIN $, ART NN $.	Oben schloß gewölbtes Glas , das mit feinem Drahte überspannt war , die Räume .
überspannen	VVPP	1852	1	vischer_aesthetik030201_1852-1464-19	 	Das Tonnengewölbe lagert als ungegliedert fortlaufender Halbkreisbogen der Länge nach auf den Mauern, die es der Quere nach überspannt.	124:134	0:135	Das Tonnengewölbe lagert als ungegliedert fortlaufender Halbkreisbogen der Länge nach auf den Mauern , die es der Quere nach überſpannt .	19	0:21	d Tonnengewölbe lagern als ungegliedert fortlaufend Halbkreisbogen d Länge nach auf d Mauer , die es d Quere nach überspannen .	ART NN VVFIN KOKOM ADJD ADJA NN ART NN APPR APPR ART NN $, PRELS PPER ART NN APPR VVPP $.	Das Tonnengewölbe lagert als ungegliedert fortlaufender Halbkreisbogen der Länge nach auf den Mauern , die es der Quere nach überspannt .
überspannen	VVPP	1852	1	vischer_aesthetik030201_1852-1472-56	 	Diese Stützen (zunächst Säulen, es ist von ihrer Veränderung noch ausdrücklich zu sprechen) stellt man nun in weiteren Abständen und streckt die Bögen nicht mehr nur der Länge nach, sondern auch der Breite nach, so daß sie mit ihren Gurten ein Netz von Quadraten einrahmen, deren jedes mit einem Kreuzgewölbe überspannt ist.	309:319	0:324	Dieſe Stützen ( zunächſt Säulen , es iſt von ihrer Veränderung noch ausdrücklich zu ſprechen ) ſtellt man nun in weiteren Abſtänden und ſtreckt die Bögen nicht mehr nur der Länge nach , ſondern auch der Breite nach , ſo daß ſie mit ihren Gurten ein Netz von Quadraten einrahmen , deren jedes mit einem Kreuzgewölbe überſpannt iſt .	56	0:59	diese Stütze ( zunächst Säule , es sein von ihr Veränderung noch ausdrücklich zu sprechen ) stellen man nun in weit Abstand und strecken d Bogen nicht mehr nur d Länge nach , sondern auch d Breite nach , so daß sie mit ihr Gurt eine Netz von Quadrat einrahmen , die jede mit eine Kreuzgewölbe überspannen sein .	PDAT NN $( ADV NN $, PPER VAFIN APPR PPOSAT NN ADV ADJD PTKZU VVINF $( VVFIN PIS ADV APPR ADJA NN KON VVFIN ART NN PTKNEG ADV ADV ART NN PTKVZ $, KON ADV ART NN APPR $, ADV KOUS PPER APPR PPOSAT NN ART NN APPR NN VVINF $, PRELAT PIAT APPR ART NN VVPP VAFIN $.	Diese Stützen ( zunächst Säulen , es ist von ihrer Veränderung noch ausdrücklich zu sprechen ) stellt man nun in weiteren Abständen und streckt die Bögen nicht mehr nur der Länge nach , sondern auch der Breite nach , so daß sie mit ihren Gurten ein Netz von Quadraten einrahmen , deren jedes mit einem Kreuzgewölbe überspannt ist .
überspannen	VVPP	1852	1	vischer_aesthetik030201_1852-537-25	 	Wo sie ein Dach zu tragen hat, leistet sie dieß nun in der kühneren Weise, daß von Stütze zu Stütze ein Balken sich überspannt, der von diesen getragen wird, aber selbst, obwohl frei schwebend, die Deckenbalken und das Dach trägt, wo sie ohne diese Function sich zum getheilten, zergliederten Gewölb ausbildet, das sich auf Stützen stemmt, da stellt sie jene Einheit in einer kunstvollen gegenseitigen Spannung dar.	116:126	0:415	Wo ſie ein Dach zu tragen hat , leiſtet ſie dieß nun in der kühneren Weiſe , daß von Stütze zu Stütze ein Balken ſich überſpannt , der von dieſen getragen wird , aber ſelbſt , obwohl frei ſchwebend , die Deckenbalken und das Dach trägt , wo ſie ohne dieſe Function ſich zum getheilten , zergliederten Gewölb ausbildet , das ſich auf Stützen ſtemmt , da ſtellt ſie jene Einheit in einer kunſtvollen gegenſeitigen Spannung dar .	25	0:78	wo sie eine Dach zu tragen haben , leisten sie diese nun in d kühn Weise , daß von Stütze zu Stütze eine Balken sich überspannen , die von diese tragen werden , aber selbst , obwohl frei schwebend , d Deckenbalken und d Dach tragen , wo sie ohne diese Funktion sich zum geteilt , zergliedert Gewölbe ausbilden , die sich auf Stütze stemmen , da stellen sie jen Einheit in eine kunstvoll gegenseitig Spannung dar .	PWAV PPER ART NN PTKZU VVINF VAFIN $, VVFIN PPER PDS ADV APPR ART ADJA NN $, KOUS APPR NN APPR NN ART NN PRF VVPP $, PRELS APPR PDAT VVPP VAFIN $, ADV ADV $, KOUS ADJD ADJD $, ART NN KON ART NN VVFIN $, PWAV PPER APPR PDAT NN PRF APPRART ADJA $, ADJA NN VVFIN $, PRELS PRF APPR NN VVFIN $, ADV VVFIN PPER PDAT NN APPR ART ADJA ADJA NN PTKVZ $.	Wo sie ein Dach zu tragen hat , leistet sie dies nun in der kühneren Weise , daß von Stütze zu Stütze ein Balken sich überspannt , der von diesen getragen wird , aber selbst , obwohl frei schwebend , die Deckenbalken und das Dach trägt , wo sie ohne diese Funktion sich zum geteilten , zergliederten Gewölbe ausbildet , das sich auf Stützen stemmt , da stellt sie jene Einheit in einer kunstvollen gegenseitigen Spannung dar .
überspannen	VVFIN	1873	1	wackernagel_poetik_1873-3635-58	 	Denn man erwäge, dass ihm noch im dritten Haupttheile eine Anregung bevorsteht, und zwar hier zu dem Zwecke, dass der Wille zu einem nachhaltigen Entschlusse, so und so zu handeln, gelange; die Gefühlsanregungen des Exordiums bezwecken keine so bedeutende Wirkung, es ist dabei nur auf Wohlwollen für den Redner abgesehen: überspannt man das Gefühl also hier schon, so ist das Mittel stärker als die zunächst beabsichtigte Wirkung, und kommt es dann zum dritten Theile, so ist das Gefühl abgespannt, unempfänglich gegen jede nachdrückliche Einwirkung, unfähig zu jeder kräftigen Willensäusserung.	323:333	0:596	Denn man erwäge , dass ihm noch im dritten Haupttheile eine Anregung bevorsteht , und zwar hier zu dem Zwecke , dass der Wille zu einem nachhaltigen Entschlusse , so und so zu handeln , gelange ; die Gefühlsanregungen des Exordiums bezwecken keine so bedeutende Wirkung , es ist dabei nur auf Wohlwollen für den Redner abgesehen : überspannt man das Gefühl also hier schon , so ist das Mittel stärker als die zunächst beabsichtigte Wirkung , und kommt es dann zum dritten Theile , so ist das Gefühl abgespannt , unempfänglich gegen jede nachdrückliche Einwirkung , unfähig zu jeder kräftigen Willensäusserung .	58	0:103	denn man erwägen , dass er noch im dritt Hauptteil eine Anregung bevorstehen , und zwar hier zu d Zwecke , dass d Wille zu eine nachhaltig Entschluß , so und so zu handeln , gelangen ; d Gefühlsanregung d Exordium bezwecken keine so bedeutend Wirkung , es sein dabei nur auf Wohlwollen für d Redner absehen : überspannen man d Gefühl also hier schon , so sein d Mittel stark als d zunächst beabsichtigt Wirkung , und kommen es dann zum dritt Teil , so sein d Gefühl abspannen , unempfänglich gegen jede nachdrücklich Einwirkung , unfähig zu jede kräftig Willensäußerung .	KON PIS VVFIN $, KOUS PPER ADV APPRART ADJA NN ART NN VVFIN $, KON ADV ADV APPR ART NN $, KOUS ART NN APPR ART ADJA NN $, ADV KON ADV PTKZU VVINF $, VVFIN $. ART NN ART NN VVFIN PIAT ADV ADJA NN $, PPER VAFIN PAV ADV APPR NN APPR ART NN VVPP $. VVFIN PIS ART NN ADV ADV ADV $, ADV VAFIN ART NN ADJD KOKOM ART ADV ADJA NN $, KON VVFIN PPER ADV APPRART ADJA NN $, ADV VAFIN ART NN VVPP $, ADJD APPR PIAT ADJA NN $, ADJD APPR PIAT ADJA NN $.	Denn man erwäge , dass ihm noch im dritten Hauptteile eine Anregung bevorsteht , und zwar hier zu dem Zwecke , dass der Wille zu einem nachhaltigen Entschluss , so und so zu handeln , gelange ; die Gefühlsanregungen des Exordiums bezwecken keine so bedeutende Wirkung , es ist dabei nur auf Wohlwollen für den Redner abgesehen : überspannt man das Gefühl also hier schon , so ist das Mittel stärker als die zunächst beabsichtigte Wirkung , und kommt es dann zum dritten Teile , so ist das Gefühl abgespannt , unempfänglich gegen jede nachdrückliche Einwirkung , unfähig zu jeder kräftigen Willensäusserung .
