identifier1	identifier2	annotator	judgment	comment	lemma
2532889X_1971-05-11_01_158.tcf.xml-9-6	2532889X_1972-09-07_01_053.tcf.xml-21-5	inferred	1	 	Ohrwurm
2532889X_1971-05-11_01_158.tcf.xml-9-6	2532889X_1973-02-03_01_347.tcf.xml-11-30	inferred	1	 	Ohrwurm
2532889X_1971-05-11_01_158.tcf.xml-9-6	2532889X_1977-12-20_01_057.tcf.xml-4-29	inferred	1	 	Ohrwurm
2532889X_1971-05-11_01_158.tcf.xml-9-6	2532889X_1984-10-26_01_061.tcf.xml-18-2	inferred	1	 	Ohrwurm
2532889X_1971-05-11_01_158.tcf.xml-9-6	2532889X_1985-11-21_01_061.tcf.xml-19-29	inferred	1	 	Ohrwurm
2532889X_1971-05-11_01_158.tcf.xml-9-6	2532889X_1986-07-29_01_081.tcf.xml-6-12	inferred	1	 	Ohrwurm
2532889X_1971-05-11_01_158.tcf.xml-9-6	2532889X_1988-01-05_01_062.tcf.xml-14-25	inferred	1	 	Ohrwurm
2532889X_1971-05-11_01_158.tcf.xml-9-6	2532889X_1988-12-27_01_066.tcf.xml-17-1	inferred	1	 	Ohrwurm
2532889X_1971-05-11_01_158.tcf.xml-9-6	2532889X_1989-09-08_01_107.tcf.xml-23-23	inferred	1	 	Ohrwurm
2532889X_1971-05-11_01_158.tcf.xml-9-6	2532889X_1990-05-29_01_086.tcf.xml-10-3	inferred	1	 	Ohrwurm
2532889X_1971-05-11_01_158.tcf.xml-9-6	26120215_1974_09_29_01_351.tcf.xml-4-16	inferred	1	 	Ohrwurm
2532889X_1971-05-11_01_158.tcf.xml-9-6	26120215_1981_12_22_01_078.tcf.xml-14-17	inferred	1	 	Ohrwurm
2532889X_1971-05-11_01_158.tcf.xml-9-6	26120215_1982_04_30_01_337.tcf.xml-1-32	inferred	1	 	Ohrwurm
2532889X_1971-05-11_01_158.tcf.xml-9-6	26120215_1982_09_25_01_107.tcf.xml-45-3	inferred	1	 	Ohrwurm
2532889X_1971-05-11_01_158.tcf.xml-9-6	26120215_1984_05_02_01_053.tcf.xml-34-24	inferred	1	 	Ohrwurm
2532889X_1971-05-11_01_158.tcf.xml-9-6	26120215_1986_07_31_01_078.tcf.xml-8-3	inferred	1	 	Ohrwurm
2532889X_1971-05-11_01_158.tcf.xml-9-6	26120215_1987_12_31_01_267.tcf.xml-6-11	inferred	1	 	Ohrwurm
2532889X_1971-05-11_01_158.tcf.xml-9-6	26120215_1990_02_22_01_082.tcf.xml-25-18	inferred	1	 	Ohrwurm
2532889X_1971-05-11_01_158.tcf.xml-9-6	blumenbach_anatomie_1815-1035-1	inferred	0	 	Ohrwurm
2532889X_1971-05-11_01_158.tcf.xml-9-6	blumenbach_naturgeschichte_1825-5793-5	inferred	0	 	Ohrwurm
2532889X_1971-05-11_01_158.tcf.xml-9-6	boelsche_liebesleben01_1898-6183-7	inferred	0	 	Ohrwurm
2532889X_1971-05-11_01_158.tcf.xml-9-6	brehm_thierleben06_1869-25551-19	inferred	0	 	Ohrwurm
2532889X_1971-05-11_01_158.tcf.xml-9-6	brehm_thierleben06_1869-8065-76	inferred	0	 	Ohrwurm
2532889X_1971-05-11_01_158.tcf.xml-9-6	brehm_thierleben06_1869-9854-2	inferred	0	 	Ohrwurm
2532889X_1971-05-11_01_158.tcf.xml-9-6	brehm_thierleben06_1869-9873-5	inferred	0	 	Ohrwurm
2532889X_1971-05-11_01_158.tcf.xml-9-6	brehm_thierleben06_1869-9880-11	inferred	0	 	Ohrwurm
2532889X_1971-05-11_01_158.tcf.xml-9-6	brehm_thierleben06_1869-9898-7	inferred	0	 	Ohrwurm
2532889X_1971-05-11_01_158.tcf.xml-9-6	brehm_thierleben06_1869-9905-3	inferred	0	 	Ohrwurm
2532889X_1971-05-11_01_158.tcf.xml-9-6	carus_zoologie_1872-6097-29	inferred	0	 	Ohrwurm
2532889X_1971-05-11_01_158.tcf.xml-9-6	druskowitz_religionsersatz_1886-614-18	inferred	0	 	Ohrwurm
2532889X_1971-05-11_01_158.tcf.xml-9-6	moltke_zustaende_1841-3780-9	inferred	0	 	Ohrwurm
2532889X_1971-05-11_01_158.tcf.xml-9-6	paul_titan01_1800-265-59	inferred	0	 	Ohrwurm
2532889X_1971-05-11_01_158.tcf.xml-9-6	vogt_briefe01_1851-6563-3	inferred	0	 	Ohrwurm
2532889X_1971-05-11_01_158.tcf.xml-9-6	vogt_briefe01_1851-7235-1	inferred	0	 	Ohrwurm
2532889X_1972-09-07_01_053.tcf.xml-21-5	2532889X_1973-02-03_01_347.tcf.xml-11-30	inferred	1	 	Ohrwurm
2532889X_1972-09-07_01_053.tcf.xml-21-5	2532889X_1977-12-20_01_057.tcf.xml-4-29	inferred	1	 	Ohrwurm
2532889X_1972-09-07_01_053.tcf.xml-21-5	2532889X_1984-10-26_01_061.tcf.xml-18-2	inferred	1	 	Ohrwurm
2532889X_1972-09-07_01_053.tcf.xml-21-5	2532889X_1985-11-21_01_061.tcf.xml-19-29	inferred	1	 	Ohrwurm
2532889X_1972-09-07_01_053.tcf.xml-21-5	2532889X_1986-07-29_01_081.tcf.xml-6-12	inferred	1	 	Ohrwurm
2532889X_1972-09-07_01_053.tcf.xml-21-5	2532889X_1988-01-05_01_062.tcf.xml-14-25	inferred	1	 	Ohrwurm
2532889X_1972-09-07_01_053.tcf.xml-21-5	2532889X_1988-12-27_01_066.tcf.xml-17-1	inferred	1	 	Ohrwurm
2532889X_1972-09-07_01_053.tcf.xml-21-5	2532889X_1989-09-08_01_107.tcf.xml-23-23	inferred	1	 	Ohrwurm
2532889X_1972-09-07_01_053.tcf.xml-21-5	2532889X_1990-05-29_01_086.tcf.xml-10-3	inferred	1	 	Ohrwurm
2532889X_1972-09-07_01_053.tcf.xml-21-5	26120215_1974_09_29_01_351.tcf.xml-4-16	inferred	1	 	Ohrwurm
2532889X_1972-09-07_01_053.tcf.xml-21-5	26120215_1981_12_22_01_078.tcf.xml-14-17	inferred	1	 	Ohrwurm
2532889X_1972-09-07_01_053.tcf.xml-21-5	26120215_1982_04_30_01_337.tcf.xml-1-32	inferred	1	 	Ohrwurm
2532889X_1972-09-07_01_053.tcf.xml-21-5	26120215_1982_09_25_01_107.tcf.xml-45-3	inferred	1	 	Ohrwurm
2532889X_1972-09-07_01_053.tcf.xml-21-5	26120215_1984_05_02_01_053.tcf.xml-34-24	inferred	1	 	Ohrwurm
2532889X_1972-09-07_01_053.tcf.xml-21-5	26120215_1986_07_31_01_078.tcf.xml-8-3	inferred	1	 	Ohrwurm
2532889X_1972-09-07_01_053.tcf.xml-21-5	26120215_1987_12_31_01_267.tcf.xml-6-11	inferred	1	 	Ohrwurm
2532889X_1972-09-07_01_053.tcf.xml-21-5	26120215_1990_02_22_01_082.tcf.xml-25-18	inferred	1	 	Ohrwurm
2532889X_1972-09-07_01_053.tcf.xml-21-5	blumenbach_anatomie_1815-1035-1	inferred	0	 	Ohrwurm
2532889X_1972-09-07_01_053.tcf.xml-21-5	blumenbach_naturgeschichte_1825-5793-5	inferred	0	 	Ohrwurm
2532889X_1972-09-07_01_053.tcf.xml-21-5	boelsche_liebesleben01_1898-6183-7	inferred	0	 	Ohrwurm
2532889X_1972-09-07_01_053.tcf.xml-21-5	brehm_thierleben06_1869-25551-19	inferred	0	 	Ohrwurm
2532889X_1972-09-07_01_053.tcf.xml-21-5	brehm_thierleben06_1869-8065-76	inferred	0	 	Ohrwurm
2532889X_1972-09-07_01_053.tcf.xml-21-5	brehm_thierleben06_1869-9854-2	inferred	0	 	Ohrwurm
2532889X_1972-09-07_01_053.tcf.xml-21-5	brehm_thierleben06_1869-9873-5	inferred	0	 	Ohrwurm
2532889X_1972-09-07_01_053.tcf.xml-21-5	brehm_thierleben06_1869-9880-11	inferred	0	 	Ohrwurm
2532889X_1972-09-07_01_053.tcf.xml-21-5	brehm_thierleben06_1869-9898-7	inferred	0	 	Ohrwurm
2532889X_1972-09-07_01_053.tcf.xml-21-5	brehm_thierleben06_1869-9905-3	inferred	0	 	Ohrwurm
2532889X_1972-09-07_01_053.tcf.xml-21-5	carus_zoologie_1872-6097-29	inferred	0	 	Ohrwurm
2532889X_1972-09-07_01_053.tcf.xml-21-5	druskowitz_religionsersatz_1886-614-18	inferred	0	 	Ohrwurm
2532889X_1972-09-07_01_053.tcf.xml-21-5	moltke_zustaende_1841-3780-9	inferred	0	 	Ohrwurm
2532889X_1972-09-07_01_053.tcf.xml-21-5	paul_titan01_1800-265-59	inferred	0	 	Ohrwurm
2532889X_1972-09-07_01_053.tcf.xml-21-5	vogt_briefe01_1851-6563-3	inferred	0	 	Ohrwurm
2532889X_1972-09-07_01_053.tcf.xml-21-5	vogt_briefe01_1851-7235-1	inferred	0	 	Ohrwurm
2532889X_1973-02-03_01_347.tcf.xml-11-30	2532889X_1977-12-20_01_057.tcf.xml-4-29	inferred	1	 	Ohrwurm
2532889X_1973-02-03_01_347.tcf.xml-11-30	2532889X_1984-10-26_01_061.tcf.xml-18-2	inferred	1	 	Ohrwurm
2532889X_1973-02-03_01_347.tcf.xml-11-30	2532889X_1985-11-21_01_061.tcf.xml-19-29	inferred	1	 	Ohrwurm
2532889X_1973-02-03_01_347.tcf.xml-11-30	2532889X_1986-07-29_01_081.tcf.xml-6-12	inferred	1	 	Ohrwurm
2532889X_1973-02-03_01_347.tcf.xml-11-30	2532889X_1988-01-05_01_062.tcf.xml-14-25	inferred	1	 	Ohrwurm
2532889X_1973-02-03_01_347.tcf.xml-11-30	2532889X_1988-12-27_01_066.tcf.xml-17-1	inferred	1	 	Ohrwurm
2532889X_1973-02-03_01_347.tcf.xml-11-30	2532889X_1989-09-08_01_107.tcf.xml-23-23	inferred	1	 	Ohrwurm
2532889X_1973-02-03_01_347.tcf.xml-11-30	2532889X_1990-05-29_01_086.tcf.xml-10-3	inferred	1	 	Ohrwurm
2532889X_1973-02-03_01_347.tcf.xml-11-30	26120215_1974_09_29_01_351.tcf.xml-4-16	inferred	1	 	Ohrwurm
2532889X_1973-02-03_01_347.tcf.xml-11-30	26120215_1981_12_22_01_078.tcf.xml-14-17	inferred	1	 	Ohrwurm
2532889X_1973-02-03_01_347.tcf.xml-11-30	26120215_1982_04_30_01_337.tcf.xml-1-32	inferred	1	 	Ohrwurm
2532889X_1973-02-03_01_347.tcf.xml-11-30	26120215_1982_09_25_01_107.tcf.xml-45-3	inferred	1	 	Ohrwurm
2532889X_1973-02-03_01_347.tcf.xml-11-30	26120215_1984_05_02_01_053.tcf.xml-34-24	inferred	1	 	Ohrwurm
2532889X_1973-02-03_01_347.tcf.xml-11-30	26120215_1986_07_31_01_078.tcf.xml-8-3	inferred	1	 	Ohrwurm
2532889X_1973-02-03_01_347.tcf.xml-11-30	26120215_1987_12_31_01_267.tcf.xml-6-11	inferred	1	 	Ohrwurm
2532889X_1973-02-03_01_347.tcf.xml-11-30	26120215_1990_02_22_01_082.tcf.xml-25-18	inferred	1	 	Ohrwurm
2532889X_1973-02-03_01_347.tcf.xml-11-30	blumenbach_anatomie_1815-1035-1	inferred	0	 	Ohrwurm
2532889X_1973-02-03_01_347.tcf.xml-11-30	blumenbach_naturgeschichte_1825-5793-5	inferred	0	 	Ohrwurm
2532889X_1973-02-03_01_347.tcf.xml-11-30	boelsche_liebesleben01_1898-6183-7	inferred	0	 	Ohrwurm
2532889X_1973-02-03_01_347.tcf.xml-11-30	brehm_thierleben06_1869-25551-19	inferred	0	 	Ohrwurm
2532889X_1973-02-03_01_347.tcf.xml-11-30	brehm_thierleben06_1869-8065-76	inferred	0	 	Ohrwurm
2532889X_1973-02-03_01_347.tcf.xml-11-30	brehm_thierleben06_1869-9854-2	inferred	0	 	Ohrwurm
2532889X_1973-02-03_01_347.tcf.xml-11-30	brehm_thierleben06_1869-9873-5	inferred	0	 	Ohrwurm
2532889X_1973-02-03_01_347.tcf.xml-11-30	brehm_thierleben06_1869-9880-11	inferred	0	 	Ohrwurm
2532889X_1973-02-03_01_347.tcf.xml-11-30	brehm_thierleben06_1869-9898-7	inferred	0	 	Ohrwurm
2532889X_1973-02-03_01_347.tcf.xml-11-30	brehm_thierleben06_1869-9905-3	inferred	0	 	Ohrwurm
2532889X_1973-02-03_01_347.tcf.xml-11-30	carus_zoologie_1872-6097-29	inferred	0	 	Ohrwurm
2532889X_1973-02-03_01_347.tcf.xml-11-30	druskowitz_religionsersatz_1886-614-18	inferred	0	 	Ohrwurm
2532889X_1973-02-03_01_347.tcf.xml-11-30	moltke_zustaende_1841-3780-9	inferred	0	 	Ohrwurm
2532889X_1973-02-03_01_347.tcf.xml-11-30	paul_titan01_1800-265-59	inferred	0	 	Ohrwurm
2532889X_1973-02-03_01_347.tcf.xml-11-30	vogt_briefe01_1851-6563-3	inferred	0	 	Ohrwurm
2532889X_1973-02-03_01_347.tcf.xml-11-30	vogt_briefe01_1851-7235-1	inferred	0	 	Ohrwurm
2532889X_1977-12-20_01_057.tcf.xml-4-29	2532889X_1984-10-26_01_061.tcf.xml-18-2	inferred	1	 	Ohrwurm
2532889X_1977-12-20_01_057.tcf.xml-4-29	2532889X_1985-11-21_01_061.tcf.xml-19-29	inferred	1	 	Ohrwurm
2532889X_1977-12-20_01_057.tcf.xml-4-29	2532889X_1986-07-29_01_081.tcf.xml-6-12	inferred	1	 	Ohrwurm
2532889X_1977-12-20_01_057.tcf.xml-4-29	2532889X_1988-01-05_01_062.tcf.xml-14-25	inferred	1	 	Ohrwurm
2532889X_1977-12-20_01_057.tcf.xml-4-29	2532889X_1988-12-27_01_066.tcf.xml-17-1	inferred	1	 	Ohrwurm
2532889X_1977-12-20_01_057.tcf.xml-4-29	2532889X_1989-09-08_01_107.tcf.xml-23-23	inferred	1	 	Ohrwurm
2532889X_1977-12-20_01_057.tcf.xml-4-29	2532889X_1990-05-29_01_086.tcf.xml-10-3	inferred	1	 	Ohrwurm
2532889X_1977-12-20_01_057.tcf.xml-4-29	26120215_1974_09_29_01_351.tcf.xml-4-16	inferred	1	 	Ohrwurm
2532889X_1977-12-20_01_057.tcf.xml-4-29	26120215_1981_12_22_01_078.tcf.xml-14-17	inferred	1	 	Ohrwurm
2532889X_1977-12-20_01_057.tcf.xml-4-29	26120215_1982_04_30_01_337.tcf.xml-1-32	inferred	1	 	Ohrwurm
2532889X_1977-12-20_01_057.tcf.xml-4-29	26120215_1982_09_25_01_107.tcf.xml-45-3	inferred	1	 	Ohrwurm
2532889X_1977-12-20_01_057.tcf.xml-4-29	26120215_1984_05_02_01_053.tcf.xml-34-24	inferred	1	 	Ohrwurm
2532889X_1977-12-20_01_057.tcf.xml-4-29	26120215_1986_07_31_01_078.tcf.xml-8-3	inferred	1	 	Ohrwurm
2532889X_1977-12-20_01_057.tcf.xml-4-29	26120215_1987_12_31_01_267.tcf.xml-6-11	inferred	1	 	Ohrwurm
2532889X_1977-12-20_01_057.tcf.xml-4-29	26120215_1990_02_22_01_082.tcf.xml-25-18	inferred	1	 	Ohrwurm
2532889X_1977-12-20_01_057.tcf.xml-4-29	blumenbach_anatomie_1815-1035-1	inferred	0	 	Ohrwurm
2532889X_1977-12-20_01_057.tcf.xml-4-29	blumenbach_naturgeschichte_1825-5793-5	inferred	0	 	Ohrwurm
2532889X_1977-12-20_01_057.tcf.xml-4-29	boelsche_liebesleben01_1898-6183-7	inferred	0	 	Ohrwurm
2532889X_1977-12-20_01_057.tcf.xml-4-29	brehm_thierleben06_1869-25551-19	inferred	0	 	Ohrwurm
2532889X_1977-12-20_01_057.tcf.xml-4-29	brehm_thierleben06_1869-8065-76	inferred	0	 	Ohrwurm
2532889X_1977-12-20_01_057.tcf.xml-4-29	brehm_thierleben06_1869-9854-2	inferred	0	 	Ohrwurm
2532889X_1977-12-20_01_057.tcf.xml-4-29	brehm_thierleben06_1869-9873-5	inferred	0	 	Ohrwurm
2532889X_1977-12-20_01_057.tcf.xml-4-29	brehm_thierleben06_1869-9880-11	inferred	0	 	Ohrwurm
2532889X_1977-12-20_01_057.tcf.xml-4-29	brehm_thierleben06_1869-9898-7	inferred	0	 	Ohrwurm
2532889X_1977-12-20_01_057.tcf.xml-4-29	brehm_thierleben06_1869-9905-3	inferred	0	 	Ohrwurm
2532889X_1977-12-20_01_057.tcf.xml-4-29	carus_zoologie_1872-6097-29	inferred	0	 	Ohrwurm
2532889X_1977-12-20_01_057.tcf.xml-4-29	druskowitz_religionsersatz_1886-614-18	inferred	0	 	Ohrwurm
2532889X_1977-12-20_01_057.tcf.xml-4-29	moltke_zustaende_1841-3780-9	inferred	0	 	Ohrwurm
2532889X_1977-12-20_01_057.tcf.xml-4-29	paul_titan01_1800-265-59	inferred	0	 	Ohrwurm
2532889X_1977-12-20_01_057.tcf.xml-4-29	vogt_briefe01_1851-6563-3	inferred	0	 	Ohrwurm
2532889X_1977-12-20_01_057.tcf.xml-4-29	vogt_briefe01_1851-7235-1	inferred	0	 	Ohrwurm
2532889X_1984-10-26_01_061.tcf.xml-18-2	2532889X_1985-11-21_01_061.tcf.xml-19-29	inferred	1	 	Ohrwurm
2532889X_1984-10-26_01_061.tcf.xml-18-2	2532889X_1986-07-29_01_081.tcf.xml-6-12	inferred	1	 	Ohrwurm
2532889X_1984-10-26_01_061.tcf.xml-18-2	2532889X_1988-01-05_01_062.tcf.xml-14-25	inferred	1	 	Ohrwurm
2532889X_1984-10-26_01_061.tcf.xml-18-2	2532889X_1988-12-27_01_066.tcf.xml-17-1	inferred	1	 	Ohrwurm
2532889X_1984-10-26_01_061.tcf.xml-18-2	2532889X_1989-09-08_01_107.tcf.xml-23-23	inferred	1	 	Ohrwurm
2532889X_1984-10-26_01_061.tcf.xml-18-2	2532889X_1990-05-29_01_086.tcf.xml-10-3	inferred	1	 	Ohrwurm
2532889X_1984-10-26_01_061.tcf.xml-18-2	26120215_1974_09_29_01_351.tcf.xml-4-16	inferred	1	 	Ohrwurm
2532889X_1984-10-26_01_061.tcf.xml-18-2	26120215_1981_12_22_01_078.tcf.xml-14-17	inferred	1	 	Ohrwurm
2532889X_1984-10-26_01_061.tcf.xml-18-2	26120215_1982_04_30_01_337.tcf.xml-1-32	inferred	1	 	Ohrwurm
2532889X_1984-10-26_01_061.tcf.xml-18-2	26120215_1982_09_25_01_107.tcf.xml-45-3	inferred	1	 	Ohrwurm
2532889X_1984-10-26_01_061.tcf.xml-18-2	26120215_1984_05_02_01_053.tcf.xml-34-24	inferred	1	 	Ohrwurm
2532889X_1984-10-26_01_061.tcf.xml-18-2	26120215_1986_07_31_01_078.tcf.xml-8-3	inferred	1	 	Ohrwurm
2532889X_1984-10-26_01_061.tcf.xml-18-2	26120215_1987_12_31_01_267.tcf.xml-6-11	inferred	1	 	Ohrwurm
2532889X_1984-10-26_01_061.tcf.xml-18-2	26120215_1990_02_22_01_082.tcf.xml-25-18	inferred	1	 	Ohrwurm
2532889X_1984-10-26_01_061.tcf.xml-18-2	blumenbach_anatomie_1815-1035-1	inferred	0	 	Ohrwurm
2532889X_1984-10-26_01_061.tcf.xml-18-2	blumenbach_naturgeschichte_1825-5793-5	inferred	0	 	Ohrwurm
2532889X_1984-10-26_01_061.tcf.xml-18-2	boelsche_liebesleben01_1898-6183-7	inferred	0	 	Ohrwurm
2532889X_1984-10-26_01_061.tcf.xml-18-2	brehm_thierleben06_1869-25551-19	inferred	0	 	Ohrwurm
2532889X_1984-10-26_01_061.tcf.xml-18-2	brehm_thierleben06_1869-8065-76	inferred	0	 	Ohrwurm
2532889X_1984-10-26_01_061.tcf.xml-18-2	brehm_thierleben06_1869-9854-2	inferred	0	 	Ohrwurm
2532889X_1984-10-26_01_061.tcf.xml-18-2	brehm_thierleben06_1869-9873-5	inferred	0	 	Ohrwurm
2532889X_1984-10-26_01_061.tcf.xml-18-2	brehm_thierleben06_1869-9880-11	inferred	0	 	Ohrwurm
2532889X_1984-10-26_01_061.tcf.xml-18-2	brehm_thierleben06_1869-9898-7	inferred	0	 	Ohrwurm
2532889X_1984-10-26_01_061.tcf.xml-18-2	brehm_thierleben06_1869-9905-3	inferred	0	 	Ohrwurm
2532889X_1984-10-26_01_061.tcf.xml-18-2	carus_zoologie_1872-6097-29	inferred	0	 	Ohrwurm
2532889X_1984-10-26_01_061.tcf.xml-18-2	druskowitz_religionsersatz_1886-614-18	inferred	0	 	Ohrwurm
2532889X_1984-10-26_01_061.tcf.xml-18-2	moltke_zustaende_1841-3780-9	inferred	0	 	Ohrwurm
2532889X_1984-10-26_01_061.tcf.xml-18-2	paul_titan01_1800-265-59	inferred	0	 	Ohrwurm
2532889X_1984-10-26_01_061.tcf.xml-18-2	vogt_briefe01_1851-6563-3	inferred	0	 	Ohrwurm
2532889X_1984-10-26_01_061.tcf.xml-18-2	vogt_briefe01_1851-7235-1	inferred	0	 	Ohrwurm
2532889X_1985-11-21_01_061.tcf.xml-19-29	2532889X_1986-07-29_01_081.tcf.xml-6-12	inferred	1	 	Ohrwurm
2532889X_1985-11-21_01_061.tcf.xml-19-29	2532889X_1988-01-05_01_062.tcf.xml-14-25	inferred	1	 	Ohrwurm
2532889X_1985-11-21_01_061.tcf.xml-19-29	2532889X_1988-12-27_01_066.tcf.xml-17-1	inferred	1	 	Ohrwurm
2532889X_1985-11-21_01_061.tcf.xml-19-29	2532889X_1989-09-08_01_107.tcf.xml-23-23	inferred	1	 	Ohrwurm
2532889X_1985-11-21_01_061.tcf.xml-19-29	2532889X_1990-05-29_01_086.tcf.xml-10-3	inferred	1	 	Ohrwurm
2532889X_1985-11-21_01_061.tcf.xml-19-29	26120215_1974_09_29_01_351.tcf.xml-4-16	inferred	1	 	Ohrwurm
2532889X_1985-11-21_01_061.tcf.xml-19-29	26120215_1981_12_22_01_078.tcf.xml-14-17	inferred	1	 	Ohrwurm
2532889X_1985-11-21_01_061.tcf.xml-19-29	26120215_1982_04_30_01_337.tcf.xml-1-32	inferred	1	 	Ohrwurm
2532889X_1985-11-21_01_061.tcf.xml-19-29	26120215_1982_09_25_01_107.tcf.xml-45-3	inferred	1	 	Ohrwurm
2532889X_1985-11-21_01_061.tcf.xml-19-29	26120215_1984_05_02_01_053.tcf.xml-34-24	inferred	1	 	Ohrwurm
2532889X_1985-11-21_01_061.tcf.xml-19-29	26120215_1986_07_31_01_078.tcf.xml-8-3	inferred	1	 	Ohrwurm
2532889X_1985-11-21_01_061.tcf.xml-19-29	26120215_1987_12_31_01_267.tcf.xml-6-11	inferred	1	 	Ohrwurm
2532889X_1985-11-21_01_061.tcf.xml-19-29	26120215_1990_02_22_01_082.tcf.xml-25-18	inferred	1	 	Ohrwurm
2532889X_1985-11-21_01_061.tcf.xml-19-29	blumenbach_anatomie_1815-1035-1	inferred	0	 	Ohrwurm
2532889X_1985-11-21_01_061.tcf.xml-19-29	blumenbach_naturgeschichte_1825-5793-5	inferred	0	 	Ohrwurm
2532889X_1985-11-21_01_061.tcf.xml-19-29	boelsche_liebesleben01_1898-6183-7	inferred	0	 	Ohrwurm
2532889X_1985-11-21_01_061.tcf.xml-19-29	brehm_thierleben06_1869-25551-19	inferred	0	 	Ohrwurm
2532889X_1985-11-21_01_061.tcf.xml-19-29	brehm_thierleben06_1869-8065-76	inferred	0	 	Ohrwurm
2532889X_1985-11-21_01_061.tcf.xml-19-29	brehm_thierleben06_1869-9854-2	inferred	0	 	Ohrwurm
2532889X_1985-11-21_01_061.tcf.xml-19-29	brehm_thierleben06_1869-9873-5	inferred	0	 	Ohrwurm
2532889X_1985-11-21_01_061.tcf.xml-19-29	brehm_thierleben06_1869-9880-11	inferred	0	 	Ohrwurm
2532889X_1985-11-21_01_061.tcf.xml-19-29	brehm_thierleben06_1869-9898-7	inferred	0	 	Ohrwurm
2532889X_1985-11-21_01_061.tcf.xml-19-29	brehm_thierleben06_1869-9905-3	inferred	0	 	Ohrwurm
2532889X_1985-11-21_01_061.tcf.xml-19-29	carus_zoologie_1872-6097-29	inferred	0	 	Ohrwurm
2532889X_1985-11-21_01_061.tcf.xml-19-29	druskowitz_religionsersatz_1886-614-18	inferred	0	 	Ohrwurm
2532889X_1985-11-21_01_061.tcf.xml-19-29	moltke_zustaende_1841-3780-9	inferred	0	 	Ohrwurm
2532889X_1985-11-21_01_061.tcf.xml-19-29	paul_titan01_1800-265-59	inferred	0	 	Ohrwurm
2532889X_1985-11-21_01_061.tcf.xml-19-29	vogt_briefe01_1851-6563-3	inferred	0	 	Ohrwurm
2532889X_1985-11-21_01_061.tcf.xml-19-29	vogt_briefe01_1851-7235-1	inferred	0	 	Ohrwurm
2532889X_1986-07-29_01_081.tcf.xml-6-12	2532889X_1988-01-05_01_062.tcf.xml-14-25	inferred	1	 	Ohrwurm
2532889X_1986-07-29_01_081.tcf.xml-6-12	2532889X_1988-12-27_01_066.tcf.xml-17-1	inferred	1	 	Ohrwurm
2532889X_1986-07-29_01_081.tcf.xml-6-12	2532889X_1989-09-08_01_107.tcf.xml-23-23	inferred	1	 	Ohrwurm
2532889X_1986-07-29_01_081.tcf.xml-6-12	2532889X_1990-05-29_01_086.tcf.xml-10-3	inferred	1	 	Ohrwurm
2532889X_1986-07-29_01_081.tcf.xml-6-12	26120215_1974_09_29_01_351.tcf.xml-4-16	inferred	1	 	Ohrwurm
2532889X_1986-07-29_01_081.tcf.xml-6-12	26120215_1981_12_22_01_078.tcf.xml-14-17	inferred	1	 	Ohrwurm
2532889X_1986-07-29_01_081.tcf.xml-6-12	26120215_1982_04_30_01_337.tcf.xml-1-32	inferred	1	 	Ohrwurm
2532889X_1986-07-29_01_081.tcf.xml-6-12	26120215_1982_09_25_01_107.tcf.xml-45-3	inferred	1	 	Ohrwurm
2532889X_1986-07-29_01_081.tcf.xml-6-12	26120215_1984_05_02_01_053.tcf.xml-34-24	inferred	1	 	Ohrwurm
2532889X_1986-07-29_01_081.tcf.xml-6-12	26120215_1986_07_31_01_078.tcf.xml-8-3	inferred	1	 	Ohrwurm
2532889X_1986-07-29_01_081.tcf.xml-6-12	26120215_1987_12_31_01_267.tcf.xml-6-11	inferred	1	 	Ohrwurm
2532889X_1986-07-29_01_081.tcf.xml-6-12	26120215_1990_02_22_01_082.tcf.xml-25-18	inferred	1	 	Ohrwurm
2532889X_1986-07-29_01_081.tcf.xml-6-12	blumenbach_anatomie_1815-1035-1	inferred	0	 	Ohrwurm
2532889X_1986-07-29_01_081.tcf.xml-6-12	blumenbach_naturgeschichte_1825-5793-5	inferred	0	 	Ohrwurm
2532889X_1986-07-29_01_081.tcf.xml-6-12	boelsche_liebesleben01_1898-6183-7	inferred	0	 	Ohrwurm
2532889X_1986-07-29_01_081.tcf.xml-6-12	brehm_thierleben06_1869-25551-19	inferred	0	 	Ohrwurm
2532889X_1986-07-29_01_081.tcf.xml-6-12	brehm_thierleben06_1869-8065-76	inferred	0	 	Ohrwurm
2532889X_1986-07-29_01_081.tcf.xml-6-12	brehm_thierleben06_1869-9854-2	inferred	0	 	Ohrwurm
2532889X_1986-07-29_01_081.tcf.xml-6-12	brehm_thierleben06_1869-9873-5	inferred	0	 	Ohrwurm
2532889X_1986-07-29_01_081.tcf.xml-6-12	brehm_thierleben06_1869-9880-11	inferred	0	 	Ohrwurm
2532889X_1986-07-29_01_081.tcf.xml-6-12	brehm_thierleben06_1869-9898-7	inferred	0	 	Ohrwurm
2532889X_1986-07-29_01_081.tcf.xml-6-12	brehm_thierleben06_1869-9905-3	inferred	0	 	Ohrwurm
2532889X_1986-07-29_01_081.tcf.xml-6-12	carus_zoologie_1872-6097-29	inferred	0	 	Ohrwurm
2532889X_1986-07-29_01_081.tcf.xml-6-12	druskowitz_religionsersatz_1886-614-18	inferred	0	 	Ohrwurm
2532889X_1986-07-29_01_081.tcf.xml-6-12	moltke_zustaende_1841-3780-9	inferred	0	 	Ohrwurm
2532889X_1986-07-29_01_081.tcf.xml-6-12	paul_titan01_1800-265-59	inferred	0	 	Ohrwurm
2532889X_1986-07-29_01_081.tcf.xml-6-12	vogt_briefe01_1851-6563-3	inferred	0	 	Ohrwurm
2532889X_1986-07-29_01_081.tcf.xml-6-12	vogt_briefe01_1851-7235-1	inferred	0	 	Ohrwurm
2532889X_1988-01-05_01_062.tcf.xml-14-25	2532889X_1988-12-27_01_066.tcf.xml-17-1	inferred	1	 	Ohrwurm
2532889X_1988-01-05_01_062.tcf.xml-14-25	2532889X_1989-09-08_01_107.tcf.xml-23-23	inferred	1	 	Ohrwurm
2532889X_1988-01-05_01_062.tcf.xml-14-25	2532889X_1990-05-29_01_086.tcf.xml-10-3	inferred	1	 	Ohrwurm
2532889X_1988-01-05_01_062.tcf.xml-14-25	26120215_1974_09_29_01_351.tcf.xml-4-16	inferred	1	 	Ohrwurm
2532889X_1988-01-05_01_062.tcf.xml-14-25	26120215_1981_12_22_01_078.tcf.xml-14-17	inferred	1	 	Ohrwurm
2532889X_1988-01-05_01_062.tcf.xml-14-25	26120215_1982_04_30_01_337.tcf.xml-1-32	inferred	1	 	Ohrwurm
2532889X_1988-01-05_01_062.tcf.xml-14-25	26120215_1982_09_25_01_107.tcf.xml-45-3	inferred	1	 	Ohrwurm
2532889X_1988-01-05_01_062.tcf.xml-14-25	26120215_1984_05_02_01_053.tcf.xml-34-24	inferred	1	 	Ohrwurm
2532889X_1988-01-05_01_062.tcf.xml-14-25	26120215_1986_07_31_01_078.tcf.xml-8-3	inferred	1	 	Ohrwurm
2532889X_1988-01-05_01_062.tcf.xml-14-25	26120215_1987_12_31_01_267.tcf.xml-6-11	inferred	1	 	Ohrwurm
2532889X_1988-01-05_01_062.tcf.xml-14-25	26120215_1990_02_22_01_082.tcf.xml-25-18	inferred	1	 	Ohrwurm
2532889X_1988-01-05_01_062.tcf.xml-14-25	blumenbach_anatomie_1815-1035-1	inferred	0	 	Ohrwurm
2532889X_1988-01-05_01_062.tcf.xml-14-25	blumenbach_naturgeschichte_1825-5793-5	inferred	0	 	Ohrwurm
2532889X_1988-01-05_01_062.tcf.xml-14-25	boelsche_liebesleben01_1898-6183-7	inferred	0	 	Ohrwurm
2532889X_1988-01-05_01_062.tcf.xml-14-25	brehm_thierleben06_1869-25551-19	inferred	0	 	Ohrwurm
2532889X_1988-01-05_01_062.tcf.xml-14-25	brehm_thierleben06_1869-8065-76	inferred	0	 	Ohrwurm
2532889X_1988-01-05_01_062.tcf.xml-14-25	brehm_thierleben06_1869-9854-2	inferred	0	 	Ohrwurm
2532889X_1988-01-05_01_062.tcf.xml-14-25	brehm_thierleben06_1869-9873-5	inferred	0	 	Ohrwurm
2532889X_1988-01-05_01_062.tcf.xml-14-25	brehm_thierleben06_1869-9880-11	inferred	0	 	Ohrwurm
2532889X_1988-01-05_01_062.tcf.xml-14-25	brehm_thierleben06_1869-9898-7	inferred	0	 	Ohrwurm
2532889X_1988-01-05_01_062.tcf.xml-14-25	brehm_thierleben06_1869-9905-3	inferred	0	 	Ohrwurm
2532889X_1988-01-05_01_062.tcf.xml-14-25	carus_zoologie_1872-6097-29	inferred	0	 	Ohrwurm
2532889X_1988-01-05_01_062.tcf.xml-14-25	druskowitz_religionsersatz_1886-614-18	inferred	0	 	Ohrwurm
2532889X_1988-01-05_01_062.tcf.xml-14-25	moltke_zustaende_1841-3780-9	inferred	0	 	Ohrwurm
2532889X_1988-01-05_01_062.tcf.xml-14-25	paul_titan01_1800-265-59	inferred	0	 	Ohrwurm
2532889X_1988-01-05_01_062.tcf.xml-14-25	vogt_briefe01_1851-6563-3	inferred	0	 	Ohrwurm
2532889X_1988-01-05_01_062.tcf.xml-14-25	vogt_briefe01_1851-7235-1	inferred	0	 	Ohrwurm
2532889X_1988-12-27_01_066.tcf.xml-17-1	2532889X_1989-09-08_01_107.tcf.xml-23-23	inferred	1	 	Ohrwurm
2532889X_1988-12-27_01_066.tcf.xml-17-1	2532889X_1990-05-29_01_086.tcf.xml-10-3	inferred	1	 	Ohrwurm
2532889X_1988-12-27_01_066.tcf.xml-17-1	26120215_1974_09_29_01_351.tcf.xml-4-16	inferred	1	 	Ohrwurm
2532889X_1988-12-27_01_066.tcf.xml-17-1	26120215_1981_12_22_01_078.tcf.xml-14-17	inferred	1	 	Ohrwurm
2532889X_1988-12-27_01_066.tcf.xml-17-1	26120215_1982_04_30_01_337.tcf.xml-1-32	inferred	1	 	Ohrwurm
2532889X_1988-12-27_01_066.tcf.xml-17-1	26120215_1982_09_25_01_107.tcf.xml-45-3	inferred	1	 	Ohrwurm
2532889X_1988-12-27_01_066.tcf.xml-17-1	26120215_1984_05_02_01_053.tcf.xml-34-24	inferred	1	 	Ohrwurm
2532889X_1988-12-27_01_066.tcf.xml-17-1	26120215_1986_07_31_01_078.tcf.xml-8-3	inferred	1	 	Ohrwurm
2532889X_1988-12-27_01_066.tcf.xml-17-1	26120215_1987_12_31_01_267.tcf.xml-6-11	inferred	1	 	Ohrwurm
2532889X_1988-12-27_01_066.tcf.xml-17-1	26120215_1990_02_22_01_082.tcf.xml-25-18	inferred	1	 	Ohrwurm
2532889X_1988-12-27_01_066.tcf.xml-17-1	blumenbach_anatomie_1815-1035-1	inferred	0	 	Ohrwurm
2532889X_1988-12-27_01_066.tcf.xml-17-1	blumenbach_naturgeschichte_1825-5793-5	inferred	0	 	Ohrwurm
2532889X_1988-12-27_01_066.tcf.xml-17-1	boelsche_liebesleben01_1898-6183-7	inferred	0	 	Ohrwurm
2532889X_1988-12-27_01_066.tcf.xml-17-1	brehm_thierleben06_1869-25551-19	inferred	0	 	Ohrwurm
2532889X_1988-12-27_01_066.tcf.xml-17-1	brehm_thierleben06_1869-8065-76	inferred	0	 	Ohrwurm
2532889X_1988-12-27_01_066.tcf.xml-17-1	brehm_thierleben06_1869-9854-2	inferred	0	 	Ohrwurm
2532889X_1988-12-27_01_066.tcf.xml-17-1	brehm_thierleben06_1869-9873-5	inferred	0	 	Ohrwurm
2532889X_1988-12-27_01_066.tcf.xml-17-1	brehm_thierleben06_1869-9880-11	inferred	0	 	Ohrwurm
2532889X_1988-12-27_01_066.tcf.xml-17-1	brehm_thierleben06_1869-9898-7	inferred	0	 	Ohrwurm
2532889X_1988-12-27_01_066.tcf.xml-17-1	brehm_thierleben06_1869-9905-3	inferred	0	 	Ohrwurm
2532889X_1988-12-27_01_066.tcf.xml-17-1	carus_zoologie_1872-6097-29	inferred	0	 	Ohrwurm
2532889X_1988-12-27_01_066.tcf.xml-17-1	druskowitz_religionsersatz_1886-614-18	inferred	0	 	Ohrwurm
2532889X_1988-12-27_01_066.tcf.xml-17-1	moltke_zustaende_1841-3780-9	inferred	0	 	Ohrwurm
2532889X_1988-12-27_01_066.tcf.xml-17-1	paul_titan01_1800-265-59	inferred	0	 	Ohrwurm
2532889X_1988-12-27_01_066.tcf.xml-17-1	vogt_briefe01_1851-6563-3	inferred	0	 	Ohrwurm
2532889X_1988-12-27_01_066.tcf.xml-17-1	vogt_briefe01_1851-7235-1	inferred	0	 	Ohrwurm
2532889X_1989-09-08_01_107.tcf.xml-23-23	2532889X_1990-05-29_01_086.tcf.xml-10-3	inferred	1	 	Ohrwurm
2532889X_1989-09-08_01_107.tcf.xml-23-23	26120215_1974_09_29_01_351.tcf.xml-4-16	inferred	1	 	Ohrwurm
2532889X_1989-09-08_01_107.tcf.xml-23-23	26120215_1981_12_22_01_078.tcf.xml-14-17	inferred	1	 	Ohrwurm
2532889X_1989-09-08_01_107.tcf.xml-23-23	26120215_1982_04_30_01_337.tcf.xml-1-32	inferred	1	 	Ohrwurm
2532889X_1989-09-08_01_107.tcf.xml-23-23	26120215_1982_09_25_01_107.tcf.xml-45-3	inferred	1	 	Ohrwurm
2532889X_1989-09-08_01_107.tcf.xml-23-23	26120215_1984_05_02_01_053.tcf.xml-34-24	inferred	1	 	Ohrwurm
2532889X_1989-09-08_01_107.tcf.xml-23-23	26120215_1986_07_31_01_078.tcf.xml-8-3	inferred	1	 	Ohrwurm
2532889X_1989-09-08_01_107.tcf.xml-23-23	26120215_1987_12_31_01_267.tcf.xml-6-11	inferred	1	 	Ohrwurm
2532889X_1989-09-08_01_107.tcf.xml-23-23	26120215_1990_02_22_01_082.tcf.xml-25-18	inferred	1	 	Ohrwurm
2532889X_1989-09-08_01_107.tcf.xml-23-23	blumenbach_anatomie_1815-1035-1	inferred	0	 	Ohrwurm
2532889X_1989-09-08_01_107.tcf.xml-23-23	blumenbach_naturgeschichte_1825-5793-5	inferred	0	 	Ohrwurm
2532889X_1989-09-08_01_107.tcf.xml-23-23	boelsche_liebesleben01_1898-6183-7	inferred	0	 	Ohrwurm
2532889X_1989-09-08_01_107.tcf.xml-23-23	brehm_thierleben06_1869-25551-19	inferred	0	 	Ohrwurm
2532889X_1989-09-08_01_107.tcf.xml-23-23	brehm_thierleben06_1869-8065-76	inferred	0	 	Ohrwurm
2532889X_1989-09-08_01_107.tcf.xml-23-23	brehm_thierleben06_1869-9854-2	inferred	0	 	Ohrwurm
2532889X_1989-09-08_01_107.tcf.xml-23-23	brehm_thierleben06_1869-9873-5	inferred	0	 	Ohrwurm
2532889X_1989-09-08_01_107.tcf.xml-23-23	brehm_thierleben06_1869-9880-11	inferred	0	 	Ohrwurm
2532889X_1989-09-08_01_107.tcf.xml-23-23	brehm_thierleben06_1869-9898-7	inferred	0	 	Ohrwurm
2532889X_1989-09-08_01_107.tcf.xml-23-23	brehm_thierleben06_1869-9905-3	inferred	0	 	Ohrwurm
2532889X_1989-09-08_01_107.tcf.xml-23-23	carus_zoologie_1872-6097-29	inferred	0	 	Ohrwurm
2532889X_1989-09-08_01_107.tcf.xml-23-23	druskowitz_religionsersatz_1886-614-18	inferred	0	 	Ohrwurm
2532889X_1989-09-08_01_107.tcf.xml-23-23	moltke_zustaende_1841-3780-9	inferred	0	 	Ohrwurm
2532889X_1989-09-08_01_107.tcf.xml-23-23	paul_titan01_1800-265-59	inferred	0	 	Ohrwurm
2532889X_1989-09-08_01_107.tcf.xml-23-23	vogt_briefe01_1851-6563-3	inferred	0	 	Ohrwurm
2532889X_1989-09-08_01_107.tcf.xml-23-23	vogt_briefe01_1851-7235-1	inferred	0	 	Ohrwurm
2532889X_1990-05-29_01_086.tcf.xml-10-3	26120215_1974_09_29_01_351.tcf.xml-4-16	inferred	1	 	Ohrwurm
2532889X_1990-05-29_01_086.tcf.xml-10-3	26120215_1981_12_22_01_078.tcf.xml-14-17	inferred	1	 	Ohrwurm
2532889X_1990-05-29_01_086.tcf.xml-10-3	26120215_1982_04_30_01_337.tcf.xml-1-32	inferred	1	 	Ohrwurm
2532889X_1990-05-29_01_086.tcf.xml-10-3	26120215_1982_09_25_01_107.tcf.xml-45-3	inferred	1	 	Ohrwurm
2532889X_1990-05-29_01_086.tcf.xml-10-3	26120215_1984_05_02_01_053.tcf.xml-34-24	inferred	1	 	Ohrwurm
2532889X_1990-05-29_01_086.tcf.xml-10-3	26120215_1986_07_31_01_078.tcf.xml-8-3	inferred	1	 	Ohrwurm
2532889X_1990-05-29_01_086.tcf.xml-10-3	26120215_1987_12_31_01_267.tcf.xml-6-11	inferred	1	 	Ohrwurm
2532889X_1990-05-29_01_086.tcf.xml-10-3	26120215_1990_02_22_01_082.tcf.xml-25-18	inferred	1	 	Ohrwurm
2532889X_1990-05-29_01_086.tcf.xml-10-3	blumenbach_anatomie_1815-1035-1	inferred	0	 	Ohrwurm
2532889X_1990-05-29_01_086.tcf.xml-10-3	blumenbach_naturgeschichte_1825-5793-5	inferred	0	 	Ohrwurm
2532889X_1990-05-29_01_086.tcf.xml-10-3	boelsche_liebesleben01_1898-6183-7	inferred	0	 	Ohrwurm
2532889X_1990-05-29_01_086.tcf.xml-10-3	brehm_thierleben06_1869-25551-19	inferred	0	 	Ohrwurm
2532889X_1990-05-29_01_086.tcf.xml-10-3	brehm_thierleben06_1869-8065-76	inferred	0	 	Ohrwurm
2532889X_1990-05-29_01_086.tcf.xml-10-3	brehm_thierleben06_1869-9854-2	inferred	0	 	Ohrwurm
2532889X_1990-05-29_01_086.tcf.xml-10-3	brehm_thierleben06_1869-9873-5	inferred	0	 	Ohrwurm
2532889X_1990-05-29_01_086.tcf.xml-10-3	brehm_thierleben06_1869-9880-11	inferred	0	 	Ohrwurm
2532889X_1990-05-29_01_086.tcf.xml-10-3	brehm_thierleben06_1869-9898-7	inferred	0	 	Ohrwurm
2532889X_1990-05-29_01_086.tcf.xml-10-3	brehm_thierleben06_1869-9905-3	inferred	0	 	Ohrwurm
2532889X_1990-05-29_01_086.tcf.xml-10-3	carus_zoologie_1872-6097-29	inferred	0	 	Ohrwurm
2532889X_1990-05-29_01_086.tcf.xml-10-3	druskowitz_religionsersatz_1886-614-18	inferred	0	 	Ohrwurm
2532889X_1990-05-29_01_086.tcf.xml-10-3	moltke_zustaende_1841-3780-9	inferred	0	 	Ohrwurm
2532889X_1990-05-29_01_086.tcf.xml-10-3	paul_titan01_1800-265-59	inferred	0	 	Ohrwurm
2532889X_1990-05-29_01_086.tcf.xml-10-3	vogt_briefe01_1851-6563-3	inferred	0	 	Ohrwurm
2532889X_1990-05-29_01_086.tcf.xml-10-3	vogt_briefe01_1851-7235-1	inferred	0	 	Ohrwurm
26120215_1974_09_29_01_351.tcf.xml-4-16	26120215_1981_12_22_01_078.tcf.xml-14-17	inferred	1	 	Ohrwurm
26120215_1974_09_29_01_351.tcf.xml-4-16	26120215_1982_04_30_01_337.tcf.xml-1-32	inferred	1	 	Ohrwurm
26120215_1974_09_29_01_351.tcf.xml-4-16	26120215_1982_09_25_01_107.tcf.xml-45-3	inferred	1	 	Ohrwurm
26120215_1974_09_29_01_351.tcf.xml-4-16	26120215_1984_05_02_01_053.tcf.xml-34-24	inferred	1	 	Ohrwurm
26120215_1974_09_29_01_351.tcf.xml-4-16	26120215_1986_07_31_01_078.tcf.xml-8-3	inferred	1	 	Ohrwurm
26120215_1974_09_29_01_351.tcf.xml-4-16	26120215_1987_12_31_01_267.tcf.xml-6-11	inferred	1	 	Ohrwurm
26120215_1974_09_29_01_351.tcf.xml-4-16	26120215_1990_02_22_01_082.tcf.xml-25-18	inferred	1	 	Ohrwurm
26120215_1974_09_29_01_351.tcf.xml-4-16	blumenbach_anatomie_1815-1035-1	inferred	0	 	Ohrwurm
26120215_1974_09_29_01_351.tcf.xml-4-16	blumenbach_naturgeschichte_1825-5793-5	inferred	0	 	Ohrwurm
26120215_1974_09_29_01_351.tcf.xml-4-16	boelsche_liebesleben01_1898-6183-7	inferred	0	 	Ohrwurm
26120215_1974_09_29_01_351.tcf.xml-4-16	brehm_thierleben06_1869-25551-19	inferred	0	 	Ohrwurm
26120215_1974_09_29_01_351.tcf.xml-4-16	brehm_thierleben06_1869-8065-76	inferred	0	 	Ohrwurm
26120215_1974_09_29_01_351.tcf.xml-4-16	brehm_thierleben06_1869-9854-2	inferred	0	 	Ohrwurm
26120215_1974_09_29_01_351.tcf.xml-4-16	brehm_thierleben06_1869-9873-5	inferred	0	 	Ohrwurm
26120215_1974_09_29_01_351.tcf.xml-4-16	brehm_thierleben06_1869-9880-11	inferred	0	 	Ohrwurm
26120215_1974_09_29_01_351.tcf.xml-4-16	brehm_thierleben06_1869-9898-7	inferred	0	 	Ohrwurm
26120215_1974_09_29_01_351.tcf.xml-4-16	brehm_thierleben06_1869-9905-3	inferred	0	 	Ohrwurm
26120215_1974_09_29_01_351.tcf.xml-4-16	carus_zoologie_1872-6097-29	inferred	0	 	Ohrwurm
26120215_1974_09_29_01_351.tcf.xml-4-16	druskowitz_religionsersatz_1886-614-18	inferred	0	 	Ohrwurm
26120215_1974_09_29_01_351.tcf.xml-4-16	moltke_zustaende_1841-3780-9	inferred	0	 	Ohrwurm
26120215_1974_09_29_01_351.tcf.xml-4-16	paul_titan01_1800-265-59	inferred	0	 	Ohrwurm
26120215_1974_09_29_01_351.tcf.xml-4-16	vogt_briefe01_1851-6563-3	inferred	0	 	Ohrwurm
26120215_1974_09_29_01_351.tcf.xml-4-16	vogt_briefe01_1851-7235-1	inferred	0	 	Ohrwurm
26120215_1981_12_22_01_078.tcf.xml-14-17	26120215_1982_04_30_01_337.tcf.xml-1-32	inferred	1	 	Ohrwurm
26120215_1981_12_22_01_078.tcf.xml-14-17	26120215_1982_09_25_01_107.tcf.xml-45-3	inferred	1	 	Ohrwurm
26120215_1981_12_22_01_078.tcf.xml-14-17	26120215_1984_05_02_01_053.tcf.xml-34-24	inferred	1	 	Ohrwurm
26120215_1981_12_22_01_078.tcf.xml-14-17	26120215_1986_07_31_01_078.tcf.xml-8-3	inferred	1	 	Ohrwurm
26120215_1981_12_22_01_078.tcf.xml-14-17	26120215_1987_12_31_01_267.tcf.xml-6-11	inferred	1	 	Ohrwurm
26120215_1981_12_22_01_078.tcf.xml-14-17	26120215_1990_02_22_01_082.tcf.xml-25-18	inferred	1	 	Ohrwurm
26120215_1981_12_22_01_078.tcf.xml-14-17	blumenbach_anatomie_1815-1035-1	inferred	0	 	Ohrwurm
26120215_1981_12_22_01_078.tcf.xml-14-17	blumenbach_naturgeschichte_1825-5793-5	inferred	0	 	Ohrwurm
26120215_1981_12_22_01_078.tcf.xml-14-17	boelsche_liebesleben01_1898-6183-7	inferred	0	 	Ohrwurm
26120215_1981_12_22_01_078.tcf.xml-14-17	brehm_thierleben06_1869-25551-19	inferred	0	 	Ohrwurm
26120215_1981_12_22_01_078.tcf.xml-14-17	brehm_thierleben06_1869-8065-76	inferred	0	 	Ohrwurm
26120215_1981_12_22_01_078.tcf.xml-14-17	brehm_thierleben06_1869-9854-2	inferred	0	 	Ohrwurm
26120215_1981_12_22_01_078.tcf.xml-14-17	brehm_thierleben06_1869-9873-5	inferred	0	 	Ohrwurm
26120215_1981_12_22_01_078.tcf.xml-14-17	brehm_thierleben06_1869-9880-11	inferred	0	 	Ohrwurm
26120215_1981_12_22_01_078.tcf.xml-14-17	brehm_thierleben06_1869-9898-7	inferred	0	 	Ohrwurm
26120215_1981_12_22_01_078.tcf.xml-14-17	brehm_thierleben06_1869-9905-3	inferred	0	 	Ohrwurm
26120215_1981_12_22_01_078.tcf.xml-14-17	carus_zoologie_1872-6097-29	inferred	0	 	Ohrwurm
26120215_1981_12_22_01_078.tcf.xml-14-17	druskowitz_religionsersatz_1886-614-18	inferred	0	 	Ohrwurm
26120215_1981_12_22_01_078.tcf.xml-14-17	moltke_zustaende_1841-3780-9	inferred	0	 	Ohrwurm
26120215_1981_12_22_01_078.tcf.xml-14-17	paul_titan01_1800-265-59	inferred	0	 	Ohrwurm
26120215_1981_12_22_01_078.tcf.xml-14-17	vogt_briefe01_1851-6563-3	inferred	0	 	Ohrwurm
26120215_1981_12_22_01_078.tcf.xml-14-17	vogt_briefe01_1851-7235-1	inferred	0	 	Ohrwurm
26120215_1982_04_30_01_337.tcf.xml-1-32	26120215_1982_09_25_01_107.tcf.xml-45-3	inferred	1	 	Ohrwurm
26120215_1982_04_30_01_337.tcf.xml-1-32	26120215_1984_05_02_01_053.tcf.xml-34-24	inferred	1	 	Ohrwurm
26120215_1982_04_30_01_337.tcf.xml-1-32	26120215_1986_07_31_01_078.tcf.xml-8-3	inferred	1	 	Ohrwurm
26120215_1982_04_30_01_337.tcf.xml-1-32	26120215_1987_12_31_01_267.tcf.xml-6-11	inferred	1	 	Ohrwurm
26120215_1982_04_30_01_337.tcf.xml-1-32	26120215_1990_02_22_01_082.tcf.xml-25-18	inferred	1	 	Ohrwurm
26120215_1982_04_30_01_337.tcf.xml-1-32	blumenbach_anatomie_1815-1035-1	inferred	0	 	Ohrwurm
26120215_1982_04_30_01_337.tcf.xml-1-32	blumenbach_naturgeschichte_1825-5793-5	inferred	0	 	Ohrwurm
26120215_1982_04_30_01_337.tcf.xml-1-32	boelsche_liebesleben01_1898-6183-7	inferred	0	 	Ohrwurm
26120215_1982_04_30_01_337.tcf.xml-1-32	brehm_thierleben06_1869-25551-19	inferred	0	 	Ohrwurm
26120215_1982_04_30_01_337.tcf.xml-1-32	brehm_thierleben06_1869-8065-76	inferred	0	 	Ohrwurm
26120215_1982_04_30_01_337.tcf.xml-1-32	brehm_thierleben06_1869-9854-2	inferred	0	 	Ohrwurm
26120215_1982_04_30_01_337.tcf.xml-1-32	brehm_thierleben06_1869-9873-5	inferred	0	 	Ohrwurm
26120215_1982_04_30_01_337.tcf.xml-1-32	brehm_thierleben06_1869-9880-11	inferred	0	 	Ohrwurm
26120215_1982_04_30_01_337.tcf.xml-1-32	brehm_thierleben06_1869-9898-7	inferred	0	 	Ohrwurm
26120215_1982_04_30_01_337.tcf.xml-1-32	brehm_thierleben06_1869-9905-3	inferred	0	 	Ohrwurm
26120215_1982_04_30_01_337.tcf.xml-1-32	carus_zoologie_1872-6097-29	inferred	0	 	Ohrwurm
26120215_1982_04_30_01_337.tcf.xml-1-32	druskowitz_religionsersatz_1886-614-18	inferred	0	 	Ohrwurm
26120215_1982_04_30_01_337.tcf.xml-1-32	moltke_zustaende_1841-3780-9	inferred	0	 	Ohrwurm
26120215_1982_04_30_01_337.tcf.xml-1-32	paul_titan01_1800-265-59	inferred	0	 	Ohrwurm
26120215_1982_04_30_01_337.tcf.xml-1-32	vogt_briefe01_1851-6563-3	inferred	0	 	Ohrwurm
26120215_1982_04_30_01_337.tcf.xml-1-32	vogt_briefe01_1851-7235-1	inferred	0	 	Ohrwurm
26120215_1982_09_25_01_107.tcf.xml-45-3	26120215_1984_05_02_01_053.tcf.xml-34-24	inferred	1	 	Ohrwurm
26120215_1982_09_25_01_107.tcf.xml-45-3	26120215_1986_07_31_01_078.tcf.xml-8-3	inferred	1	 	Ohrwurm
26120215_1982_09_25_01_107.tcf.xml-45-3	26120215_1987_12_31_01_267.tcf.xml-6-11	inferred	1	 	Ohrwurm
26120215_1982_09_25_01_107.tcf.xml-45-3	26120215_1990_02_22_01_082.tcf.xml-25-18	inferred	1	 	Ohrwurm
26120215_1982_09_25_01_107.tcf.xml-45-3	blumenbach_anatomie_1815-1035-1	inferred	0	 	Ohrwurm
26120215_1982_09_25_01_107.tcf.xml-45-3	blumenbach_naturgeschichte_1825-5793-5	inferred	0	 	Ohrwurm
26120215_1982_09_25_01_107.tcf.xml-45-3	boelsche_liebesleben01_1898-6183-7	inferred	0	 	Ohrwurm
26120215_1982_09_25_01_107.tcf.xml-45-3	brehm_thierleben06_1869-25551-19	inferred	0	 	Ohrwurm
26120215_1982_09_25_01_107.tcf.xml-45-3	brehm_thierleben06_1869-8065-76	inferred	0	 	Ohrwurm
26120215_1982_09_25_01_107.tcf.xml-45-3	brehm_thierleben06_1869-9854-2	inferred	0	 	Ohrwurm
26120215_1982_09_25_01_107.tcf.xml-45-3	brehm_thierleben06_1869-9873-5	inferred	0	 	Ohrwurm
26120215_1982_09_25_01_107.tcf.xml-45-3	brehm_thierleben06_1869-9880-11	inferred	0	 	Ohrwurm
26120215_1982_09_25_01_107.tcf.xml-45-3	brehm_thierleben06_1869-9898-7	inferred	0	 	Ohrwurm
26120215_1982_09_25_01_107.tcf.xml-45-3	brehm_thierleben06_1869-9905-3	inferred	0	 	Ohrwurm
26120215_1982_09_25_01_107.tcf.xml-45-3	carus_zoologie_1872-6097-29	inferred	0	 	Ohrwurm
26120215_1982_09_25_01_107.tcf.xml-45-3	druskowitz_religionsersatz_1886-614-18	inferred	0	 	Ohrwurm
26120215_1982_09_25_01_107.tcf.xml-45-3	moltke_zustaende_1841-3780-9	inferred	0	 	Ohrwurm
26120215_1982_09_25_01_107.tcf.xml-45-3	paul_titan01_1800-265-59	inferred	0	 	Ohrwurm
26120215_1982_09_25_01_107.tcf.xml-45-3	vogt_briefe01_1851-6563-3	inferred	0	 	Ohrwurm
26120215_1982_09_25_01_107.tcf.xml-45-3	vogt_briefe01_1851-7235-1	inferred	0	 	Ohrwurm
26120215_1984_05_02_01_053.tcf.xml-34-24	26120215_1986_07_31_01_078.tcf.xml-8-3	inferred	1	 	Ohrwurm
26120215_1984_05_02_01_053.tcf.xml-34-24	26120215_1987_12_31_01_267.tcf.xml-6-11	inferred	1	 	Ohrwurm
26120215_1984_05_02_01_053.tcf.xml-34-24	26120215_1990_02_22_01_082.tcf.xml-25-18	inferred	1	 	Ohrwurm
26120215_1984_05_02_01_053.tcf.xml-34-24	blumenbach_anatomie_1815-1035-1	inferred	0	 	Ohrwurm
26120215_1984_05_02_01_053.tcf.xml-34-24	blumenbach_naturgeschichte_1825-5793-5	inferred	0	 	Ohrwurm
26120215_1984_05_02_01_053.tcf.xml-34-24	boelsche_liebesleben01_1898-6183-7	inferred	0	 	Ohrwurm
26120215_1984_05_02_01_053.tcf.xml-34-24	brehm_thierleben06_1869-25551-19	inferred	0	 	Ohrwurm
26120215_1984_05_02_01_053.tcf.xml-34-24	brehm_thierleben06_1869-8065-76	inferred	0	 	Ohrwurm
26120215_1984_05_02_01_053.tcf.xml-34-24	brehm_thierleben06_1869-9854-2	inferred	0	 	Ohrwurm
26120215_1984_05_02_01_053.tcf.xml-34-24	brehm_thierleben06_1869-9873-5	inferred	0	 	Ohrwurm
26120215_1984_05_02_01_053.tcf.xml-34-24	brehm_thierleben06_1869-9880-11	inferred	0	 	Ohrwurm
26120215_1984_05_02_01_053.tcf.xml-34-24	brehm_thierleben06_1869-9898-7	inferred	0	 	Ohrwurm
26120215_1984_05_02_01_053.tcf.xml-34-24	brehm_thierleben06_1869-9905-3	inferred	0	 	Ohrwurm
26120215_1984_05_02_01_053.tcf.xml-34-24	carus_zoologie_1872-6097-29	inferred	0	 	Ohrwurm
26120215_1984_05_02_01_053.tcf.xml-34-24	druskowitz_religionsersatz_1886-614-18	inferred	0	 	Ohrwurm
26120215_1984_05_02_01_053.tcf.xml-34-24	moltke_zustaende_1841-3780-9	inferred	0	 	Ohrwurm
26120215_1984_05_02_01_053.tcf.xml-34-24	paul_titan01_1800-265-59	inferred	0	 	Ohrwurm
26120215_1984_05_02_01_053.tcf.xml-34-24	vogt_briefe01_1851-6563-3	inferred	0	 	Ohrwurm
26120215_1984_05_02_01_053.tcf.xml-34-24	vogt_briefe01_1851-7235-1	inferred	0	 	Ohrwurm
26120215_1986_07_31_01_078.tcf.xml-8-3	26120215_1987_12_31_01_267.tcf.xml-6-11	inferred	1	 	Ohrwurm
26120215_1986_07_31_01_078.tcf.xml-8-3	26120215_1990_02_22_01_082.tcf.xml-25-18	inferred	1	 	Ohrwurm
26120215_1986_07_31_01_078.tcf.xml-8-3	blumenbach_anatomie_1815-1035-1	inferred	0	 	Ohrwurm
26120215_1986_07_31_01_078.tcf.xml-8-3	blumenbach_naturgeschichte_1825-5793-5	inferred	0	 	Ohrwurm
26120215_1986_07_31_01_078.tcf.xml-8-3	boelsche_liebesleben01_1898-6183-7	inferred	0	 	Ohrwurm
26120215_1986_07_31_01_078.tcf.xml-8-3	brehm_thierleben06_1869-25551-19	inferred	0	 	Ohrwurm
26120215_1986_07_31_01_078.tcf.xml-8-3	brehm_thierleben06_1869-8065-76	inferred	0	 	Ohrwurm
26120215_1986_07_31_01_078.tcf.xml-8-3	brehm_thierleben06_1869-9854-2	inferred	0	 	Ohrwurm
26120215_1986_07_31_01_078.tcf.xml-8-3	brehm_thierleben06_1869-9873-5	inferred	0	 	Ohrwurm
26120215_1986_07_31_01_078.tcf.xml-8-3	brehm_thierleben06_1869-9880-11	inferred	0	 	Ohrwurm
26120215_1986_07_31_01_078.tcf.xml-8-3	brehm_thierleben06_1869-9898-7	inferred	0	 	Ohrwurm
26120215_1986_07_31_01_078.tcf.xml-8-3	brehm_thierleben06_1869-9905-3	inferred	0	 	Ohrwurm
26120215_1986_07_31_01_078.tcf.xml-8-3	carus_zoologie_1872-6097-29	inferred	0	 	Ohrwurm
26120215_1986_07_31_01_078.tcf.xml-8-3	druskowitz_religionsersatz_1886-614-18	inferred	0	 	Ohrwurm
26120215_1986_07_31_01_078.tcf.xml-8-3	moltke_zustaende_1841-3780-9	inferred	0	 	Ohrwurm
26120215_1986_07_31_01_078.tcf.xml-8-3	paul_titan01_1800-265-59	inferred	0	 	Ohrwurm
26120215_1986_07_31_01_078.tcf.xml-8-3	vogt_briefe01_1851-6563-3	inferred	0	 	Ohrwurm
26120215_1986_07_31_01_078.tcf.xml-8-3	vogt_briefe01_1851-7235-1	inferred	0	 	Ohrwurm
26120215_1987_12_31_01_267.tcf.xml-6-11	26120215_1990_02_22_01_082.tcf.xml-25-18	inferred	1	 	Ohrwurm
26120215_1987_12_31_01_267.tcf.xml-6-11	blumenbach_anatomie_1815-1035-1	inferred	0	 	Ohrwurm
26120215_1987_12_31_01_267.tcf.xml-6-11	blumenbach_naturgeschichte_1825-5793-5	inferred	0	 	Ohrwurm
26120215_1987_12_31_01_267.tcf.xml-6-11	boelsche_liebesleben01_1898-6183-7	inferred	0	 	Ohrwurm
26120215_1987_12_31_01_267.tcf.xml-6-11	brehm_thierleben06_1869-25551-19	inferred	0	 	Ohrwurm
26120215_1987_12_31_01_267.tcf.xml-6-11	brehm_thierleben06_1869-8065-76	inferred	0	 	Ohrwurm
26120215_1987_12_31_01_267.tcf.xml-6-11	brehm_thierleben06_1869-9854-2	inferred	0	 	Ohrwurm
26120215_1987_12_31_01_267.tcf.xml-6-11	brehm_thierleben06_1869-9873-5	inferred	0	 	Ohrwurm
26120215_1987_12_31_01_267.tcf.xml-6-11	brehm_thierleben06_1869-9880-11	inferred	0	 	Ohrwurm
26120215_1987_12_31_01_267.tcf.xml-6-11	brehm_thierleben06_1869-9898-7	inferred	0	 	Ohrwurm
26120215_1987_12_31_01_267.tcf.xml-6-11	brehm_thierleben06_1869-9905-3	inferred	0	 	Ohrwurm
26120215_1987_12_31_01_267.tcf.xml-6-11	carus_zoologie_1872-6097-29	inferred	0	 	Ohrwurm
26120215_1987_12_31_01_267.tcf.xml-6-11	druskowitz_religionsersatz_1886-614-18	inferred	0	 	Ohrwurm
26120215_1987_12_31_01_267.tcf.xml-6-11	moltke_zustaende_1841-3780-9	inferred	0	 	Ohrwurm
26120215_1987_12_31_01_267.tcf.xml-6-11	paul_titan01_1800-265-59	inferred	0	 	Ohrwurm
26120215_1987_12_31_01_267.tcf.xml-6-11	vogt_briefe01_1851-6563-3	inferred	0	 	Ohrwurm
26120215_1987_12_31_01_267.tcf.xml-6-11	vogt_briefe01_1851-7235-1	inferred	0	 	Ohrwurm
26120215_1990_02_22_01_082.tcf.xml-25-18	blumenbach_anatomie_1815-1035-1	inferred	0	 	Ohrwurm
26120215_1990_02_22_01_082.tcf.xml-25-18	blumenbach_naturgeschichte_1825-5793-5	inferred	0	 	Ohrwurm
26120215_1990_02_22_01_082.tcf.xml-25-18	boelsche_liebesleben01_1898-6183-7	inferred	0	 	Ohrwurm
26120215_1990_02_22_01_082.tcf.xml-25-18	brehm_thierleben06_1869-25551-19	inferred	0	 	Ohrwurm
26120215_1990_02_22_01_082.tcf.xml-25-18	brehm_thierleben06_1869-8065-76	inferred	0	 	Ohrwurm
26120215_1990_02_22_01_082.tcf.xml-25-18	brehm_thierleben06_1869-9854-2	inferred	0	 	Ohrwurm
26120215_1990_02_22_01_082.tcf.xml-25-18	brehm_thierleben06_1869-9873-5	inferred	0	 	Ohrwurm
26120215_1990_02_22_01_082.tcf.xml-25-18	brehm_thierleben06_1869-9880-11	inferred	0	 	Ohrwurm
26120215_1990_02_22_01_082.tcf.xml-25-18	brehm_thierleben06_1869-9898-7	inferred	0	 	Ohrwurm
26120215_1990_02_22_01_082.tcf.xml-25-18	brehm_thierleben06_1869-9905-3	inferred	0	 	Ohrwurm
26120215_1990_02_22_01_082.tcf.xml-25-18	carus_zoologie_1872-6097-29	inferred	0	 	Ohrwurm
26120215_1990_02_22_01_082.tcf.xml-25-18	druskowitz_religionsersatz_1886-614-18	inferred	0	 	Ohrwurm
26120215_1990_02_22_01_082.tcf.xml-25-18	moltke_zustaende_1841-3780-9	inferred	0	 	Ohrwurm
26120215_1990_02_22_01_082.tcf.xml-25-18	paul_titan01_1800-265-59	inferred	0	 	Ohrwurm
26120215_1990_02_22_01_082.tcf.xml-25-18	vogt_briefe01_1851-6563-3	inferred	0	 	Ohrwurm
26120215_1990_02_22_01_082.tcf.xml-25-18	vogt_briefe01_1851-7235-1	inferred	0	 	Ohrwurm
blumenbach_anatomie_1815-1035-1	blumenbach_naturgeschichte_1825-5793-5	inferred	1	 	Ohrwurm
blumenbach_anatomie_1815-1035-1	boelsche_liebesleben01_1898-6183-7	inferred	1	 	Ohrwurm
blumenbach_anatomie_1815-1035-1	brehm_thierleben06_1869-25551-19	inferred	1	 	Ohrwurm
blumenbach_anatomie_1815-1035-1	brehm_thierleben06_1869-8065-76	inferred	1	 	Ohrwurm
blumenbach_anatomie_1815-1035-1	brehm_thierleben06_1869-9854-2	inferred	1	 	Ohrwurm
blumenbach_anatomie_1815-1035-1	brehm_thierleben06_1869-9873-5	inferred	1	 	Ohrwurm
blumenbach_anatomie_1815-1035-1	brehm_thierleben06_1869-9880-11	inferred	1	 	Ohrwurm
blumenbach_anatomie_1815-1035-1	brehm_thierleben06_1869-9898-7	inferred	1	 	Ohrwurm
blumenbach_anatomie_1815-1035-1	brehm_thierleben06_1869-9905-3	inferred	1	 	Ohrwurm
blumenbach_anatomie_1815-1035-1	carus_zoologie_1872-6097-29	inferred	1	 	Ohrwurm
blumenbach_anatomie_1815-1035-1	druskowitz_religionsersatz_1886-614-18	inferred	1	 	Ohrwurm
blumenbach_anatomie_1815-1035-1	moltke_zustaende_1841-3780-9	inferred	1	 	Ohrwurm
blumenbach_anatomie_1815-1035-1	paul_titan01_1800-265-59	inferred	1	 	Ohrwurm
blumenbach_anatomie_1815-1035-1	vogt_briefe01_1851-6563-3	inferred	1	 	Ohrwurm
blumenbach_anatomie_1815-1035-1	vogt_briefe01_1851-7235-1	inferred	1	 	Ohrwurm
blumenbach_naturgeschichte_1825-5793-5	boelsche_liebesleben01_1898-6183-7	inferred	1	 	Ohrwurm
blumenbach_naturgeschichte_1825-5793-5	brehm_thierleben06_1869-25551-19	inferred	1	 	Ohrwurm
blumenbach_naturgeschichte_1825-5793-5	brehm_thierleben06_1869-8065-76	inferred	1	 	Ohrwurm
blumenbach_naturgeschichte_1825-5793-5	brehm_thierleben06_1869-9854-2	inferred	1	 	Ohrwurm
blumenbach_naturgeschichte_1825-5793-5	brehm_thierleben06_1869-9873-5	inferred	1	 	Ohrwurm
blumenbach_naturgeschichte_1825-5793-5	brehm_thierleben06_1869-9880-11	inferred	1	 	Ohrwurm
blumenbach_naturgeschichte_1825-5793-5	brehm_thierleben06_1869-9898-7	inferred	1	 	Ohrwurm
blumenbach_naturgeschichte_1825-5793-5	brehm_thierleben06_1869-9905-3	inferred	1	 	Ohrwurm
blumenbach_naturgeschichte_1825-5793-5	carus_zoologie_1872-6097-29	inferred	1	 	Ohrwurm
blumenbach_naturgeschichte_1825-5793-5	druskowitz_religionsersatz_1886-614-18	inferred	1	 	Ohrwurm
blumenbach_naturgeschichte_1825-5793-5	moltke_zustaende_1841-3780-9	inferred	1	 	Ohrwurm
blumenbach_naturgeschichte_1825-5793-5	paul_titan01_1800-265-59	inferred	1	 	Ohrwurm
blumenbach_naturgeschichte_1825-5793-5	vogt_briefe01_1851-6563-3	inferred	1	 	Ohrwurm
blumenbach_naturgeschichte_1825-5793-5	vogt_briefe01_1851-7235-1	inferred	1	 	Ohrwurm
boelsche_liebesleben01_1898-6183-7	brehm_thierleben06_1869-25551-19	inferred	1	 	Ohrwurm
boelsche_liebesleben01_1898-6183-7	brehm_thierleben06_1869-8065-76	inferred	1	 	Ohrwurm
boelsche_liebesleben01_1898-6183-7	brehm_thierleben06_1869-9854-2	inferred	1	 	Ohrwurm
boelsche_liebesleben01_1898-6183-7	brehm_thierleben06_1869-9873-5	inferred	1	 	Ohrwurm
boelsche_liebesleben01_1898-6183-7	brehm_thierleben06_1869-9880-11	inferred	1	 	Ohrwurm
boelsche_liebesleben01_1898-6183-7	brehm_thierleben06_1869-9898-7	inferred	1	 	Ohrwurm
boelsche_liebesleben01_1898-6183-7	brehm_thierleben06_1869-9905-3	inferred	1	 	Ohrwurm
boelsche_liebesleben01_1898-6183-7	carus_zoologie_1872-6097-29	inferred	1	 	Ohrwurm
boelsche_liebesleben01_1898-6183-7	druskowitz_religionsersatz_1886-614-18	inferred	1	 	Ohrwurm
boelsche_liebesleben01_1898-6183-7	moltke_zustaende_1841-3780-9	inferred	1	 	Ohrwurm
boelsche_liebesleben01_1898-6183-7	paul_titan01_1800-265-59	inferred	1	 	Ohrwurm
boelsche_liebesleben01_1898-6183-7	vogt_briefe01_1851-6563-3	inferred	1	 	Ohrwurm
boelsche_liebesleben01_1898-6183-7	vogt_briefe01_1851-7235-1	inferred	1	 	Ohrwurm
brehm_thierleben06_1869-25551-19	brehm_thierleben06_1869-8065-76	inferred	1	 	Ohrwurm
brehm_thierleben06_1869-25551-19	brehm_thierleben06_1869-9854-2	inferred	1	 	Ohrwurm
brehm_thierleben06_1869-25551-19	brehm_thierleben06_1869-9873-5	inferred	1	 	Ohrwurm
brehm_thierleben06_1869-25551-19	brehm_thierleben06_1869-9880-11	inferred	1	 	Ohrwurm
brehm_thierleben06_1869-25551-19	brehm_thierleben06_1869-9898-7	inferred	1	 	Ohrwurm
brehm_thierleben06_1869-25551-19	brehm_thierleben06_1869-9905-3	inferred	1	 	Ohrwurm
brehm_thierleben06_1869-25551-19	carus_zoologie_1872-6097-29	inferred	1	 	Ohrwurm
brehm_thierleben06_1869-25551-19	druskowitz_religionsersatz_1886-614-18	inferred	1	 	Ohrwurm
brehm_thierleben06_1869-25551-19	moltke_zustaende_1841-3780-9	inferred	1	 	Ohrwurm
brehm_thierleben06_1869-25551-19	paul_titan01_1800-265-59	inferred	1	 	Ohrwurm
brehm_thierleben06_1869-25551-19	vogt_briefe01_1851-6563-3	inferred	1	 	Ohrwurm
brehm_thierleben06_1869-25551-19	vogt_briefe01_1851-7235-1	inferred	1	 	Ohrwurm
brehm_thierleben06_1869-8065-76	brehm_thierleben06_1869-9854-2	inferred	1	 	Ohrwurm
brehm_thierleben06_1869-8065-76	brehm_thierleben06_1869-9873-5	inferred	1	 	Ohrwurm
brehm_thierleben06_1869-8065-76	brehm_thierleben06_1869-9880-11	inferred	1	 	Ohrwurm
brehm_thierleben06_1869-8065-76	brehm_thierleben06_1869-9898-7	inferred	1	 	Ohrwurm
brehm_thierleben06_1869-8065-76	brehm_thierleben06_1869-9905-3	inferred	1	 	Ohrwurm
brehm_thierleben06_1869-8065-76	carus_zoologie_1872-6097-29	inferred	1	 	Ohrwurm
brehm_thierleben06_1869-8065-76	druskowitz_religionsersatz_1886-614-18	inferred	1	 	Ohrwurm
brehm_thierleben06_1869-8065-76	moltke_zustaende_1841-3780-9	inferred	1	 	Ohrwurm
brehm_thierleben06_1869-8065-76	paul_titan01_1800-265-59	inferred	1	 	Ohrwurm
brehm_thierleben06_1869-8065-76	vogt_briefe01_1851-6563-3	inferred	1	 	Ohrwurm
brehm_thierleben06_1869-8065-76	vogt_briefe01_1851-7235-1	inferred	1	 	Ohrwurm
brehm_thierleben06_1869-9854-2	brehm_thierleben06_1869-9873-5	inferred	1	 	Ohrwurm
brehm_thierleben06_1869-9854-2	brehm_thierleben06_1869-9880-11	inferred	1	 	Ohrwurm
brehm_thierleben06_1869-9854-2	brehm_thierleben06_1869-9898-7	inferred	1	 	Ohrwurm
brehm_thierleben06_1869-9854-2	brehm_thierleben06_1869-9905-3	inferred	1	 	Ohrwurm
brehm_thierleben06_1869-9854-2	carus_zoologie_1872-6097-29	inferred	1	 	Ohrwurm
brehm_thierleben06_1869-9854-2	druskowitz_religionsersatz_1886-614-18	inferred	1	 	Ohrwurm
brehm_thierleben06_1869-9854-2	moltke_zustaende_1841-3780-9	inferred	1	 	Ohrwurm
brehm_thierleben06_1869-9854-2	paul_titan01_1800-265-59	inferred	1	 	Ohrwurm
brehm_thierleben06_1869-9854-2	vogt_briefe01_1851-6563-3	inferred	1	 	Ohrwurm
brehm_thierleben06_1869-9854-2	vogt_briefe01_1851-7235-1	inferred	1	 	Ohrwurm
brehm_thierleben06_1869-9873-5	brehm_thierleben06_1869-9880-11	inferred	1	 	Ohrwurm
brehm_thierleben06_1869-9873-5	brehm_thierleben06_1869-9898-7	inferred	1	 	Ohrwurm
brehm_thierleben06_1869-9873-5	brehm_thierleben06_1869-9905-3	inferred	1	 	Ohrwurm
brehm_thierleben06_1869-9873-5	carus_zoologie_1872-6097-29	inferred	1	 	Ohrwurm
brehm_thierleben06_1869-9873-5	druskowitz_religionsersatz_1886-614-18	inferred	1	 	Ohrwurm
brehm_thierleben06_1869-9873-5	moltke_zustaende_1841-3780-9	inferred	1	 	Ohrwurm
brehm_thierleben06_1869-9873-5	paul_titan01_1800-265-59	inferred	1	 	Ohrwurm
brehm_thierleben06_1869-9873-5	vogt_briefe01_1851-6563-3	inferred	1	 	Ohrwurm
brehm_thierleben06_1869-9873-5	vogt_briefe01_1851-7235-1	inferred	1	 	Ohrwurm
brehm_thierleben06_1869-9880-11	brehm_thierleben06_1869-9898-7	inferred	1	 	Ohrwurm
brehm_thierleben06_1869-9880-11	brehm_thierleben06_1869-9905-3	inferred	1	 	Ohrwurm
brehm_thierleben06_1869-9880-11	carus_zoologie_1872-6097-29	inferred	1	 	Ohrwurm
brehm_thierleben06_1869-9880-11	druskowitz_religionsersatz_1886-614-18	inferred	1	 	Ohrwurm
brehm_thierleben06_1869-9880-11	moltke_zustaende_1841-3780-9	inferred	1	 	Ohrwurm
brehm_thierleben06_1869-9880-11	paul_titan01_1800-265-59	inferred	1	 	Ohrwurm
brehm_thierleben06_1869-9880-11	vogt_briefe01_1851-6563-3	inferred	1	 	Ohrwurm
brehm_thierleben06_1869-9880-11	vogt_briefe01_1851-7235-1	inferred	1	 	Ohrwurm
brehm_thierleben06_1869-9898-7	brehm_thierleben06_1869-9905-3	inferred	1	 	Ohrwurm
brehm_thierleben06_1869-9898-7	carus_zoologie_1872-6097-29	inferred	1	 	Ohrwurm
brehm_thierleben06_1869-9898-7	druskowitz_religionsersatz_1886-614-18	inferred	1	 	Ohrwurm
brehm_thierleben06_1869-9898-7	moltke_zustaende_1841-3780-9	inferred	1	 	Ohrwurm
brehm_thierleben06_1869-9898-7	paul_titan01_1800-265-59	inferred	1	 	Ohrwurm
brehm_thierleben06_1869-9898-7	vogt_briefe01_1851-6563-3	inferred	1	 	Ohrwurm
brehm_thierleben06_1869-9898-7	vogt_briefe01_1851-7235-1	inferred	1	 	Ohrwurm
brehm_thierleben06_1869-9905-3	carus_zoologie_1872-6097-29	inferred	1	 	Ohrwurm
brehm_thierleben06_1869-9905-3	druskowitz_religionsersatz_1886-614-18	inferred	1	 	Ohrwurm
brehm_thierleben06_1869-9905-3	moltke_zustaende_1841-3780-9	inferred	1	 	Ohrwurm
brehm_thierleben06_1869-9905-3	paul_titan01_1800-265-59	inferred	1	 	Ohrwurm
brehm_thierleben06_1869-9905-3	vogt_briefe01_1851-6563-3	inferred	1	 	Ohrwurm
brehm_thierleben06_1869-9905-3	vogt_briefe01_1851-7235-1	inferred	1	 	Ohrwurm
carus_zoologie_1872-6097-29	druskowitz_religionsersatz_1886-614-18	inferred	1	 	Ohrwurm
carus_zoologie_1872-6097-29	moltke_zustaende_1841-3780-9	inferred	1	 	Ohrwurm
carus_zoologie_1872-6097-29	paul_titan01_1800-265-59	inferred	1	 	Ohrwurm
carus_zoologie_1872-6097-29	vogt_briefe01_1851-6563-3	inferred	1	 	Ohrwurm
carus_zoologie_1872-6097-29	vogt_briefe01_1851-7235-1	inferred	1	 	Ohrwurm
druskowitz_religionsersatz_1886-614-18	moltke_zustaende_1841-3780-9	inferred	1	 	Ohrwurm
druskowitz_religionsersatz_1886-614-18	paul_titan01_1800-265-59	inferred	1	 	Ohrwurm
druskowitz_religionsersatz_1886-614-18	vogt_briefe01_1851-6563-3	inferred	1	 	Ohrwurm
druskowitz_religionsersatz_1886-614-18	vogt_briefe01_1851-7235-1	inferred	1	 	Ohrwurm
moltke_zustaende_1841-3780-9	paul_titan01_1800-265-59	inferred	1	 	Ohrwurm
moltke_zustaende_1841-3780-9	vogt_briefe01_1851-6563-3	inferred	1	 	Ohrwurm
moltke_zustaende_1841-3780-9	vogt_briefe01_1851-7235-1	inferred	1	 	Ohrwurm
paul_titan01_1800-265-59	vogt_briefe01_1851-6563-3	inferred	1	 	Ohrwurm
paul_titan01_1800-265-59	vogt_briefe01_1851-7235-1	inferred	1	 	Ohrwurm
vogt_briefe01_1851-6563-3	vogt_briefe01_1851-7235-1	inferred	1	 	Ohrwurm
