lemma	pos	date	grouping	identifier	description	context	indexes_target_token	indexes_target_sentence	context_tokenized	indexes_target_token_tokenized	indexes_target_sentence_tokenized	context_lemmatized	context_pos	context_normalized
Knotenpunkt	NN	1950	2	2532889X_1950-05-07_01_127.tcf.xml-15-4	 	„sprechenden Verkehrsampeln bald allen Knotenpunkten unserer Stadt eine unentbehrliche Einrichtung sein.	39:52	0:104	„sprechenden Verkehrsampeln bald allen Knotenpunkten unserer Stadt eine unentbehrliche Einrichtung sein .	4	0:12	sprechend Verkehrsampeln bald alle Knotenpunkt unsere Stadt eine unentbehrlich Einrichtung sein .	ADJA NN ADV PIAT NN PPOSAT NN ART ADJA NN VAINF $.	
Knotenpunkt	NN	1951	2	2532889X_1951-03-28_01_048.tcf.xml-76-13	 	Wir sprechen von dem neuen Stahlwerk in Fürstenberg / Oder, das einen Knotenpunkt der Freundschaft zwischen den Völkern der Sowjetunion, gern polnischen und dem deutschen Volk sein wird.	70:81	0:186	Wir sprechen von dem neuen Stahlwerk in Fürstenberg / Oder , das einen Knotenpunkt der Freundschaft zwischen den Völkern der Sowjetunion , gern polnischen und dem deutschen Volk sein wird .	13	0:31	wir sprechen von d neu Stahlwerk in Fürstenberg / Oder , die eine Knotenpunkt d Freundschaft zwischen d Volk d Sowjetunion , gern polnisch und d deutsch Volk sein werden .	PPER VVFIN APPR ART ADJA NN APPR NE $( NE $, PRELS ART NN ART NN APPR ART NN ART NE $, ADV ADJA KON ART ADJA NN VAINF VAFIN $.	
Knotenpunkt	NN	1958	2	2532889X_1958-11-27_01_040.tcf.xml-55-0	 	Knotenpunkt zur raschen Steigerung der Arbeitsproduktivität, ist die Technologie.	0:11	0:81	Knotenpunkt zur raschen Steigerung der Arbeitsproduktivität , ist die Technologie .	0	0:11	Knotenpunkt zur rasch Steigerung d Arbeitsproduktivität , sein d Technologie .	NN APPRART ADJA NN ART NN $, VAFIN ART NN $.	
Knotenpunkt	NN	1958	2	2532889X_1958-11-30_01_011.tcf.xml-4-13	 	Weil Westberlin unter den Besatzungsregimen der drei Westmachte sich zu einem der gefährlichsten Knotenpunkte und Gefahrenherde der internationalen Spannungen entwickelt hat.	97:109	0:174	Weil Westberlin unter den Besatzungsregimen der drei Westmachte sich zu einem der gefährlichsten Knotenpunkte und Gefahrenherde der internationalen Spannungen entwickelt hat .	13	0:22	weil Westberlin unter d Besatzungsregime d drei Westmachte sich zu eine d gefährlich Knotenpunkt und Gefahrenherd d international Spannung entwickeln haben .	KOUS NE APPR ART NN ART CARD NN PRF APPR ART ART ADJA NN KON NN ART ADJA NN VVPP VAFIN $.	
Knotenpunkt	NN	1962	2	2532889X_1962-03-02_01_062.tcf.xml-38-10	 	Zur Zeit entsteht dafür bei Mukatschewo in der Westukraine ein Knotenpunkt.	63:74	0:75	Zur Zeit entsteht dafür bei Mukatschewo in der Westukraine ein Knotenpunkt .	10	0:12	zur Zeit entstehen dafür bei Mukatschewo in d Westukraine eine Knotenpunkt .	APPRART NN VVFIN PAV APPR NE APPR ART NN ART NN $.	
Knotenpunkt	NN	1963	2	2532889X_1963-04-03_01_066.tcf.xml-66-12	 	Das alles führt zu einer Verstärkung der bestehenden und zum Entstehen neuer Knotenpunkte der imperialistischen Rivalität und der Konflikte, Wodurch das System des Kapitalismus Insgesamt geschwächt wird.	77:89	0:203	Das alles führt zu einer Verstärkung der bestehenden und zum Entstehen neuer Knotenpunkte der imperialistischen Rivalität und der Konflikte , Wodurch das System des Kapitalismus Insgesamt geschwächt wird .	12	0:29	die alle führen zu eine Verstärkung d bestehend und zum Entstehen neu Knotenpunkt d imperialistisch Rivalität und d Konflikt , wodurch d System d Kapitalismus insgesamt schwächen werden .	PDS PIS VVFIN APPR ART NN ART ADJA KON APPRART NN ADJA NN ART ADJA NN KON ART NN $, PWAV ART NN ART NN ADV VVPP VAFIN $.	
Knotenpunkt	NN	1965	2	2532889X_1965-01-19_01_055.tcf.xml-14-19	 	Das chemische Zentrum wird bei der Gemeinschaftseinrichtung der LPG und GPG in Manschnow gebaut, wo sich bereits ein Knotenpunkt der Eisenbahn befindet.	117:128	0:152	Das chemische Zentrum wird bei der Gemeinschaftseinrichtung der LPG und GPG in Manschnow gebaut , wo sich bereits ein Knotenpunkt der Eisenbahn befindet .	19	0:24	d chemisch Zentrum werden bei d Gemeinschaftseinrichtung d LPG und GPG in Manschnow bauen , wo sich bereits eine Knotenpunkt d Eisenbahn befinden .	ART ADJA NN VAFIN APPR ART NN ART NN KON NN APPR NE VVPP $, PWAV PRF ADV ART NN ART NN VVFIN $.	
Knotenpunkt	NN	1968	2	2532889X_1968-05-07_01_098.tcf.xml-4-7	 	Im Stern, so nennen wir jenen Knotenpunkt im Tunnel, wo sich zwei Wegstrecken vereinen, feierten wir unser Richtfest.	30:41	0:117	Im Stern , so nennen wir jenen Knotenpunkt im Tunnel , wo sich zwei Wegstrecken vereinen , feierten wir unser Richtfest .	7	0:22	im Stern , so nennen wir jen Knotenpunkt im Tunnel , wo sich zwei Wegstrecken vereinen , feiern wir unsere Richtfest .	APPRART NN $, ADV VVFIN PPER PDAT NN APPRART NN $, PWAV PRF CARD NN VVINF $, VVFIN PPER PPOSAT NN $.	
Knotenpunkt	NN	1970	2	2532889X_1970-04-02_01_150.tcf.xml-46-49	 	Diese Werke sind ein Ausdruck dafür, daß mit der estaltung des entwickelten gesellschaftlichen Systems sich auch eine Literatur herausgebilde hat, die sich als Ganzes nunmeh r auf systemeigenen sozialöko omisehen Grundlagen entfaltet, Dieser Übergang der Literatu auf systemeigene sozialistische Gr undlagen ist ein ganz wesentl er Knotenpunkt in der Gesch te unserer sozialistischen deuts hen Nationalliteratur.	332:343	0:412	Diese Werke sind ein Ausdruck dafür , daß mit der estaltung des entwickelten gesellschaftlichen Systems sich auch eine Literatur herausgebilde hat , die sich als Ganzes nunmeh r auf systemeigenen sozialöko omisehen Grundlagen entfaltet , Dieser Übergang der Literatu auf systemeigene sozialistische Gr undlagen ist ein ganz wesentl er Knotenpunkt in der Gesch te unserer sozialistischen deuts hen Nationalliteratur .	49	0:60	diese Werk sein eine Ausdruck dafür , daß mit d Estaltung d entwickelt gesellschaftlich System sich auch eine Literatur Herausgebilde haben , die sich als Ganze Nunmeh R auf systemeigen Sozialöko Omisehen Grundlage entfalten , diese Übergang d Literatu auf systemeigen sozialistisch Gr Undlagen sein eine ganz wesentl er Knotenpunkt in d Gesch Te unsere sozialistisch deuts hen Nationalliteratur .	PDAT NN VAFIN ART NN PAV $, KOUS APPR ART NN ART ADJA ADJA NN PRF ADV ART NN NE VAFIN $, PRELS PRF KOUS NN NE NE APPR ADJA NN NE NN VVFIN $, PDAT NN ART NN APPR ADJA ADJA NE NE VAFIN ART ADV VVFIN PPER NN APPR ART NE NE PPOSAT ADJA FM FM NN $.	
Knotenpunkt	NN	1973	2	2532889X_1973-03-29_01_375.tcf.xml-0-27	 	Straßensperrung Wegen Durchführung von Straßenbauarbeiten auf der F96, — Greifswalder Chaussee —, Ortsdurchfahrt Stralsund, wird der Teilabschnitt von km 211,030 Andershof bis km 214,330 Knotenpunkt Werftstraße vom 26. März bis 30. Juni 1973 für den Durchgangsverkehr gesperrt außer für den a) Berufs-und Linienverkehr im öberlandverkehr, b) innerstädtischen Berufs-und Anliegerverkehr.	187:198	0:386	Straßensperrung Wegen Durchführung von Straßenbauarbeiten auf der F96 , — Greifswalder Chaussee — , Ortsdurchfahrt Stralsund , wird der Teilabschnitt von km 211,030 Andershof bis km 214,330 Knotenpunkt Werftstraße vom 26. März bis 30. Juni 1973 für den Durchgangsverkehr gesperrt außer für den a ) Berufs- und Linienverkehr im öberlandverkehr , b ) innerstädtischen Berufs- und Anliegerverkehr .	27	0:58	Straßensperrung wegen Durchführung von Straßenbauarbeit auf d F96 , — Greifswalder Chaussee — , Ortsdurchfahrt Stralsund , werden d Teilabschnitt von Km 211,030 Andershof bis Km 214,330 Knotenpunkt Werftstraße vom 26. März bis 30. Juni 1973 für d Durchgangsverkehr sperren außer für d A ) berufs- und Linienverkehr im Öberlandverkehr , b ) innerstädtisch berufs- und Anliegerverkehr .	NN APPR NN APPR NN APPR ART NE $, $( NN NN $( $, NN NE $, VAFIN ART NN APPR NN CARD NN APPR NN CARD NN NN APPRART ADJA NN APPR ADJA NN CARD APPR ART NN VVPP APPR APPR ART NE $( TRUNC KON NN APPRART NE $, XY $( ADJA TRUNC KON NN $.	
Knotenpunkt	NN	1977	2	2532889X_1977-07-28_01_097.tcf.xml-5-39	 	Neben bereits auf der Wirtschaftskarte des Landes bekannten Zentren wie Bukarest, Ploiesti, Galati und Constanta entwickelten sich auch Städte wie Pitesti, Gheorghiu Dej, Tirgoviste, um nur einige zu nennen, rasch zu wichtigen industriellen Knotenpunkten.	241:254	0:255	Neben bereits auf der Wirtschaftskarte des Landes bekannten Zentren wie Bukarest , Ploiesti , Galati und Constanta entwickelten sich auch Städte wie Pitesti , Gheorghiu Dej , Tirgoviste , um nur einige zu nennen , rasch zu wichtigen industriellen Knotenpunkten .	39	0:41	neben bereits auf d Wirtschaftskarte d Land bekannt Zentrum wie Bukarest , Ploiesti , Galati und Constanta entwickeln sich auch Stadt wie Pitesti , Gheorghiu Dej , Tirgoviste , um nur einige zu nennen , rasch zu wichtig industriell Knotenpunkt .	APPR ADV APPR ART NN ART NN ADJA NN KOKOM NE $, NE $, NE KON NE VVFIN PRF ADV NN KOKOM NE $, NE NE $, NE $, KOUI ADV PIS PTKZU VVINF $, ADJD PTKZU ADJA ADJA NN $.	
Knotenpunkt	NN	1978	2	2532889X_1978-06-24_01_211.tcf.xml-16-13	 	Dieses und weitere Privilegien trugen maßgeblich dazu bei, daß Poznan, am Knotenpunkt wichtiger Handelswege gelegen, im Mittelalter ein großes Zentrum des Fernhandels wurde und sein Johannismarkt zu den bekanntesten Europas zählte.	74:85	0:231	Dieses und weitere Privilegien trugen maßgeblich dazu bei , daß Poznan , am Knotenpunkt wichtiger Handelswege gelegen , im Mittelalter ein großes Zentrum des Fernhandels wurde und sein Johannismarkt zu den bekanntesten Europas zählte .	13	0:35	diese und weit Privilegium tragen maßgeblich dazu bei , daß Poznan , am Knotenpunkt wichtig Handelsweg liegen , im Mittelalter eine groß Zentrum d Fernhandel werden und sein Johannismarkt zu d bekannt Europa zählen .	PDAT KON ADJA NN VVFIN ADJD PAV PTKVZ $, KOUS NE $, APPRART NN ADJA NN VVPP $, APPRART NN ART ADJA NN ART NN VAFIN KON PPOSAT NN APPR ART ADJA NE VVFIN $.	
Knotenpunkt	NN	1980	2	2532889X_1980-02-09_01_592.tcf.xml-2-15	 	Eine Steuerzentrale auf dem Kalvinplatz wertet die Signale von 60 Detektoren an den 16 wichtigsten Knotenpunkten der Innenstadt aus.	99:112	0:132	Eine Steuerzentrale auf dem Kalvinplatz wertet die Signale von 60 Detektoren an den 16 wichtigsten Knotenpunkten der Innenstadt aus .	15	0:20	eine Steuerzentrale auf d Kalvinplatz werten d Signal von 60 Detektor an d 16 wichtig Knotenpunkt d Innenstadt aus .	ART NN APPR ART NE VVFIN ART NN APPR CARD NN APPR ART CARD ADJA NN ART NN PTKVZ $.	
Knotenpunkt	NN	1984	2	2532889X_1984-02-01_01_082.tcf.xml-17-7	 	Sie verbinden zum Beispiel in Jakutien den Knotenpunkt Chandyga an der Straße nach Magadan mit den Buntmetallgruben des Kolyma-Beckens oder Chabarowsk im Fernen Osten mit der Hafenstadt Nikolajewsk am Amur.	43:54	0:206	Sie verbinden zum Beispiel in Jakutien den Knotenpunkt Chandyga an der Straße nach Magadan mit den Buntmetallgruben des Kolyma-Beckens oder Chabarowsk im Fernen Osten mit der Hafenstadt Nikolajewsk am Amur .	7	0:31	sie verbinden zum Beispiel in Jakutien d Knotenpunkt Chandyga an d Straße nach Magadan mit d Buntmetallgrube d Kolyma-Beckens oder Chabarowsk im fern Osten mit d Hafenstadt Nikolajewsk am Amur .	PPER VVFIN APPRART NN APPR NE ART NN NE APPR ART NN APPR NE APPR ART NN ART NE KON NE APPRART ADJA NN APPR ART NN NE APPRART NE $.	
Knotenpunkt	NN	1988	2	2532889X_1988-09-10_01_026.tcf.xml-19-7	 	Die Leipziger Messe hat ihre Rolle als Knotenpunkt der Ost-West-Beziehungen in ökonomischer wie politischer Hinsicht eineut glänzend erfüllt.	39:50	0:141	Die Leipziger Messe hat ihre Rolle als Knotenpunkt der Ost- West-Beziehungen in ökonomischer wie politischer Hinsicht eineut glänzend erfüllt .	7	0:20	d Leipziger Messe haben ihr Rolle als Knotenpunkt d ost- Westen-Beziehung in ökonomisch wie politisch Hinsicht Eineut glänzend erfüllen .	ART ADJA NN VAFIN PPOSAT NN KOUS NN ART TRUNC NN APPR ADJA KON ADJA NN NE ADJD VVPP $.	
Knotenpunkt	NN	1948	2	26120215_1948_06_19_01_181.tcf.xml-3-7	 	Polizeikräfte gestiefelt und gespornt vor allen wichtigen Knotenpunkten, Bahnhöfen, Ministerien.	58:71	0:96	Polizeikräfte gestiefelt und gespornt vor allen wichtigen Knotenpunkten , Bahnhöfen , Ministerien .	7	0:13	Polizeikraft stiefeln und spornen vor alle wichtig Knotenpunkt , Bahnhof , Ministerium .	NN VVPP KON VVPP APPR PIAT ADJA NN $, NN $, NN $.	
Knotenpunkt	NN	1949	2	26120215_1949_09_09_01_190.tcf.xml-28-6	 	Es ist beabsichtigt, an diesem Knotenpunkt des Krafverkehrs zwischen.	31:42	0:69	Es ist beabsichtigt , an diesem Knotenpunkt des Krafverkehrs zwischen .	6	0:11	es sein beabsichtigen , an diese Knotenpunkt d Krafverkehrs zwischen .	PPER VAFIN VVPP $, APPR PDAT NN ART NN APPR $.	
Knotenpunkt	NN	1962	2	26120215_1962_06_23_01_221.tcf.xml-6-4	 	Bahnhofsgaststätten entstanden an allen Knotenpunkten des Eisenbahnverkehrs, an den Einsatz-, Halte-und Endstationen von D-und Eil-Zügen, In allen weiteren Zentren des Berufsverkehrs, des Erholungsverkehrs und an den Grenzbahnhöfen.	40:53	0:232	Bahnhofsgaststätten entstanden an allen Knotenpunkten des Eisenbahnverkehrs , an den Einsatz- , Halte- und Endstationen von D- und Eil-Zügen , In allen weiteren Zentren des Berufsverkehrs , des Erholungsverkehrs und an den Grenzbahnhöfen .	4	0:34	Bahnhofsgaststätte entstehen an alle Knotenpunkt d Eisenbahnverkehr , an d einsatz- , halte- und Endestation von d- und Eile-Zug , in alle weit Zentrum d Berufsverkehr , d Erholungsverkehr und an d Grenzebahnhof .	NN VVFIN APPR PIAT NN ART NN $, APPR ART TRUNC $, TRUNC KON NN APPR TRUNC KON NN $, APPR PIAT ADJA NN ART NN $, ART NN KON APPR ART NN $.	
Knotenpunkt	NN	1962	2	26120215_1962_08_28_01_163.tcf.xml-56-14	 	Unter den neueren Betrieben ragen in der Hauptstadt Tscheboksary ein Elektroapparatewerk und im Eisenbahn-Knotenpunkt Kanasch ein Waggonreparaturbetrieb hervor.	106:117	0:160	Unter den neueren Betrieben ragen in der Hauptstadt Tscheboksary ein Elektroapparatewerk und im Eisenbahn- Knotenpunkt Kanasch ein Waggonreparaturbetrieb hervor .	14	0:20	unter d neu Betrieb ragen in d Hauptstadt Tscheboksary eine Elektroapparatewerk und im eisenbahn- Knotenpunkt Kanasch eine Waggonreparaturbetrieb hervor .	APPR ART ADJA NN VVFIN APPR ART NN NE ART NN KON APPRART TRUNC NN NE ART NN PTKVZ $.	
Knotenpunkt	NN	1966	2	26120215_1966_09_18_01_339.tcf.xml-259-41	 	So gibt es z. B. ein Projekt zum Einsatz von zwei miteinander gekoppelten Großrechenanlagen im Wertumfang von etwa 20 Millionen VM und Gesamtinvestitionskosten von 140 Millionen Mark zur automatisierten Disposition und Abrechnung des Güterfahrzeugparkes, das über Fernschreibeinnchtungen mit den wichtigsten Knotenpunkten des Bahnnetzes verbunden ist.	308:321	0:351	So gibt es z. B. ein Projekt zum Einsatz von zwei miteinander gekoppelten Großrechenanlagen im Wertumfang von etwa 20 Millionen VM und Gesamtinvestitionskosten von 140 Millionen Mark zur automatisierten Disposition und Abrechnung des Güterfahrzeugparkes , das über Fernschreibeinnchtungen mit den wichtigsten Knotenpunkten des Bahnnetzes verbunden ist .	41	0:47	so geben es z. B. eine Projekt zum Einsatz von zwei miteinander gekoppelt Großrechenanlage im Wertumfang von etwa 20 Million Verkehrsgesellschaft_Mittelhessen_Gmbh und Gesamtinvestitionskosten von 140 Million Mark zur automatisiert Disposition und Abrechnung d Guterfahrzeugpark , die über Fernschreibeinnchtungen mit d wichtig Knotenpunkt d Bahnnetz verbinden sein .	ADV VVFIN PPER APPRART NN ART NN APPRART NN APPR CARD ADV ADJA NN APPRART NN APPR ADV CARD NN NE KON NN APPR CARD NN NN APPRART ADJA NN KON NN ART NN $, PRELS APPR NE APPR ART ADJA NN ART NN VVPP VAFIN $.	
Knotenpunkt	NN	1971	2	26120215_1971_07_25_01_162.tcf.xml-12-21	 	Die FnrM<omhination Grün-Gelb p.-leichtert den Fahrzeugführern die Entscheidung darüber, ob sie beim Farbzeichenwechsel von Grün auf Gelb vor dem Knotenpunkt anhalten müssen oder ihn noch passieren können.	146:157	0:205	Die FnrM<omhination Grün-Gelb p.- leichtert den Fahrzeugführern die Entscheidung darüber , ob sie beim Farbzeichenwechsel von Grün auf Gelb vor dem Knotenpunkt anhalten müssen oder ihn noch passieren können .	21	0:30	d fnrm<omhination Grün-Gelb P.- leichtern d Fahrzeugführer d Entscheidung darüber , ob sie beim Farbezeichenwechsel von Grün auf gelb vor d Knotenpunkt anhalten müssen oder er noch passieren können .	ART ADJA NN NN VVFIN ART NN ART NN PAV $, KOUS PPER APPRART NN APPR NN APPR ADJD APPR ART NN VVINF VMFIN KON PPER ADV VVINF VMINF $.	
Knotenpunkt	NN	1973	2	26120215_1973_04_09_01_003.tcf.xml-5-19	 	In den ersten vier Apriltage gelangten allein 40000 Tonnen Eisenerze und Roheisen vom Haup thandelspartner UdSSR über diesen bedeutenden Knotenpunkt der Fre undschaftsmagistrale an die Metallurgiekombinate der Republik.	137:148	0:219	In den ersten vier Apriltage gelangten allein 40000 Tonnen Eisenerze und Roheisen vom Haup thandelspartner UdSSR über diesen bedeutenden Knotenpunkt der Fre undschaftsmagistrale an die Metallurgiekombinate der Republik .	19	0:29	in d erst vier Apriltag gelangen allein 40000 Tonne Eisenerz und Roheisen vom Haup Thandelspartner UdSSR über diese bedeutend Knotenpunkt d Fre Undschaftsmagistrale an d Metallurgiekombinat d Republik .	APPR ART ADJA CARD NN VVFIN ADV CARD NN NN KON NN APPRART NN NE NE APPR PDAT ADJA NN ART NE NE APPR ART NN ART NN $.	
Knotenpunkt	NN	1982	2	26120215_1982_05_13_01_282.tcf.xml-11-110	 	Wir sind 20 Millionen 16.55 Nachrichten Sowjetischer Spielfilm Friedensfahrt 1982 16.55 Nachrichten 17. 00 Klasse) Zum 60. Geburtstag 11.00 Forscher auf der Fernsehfilm nach dem 11.30 Nachrichten (Tagesbericht von der 16.55 Nachrichten 17.00 Wie war s' der Herings weide Buch „Das illegale 17.35 Sport aktuell 12. Etappe) 11.00 Brummkreise 11.30 Friedensfahrt 1982 Pionierorganisation 17.30 Friedensfahrt 1982 Gebietskomitee DDR-Fußball-Ober-Fußball-Panorama Sendung für Zielankunft 8. Etappe „W. I. Lenin Zielankunft 9. Etappe arbeitet liga 18.35 Gewinnzahlen Vorschulkinder 11.45 Exkursion 17.30 Halbze 17.45 Auf „eine runde halbe von A. F. Fjodorow Friedensfahrt 1982 19.00 Tele-Lotto 17.30 Friedensfahrt 1982 Rund um die Uhr Intermezzo zwischen Stunde „Knotenpunkt Kowel (Tagesbericht von der 20.00 Polizeiruf 110 Zielankunft 7. Etappe 18.10 Verkehrskompau zwei Sport -Sonntagen 18.15 Unser Opa ist der 18.45 Programmvorschau 11. Etappe)	757:768	0:941	Wir sind 20 Millionen 16.55 Nachrichten Sowjetischer Spielfilm Friedensfahrt 1982 16.55 Nachrichten 17. 00 Klasse ) Zum 60. Geburtstag 11.00 Forscher auf der Fernsehfilm nach dem 11.30 Nachrichten ( Tagesbericht von der 16.55 Nachrichten 17.00 Wie war s' der Herings weide Buch „ Das illegale 17.35 Sport aktuell 12. Etappe ) 11.00 Brummkreise 11.30 Friedensfahrt 1982 Pionierorganisation 17.30 Friedensfahrt 1982 Gebietskomitee DDR-Fußball-Ober- Fußball-Panorama Sendung für Zielankunft 8. Etappe „ W. I. Lenin Zielankunft 9. Etappe arbeitet liga 18.35 Gewinnzahlen Vorschulkinder 11.45 Exkursion 17.30 Halbze 17.45 Auf „ eine runde halbe von A. F. Fjodorow Friedensfahrt 1982 19.00 Tele- Lotto 17.30 Friedensfahrt 1982 Rund um die Uhr Intermezzo zwischen Stunde „ Knotenpunkt Kowel ( Tagesbericht von der 20.00 Polizeiruf 110 Zielankunft 7. Etappe 18.10 Verkehrskompau zwei Sport -Sonntagen 18.15 Unser Opa ist der 18.45 Programmvorschau 11. Etappe )	110	0:137	wir sein 20 Million 16.55 Nachricht sowjetisch Spielfilm Friedensfahrt 1982 16.55 Nachricht 17. 00 Klasse ) zum 60. Geburtstag 11.00 Forscher auf d Fernsehfilm nach d 11.30 Nachricht ( Tagesbericht von d 16.55 Nachricht 17.00 wie sein S' d Hering weiden Buch „ d inlegal 17.35 Sport aktuell 12. Etappe ) 11.00 Brummkreis 11.30 Friedensfahrt 1982 Pionierorganisation 17.30 Friedensfahrt 1982 Gebietskomitee ddr-fußball-ober- Fußball-Panorama Sendung für Zielankunft 8. Etappe „ W. I. Lenin Zielankunft 9. Etappe arbeiten Liga 18.35 Gewinnzahl Vorschulekind 11.45 Exkursion 17.30 halbze 17.45 auf „ eine rund halb von A. F. Fjodorow Friedensfahrt 1982 19.00 Tele- Lotto 17.30 Friedensfahrt 1982 rund um d Uhr Intermezzo zwischen Stunde „ Knotenpunkt Kowel ( Tagesbericht von d 20.00 Polizeiruf 110 Zielankunft 7. Etappe 18.10 verkehrskompau zwei Sport -Sonntagen 18.15 unsere Opa sein d 18.45 Programmvorschau 11. Etappe )	PPER VAFIN CARD NN CARD NN ADJA NN NN CARD CARD NN ADJA CARD NN $( APPRART ADJA NN CARD NN APPR ART NN APPR ART CARD NN $( NN APPR ART CARD NN CARD PWAV VAFIN NE ART NN VVFIN NN $( ART ADJA CARD NN ADJD ADJA NN $( CARD NN CARD NN CARD NN CARD NN CARD NN TRUNC NN NN APPR NN ADJA NN $( NE NE NE NN ADJA NN VVFIN NE CARD NN NN CARD NN CARD XY CARD APPR $( ART ADJA ADJA APPR APPRART NE NE NN CARD CARD NN NN CARD NN CARD ADJD APPR ART NN NN APPR NN $( NN NE $( NN APPR ART CARD NN CARD NN ADJA NN CARD XY CARD NN NN CARD PPOSAT NN VAFIN ART CARD NN ADJA NN $(	
Knotenpunkt	NN	1985	2	26120215_1985_08_08_01_180.tcf.xml-27-1	 	Ein Knotenpunkt fürs Umsteigen von einer Nachtlinie auf die andere ist beispielsweise am U-Bahnhof Maedalenenstraße in Lichtenberg, in der Bahnhof-/ Ecke Lindenstraße in Köpenick und in der Berliner/ Ecke Johannes-R. -Becher-Straße in Pankow.	4:15	0:242	Ein Knotenpunkt fürs Umsteigen von einer Nachtlinie auf die andere ist beispielsweise am U- Bahnhof Maedalenenstraße in Lichtenberg , in der Bahnhof- / Ecke Lindenstraße in Köpenick und in der Berliner/ Ecke Johannes-R. -Becher-Straße in Pankow .	1	0:37	eine Knotenpunkt fürs Umsteigen von eine Nachtlinie auf d andere sein beispielsweise am u- Bahnhof Maedalenenstraße in Lichtenberg , in d bahnhof- / Ecke Lindenstraße in Köpenick und in d berliner/ Ecke Johannes-R. -Becher-Straße in Pankow .	ART NN APPRART NN APPR ART NN APPR ART PIS VAFIN ADV APPRART TRUNC NN NE APPR NE $, APPR ART TRUNC $( NN NN APPR NE KON APPR ART ADJA NN NE NE APPR NE $.	
Knotenpunkt	NN	1989	2	26120215_1989_01_09_01_036.tcf.xml-43-4	 	Eine Straßenbrücke über den Knotenpunkt Edisonstraße — 423 Meter lang — wird es künftig ermöglichen, daß die Straßenbahn, die einen gesonderten Gleiskörper erhält, zügiger über die Kreuzung kommt und der Verkehr in alle Richtungen flüssiger rollen kann.	28:39	0:253	Eine Straßenbrücke über den Knotenpunkt Edisonstraße — 423 Meter lang — wird es künftig ermöglichen , daß die Straßenbahn , die einen gesonderten Gleiskörper erhält , zügiger über die Kreuzung kommt und der Verkehr in alle Richtungen flüssiger rollen kann .	4	0:41	eine Straßenbrücke über d Knotenpunkt Edisonstraße — 423 Meter lang — werden es künftig ermöglichen , daß d Straßenbahn , die eine gesondert Gleiskörper erhalten , zügig über d Kreuzung kommen und d Verkehr in alle Richtung flüssig rollen können .	ART NN APPR ART NN NN $( CARD NN ADJD $( VAFIN PPER ADJD VVINF $, KOUS ART NN $, PRELS ART ADJA NN VVFIN $, ADJD APPR ART NN VVFIN KON ART NN APPR PIAT NN ADJD VVINF VMFIN $.	
Knotenpunkt	NN	1868	1	bluntschli_voelkerrecht_1868-505-6	 	Es fanden sich da wie in Knotenpunkten des Weltverkehrs die Diplomaten der verschiedenen Staten zusammen und fingen an, als sogenannte diplomatische Körper sich als völkerrechtliche Genossenschaften zu fühlen.	25:38	0:209	Es fanden ſich da wie in Knotenpunkten des Weltverkehrs die Diplomaten der verſchiedenen Staten zuſammen und fingen an , als ſogenannte diplomatiſche Körper ſich als völkerrechtliche Genoſſenſchaften zu fühlen .	6	0:30	es finden sich da wie in Knotenpunkt d Weltverkehr d Diplomat d verschieden Staat zusammen und fangen an , als sogenannt diplomatisch Körper sich als völkerrechtlich Genossenschaft zu fühlen .	PPER VVFIN PRF ADV KOKOM APPR NN ART NN ART NN ART ADJA NN PTKVZ KON VVFIN PTKVZ $, KOKOM ADJA ADJA NN PRF KOKOM ADJA NN PTKZU VVINF $.	Es fanden sich da wie in Knotenpunkten des Weltverkehrs die Diplomaten der verschiedenen Staaten zusammen und fingen an , als sogenannte diplomatische Körper sich als völkerrechtliche Genossenschaften zu fühlen .
Knotenpunkt	NN	1891	1	lehnert_seehaefen01_1891-13281-14	 	Den Verkehr Londons mit allen Theilen Englands und Schottlands vermitteln 11 Eisenbahnlinien, deren Knotenpunkt die Hauptstadt bildet.	100:111	0:134	Den Verkehr Londons mit allen Theilen Englands und Schottlands vermitteln 11 Eisenbahnlinien , deren Knotenpunkt die Hauptstadt bildet .	14	0:19	d Verkehr London mit alle Teil England und Schottland vermitteln 11 Eisenbahnlinie , die Knotenpunkt d Hauptstadt bilden .	ART NN NE APPR PIAT NN NE KON NE VVFIN CARD NN $, PRELAT NN ART NN VVFIN $.	Den Verkehr Londons mit allen Teilen Englands und Schottlands vermitteln 11 Eisenbahnlinien , deren Knotenpunkt die Hauptstadt bildet .
Knotenpunkt	NN	1852	1	ludwig_physiologie01_1852-2025-67	 	— Um die harmonische Zusammenfügung der Muskeln, ihr Zusammengreifen zu bestimmten Bewegungen in Folge der Reflexe zu erläutern, setzt man voraus, es sei dieser letztere nur möglich an Orten, in denen die den einzelnen Muskeln entsprechenden Nerven, in einer gewissen Ordnung zusammengefasst seien, indem man sich den motorischen Theil des Rückenmarks vorstellt als eine sehr vielfache Verschlingung von Röhren, deren Knotenpunkte in passender Art auf die sensiblen aufgereiht sind.	418:430	0:482	— Um die harmonische Zusammenfügung der Muskeln , ihr Zusammengreifen zu bestimmten Bewegungen in Folge der Reflexe zu erläutern , setzt man voraus , es sei dieser letztere nur möglich an Orten , in denen die den einzelnen Muskeln entsprechenden Nerven , in einer gewissen Ordnung zusammengefasst seien , indem man sich den motorischen Theil des Rückenmarks vorstellt als eine sehr vielfache Verschlingung von Röhren , deren Knotenpunkte in passender Art auf die sensiblen aufgereiht sind .	67	0:77	-- um d harmonisch Zusammenfügung d Muskel , ihr Zusammengreifen zu bestimmt Bewegung in Folge d Reflex zu erläutern , setzen man voraus , es sein diese letztere nur möglich an Ort , in die d d einzeln Muskel entsprechend Nerv , in eine gewiß Ordnung zusammenfassen sein , indem man sich d motorisch Teil d Rückenmark vorstellen als eine sehr vielfach Verschlingung von Röhre , die Knotenpunkt in paßend Art auf d sensibel aufreihen sein .	$( KOUI ART ADJA NN ART NN $, PPOSAT NN APPR ADJA NN APPR NN ART NN PTKZU VVINF $, VVFIN PIS PTKVZ $, PPER VAFIN PDAT PIS ADV ADJD APPR NN $, APPR PRELS ART ART ADJA NN ADJA NN $, APPR ART ADJA NN VVPP VAFIN $, KOUS PIS PRF ART ADJA NN ART NN VVFIN KOKOM ART ADV ADJA NN APPR NN $, PRELAT NN APPR ADJA NN APPR ART ADJA VVPP VAFIN $.	-- Um die harmonische Zusammenfügung der Muskeln , ihr Zusammengreifen zu bestimmten Bewegungen in Folge der Reflexe zu erläutern , setzt man voraus , es sei dieser letztere nur möglich an Orten , in denen die den einzelnen Muskeln entsprechenden Nerven , in einer gewissen Ordnung zusammengefasst seien , indem man sich den motorischen Teil des Rückenmarks vorstellt als eine sehr vielfache Verschlingung von Röhren , deren Knotenpunkte in passender Art auf die sensiblen aufgereiht sind .
Knotenpunkt	NN	1852	1	ludwig_physiologie01_1852-2873-59	 	— Die Knotenpunkte sind analog denjenigen Punkten, die wir an einer einfachen Linse ebenfalls Knotenpunkte der Richtungsstrahlen und an der einfachen brechenden Fläche den Kreuzungspunkt der Achsenstrahlen (den Krümmungsmittelpunkt) nannten, und endlich sind die Hauptpunkte zwei Punkte, welche den Knotenpunkten coordinirt sind, indem sie voneinander eben so weit entfernt liegen, als die Knotenpunkte und der vorderste Hauptpunkt von dem vorderen Hauptbrennpunkt genau so weit absteht, als der hintere Knotenpunkt von dem hintern Hauptbrennpunkt.	390:402	0:548	— Die Knotenpunkte sind analog denjenigen Punkten , die wir an einer einfachen Linse ebenfalls Knotenpunkte der Richtungsstrahlen und an der einfachen brechenden Fläche den Kreuzungspunkt der Achsenstrahlen ( den Krümmungsmittelpunkt ) nannten , und endlich sind die Hauptpunkte zwei Punkte , welche den Knotenpunkten coordinirt sind , indem sie voneinander eben so weit entfernt liegen , als die Knotenpunkte und der vorderste Hauptpunkt von dem vorderen Hauptbrennpunkt genau so weit absteht , als der hintere Knotenpunkt von dem hintern Hauptbrennpunkt .	59	0:82	-- d Knotenpunkt sein analog diejenige Punkt , die wir an eine einfach Linse ebenfalls Knotenpunkt d Richtungsstrahl und an d einfach brechend Fläche d Kreuzungspunkt d Achsenstrahl ( d Krümmungsmittelpunkt ) nennen , und endlich sein d Hauptpunkt zwei Punkt , welche d Knotenpunkt koordinieren sein , indem sie voneinander eben so weit entfernt liegen , als d Knotenpunkt und d vorder Hauptpunkt von d vorder Hauptbrennpunkt genau so weit abstehen , als d hinter Knotenpunkt von d hinter Hauptbrennpunkt .	$( ART NN VAFIN ADJD PDS NN $, PRELS PPER APPR ART ADJA NN ADV NN ART NN KON APPR ART ADJA ADJA NN ART NN ART NN $( ART NN $( VVFIN $, KON ADV VAFIN ART NN CARD NN $, PRELS ART NN VVFIN VAFIN $, KOUS PPER ADV ADV ADV ADJD ADJD VVFIN $, KOUS ART NN KON ART ADJA NN APPR ART ADJA NN ADJD ADV ADJD VVFIN $, KOKOM ART ADJA NN APPR ART ADJA NN $.	-- Die Knotenpunkte sind analog denjenigen Punkten , die wir an einer einfachen Linse ebenfalls Knotenpunkte der Richtungsstrahlen und an der einfachen brechenden Fläche den Kreuzungspunkt der Achsenstrahlen ( den Krümmungsmittelpunkt ) nannten , und endlich sind die Hauptpunkte zwei Punkte , welche den Knotenpunkten koordiniert sind , indem sie voneinander eben so weit entfernt liegen , als die Knotenpunkte und der vorderste Hauptpunkt von dem vorderen Hauptbrennpunkt genau so weit absteht , als der hintere Knotenpunkt von dem hinteren Hauptbrennpunkt .
Knotenpunkt	NN	1867	1	marx_kapital01_1867-9505-91	 	Da der Mehrwerth ein jährliches Produkt des Kapitals ist, da er dem Originalkapital jährlich ein Increment zusetzt, da diess Increment selbst jährlich wächst mit dem jährlich zunehmenden Umfang des bereits in Funktion begriffenen Kapitals, und da endlich, unter besonderem Sporn des Bereicherungstriebs, wie z. B. Oeffnung neuer Märkte, neuer Sphären der Kapitalanlage in Folge neu entwickelter gesellschaftlicher Bedürfnisse u. s. w., die Stufenleiter der Accumulation plötzlich ausdehnbar ist durch bloss veränderte Theilung des Mehrwerths oder Mehrprodukts in Kapital und Revenue, so treten hier Knotenpunkte ein, wo das Wachsthum der Arbeitskraft oder der Arbeiteranzahl überflügelt wird von den Accumulationsbedürfnissen des Kapitals, und daher der Preis der Arbeit steigt.	599:611	0:778	Da der Mehrwerth ein jährliches Produkt des Kapitals ist , da er dem Originalkapital jährlich ein Increment zusetzt , da diess Increment selbst jährlich wächst mit dem jährlich zunehmenden Umfang des bereits in Funktion begriffenen Kapitals , und da endlich , unter besonderem Sporn des Bereicherungstriebs , wie z. B. Oeffnung neuer Märkte , neuer Sphären der Kapitalanlage in Folge neu entwickelter gesellschaftlicher Bedürfnisse u. s. w. , die Stufenleiter der Accumulation plötzlich ausdehnbar ist durch bloss veränderte Theilung des Mehrwerths oder Mehrprodukts in Kapital und Revenue , so treten hier Knotenpunkte ein , wo das Wachsthum der Arbeitskraft oder der Arbeiteranzahl überflügelt wird von den Accumulationsbedürfnissen des Kapitals , und daher der Preis der Arbeit steigt .	91	0:118	da d Mehrwert eine jährlich Produkt d Kapital sein , da er d Originalkapital jährlich eine Inkrement zusetzen , da diese Inkrement selbst jährlich wachsen mit d jährlich zunehmend Umfang d bereits in Funktion begreifen Kapital , und da endlich , unter besondere Sporn d Bereicherungstrieb , wie z. B. Öffnung neu Markt , neu Sphäre d Kapitalanlage in Folge neu entwickelt gesellschaftlich Bedürfnis u. s. W. , d Stufenleiter d Akkumulation plötzlich ausdehnbar sein durch bloß verändert Teilung d Mehrwert oder Mehrprodukt in Kapital und Revenue , so treten hier Knotenpunkt ein , wo d Wachstum d Arbeitskraft oder d Arbeiteranzahl überflügeln werden von d Akkumulationsbedürfnis d Kapital , und daher d Preis d Arbeit steigen .	KOUS ART NN ART ADJA NN ART NN VAFIN $, KOUS PPER ART NN ADJD ART NN VVFIN $, KOUS PDS NN ADV ADJD VVFIN APPR ART ADJD ADJA NN ART ADV APPR NN ADJA NN $, KON ADV ADV $, APPR ADJA NN ART NN $, PWAV APPRART NN NN ADJA NN $, ADJA NN ART NN APPR NN ADJD ADJA ADJA NN APPR VVIMP NN $, ART NN ART NN ADJD ADJD VAFIN APPR ADV ADJA NN ART NN KON NN APPR NN KON NN $, ADV VVFIN ADV NN PTKVZ $, PWAV ART NN ART NN KON ART NN VVPP VAFIN APPR ART NN ART NN $, KON PAV ART NN ART NN VVFIN $.	Da der Mehrwert ein jährliches Produkt des Kapitals ist , da er dem Originalkapital jährlich ein Inkrement zusetzt , da dies Inkrement selbst jährlich wächst mit dem jährlich zunehmenden Umfang des bereits in Funktion begriffenen Kapitals , und da endlich , unter besonderem Sporn des Bereicherungstriebs , wie z. B. Öffnung neuer Märkte , neuer Sphären der Kapitalanlage in Folge neu entwickelter gesellschaftlicher Bedürfnisse u. s. w. , die Stufenleiter der Akkumulation plötzlich ausdehnbar ist durch bloß veränderte Teilung des Mehrwerts oder Mehrprodukts in Kapital und Revenue , so treten hier Knotenpunkte ein , wo das Wachstum der Arbeitskraft oder der Arbeiteranzahl überflügelt wird von den Akkumulationsbedürfnissen des Kapitals , und daher der Preis der Arbeit steigt .
Knotenpunkt	NN	1875	1	mohr_fachwerk02_1875-128-9	 	Denn bezeichnet man die Werthe von u für den Knotenpunkt C mit u1 und für den Knotenpunkt D mit u2, so erzeugt die Belastung P des Knotenpunktes D Spannungen der Konstruktionstheile von der Grösse [Formel] also elastische Längenänderungen [Formel] und in Folge dessen eine Durchbiegung des Knotenpunktes C von der Grösse:	45:56	0:321	Denn bezeichnet man die Werthe von u für den Knotenpunkt C mit u1 und für den Knotenpunkt D mit u2 , so erzeugt die Belastung P des Knotenpunktes D Spannungen der Konstruktionstheile von der Grösse [Formel] also elastische Längenänderungen [Formel] und in Folge dessen eine Durchbiegung des Knotenpunktes C von der Grösse :	9	0:53	denn bezeichnen man d Wert von U für d Knotenpunkt C mit U1 und für d Knotenpunkt D mit U2 , so erzeugen d Belastung P d Knotenpunkt d Spannung d Konstruktionsteile von d Größe [formel] also elastisch Längenänderung [formel] und in Folge die eine Durchbiegung d Knotenpunkt C von d Größe :	KON VVFIN PIS ART NN APPR NE APPR ART NN NE APPR NE KON APPR ART NN NE APPR NE $, ADV VVFIN ART NN NE ART NN XY NN ART NN APPR ART NN XY ADV ADJA NN XY KON APPR NN PDS ART NN ART NN NE APPR ART NN $.	Denn bezeichnet man die Werte von u für den Knotenpunkt C mit u1 und für den Knotenpunkt D mit u2 , so erzeugt die Belastung P des Knotenpunktes D Spannungen der Konstruktionsteile von der Größe [Formel] also elastische Längenänderungen [Formel] und in Folge dessen eine Durchbiegung des Knotenpunktes C von der Größe :
Knotenpunkt	NN	1875	1	mohr_fachwerk02_1875-154-31	 	Man nehme an, es seien die sämmtlichen Mittelstützen beseitigt (Figur 40, Blatt 615) und der auf seinen Endstützen A und B ruhende gewichtlose Träger sei in demjenigen Knotenpunkte C, welcher mit der ersten Mittelstütze in Berührung stand, mit einem Gewichte R belastet.	168:180	0:270	Man nehme an , es seien die sämmtlichen Mittelstützen beseitigt ( Figur 40 , Blatt 615 ) und der auf seinen Endstützen A und B ruhende gewichtlose Träger sei in demjenigen Knotenpunkte C , welcher mit der ersten Mittelstütze in Berührung stand , mit einem Gewichte R belastet .	31	0:49	man nehmen an , es sein d sämtliche Mittelstütze beseitigen ( Figur 40 , Blatt 615 ) und d auf seine Endestütze a und b ruhend gewichtlos Träger sein in diejenige Knotenpunkt C , welche mit d erst Mittelstütze in Berührung stehen , mit eine Gewicht R belasten .	PIS VVFIN PTKVZ $, PPER VAFIN ART PIAT NN VVPP $( NN CARD $, NN CARD $( KON ART APPR PPOSAT NN XY KON XY ADJA ADJA NN VAFIN APPR PDS NN NE $, PRELS APPR ART ADJA NN APPR NN VVFIN $, APPR ART NN NE VVPP $.	Man nehme an , es seien die sämtlichen Mittelstützen beseitigt ( Figur 40 , Blatt 615 ) und der auf seinen Endstützen A und B ruhende gewichtlose Träger sei in demjenigen Knotenpunkte C , welcher mit der ersten Mittelstütze in Berührung stand , mit einem Gewichte R belastet .
Knotenpunkt	NN	1886	1	mueller_festigkeitslehre_1886-1881-15	 	— Σ S Δ s leisten; sodann setzen wir voraus, dass an jedem Knotenpunkte Gleichgewicht besteht und keine Kraft unendlich gross wird.	59:71	0:131	— Σ S Δ s leisten ; sodann setzen wir voraus , dass an jedem Knotenpunkte Gleichgewicht besteht und keine Kraft unendlich gross wird .	15	0:25	-- Σ s δ s leisten ; sodann setzen wir voraus , dass an jede Knotenpunkt Gleichgewicht bestehen und keine Kraft unendlich groß werden .	$( NE XY XY XY VVINF $. ADV VVFIN PPER PTKVZ $, KOUS APPR PIAT NN NN VVFIN KON PIAT NN ADJD ADJD VAFIN $.	-- Σ S D s leisten ; sodann setzen wir voraus , dass an jedem Knotenpunkte Gleichgewicht besteht und keine Kraft unendlich groß wird .
Knotenpunkt	NN	1886	1	mueller_festigkeitslehre_1886-210-2	 	Die unteren Knotenpunkte liegen auf einer Parabel, deren Pfeil = 2,5m ist; die obere Gurtung ist geradlinig; Höhe der Endvertikale = 3m.	12:24	0:136	Die unteren Knotenpunkte liegen auf einer Parabel , deren Pfeil = 2,5m ist ; die obere Gurtung ist geradlinig ; Höhe der Endvertikale = 3m .	2	0:26	d unter Knotenpunkt liegen auf eine Parabel , die Pfeil = 2,5m sein ; d ober Gurtung sein geradlinig ; Höhe d Endevertikale = 3m .	ART ADJA NN VVFIN APPR ART NN $, PRELAT NN XY CARD VAFIN $. ART ADJA NN VAFIN ADJD $. NN ART NN XY CARD $.	Die unteren Knotenpunkte liegen auf einer Parabel , deren Pfeil = 2,5m ist ; die obere Gurtung ist geradlinig ; Höhe der Endvertikale = 3m .
Knotenpunkt	NN	1886	1	mueller_festigkeitslehre_1886-294-9	 	Sind insbesondere die Verschiebungen des ersten und des letzten Knotenpunktes (o und n) der Gurtung gleich Null, wie dies in der Fig. 14 a vorausgesetzt worden ist, so ist der Balken A' B' ein einfacher, d. h. an den Enden frei aufliegender.	64:77	0:241	Sind insbesondere die Verschiebungen des ersten und des letzten Knotenpunktes ( o und n ) der Gurtung gleich Null , wie dies in der Fig. 14 a vorausgesetzt worden ist , so ist der Balken A' B' ein einfacher , d. h. an den Enden frei aufliegender .	9	0:48	sein insbesondere d Verschiebung d erst und d letzte Knotenpunkt ( o und n ) d Gurtung gleich null , wie diese in d Fig. 14 A voraussetzen werden sein , so sein d Balken A' B' eine einfach , d. h. an d Ende frei aufliegend .	VAFIN ADV ART NN ART ADJA KON ART ADJA NN $( FM KON XY $( ART NN ADV CARD $, PWAV PDS APPR ART NN CARD NE VVPP VAPP VAFIN $, ADV VAFIN ART NN NE NE ART ADJA $, PDS VVFIN APPR ART NN ADJD ADJD $.	Sind insbesondere die Verschiebungen des ersten und des letzten Knotenpunktes ( o und n ) der Gurtung gleich Null , wie dies in der Fig. 14 a vorausgesetzt worden ist , so ist der Balken A' B' ein einfacher , d. h. an den Enden frei aufliegender .
Knotenpunkt	NN	1886	1	mueller_festigkeitslehre_1886-303-5	 	Will man die Senkungen der Knotenpunkte C, D, E, F der oberen Gurtung einer Mittelöffnung eines kontinuirlichen Balkens bestimmen (Fig. 15), so betrachte man das Polygon A C D E F B als obere Gurtung und die Stützpunkte A und B, deren Verschiebungen stets gegeben sind, beziehungsweise als Anfangs-und Endknotenpunkt.	27:39	0:317	Will man die Senkungen der Knotenpunkte C , D , E , F der oberen Gurtung einer Mittelöffnung eines kontinuirlichen Balkens bestimmen ( Fig. 15 ) , so betrachte man das Polygon A C D E F B als obere Gurtung und die Stützpunkte A und B , deren Verschiebungen stets gegeben sind , beziehungsweise als Anfangs- und Endknotenpunkt .	5	0:60	wollen man d Senkung d Knotenpunkt c' , δ , e , f d ober Gurtung eine Mittelöffnung eine kontinuierlich Balken bestimmen ( fig. 15 ) , so betrachten man d Polygon a c' δ e f b als ober Gurtung und d Stützpunkt a und b , die Verschiebung stets geben sein , beziehungsweise als anfangs- und Endeknotenpunkt .	VMFIN PIS ART NN ART NN XY $, XY $, XY $, XY ART ADJA NN ART NN ART ADJA NN VVINF $( XY CARD $( $, ADV VVFIN PIS ART NN XY XY XY XY XY XY KOKOM ADJA NN KON ART NN XY KON XY $, PRELAT NN ADV VVPP VAFIN $, KON KOKOM TRUNC KON NN $.	Will man die Senkungen der Knotenpunkte C , D , E , F der oberen Gurtung einer Mittelöffnung eines kontinuierlichen Balkens bestimmen ( Fig. 15 ) , so betrachte man das Polygon A C D E F B als obere Gurtung und die Stützpunkte A und B , deren Verschiebungen stets gegeben sind , beziehungsweise als Anfangs- und Endknotenpunkt .
Knotenpunkt	NN	1886	1	mueller_festigkeitslehre_1886-444-21	 	Soll nun die Einflusslinie für X unter der Voraussetzung ermittelt werden, dass eine Lasteinheit P der Reihe nach in sämmtlichen Knotenpunkten der unteren Gurtung A B angreift, so müssen die durch die Ursache X = 1 hervorgerufenen Spannkräfte S', sowie das Biegungspolygon der Gurtung A B für diesen Spannungszustand bestimmt werden.	129:142	0:333	Soll nun die Einflusslinie für X unter der Voraussetzung ermittelt werden , dass eine Lasteinheit P der Reihe nach in sämmtlichen Knotenpunkten der unteren Gurtung A B angreift , so müssen die durch die Ursache X = 1 hervorgerufenen Spannkräfte S' , sowie das Biegungspolygon der Gurtung A B für diesen Spannungszustand bestimmt werden .	21	0:55	sollen nun d Einflußlinie für x' unter d Voraussetzung ermitteln werden , dass eine Lasteinheit P d Reihe nach in sämtliche Knotenpunkt d unter Gurtung a b angreifen , so müssen d durch d Ursache x' = 1 hervorgerufen Spannkraft es , sowie d Biegungspolygon d Gurtung a b für diese Spannungszustand bestimmen werden .	VMFIN ADV ART NN APPR XY APPR ART NN VVPP VAINF $, KOUS ART NN NE ART NN APPR APPR PIAT NN ART ADJA NN XY XY VVFIN $, ADV VMFIN ART APPR ART NN XY XY CARD ADJA NN PPER $, KON ART NN ART NN XY XY APPR PDAT NN VVPP VAINF $.	Soll nun die Einflusslinie für X unter der Voraussetzung ermittelt werden , dass eine Lasteinheit P der Reihe nach in sämtlichen Knotenpunkten der unteren Gurtung A B angreift , so müssen die durch die Ursache X = 1 hervorgerufenen Spannkräfte Es , sowie das Biegungspolygon der Gurtung A B für diesen Spannungszustand bestimmt werden .
Knotenpunkt	NN	1886	1	mueller_festigkeitslehre_1886-490-17	 	Eine in dem Knotenpunkte A1 und im Sinne A1 B1 angreifende Kraft „Eins“ verschiebt einen Knotenpunkt A2 im Sinne A2 B2 um eine Strecke, welche ebenso gross ist wie die Verschiebung, welche der Knotenpunkt A1 im Sinne A1 B1 erfährt, sobald im Punkte A2 und im Sinne A2 B2 eine Kraft „Eins“ angreift.	89:100	0:298	Eine in dem Knotenpunkte A1 und im Sinne A1 B1 angreifende Kraft „ Eins “ verschiebt einen Knotenpunkt A2 im Sinne A2 B2 um eine Strecke , welche ebenso gross ist wie die Verschiebung , welche der Knotenpunkt A1 im Sinne A1 B1 erfährt , sobald im Punkte A2 und im Sinne A2 B2 eine Kraft „ Eins “ angreift .	17	0:61	eine in d Knotenpunkt A1 und im Sinn A1 B1 angreifend Kraft " Eins " verschieben eine Knotenpunkt A2 im Sinn A2 B2 um eine Strecke , welche ebenso groß sein wie d Verschiebung , welche d Knotenpunkt A1 im Sinn A1 B1 erfahren , sobald im Punkt A2 und im Sinn A2 B2 eine Kraft " Eins " angreifen .	ART APPR ART NN NE KON APPRART NN NE NE ADJA NN $( NE $( VVFIN ART NN NE APPRART NN NE NE APPR ART NN $, PRELS ADV ADJD VAFIN KOKOM ART NN $, PRELS ART NN NE APPRART NN NE NE VVFIN $, KOUS APPRART NN NE KON APPRART NN NE NE ART NN $( NE $( VVFIN $.	Eine in dem Knotenpunkte A1 und im Sinne A1 B1 angreifende Kraft " Eins " verschiebt einen Knotenpunkt A2 im Sinne A2 B2 um eine Strecke , welche ebenso groß ist wie die Verschiebung , welche der Knotenpunkt A1 im Sinne A1 B1 erfährt , sobald im Punkte A2 und im Sinne A2 B2 eine Kraft " Eins " angreift .
Knotenpunkt	NN	1886	1	mueller_festigkeitslehre_1886-551-15	 	Die über den Träger wandernde Last P = 1 greife der Reihe nach in sämmtlichen Knotenpunkten der oberen Gurtung an.	78:91	0:114	Die über den Träger wandernde Last P = 1 greife der Reihe nach in sämmtlichen Knotenpunkten der oberen Gurtung an .	15	0:21	d über d Träger wandernd Last P = 1 greifen d Reihe nach in sämtliche Knotenpunkt d ober Gurtung an .	ART APPR ART NN ADJA NN NE XY CARD VVFIN ART NN APPR APPR PIAT NN ART ADJA NN PTKVZ $.	Die über den Träger wandernde Last P = 1 greife der Reihe nach in sämtlichen Knotenpunkten der oberen Gurtung an .
Knotenpunkt	NN	1886	1	mueller_festigkeitslehre_1886-592-16	 	1) ein Momentenpolygon A '' R B '' zu zeichnen, entsprechend den durch die Knotenpunkte m der unteren Gurtung gehenden Lasten [Formel]	75:87	0:134	1 ) ein Momentenpolygon A '' R B '' zu zeichnen , entsprechend den durch die Knotenpunkte m der unteren Gurtung gehenden Lasten [Formel]	16	0:24	1 ) eine Momentenpolygon a '' r b '' zu zeichnen , entsprechend d durch d Knotenpunkt M d unter Gurtung gehend Last [formel]	CARD $( ART NN XY $( XY XY $( PTKZU VVFIN $, APPR ART APPR ART NN NN ART ADJA NN ADJA NN XY	1 ) ein Momentenpolygon A '' R B '' zu zeichnen , entsprechend den durch die Knotenpunkte m der unteren Gurtung gehenden Lasten [Formel]
Knotenpunkt	NN	1881	1	rein_japan01_1881-1660-24	 	Der 2500 Meter hohe Tokachi-dake an den Quellen des Tokachi (43 ° 48' N. und 143 ° 10' O. Gr.) ist der Knotenpunkt, von dem aus nach allen Himmelsrichtungen die grossen Flüsse des Landes, zum Theil, wie der Ishikari, in auffallend gewundenem Laufe, dem Meere zueilen.	103:114	0:267	Der 2500 Meter hohe Tokachi-dake an den Quellen des Tokachi ( 43 ° 48' N. und 143 ° 10' O. Gr. ) ist der Knotenpunkt , von dem aus nach allen Himmelsrichtungen die grossen Flüsse des Landes , zum Theil , wie der Ishikari , in auffallend gewundenem Laufe , dem Meere zueilen .	24	0:54	d 2500 Meter hoch Tokachi-Dake an d Quelle d Tokachi ( 43 ° 48' N. und 143 ° 10' O. Gr. ) sein d Knotenpunkt , von die aus nach alle Himmelsrichtung d groß Fluß d Land , zum Teil , wie d Ishikari , in auffallend gewunden Lauf , d Meer zueilen .	ART CARD NN ADJA NN APPR ART NN ART NE $( CARD $( CARD NN KON CARD $( CARD NE NE $( VAFIN ART NN $, APPR PRELS APPR APPR PIAT NN ART ADJA NN ART NN $, APPRART NN $, PWAV ART NN $, APPR ADJD ADJA NN $, ART NN VVINF $.	Der 2500 Meter hohe Tokachi-dake an den Quellen des Tokachi ( 43 ° 48' N. und 143 ° 10' O. Gr. ) ist der Knotenpunkt , von dem aus nach allen Himmelsrichtungen die großen Flüsse des Landes , zum Teil , wie der Ishikari , in auffallend gewundenem Laufe , dem Meere zueilen .
Knotenpunkt	NN	1808	1	schubert_naturwissenschaft_1808-2638-7	 	Es sind diese aber nicht blos den Knotenpunkten der Bahn des Mercur auf der Ebene des Sonnenäquators (136 und 316) nahe, sondern noch näher, und fast genau jener Punkt, wo das Mittel aus den Apsidenpunkten der Pallas und Ceres, welche, wie wir sahen, auch in allen andren Verhältnissen als das erste (Doppel) Glied der 2ten Reihe, dem Mercur in der ersten entsprachen, hinfällt.	34:47	0:378	Es ſind dieſe aber nicht blos den Knotenpunkten der Bahn des Mercur auf der Ebene des Sonnenaͤquators ( 136 und 316 ) nahe , ſondern noch naͤher , und faſt genau jener Punkt , wo das Mittel aus den Apſidenpunkten der Pallas und Ceres , welche , wie wir ſahen , auch in allen andren Verhaͤltniſſen als das erſte ( Doppel ) Glied der 2ten Reihe , dem Mercur in der erſten entſprachen , hinfaͤllt .	7	0:76	es sein diese aber nicht bloß d Knotenpunkt d Bahn d Merkur auf d Ebene d Sonnenäquator ( 136 und 316 ) nahe , sondern noch nah , und fast genau jen Punkt , wo d Mittel aus d Apsidenpunkt d Palla und Ceres , welche , wie wir sehen , auch in alle ander Verhältnis als d erst ( Doppel ) Glied d 2ten Reihe , d Merkur in d erst entsprechen , hinfallen .	PPER VAFIN PDS ADV PTKNEG ADV ART NN ART NN ART NN APPR ART NN ART NN $( CARD KON CARD $( PTKVZ $, KON ADV ADJD $, KON ADV ADJD PDAT NN $, PWAV ART NN APPR ART NN ART NE KON NE $, PRELS $, PWAV PPER VVFIN $, ADV APPR PIAT ADJA NN KOKOM ART ADJA $( NN $( NN ART ADJA NN $, ART NN APPR ART ADJA VVFIN $, VVFIN $.	Es sind diese aber nicht bloß den Knotenpunkten der Bahn des Merkur auf der Ebene des Sonnenäquators ( 136 und 316 ) nahe , sondern noch näher , und fast genau jener Punkt , wo das Mittel aus den Apsidenpunkten der Pallas und Ceres , welche , wie wir sahen , auch in allen anderen Verhältnissen als das erste ( Doppel ) Glied der 2ten Reihe , dem Merkur in der ersten entsprachen , hinfällt .
Knotenpunkt	NN	1879	1	treitschke_geschichte01_1879-10728-61	 	Die erste Nachricht von den Gefechten bei Charleroi ließ er unbeachtet, da er dort nur einen Theil der Armee Napoleons vermuthete; und auch als er endlich am Abend des 15. von Brüssel aus, einen ganzen Tag später als Blücher, die Concentration seiner Armee anordnete, befahl er nicht einfach den Linksabmarsch des gesammten Heeres nach dem wichtigen Knotenpunkte Quatrebras, wo die Straßen von Charleroi und Namur nach Brüssel zusammentrafen und eine Vereinigung mit den Preußen möglich war, sondern gab seinen Corps die Richtung auf die fünf Meilen lange Linie von Enghien im Westen über Nivelles nach Genappe im Osten, so daß die englische Armee nur mit ihrer äußersten Linken die Straße nach Charleroi berührte.	350:362	0:714	Die erſte Nachricht von den Gefechten bei Charleroi ließ er unbeachtet , da er dort nur einen Theil der Armee Napoleons vermuthete ; und auch als er endlich am Abend des 15. von Brüſſel aus , einen ganzen Tag ſpäter als Blücher , die Concentration ſeiner Armee anordnete , befahl er nicht einfach den Linksabmarſch des geſammten Heeres nach dem wichtigen Knotenpunkte Quatrebras , wo die Straßen von Charleroi und Namur nach Brüſſel zuſammentrafen und eine Vereinigung mit den Preußen möglich war , ſondern gab ſeinen Corps die Richtung auf die fünf Meilen lange Linie von Enghien im Weſten über Nivelles nach Genappe im Oſten , ſo daß die engliſche Armee nur mit ihrer äußerſten Linken die Straße nach Charleroi berührte .	61	0:122	d erst Nachricht von d Gefecht bei Charleroi lassen er unbeachtet , da er dort nur eine Teil d Armee Napoleon vermuten ; und auch als er endlich am Abend d 15. von Brüssel aus , eine ganz Tag spät als Blücher , d Konzentration seine Armee anordnen , befehlen er nicht einfach d Linksabmarsch d gesamt Heer nach d wichtig Knotenpunkt Quatrebras , wo d Straße von Charleroi und Namur nach Brüssel zusammentreffen und eine Vereinigung mit d Preuße möglich sein , sondern geben seine Korps d Richtung auf d fünf Meile lang Linie von Enghien im Westen über Nivelles nach Genappe im Osten , so daß d englisch Armee nur mit ihr äußerst Linken d Straße nach Charleroi berühren .	ART ADJA NN APPR ART NN APPR NE VVFIN PPER ADJD $, KOUS PPER ADV ADV ART NN ART NN NE VVFIN $. KON ADV KOKOM PPER ADV APPRART NN ART ADJA APPR NE PTKVZ $, ART ADJA NN ADJD KOKOM NE $, ART NN PPOSAT NN VVFIN $, VVFIN PPER PTKNEG ADV ART NN ART ADJA NN APPR ART ADJA NN NE $, PWAV ART NN APPR NE KON NE APPR NE VVFIN KON ART NN APPR ART NN ADJD VAFIN $, KON VVFIN PPOSAT NN ART NN APPR ART CARD NN ADJA NN APPR NE APPRART NN APPR NE APPR NE APPRART NN $, ADV KOUS ART ADJA NN ADV APPR PPOSAT ADJA NN ART NN APPR NE VVFIN $.	Die erste Nachricht von den Gefechten bei Charleroi ließ er unbeachtet , da er dort nur einen Teil der Armee Napoleons vermutete ; und auch als er endlich am Abend des 15. von Brüssel aus , einen ganzen Tag später als Blücher , die Konzentration seiner Armee anordnete , befahl er nicht einfach den Linksabmarsch des gesamten Heeres nach dem wichtigen Knotenpunkte Quatrebras , wo die Straßen von Charleroi und Namur nach Brüssel zusammentrafen und eine Vereinigung mit den Preußen möglich war , sondern gab seinen Korps die Richtung auf die fünf Meilen lange Linie von Enghien im Westen über Nivelles nach Genappe im Osten , so daß die englische Armee nur mit ihrer äußersten Linken die Straße nach Charleroi berührte .
Knotenpunkt	NN	1835	1	valentin_entwicklungsgeschichte_1835-6748-32	 	Während in dem Jejunum und Ileum jede zottenförmige Umkleidung der oberen Lage einer wahren Zotte der unteren Lage entspricht, so ist dieses in den dikken Gedärmen nur bei den in den Knotenpunkten befindlichen Zotten der Fall.	183:196	0:226	Während in dem Jejunum und Ileum jede zottenförmige Umkleidung der oberen Lage einer wahren Zotte der unteren Lage entspricht , so ist dieses in den dikken Gedärmen nur bei den in den Knotenpunkten befindlichen Zotten der Fall .	32	0:38	während in d Jejunum und Ileum jede zottenförmig Umkleidung d ober Lage eine wahr Zotte d unter Lage entsprechen , so sein diese in d dick Gedärm nur bei d in d Knotenpunkt befindlich Zotte d Fall .	KOUS APPR ART NN KON NN PIAT ADJA NN ART ADJA NN ART ADJA NN ART ADJA NN VVFIN $, ADV VAFIN PDAT APPR ART ADJA NN ADV APPR ART APPR ART NN ADJA NN ART NN $.	Während in dem Jejunum und Ileum jede zottenförmige Umkleidung der oberen Lage einer wahren Zotte der unteren Lage entspricht , so ist dieses in den dicken Gedärmen nur bei den in den Knotenpunkten befindlichen Zotten der Fall .
Knotenpunkt	NN	1852	1	vischer_aesthetik030201_1852-237-57	 	Diese Bewegung, die Bötticher (Tektonik der Hellenen) uneigentlich, aber schön eine Entwicklung des im Stoffe latenten Lebens nennt und die sich allerdings namentlich in der Raum-öffnenden Stütze und der scheinbar schwebenden Last ansammelt, wird sich aber über das Ganze erstrecken; die Haupt-Massen werden einander entgegenzusteigen und entgegenzusinken, dann sich in Knotenpunkten anzusammeln, in das Breite auseinanderzugehen und wieder in die Einheit zusammenzufließen scheinen.	370:383	0:483	Dieſe Bewegung , die Bötticher ( Tektonik der Hellenen ) uneigentlich , aber ſchön eine Entwicklung des im Stoffe latenten Lebens nennt und die ſich allerdings namentlich in der Raum-öffnenden Stütze und der ſcheinbar ſchwebenden Laſt anſammelt , wird ſich aber über das Ganze erſtrecken ; die Haupt-Maſſen werden einander entgegenzuſteigen und entgegenzuſinken , dann ſich in Knotenpunkten anzuſammeln , in das Breite auseinanderzugehen und wieder in die Einheit zuſammenzufließen ſcheinen .	57	0:72	diese Bewegung , d Böttcher ( Tektonik d Hellene ) uneigentlich , aber schön eine Entwicklung d im Stoff latent Leben nennen und die sich allerdings namentlich in d raum-öffnend Stütze und d scheinbar schwebend Last ansammeln , werden sich aber über d Ganze erstrecken ; d Haupt-Masse werden einander entgegensteigen und entgegensinken , dann sich in Knotenpunkt ansammeln , in d Breite auseinandergehen und wieder in d Einheit zusammenfließen scheinen .	PDAT NN $, ART NN $( NN ART NN $( ADJD $, ADV ADJD ART NN ART APPRART NN ADJA NN VVFIN KON PRELS PRF ADV ADV APPR ART ADJA NN KON ART ADJD ADJA NN VVFIN $, VAFIN PRF ADV APPR ART NN VVINF $. ART NN VAFIN PRF VVIZU KON VVIZU $, ADV PRF APPR NN VVIZU $, APPR ART NN VVIZU KON ADV APPR ART NN VVIZU VVFIN $.	Diese Bewegung , die Bötticher ( Tektonik der Hellenen ) uneigentlich , aber schön eine Entwicklung des im Stoffe latenten Lebens nennt und die sich allerdings namentlich in der Raum-öffnenden Stütze und der scheinbar schwebenden Last ansammelt , wird sich aber über das Ganze erstrecken ; die Haupt-Massen werden einander entgegenzusteigen und entgegenzusinken , dann sich in Knotenpunkten anzusammeln , in das Breite auseinanderzugehen und wieder in die Einheit zusammenzufließen scheinen .
Knotenpunkt	NN	1857	1	vischer_aesthetik030204_1857-1437-18	 	Das Wesen der Polyphonie ist hierin freilich beinahe ganz zurückgetreten, indem die verschiedenen Stimmen nur an einzelnen Knotenpuncten, nämlich in den Takten, in welchen sie einander ablösen, vorübergehend gleichzeitig ertönen; ja selbst dieses Letztere kann fehlen, und die streng polyphone Form ist daher hier, wo es sich um größere melodische Sätze oder um ganze Melodieen handelt, nur die Verflechtung, welche die selbständigen Sätze nicht mit einander abwechseln, sondern zusammentönen und sie doch in ihrer Selbständigkeit sich behaupten läßt.	123:136	0:551	Das Weſen der Polyphonie iſt hierin freilich beinahe ganz zurückgetreten , indem die verſchiedenen Stimmen nur an einzelnen Knotenpuncten , nämlich in den Takten , in welchen ſie einander ablöſen , vorübergehend gleichzeitig ertönen ; ja ſelbſt dieſes Letztere kann fehlen , und die ſtreng polyphone Form iſt daher hier , wo es ſich um größere melodiſche Sätze oder um ganze Melodieen handelt , nur die Verflechtung , welche die ſelbſtändigen Sätze nicht mit einander abwechſeln , ſondern zuſammentönen und ſie doch in ihrer Selbſtändigkeit ſich behaupten läßt .	18	0:89	d Wesen d Polyphonie sein hierin freilich beinahe ganz zurücktreten , indem d verschieden Stimme nur an einzeln Knotenpunkt , nämlich in d Takt , in welchen sie einander ablösen , vorübergehend gleichzeitig ertönen ; ja selbst diese Letztere können fehlen , und d streng polyphon Form sein daher hier , wo es sich um groß melodisch Satz oder um ganz Melodie handeln , nur d Verflechtung , welche d selbständig Satz nicht mit einander abwechseln , sondern zusammentönen und sie doch in ihr Selbständigkeit sich behaupten lassen .	ART NN ART NN VAFIN ADV ADV ADV ADV VVPP $, KOUS ART ADJA NN ADV APPR ADJA NN $, ADV APPR ART NN $, APPR PWAT PPER PRF VVINF $, ADJD ADJD VVINF $. ADV ADV PDAT NN VMFIN VVINF $, KON ART ADJD ADJA NN VAFIN PAV ADV $, PWAV PPER PRF APPR ADJA ADJA NN KON APPR ADJA NN VVFIN $, ADV ART NN $, PRELS ART ADJA NN PTKNEG APPR PRF VVINF $, KON VVINF KON PPER ADV APPR PPOSAT NN PRF VVINF VVFIN $.	Das Wesen der Polyphonie ist hierin freilich beinahe ganz zurückgetreten , indem die verschiedenen Stimmen nur an einzelnen Knotenpunkten , nämlich in den Takten , in welchen sie einander ablösen , vorübergehend gleichzeitig ertönen ; ja selbst dieses Letztere kann fehlen , und die streng polyphone Form ist daher hier , wo es sich um größere melodische Sätze oder um ganze Melodien handelt , nur die Verflechtung , welche die selbständigen Sätze nicht mit einander abwechseln , sondern zusammentönen und sie doch in ihrer Selbständigkeit sich behaupten läßt .
Knotenpunkt	NN	1867	1	wundt_medizinische_1867-1513-1	 	Die Knotenpunkte schwingender Saiten lassen sich leicht ermitteln, indem man an verschiedenen Stellen leichte Körperchen, z. B. Holzsplitterchen, Papierstücke, auf die Saite legt.	4:16	0:179	Die Knotenpunkte schwingender Saiten lassen sich leicht ermitteln , indem man an verschiedenen Stellen leichte Körperchen , z. B. Holzsplitterchen , Papierstücke , auf die Saite legt .	1	0:28	d Knotenpunkt schwingend Saite lassen sich leicht ermitteln , indem man an verschieden Stelle leicht Körperchen , z. B. Holzsplitterchen , Papierstück , auf d Saite legen .	ART NN ADJA NN VVFIN PRF ADJD VVINF $, KOUS PIS APPR ADJA NN ADJA NN $, APPRART NN NN $, NN $, APPR ART NN VVFIN $.	Die Knotenpunkte schwingender Saiten lassen sich leicht ermitteln , indem man an verschiedenen Stellen leichte Körperchen , z. B. Holzsplitterchen , Papierstücke , auf die Saite legt .
Knotenpunkt	NN	1867	1	wundt_medizinische_1867-4089-20	 	Was die verschiedenen Linsenformen betrifft, so ist leicht ersichtlich, dass bei der biconcaven Linse die beiden Haupt-oder Knotenpunkte dieselbe Lage besitzen wie bei der biconvexen.	124:136	0:183	Was die verschiedenen Linsenformen betrifft , so ist leicht ersichtlich , dass bei der biconcaven Linse die beiden Haupt- oder Knotenpunkte dieselbe Lage besitzen wie bei der biconvexen .	20	0:29	was d verschieden Linsenform betreffen , so sein leicht ersichtlich , dass bei d bikonkav Linse d beide haupt- oder Knotenpunkt dieselbe Lage besitzen wie bei d bikonvex .	PWS ART ADJA NN VVFIN $, ADV VAFIN ADJD ADJD $, KOUS APPR ART ADJA NN ART PIAT TRUNC KON NN PDAT NN VVFIN KOKOM APPR ART ADJA $.	Was die verschiedenen Linsenformen betrifft , so ist leicht ersichtlich , dass bei der bikonkaven Linse die beiden Haupt- oder Knotenpunkte dieselbe Lage besitzen wie bei der bikonvexen .
Knotenpunkt	NN	1867	1	wundt_medizinische_1867-4731-41	 	Für ein zusammengesetztes optisches System von der Beschaffenheit des Auges erhalten wir demnach sechs optische Cardinalpunkte, mittelst deren sich nach den in §. 151 gegebenen Regeln unter Berücksichtigung der leicht zu übersehenden Modificationen, welche das Auseinanderfallen der Haupt-und Knotenpunkte bedingt, der Gang der Lichtstrahlen verfolgen lässt.	293:305	0:358	Für ein zusammengesetztes optisches System von der Beschaffenheit des Auges erhalten wir demnach sechs optische Cardinalpunkte , mittelst deren sich nach den in §. 151 gegebenen Regeln unter Berücksichtigung der leicht zu übersehenden Modificationen , welche das Auseinanderfallen der Haupt- und Knotenpunkte bedingt , der Gang der Lichtstrahlen verfolgen lässt .	41	0:51	für eine zusammengesetzt optisch System von d Beschaffenheit d Auge erhalten wir demnach sechs optisch Kardinalpunkt , mittels die sich nach d in §. 151 gegeben Regel unter Berücksichtigung d leicht zu übersehend Modifikation , welche d Auseinanderfallen d haupt- und Knotenpunkt bedingt , d Gang d Lichtstrahl verfolgen lassen .	APPR ART ADJA ADJA NN APPR ART NN ART NN VVFIN PPER PAV CARD ADJA NN $, APPR PRELAT PRF APPR ART APPR $( CARD ADJA NN APPR NN ART ADJD PTKZU ADJA NN $, PRELS ART NN ART TRUNC KON NN ADJD $, ART NN ART NN VVINF VVFIN $.	Für ein zusammengesetztes optisches System von der Beschaffenheit des Auges erhalten wir demnach sechs optische Kardinalpunkte , mittels deren sich nach den in §. 151 gegebenen Regeln unter Berücksichtigung der leicht zu übersehenden Modifikationen , welche das Auseinanderfallen der Haupt- und Knotenpunkte bedingt , der Gang der Lichtstrahlen verfolgen lässt .
Knotenpunkt	NN	1867	1	wundt_medizinische_1867-4736-4	 	4) der zweite Knotenpunkt: 0,3602 Mm. vor der Hinterfläche der Linse;	14:25	0:69	4 ) der zweite Knotenpunkt : 0,3602 Mm. vor der Hinterfläche der Linse ;	4	0:14	4 ) d zweit Knotenpunkt : 0,3602 Mm. vor d Hinterfläche d Linse ;	CARD $( ART ADJA NN $. CARD NE APPR ART NN ART NN $.	4 ) der zweite Knotenpunkt : 0,3602 Mm. vor der Hinterfläche der Linse ;
