identifier1	identifier2	annotator	judgment	comment	lemma
2532889X_1947-03-08_01_058.tcf.xml-22-1	2532889X_1951-12-20_01_089.tcf.xml-1-62	inferred	0	 	packen
2532889X_1947-03-08_01_058.tcf.xml-22-1	2532889X_1957-10-25_01_016.tcf.xml-7-30	inferred	0	 	packen
2532889X_1947-03-08_01_058.tcf.xml-22-1	2532889X_1959-03-25_01_085.tcf.xml-14-5	inferred	0	 	packen
2532889X_1947-03-08_01_058.tcf.xml-22-1	2532889X_1959-06-24_01_096.tcf.xml-61-1	inferred	0	 	packen
2532889X_1947-03-08_01_058.tcf.xml-22-1	2532889X_1966-07-31_01_255.tcf.xml-18-1	inferred	1	 	packen
2532889X_1947-03-08_01_058.tcf.xml-22-1	2532889X_1968-09-30_01_074.tcf.xml-75-0	inferred	0	 	packen
2532889X_1947-03-08_01_058.tcf.xml-22-1	2532889X_1971-02-04_01_156.tcf.xml-10-38	inferred	0	 	packen
2532889X_1947-03-08_01_058.tcf.xml-22-1	2532889X_1973-05-26_01_177.tcf.xml-23-91	inferred	0	 	packen
2532889X_1947-03-08_01_058.tcf.xml-22-1	2532889X_1980-09-06_01_222.tcf.xml-8-11	inferred	0	 	packen
2532889X_1947-03-08_01_058.tcf.xml-22-1	26120215_1951_10_11_01_176.tcf.xml-12-11	inferred	1	 	packen
2532889X_1947-03-08_01_058.tcf.xml-22-1	26120215_1952_09_26_01_041.tcf.xml-3-1	inferred	1	 	packen
2532889X_1947-03-08_01_058.tcf.xml-22-1	26120215_1953_03_22_01_033.tcf.xml-48-1	inferred	0	 	packen
2532889X_1947-03-08_01_058.tcf.xml-22-1	26120215_1965_04_09_01_070.tcf.xml-13-6	inferred	0	 	packen
2532889X_1947-03-08_01_058.tcf.xml-22-1	26120215_1971_07_04_01_404.tcf.xml-16-15	inferred	0	 	packen
2532889X_1947-03-08_01_058.tcf.xml-22-1	26120215_1972_10_05_01_152.tcf.xml-4-16	inferred	0	 	packen
2532889X_1947-03-08_01_058.tcf.xml-22-1	arnim_wunderhorn01_1806-826-9	inferred	1	 	packen
2532889X_1947-03-08_01_058.tcf.xml-22-1	bauer_buehnenleben_1871-3550-8	inferred	0	 	packen
2532889X_1947-03-08_01_058.tcf.xml-22-1	beck_eisen02_1895-7571-1	inferred	1	 	packen
2532889X_1947-03-08_01_058.tcf.xml-22-1	brehm_thierleben01_1864-5964-17	inferred	1	 	packen
2532889X_1947-03-08_01_058.tcf.xml-22-1	conradi_adam_1889-6908-36	inferred	1	 	packen
2532889X_1947-03-08_01_058.tcf.xml-22-1	engel_poetik_1806-2198-5	inferred	1	 	packen
2532889X_1947-03-08_01_058.tcf.xml-22-1	erbkam_tagebuch01_1842-2710-1	inferred	0	 	packen
2532889X_1947-03-08_01_058.tcf.xml-22-1	fouque_magie_1812-910-8	inferred	0	 	packen
2532889X_1947-03-08_01_058.tcf.xml-22-1	freud_hysterie_1895-2374-18	inferred	1	 	packen
2532889X_1947-03-08_01_058.tcf.xml-22-1	grimm_maerchen01_1819-518-8	inferred	1	 	packen
2532889X_1947-03-08_01_058.tcf.xml-22-1	grimm_maerchen01_1843-2930-41	inferred	1	 	packen
2532889X_1947-03-08_01_058.tcf.xml-22-1	grimm_maerchen01_1850-4604-25	inferred	1	 	packen
2532889X_1947-03-08_01_058.tcf.xml-22-1	grimm_maerchen02_1843-2534-14	inferred	1	 	packen
2532889X_1947-03-08_01_058.tcf.xml-22-1	grimm_maerchen02_1850-3493-14	inferred	1	 	packen
2532889X_1947-03-08_01_058.tcf.xml-22-1	humboldt_aequinoktial04_1859-1694-22	inferred	1	 	packen
2532889X_1947-03-08_01_058.tcf.xml-22-1	keller_sinngedicht_1882-2950-36	inferred	0	 	packen
2532889X_1947-03-08_01_058.tcf.xml-22-1	laube_europa0102_1833-494-21	inferred	0	 	packen
2532889X_1947-03-08_01_058.tcf.xml-22-1	pocci_komoedienbuechlein04_1871-646-2	inferred	1	 	packen
2532889X_1947-03-08_01_058.tcf.xml-22-1	rosenkranz_aesthetik_1853-1058-32	inferred	0	 	packen
2532889X_1947-03-08_01_058.tcf.xml-22-1	schwab_sagen01_1838-2542-7	inferred	1	 	packen
2532889X_1947-03-08_01_058.tcf.xml-22-1	stifter_nachsommer02_1857-1294-2	inferred	0	 	packen
2532889X_1947-03-08_01_058.tcf.xml-22-1	stifter_steine02_1853-1226-12	inferred	0	 	packen
2532889X_1947-03-08_01_058.tcf.xml-22-1	storm_schimmelreiter_1888-190-7	inferred	1	 	packen
2532889X_1947-03-08_01_058.tcf.xml-22-1	treitschke_geschichte04_1889-2227-4	inferred	0	 	packen
2532889X_1951-12-20_01_089.tcf.xml-1-62	2532889X_1957-10-25_01_016.tcf.xml-7-30	inferred	1	 	packen
2532889X_1951-12-20_01_089.tcf.xml-1-62	2532889X_1959-03-25_01_085.tcf.xml-14-5	inferred	1	 	packen
2532889X_1951-12-20_01_089.tcf.xml-1-62	2532889X_1959-06-24_01_096.tcf.xml-61-1	inferred	1	 	packen
2532889X_1951-12-20_01_089.tcf.xml-1-62	2532889X_1966-07-31_01_255.tcf.xml-18-1	inferred	0	 	packen
2532889X_1951-12-20_01_089.tcf.xml-1-62	2532889X_1968-09-30_01_074.tcf.xml-75-0	inferred	0	 	packen
2532889X_1951-12-20_01_089.tcf.xml-1-62	2532889X_1971-02-04_01_156.tcf.xml-10-38	inferred	1	 	packen
2532889X_1951-12-20_01_089.tcf.xml-1-62	2532889X_1973-05-26_01_177.tcf.xml-23-91	inferred	0	 	packen
2532889X_1951-12-20_01_089.tcf.xml-1-62	2532889X_1980-09-06_01_222.tcf.xml-8-11	inferred	0	 	packen
2532889X_1951-12-20_01_089.tcf.xml-1-62	26120215_1951_10_11_01_176.tcf.xml-12-11	inferred	0	 	packen
2532889X_1951-12-20_01_089.tcf.xml-1-62	26120215_1952_09_26_01_041.tcf.xml-3-1	inferred	0	 	packen
2532889X_1951-12-20_01_089.tcf.xml-1-62	26120215_1953_03_22_01_033.tcf.xml-48-1	inferred	1	 	packen
2532889X_1951-12-20_01_089.tcf.xml-1-62	26120215_1965_04_09_01_070.tcf.xml-13-6	inferred	0	 	packen
2532889X_1951-12-20_01_089.tcf.xml-1-62	26120215_1971_07_04_01_404.tcf.xml-16-15	inferred	0	 	packen
2532889X_1951-12-20_01_089.tcf.xml-1-62	26120215_1972_10_05_01_152.tcf.xml-4-16	inferred	1	 	packen
2532889X_1951-12-20_01_089.tcf.xml-1-62	arnim_wunderhorn01_1806-826-9	inferred	0	 	packen
2532889X_1951-12-20_01_089.tcf.xml-1-62	bauer_buehnenleben_1871-3550-8	inferred	1	 	packen
2532889X_1951-12-20_01_089.tcf.xml-1-62	beck_eisen02_1895-7571-1	inferred	0	 	packen
2532889X_1951-12-20_01_089.tcf.xml-1-62	brehm_thierleben01_1864-5964-17	inferred	0	 	packen
2532889X_1951-12-20_01_089.tcf.xml-1-62	conradi_adam_1889-6908-36	inferred	0	 	packen
2532889X_1951-12-20_01_089.tcf.xml-1-62	engel_poetik_1806-2198-5	inferred	0	 	packen
2532889X_1951-12-20_01_089.tcf.xml-1-62	erbkam_tagebuch01_1842-2710-1	inferred	1	 	packen
2532889X_1951-12-20_01_089.tcf.xml-1-62	fouque_magie_1812-910-8	inferred	1	 	packen
2532889X_1951-12-20_01_089.tcf.xml-1-62	freud_hysterie_1895-2374-18	inferred	0	 	packen
2532889X_1951-12-20_01_089.tcf.xml-1-62	grimm_maerchen01_1819-518-8	inferred	0	 	packen
2532889X_1951-12-20_01_089.tcf.xml-1-62	grimm_maerchen01_1843-2930-41	inferred	0	 	packen
2532889X_1951-12-20_01_089.tcf.xml-1-62	grimm_maerchen01_1850-4604-25	inferred	0	 	packen
2532889X_1951-12-20_01_089.tcf.xml-1-62	grimm_maerchen02_1843-2534-14	inferred	0	 	packen
2532889X_1951-12-20_01_089.tcf.xml-1-62	grimm_maerchen02_1850-3493-14	inferred	0	 	packen
2532889X_1951-12-20_01_089.tcf.xml-1-62	humboldt_aequinoktial04_1859-1694-22	inferred	0	 	packen
2532889X_1951-12-20_01_089.tcf.xml-1-62	keller_sinngedicht_1882-2950-36	inferred	1	 	packen
2532889X_1951-12-20_01_089.tcf.xml-1-62	laube_europa0102_1833-494-21	inferred	1	 	packen
2532889X_1951-12-20_01_089.tcf.xml-1-62	pocci_komoedienbuechlein04_1871-646-2	inferred	0	 	packen
2532889X_1951-12-20_01_089.tcf.xml-1-62	rosenkranz_aesthetik_1853-1058-32	inferred	0	 	packen
2532889X_1951-12-20_01_089.tcf.xml-1-62	schwab_sagen01_1838-2542-7	inferred	0	 	packen
2532889X_1951-12-20_01_089.tcf.xml-1-62	stifter_nachsommer02_1857-1294-2	inferred	1	 	packen
2532889X_1951-12-20_01_089.tcf.xml-1-62	stifter_steine02_1853-1226-12	inferred	1	 	packen
2532889X_1951-12-20_01_089.tcf.xml-1-62	storm_schimmelreiter_1888-190-7	inferred	0	 	packen
2532889X_1951-12-20_01_089.tcf.xml-1-62	treitschke_geschichte04_1889-2227-4	inferred	1	 	packen
2532889X_1957-10-25_01_016.tcf.xml-7-30	2532889X_1959-03-25_01_085.tcf.xml-14-5	inferred	1	 	packen
2532889X_1957-10-25_01_016.tcf.xml-7-30	2532889X_1959-06-24_01_096.tcf.xml-61-1	inferred	1	 	packen
2532889X_1957-10-25_01_016.tcf.xml-7-30	2532889X_1966-07-31_01_255.tcf.xml-18-1	inferred	0	 	packen
2532889X_1957-10-25_01_016.tcf.xml-7-30	2532889X_1968-09-30_01_074.tcf.xml-75-0	inferred	0	 	packen
2532889X_1957-10-25_01_016.tcf.xml-7-30	2532889X_1971-02-04_01_156.tcf.xml-10-38	inferred	1	 	packen
2532889X_1957-10-25_01_016.tcf.xml-7-30	2532889X_1973-05-26_01_177.tcf.xml-23-91	inferred	0	 	packen
2532889X_1957-10-25_01_016.tcf.xml-7-30	2532889X_1980-09-06_01_222.tcf.xml-8-11	inferred	0	 	packen
2532889X_1957-10-25_01_016.tcf.xml-7-30	26120215_1951_10_11_01_176.tcf.xml-12-11	inferred	0	 	packen
2532889X_1957-10-25_01_016.tcf.xml-7-30	26120215_1952_09_26_01_041.tcf.xml-3-1	inferred	0	 	packen
2532889X_1957-10-25_01_016.tcf.xml-7-30	26120215_1953_03_22_01_033.tcf.xml-48-1	inferred	1	 	packen
2532889X_1957-10-25_01_016.tcf.xml-7-30	26120215_1965_04_09_01_070.tcf.xml-13-6	inferred	0	 	packen
2532889X_1957-10-25_01_016.tcf.xml-7-30	26120215_1971_07_04_01_404.tcf.xml-16-15	inferred	0	 	packen
2532889X_1957-10-25_01_016.tcf.xml-7-30	26120215_1972_10_05_01_152.tcf.xml-4-16	inferred	1	 	packen
2532889X_1957-10-25_01_016.tcf.xml-7-30	arnim_wunderhorn01_1806-826-9	inferred	0	 	packen
2532889X_1957-10-25_01_016.tcf.xml-7-30	bauer_buehnenleben_1871-3550-8	inferred	1	 	packen
2532889X_1957-10-25_01_016.tcf.xml-7-30	beck_eisen02_1895-7571-1	inferred	0	 	packen
2532889X_1957-10-25_01_016.tcf.xml-7-30	brehm_thierleben01_1864-5964-17	inferred	0	 	packen
2532889X_1957-10-25_01_016.tcf.xml-7-30	conradi_adam_1889-6908-36	inferred	0	 	packen
2532889X_1957-10-25_01_016.tcf.xml-7-30	engel_poetik_1806-2198-5	inferred	0	 	packen
2532889X_1957-10-25_01_016.tcf.xml-7-30	erbkam_tagebuch01_1842-2710-1	inferred	1	 	packen
2532889X_1957-10-25_01_016.tcf.xml-7-30	fouque_magie_1812-910-8	inferred	1	 	packen
2532889X_1957-10-25_01_016.tcf.xml-7-30	freud_hysterie_1895-2374-18	inferred	0	 	packen
2532889X_1957-10-25_01_016.tcf.xml-7-30	grimm_maerchen01_1819-518-8	inferred	0	 	packen
2532889X_1957-10-25_01_016.tcf.xml-7-30	grimm_maerchen01_1843-2930-41	inferred	0	 	packen
2532889X_1957-10-25_01_016.tcf.xml-7-30	grimm_maerchen01_1850-4604-25	inferred	0	 	packen
2532889X_1957-10-25_01_016.tcf.xml-7-30	grimm_maerchen02_1843-2534-14	inferred	0	 	packen
2532889X_1957-10-25_01_016.tcf.xml-7-30	grimm_maerchen02_1850-3493-14	inferred	0	 	packen
2532889X_1957-10-25_01_016.tcf.xml-7-30	humboldt_aequinoktial04_1859-1694-22	inferred	0	 	packen
2532889X_1957-10-25_01_016.tcf.xml-7-30	keller_sinngedicht_1882-2950-36	inferred	1	 	packen
2532889X_1957-10-25_01_016.tcf.xml-7-30	laube_europa0102_1833-494-21	inferred	1	 	packen
2532889X_1957-10-25_01_016.tcf.xml-7-30	pocci_komoedienbuechlein04_1871-646-2	inferred	0	 	packen
2532889X_1957-10-25_01_016.tcf.xml-7-30	rosenkranz_aesthetik_1853-1058-32	inferred	0	 	packen
2532889X_1957-10-25_01_016.tcf.xml-7-30	schwab_sagen01_1838-2542-7	inferred	0	 	packen
2532889X_1957-10-25_01_016.tcf.xml-7-30	stifter_nachsommer02_1857-1294-2	inferred	1	 	packen
2532889X_1957-10-25_01_016.tcf.xml-7-30	stifter_steine02_1853-1226-12	inferred	1	 	packen
2532889X_1957-10-25_01_016.tcf.xml-7-30	storm_schimmelreiter_1888-190-7	inferred	0	 	packen
2532889X_1957-10-25_01_016.tcf.xml-7-30	treitschke_geschichte04_1889-2227-4	inferred	1	 	packen
2532889X_1959-03-25_01_085.tcf.xml-14-5	2532889X_1959-06-24_01_096.tcf.xml-61-1	inferred	1	 	packen
2532889X_1959-03-25_01_085.tcf.xml-14-5	2532889X_1966-07-31_01_255.tcf.xml-18-1	inferred	0	 	packen
2532889X_1959-03-25_01_085.tcf.xml-14-5	2532889X_1968-09-30_01_074.tcf.xml-75-0	inferred	0	 	packen
2532889X_1959-03-25_01_085.tcf.xml-14-5	2532889X_1971-02-04_01_156.tcf.xml-10-38	inferred	1	 	packen
2532889X_1959-03-25_01_085.tcf.xml-14-5	2532889X_1973-05-26_01_177.tcf.xml-23-91	inferred	0	 	packen
2532889X_1959-03-25_01_085.tcf.xml-14-5	2532889X_1980-09-06_01_222.tcf.xml-8-11	inferred	0	 	packen
2532889X_1959-03-25_01_085.tcf.xml-14-5	26120215_1951_10_11_01_176.tcf.xml-12-11	inferred	0	 	packen
2532889X_1959-03-25_01_085.tcf.xml-14-5	26120215_1952_09_26_01_041.tcf.xml-3-1	inferred	0	 	packen
2532889X_1959-03-25_01_085.tcf.xml-14-5	26120215_1953_03_22_01_033.tcf.xml-48-1	inferred	1	 	packen
2532889X_1959-03-25_01_085.tcf.xml-14-5	26120215_1965_04_09_01_070.tcf.xml-13-6	inferred	0	 	packen
2532889X_1959-03-25_01_085.tcf.xml-14-5	26120215_1971_07_04_01_404.tcf.xml-16-15	inferred	0	 	packen
2532889X_1959-03-25_01_085.tcf.xml-14-5	26120215_1972_10_05_01_152.tcf.xml-4-16	inferred	1	 	packen
2532889X_1959-03-25_01_085.tcf.xml-14-5	arnim_wunderhorn01_1806-826-9	inferred	0	 	packen
2532889X_1959-03-25_01_085.tcf.xml-14-5	bauer_buehnenleben_1871-3550-8	inferred	1	 	packen
2532889X_1959-03-25_01_085.tcf.xml-14-5	beck_eisen02_1895-7571-1	inferred	0	 	packen
2532889X_1959-03-25_01_085.tcf.xml-14-5	brehm_thierleben01_1864-5964-17	inferred	0	 	packen
2532889X_1959-03-25_01_085.tcf.xml-14-5	conradi_adam_1889-6908-36	inferred	0	 	packen
2532889X_1959-03-25_01_085.tcf.xml-14-5	engel_poetik_1806-2198-5	inferred	0	 	packen
2532889X_1959-03-25_01_085.tcf.xml-14-5	erbkam_tagebuch01_1842-2710-1	inferred	1	 	packen
2532889X_1959-03-25_01_085.tcf.xml-14-5	fouque_magie_1812-910-8	inferred	1	 	packen
2532889X_1959-03-25_01_085.tcf.xml-14-5	freud_hysterie_1895-2374-18	inferred	0	 	packen
2532889X_1959-03-25_01_085.tcf.xml-14-5	grimm_maerchen01_1819-518-8	inferred	0	 	packen
2532889X_1959-03-25_01_085.tcf.xml-14-5	grimm_maerchen01_1843-2930-41	inferred	0	 	packen
2532889X_1959-03-25_01_085.tcf.xml-14-5	grimm_maerchen01_1850-4604-25	inferred	0	 	packen
2532889X_1959-03-25_01_085.tcf.xml-14-5	grimm_maerchen02_1843-2534-14	inferred	0	 	packen
2532889X_1959-03-25_01_085.tcf.xml-14-5	grimm_maerchen02_1850-3493-14	inferred	0	 	packen
2532889X_1959-03-25_01_085.tcf.xml-14-5	humboldt_aequinoktial04_1859-1694-22	inferred	0	 	packen
2532889X_1959-03-25_01_085.tcf.xml-14-5	keller_sinngedicht_1882-2950-36	inferred	1	 	packen
2532889X_1959-03-25_01_085.tcf.xml-14-5	laube_europa0102_1833-494-21	inferred	1	 	packen
2532889X_1959-03-25_01_085.tcf.xml-14-5	pocci_komoedienbuechlein04_1871-646-2	inferred	0	 	packen
2532889X_1959-03-25_01_085.tcf.xml-14-5	rosenkranz_aesthetik_1853-1058-32	inferred	0	 	packen
2532889X_1959-03-25_01_085.tcf.xml-14-5	schwab_sagen01_1838-2542-7	inferred	0	 	packen
2532889X_1959-03-25_01_085.tcf.xml-14-5	stifter_nachsommer02_1857-1294-2	inferred	1	 	packen
2532889X_1959-03-25_01_085.tcf.xml-14-5	stifter_steine02_1853-1226-12	inferred	1	 	packen
2532889X_1959-03-25_01_085.tcf.xml-14-5	storm_schimmelreiter_1888-190-7	inferred	0	 	packen
2532889X_1959-03-25_01_085.tcf.xml-14-5	treitschke_geschichte04_1889-2227-4	inferred	1	 	packen
2532889X_1959-06-24_01_096.tcf.xml-61-1	2532889X_1966-07-31_01_255.tcf.xml-18-1	inferred	0	 	packen
2532889X_1959-06-24_01_096.tcf.xml-61-1	2532889X_1968-09-30_01_074.tcf.xml-75-0	inferred	0	 	packen
2532889X_1959-06-24_01_096.tcf.xml-61-1	2532889X_1971-02-04_01_156.tcf.xml-10-38	inferred	1	 	packen
2532889X_1959-06-24_01_096.tcf.xml-61-1	2532889X_1973-05-26_01_177.tcf.xml-23-91	inferred	0	 	packen
2532889X_1959-06-24_01_096.tcf.xml-61-1	2532889X_1980-09-06_01_222.tcf.xml-8-11	inferred	0	 	packen
2532889X_1959-06-24_01_096.tcf.xml-61-1	26120215_1951_10_11_01_176.tcf.xml-12-11	inferred	0	 	packen
2532889X_1959-06-24_01_096.tcf.xml-61-1	26120215_1952_09_26_01_041.tcf.xml-3-1	inferred	0	 	packen
2532889X_1959-06-24_01_096.tcf.xml-61-1	26120215_1953_03_22_01_033.tcf.xml-48-1	inferred	1	 	packen
2532889X_1959-06-24_01_096.tcf.xml-61-1	26120215_1965_04_09_01_070.tcf.xml-13-6	inferred	0	 	packen
2532889X_1959-06-24_01_096.tcf.xml-61-1	26120215_1971_07_04_01_404.tcf.xml-16-15	inferred	0	 	packen
2532889X_1959-06-24_01_096.tcf.xml-61-1	26120215_1972_10_05_01_152.tcf.xml-4-16	inferred	1	 	packen
2532889X_1959-06-24_01_096.tcf.xml-61-1	arnim_wunderhorn01_1806-826-9	inferred	0	 	packen
2532889X_1959-06-24_01_096.tcf.xml-61-1	bauer_buehnenleben_1871-3550-8	inferred	1	 	packen
2532889X_1959-06-24_01_096.tcf.xml-61-1	beck_eisen02_1895-7571-1	inferred	0	 	packen
2532889X_1959-06-24_01_096.tcf.xml-61-1	brehm_thierleben01_1864-5964-17	inferred	0	 	packen
2532889X_1959-06-24_01_096.tcf.xml-61-1	conradi_adam_1889-6908-36	inferred	0	 	packen
2532889X_1959-06-24_01_096.tcf.xml-61-1	engel_poetik_1806-2198-5	inferred	0	 	packen
2532889X_1959-06-24_01_096.tcf.xml-61-1	erbkam_tagebuch01_1842-2710-1	inferred	1	 	packen
2532889X_1959-06-24_01_096.tcf.xml-61-1	fouque_magie_1812-910-8	inferred	1	 	packen
2532889X_1959-06-24_01_096.tcf.xml-61-1	freud_hysterie_1895-2374-18	inferred	0	 	packen
2532889X_1959-06-24_01_096.tcf.xml-61-1	grimm_maerchen01_1819-518-8	inferred	0	 	packen
2532889X_1959-06-24_01_096.tcf.xml-61-1	grimm_maerchen01_1843-2930-41	inferred	0	 	packen
2532889X_1959-06-24_01_096.tcf.xml-61-1	grimm_maerchen01_1850-4604-25	inferred	0	 	packen
2532889X_1959-06-24_01_096.tcf.xml-61-1	grimm_maerchen02_1843-2534-14	inferred	0	 	packen
2532889X_1959-06-24_01_096.tcf.xml-61-1	grimm_maerchen02_1850-3493-14	inferred	0	 	packen
2532889X_1959-06-24_01_096.tcf.xml-61-1	humboldt_aequinoktial04_1859-1694-22	inferred	0	 	packen
2532889X_1959-06-24_01_096.tcf.xml-61-1	keller_sinngedicht_1882-2950-36	inferred	1	 	packen
2532889X_1959-06-24_01_096.tcf.xml-61-1	laube_europa0102_1833-494-21	inferred	1	 	packen
2532889X_1959-06-24_01_096.tcf.xml-61-1	pocci_komoedienbuechlein04_1871-646-2	inferred	0	 	packen
2532889X_1959-06-24_01_096.tcf.xml-61-1	rosenkranz_aesthetik_1853-1058-32	inferred	0	 	packen
2532889X_1959-06-24_01_096.tcf.xml-61-1	schwab_sagen01_1838-2542-7	inferred	0	 	packen
2532889X_1959-06-24_01_096.tcf.xml-61-1	stifter_nachsommer02_1857-1294-2	inferred	1	 	packen
2532889X_1959-06-24_01_096.tcf.xml-61-1	stifter_steine02_1853-1226-12	inferred	1	 	packen
2532889X_1959-06-24_01_096.tcf.xml-61-1	storm_schimmelreiter_1888-190-7	inferred	0	 	packen
2532889X_1959-06-24_01_096.tcf.xml-61-1	treitschke_geschichte04_1889-2227-4	inferred	1	 	packen
2532889X_1966-07-31_01_255.tcf.xml-18-1	2532889X_1968-09-30_01_074.tcf.xml-75-0	inferred	0	 	packen
2532889X_1966-07-31_01_255.tcf.xml-18-1	2532889X_1971-02-04_01_156.tcf.xml-10-38	inferred	0	 	packen
2532889X_1966-07-31_01_255.tcf.xml-18-1	2532889X_1973-05-26_01_177.tcf.xml-23-91	inferred	0	 	packen
2532889X_1966-07-31_01_255.tcf.xml-18-1	2532889X_1980-09-06_01_222.tcf.xml-8-11	inferred	0	 	packen
2532889X_1966-07-31_01_255.tcf.xml-18-1	26120215_1951_10_11_01_176.tcf.xml-12-11	inferred	1	 	packen
2532889X_1966-07-31_01_255.tcf.xml-18-1	26120215_1952_09_26_01_041.tcf.xml-3-1	inferred	1	 	packen
2532889X_1966-07-31_01_255.tcf.xml-18-1	26120215_1953_03_22_01_033.tcf.xml-48-1	inferred	0	 	packen
2532889X_1966-07-31_01_255.tcf.xml-18-1	26120215_1965_04_09_01_070.tcf.xml-13-6	inferred	0	 	packen
2532889X_1966-07-31_01_255.tcf.xml-18-1	26120215_1971_07_04_01_404.tcf.xml-16-15	inferred	0	 	packen
2532889X_1966-07-31_01_255.tcf.xml-18-1	26120215_1972_10_05_01_152.tcf.xml-4-16	inferred	0	 	packen
2532889X_1966-07-31_01_255.tcf.xml-18-1	arnim_wunderhorn01_1806-826-9	inferred	1	 	packen
2532889X_1966-07-31_01_255.tcf.xml-18-1	bauer_buehnenleben_1871-3550-8	inferred	0	 	packen
2532889X_1966-07-31_01_255.tcf.xml-18-1	beck_eisen02_1895-7571-1	inferred	1	 	packen
2532889X_1966-07-31_01_255.tcf.xml-18-1	brehm_thierleben01_1864-5964-17	inferred	1	 	packen
2532889X_1966-07-31_01_255.tcf.xml-18-1	conradi_adam_1889-6908-36	inferred	1	 	packen
2532889X_1966-07-31_01_255.tcf.xml-18-1	engel_poetik_1806-2198-5	inferred	1	 	packen
2532889X_1966-07-31_01_255.tcf.xml-18-1	erbkam_tagebuch01_1842-2710-1	inferred	0	 	packen
2532889X_1966-07-31_01_255.tcf.xml-18-1	fouque_magie_1812-910-8	inferred	0	 	packen
2532889X_1966-07-31_01_255.tcf.xml-18-1	freud_hysterie_1895-2374-18	inferred	1	 	packen
2532889X_1966-07-31_01_255.tcf.xml-18-1	grimm_maerchen01_1819-518-8	inferred	1	 	packen
2532889X_1966-07-31_01_255.tcf.xml-18-1	grimm_maerchen01_1843-2930-41	inferred	1	 	packen
2532889X_1966-07-31_01_255.tcf.xml-18-1	grimm_maerchen01_1850-4604-25	inferred	1	 	packen
2532889X_1966-07-31_01_255.tcf.xml-18-1	grimm_maerchen02_1843-2534-14	inferred	1	 	packen
2532889X_1966-07-31_01_255.tcf.xml-18-1	grimm_maerchen02_1850-3493-14	inferred	1	 	packen
2532889X_1966-07-31_01_255.tcf.xml-18-1	humboldt_aequinoktial04_1859-1694-22	inferred	1	 	packen
2532889X_1966-07-31_01_255.tcf.xml-18-1	keller_sinngedicht_1882-2950-36	inferred	0	 	packen
2532889X_1966-07-31_01_255.tcf.xml-18-1	laube_europa0102_1833-494-21	inferred	0	 	packen
2532889X_1966-07-31_01_255.tcf.xml-18-1	pocci_komoedienbuechlein04_1871-646-2	inferred	1	 	packen
2532889X_1966-07-31_01_255.tcf.xml-18-1	rosenkranz_aesthetik_1853-1058-32	inferred	0	 	packen
2532889X_1966-07-31_01_255.tcf.xml-18-1	schwab_sagen01_1838-2542-7	inferred	1	 	packen
2532889X_1966-07-31_01_255.tcf.xml-18-1	stifter_nachsommer02_1857-1294-2	inferred	0	 	packen
2532889X_1966-07-31_01_255.tcf.xml-18-1	stifter_steine02_1853-1226-12	inferred	0	 	packen
2532889X_1966-07-31_01_255.tcf.xml-18-1	storm_schimmelreiter_1888-190-7	inferred	1	 	packen
2532889X_1966-07-31_01_255.tcf.xml-18-1	treitschke_geschichte04_1889-2227-4	inferred	0	 	packen
2532889X_1968-09-30_01_074.tcf.xml-75-0	2532889X_1971-02-04_01_156.tcf.xml-10-38	inferred	0	 	packen
2532889X_1968-09-30_01_074.tcf.xml-75-0	2532889X_1973-05-26_01_177.tcf.xml-23-91	inferred	1	 	packen
2532889X_1968-09-30_01_074.tcf.xml-75-0	2532889X_1980-09-06_01_222.tcf.xml-8-11	inferred	1	 	packen
2532889X_1968-09-30_01_074.tcf.xml-75-0	26120215_1951_10_11_01_176.tcf.xml-12-11	inferred	0	 	packen
2532889X_1968-09-30_01_074.tcf.xml-75-0	26120215_1952_09_26_01_041.tcf.xml-3-1	inferred	0	 	packen
2532889X_1968-09-30_01_074.tcf.xml-75-0	26120215_1953_03_22_01_033.tcf.xml-48-1	inferred	0	 	packen
2532889X_1968-09-30_01_074.tcf.xml-75-0	26120215_1965_04_09_01_070.tcf.xml-13-6	inferred	1	 	packen
2532889X_1968-09-30_01_074.tcf.xml-75-0	26120215_1971_07_04_01_404.tcf.xml-16-15	inferred	1	 	packen
2532889X_1968-09-30_01_074.tcf.xml-75-0	26120215_1972_10_05_01_152.tcf.xml-4-16	inferred	0	 	packen
2532889X_1968-09-30_01_074.tcf.xml-75-0	arnim_wunderhorn01_1806-826-9	inferred	0	 	packen
2532889X_1968-09-30_01_074.tcf.xml-75-0	bauer_buehnenleben_1871-3550-8	inferred	0	 	packen
2532889X_1968-09-30_01_074.tcf.xml-75-0	beck_eisen02_1895-7571-1	inferred	0	 	packen
2532889X_1968-09-30_01_074.tcf.xml-75-0	brehm_thierleben01_1864-5964-17	inferred	0	 	packen
2532889X_1968-09-30_01_074.tcf.xml-75-0	conradi_adam_1889-6908-36	inferred	0	 	packen
2532889X_1968-09-30_01_074.tcf.xml-75-0	engel_poetik_1806-2198-5	inferred	0	 	packen
2532889X_1968-09-30_01_074.tcf.xml-75-0	erbkam_tagebuch01_1842-2710-1	inferred	0	 	packen
2532889X_1968-09-30_01_074.tcf.xml-75-0	fouque_magie_1812-910-8	inferred	0	 	packen
2532889X_1968-09-30_01_074.tcf.xml-75-0	freud_hysterie_1895-2374-18	inferred	0	 	packen
2532889X_1968-09-30_01_074.tcf.xml-75-0	grimm_maerchen01_1819-518-8	inferred	0	 	packen
2532889X_1968-09-30_01_074.tcf.xml-75-0	grimm_maerchen01_1843-2930-41	inferred	0	 	packen
2532889X_1968-09-30_01_074.tcf.xml-75-0	grimm_maerchen01_1850-4604-25	inferred	0	 	packen
2532889X_1968-09-30_01_074.tcf.xml-75-0	grimm_maerchen02_1843-2534-14	inferred	0	 	packen
2532889X_1968-09-30_01_074.tcf.xml-75-0	grimm_maerchen02_1850-3493-14	inferred	0	 	packen
2532889X_1968-09-30_01_074.tcf.xml-75-0	humboldt_aequinoktial04_1859-1694-22	inferred	0	 	packen
2532889X_1968-09-30_01_074.tcf.xml-75-0	keller_sinngedicht_1882-2950-36	inferred	0	 	packen
2532889X_1968-09-30_01_074.tcf.xml-75-0	laube_europa0102_1833-494-21	inferred	0	 	packen
2532889X_1968-09-30_01_074.tcf.xml-75-0	pocci_komoedienbuechlein04_1871-646-2	inferred	0	 	packen
2532889X_1968-09-30_01_074.tcf.xml-75-0	rosenkranz_aesthetik_1853-1058-32	inferred	1	 	packen
2532889X_1968-09-30_01_074.tcf.xml-75-0	schwab_sagen01_1838-2542-7	inferred	0	 	packen
2532889X_1968-09-30_01_074.tcf.xml-75-0	stifter_nachsommer02_1857-1294-2	inferred	0	 	packen
2532889X_1968-09-30_01_074.tcf.xml-75-0	stifter_steine02_1853-1226-12	inferred	0	 	packen
2532889X_1968-09-30_01_074.tcf.xml-75-0	storm_schimmelreiter_1888-190-7	inferred	0	 	packen
2532889X_1968-09-30_01_074.tcf.xml-75-0	treitschke_geschichte04_1889-2227-4	inferred	0	 	packen
2532889X_1971-02-04_01_156.tcf.xml-10-38	2532889X_1973-05-26_01_177.tcf.xml-23-91	inferred	0	 	packen
2532889X_1971-02-04_01_156.tcf.xml-10-38	2532889X_1980-09-06_01_222.tcf.xml-8-11	inferred	0	 	packen
2532889X_1971-02-04_01_156.tcf.xml-10-38	26120215_1951_10_11_01_176.tcf.xml-12-11	inferred	0	 	packen
2532889X_1971-02-04_01_156.tcf.xml-10-38	26120215_1952_09_26_01_041.tcf.xml-3-1	inferred	0	 	packen
2532889X_1971-02-04_01_156.tcf.xml-10-38	26120215_1953_03_22_01_033.tcf.xml-48-1	inferred	1	 	packen
2532889X_1971-02-04_01_156.tcf.xml-10-38	26120215_1965_04_09_01_070.tcf.xml-13-6	inferred	0	 	packen
2532889X_1971-02-04_01_156.tcf.xml-10-38	26120215_1971_07_04_01_404.tcf.xml-16-15	inferred	0	 	packen
2532889X_1971-02-04_01_156.tcf.xml-10-38	26120215_1972_10_05_01_152.tcf.xml-4-16	inferred	1	 	packen
2532889X_1971-02-04_01_156.tcf.xml-10-38	arnim_wunderhorn01_1806-826-9	inferred	0	 	packen
2532889X_1971-02-04_01_156.tcf.xml-10-38	bauer_buehnenleben_1871-3550-8	inferred	1	 	packen
2532889X_1971-02-04_01_156.tcf.xml-10-38	beck_eisen02_1895-7571-1	inferred	0	 	packen
2532889X_1971-02-04_01_156.tcf.xml-10-38	brehm_thierleben01_1864-5964-17	inferred	0	 	packen
2532889X_1971-02-04_01_156.tcf.xml-10-38	conradi_adam_1889-6908-36	inferred	0	 	packen
2532889X_1971-02-04_01_156.tcf.xml-10-38	engel_poetik_1806-2198-5	inferred	0	 	packen
2532889X_1971-02-04_01_156.tcf.xml-10-38	erbkam_tagebuch01_1842-2710-1	inferred	1	 	packen
2532889X_1971-02-04_01_156.tcf.xml-10-38	fouque_magie_1812-910-8	inferred	1	 	packen
2532889X_1971-02-04_01_156.tcf.xml-10-38	freud_hysterie_1895-2374-18	inferred	0	 	packen
2532889X_1971-02-04_01_156.tcf.xml-10-38	grimm_maerchen01_1819-518-8	inferred	0	 	packen
2532889X_1971-02-04_01_156.tcf.xml-10-38	grimm_maerchen01_1843-2930-41	inferred	0	 	packen
2532889X_1971-02-04_01_156.tcf.xml-10-38	grimm_maerchen01_1850-4604-25	inferred	0	 	packen
2532889X_1971-02-04_01_156.tcf.xml-10-38	grimm_maerchen02_1843-2534-14	inferred	0	 	packen
2532889X_1971-02-04_01_156.tcf.xml-10-38	grimm_maerchen02_1850-3493-14	inferred	0	 	packen
2532889X_1971-02-04_01_156.tcf.xml-10-38	humboldt_aequinoktial04_1859-1694-22	inferred	0	 	packen
2532889X_1971-02-04_01_156.tcf.xml-10-38	keller_sinngedicht_1882-2950-36	inferred	1	 	packen
2532889X_1971-02-04_01_156.tcf.xml-10-38	laube_europa0102_1833-494-21	inferred	1	 	packen
2532889X_1971-02-04_01_156.tcf.xml-10-38	pocci_komoedienbuechlein04_1871-646-2	inferred	0	 	packen
2532889X_1971-02-04_01_156.tcf.xml-10-38	rosenkranz_aesthetik_1853-1058-32	inferred	0	 	packen
2532889X_1971-02-04_01_156.tcf.xml-10-38	schwab_sagen01_1838-2542-7	inferred	0	 	packen
2532889X_1971-02-04_01_156.tcf.xml-10-38	stifter_nachsommer02_1857-1294-2	inferred	1	 	packen
2532889X_1971-02-04_01_156.tcf.xml-10-38	stifter_steine02_1853-1226-12	inferred	1	 	packen
2532889X_1971-02-04_01_156.tcf.xml-10-38	storm_schimmelreiter_1888-190-7	inferred	0	 	packen
2532889X_1971-02-04_01_156.tcf.xml-10-38	treitschke_geschichte04_1889-2227-4	inferred	1	 	packen
2532889X_1973-05-26_01_177.tcf.xml-23-91	2532889X_1980-09-06_01_222.tcf.xml-8-11	inferred	1	 	packen
2532889X_1973-05-26_01_177.tcf.xml-23-91	26120215_1951_10_11_01_176.tcf.xml-12-11	inferred	0	 	packen
2532889X_1973-05-26_01_177.tcf.xml-23-91	26120215_1952_09_26_01_041.tcf.xml-3-1	inferred	0	 	packen
2532889X_1973-05-26_01_177.tcf.xml-23-91	26120215_1953_03_22_01_033.tcf.xml-48-1	inferred	0	 	packen
2532889X_1973-05-26_01_177.tcf.xml-23-91	26120215_1965_04_09_01_070.tcf.xml-13-6	inferred	1	 	packen
2532889X_1973-05-26_01_177.tcf.xml-23-91	26120215_1971_07_04_01_404.tcf.xml-16-15	inferred	1	 	packen
2532889X_1973-05-26_01_177.tcf.xml-23-91	26120215_1972_10_05_01_152.tcf.xml-4-16	inferred	0	 	packen
2532889X_1973-05-26_01_177.tcf.xml-23-91	arnim_wunderhorn01_1806-826-9	inferred	0	 	packen
2532889X_1973-05-26_01_177.tcf.xml-23-91	bauer_buehnenleben_1871-3550-8	inferred	0	 	packen
2532889X_1973-05-26_01_177.tcf.xml-23-91	beck_eisen02_1895-7571-1	inferred	0	 	packen
2532889X_1973-05-26_01_177.tcf.xml-23-91	brehm_thierleben01_1864-5964-17	inferred	0	 	packen
2532889X_1973-05-26_01_177.tcf.xml-23-91	conradi_adam_1889-6908-36	inferred	0	 	packen
2532889X_1973-05-26_01_177.tcf.xml-23-91	engel_poetik_1806-2198-5	inferred	0	 	packen
2532889X_1973-05-26_01_177.tcf.xml-23-91	erbkam_tagebuch01_1842-2710-1	inferred	0	 	packen
2532889X_1973-05-26_01_177.tcf.xml-23-91	fouque_magie_1812-910-8	inferred	0	 	packen
2532889X_1973-05-26_01_177.tcf.xml-23-91	freud_hysterie_1895-2374-18	inferred	0	 	packen
2532889X_1973-05-26_01_177.tcf.xml-23-91	grimm_maerchen01_1819-518-8	inferred	0	 	packen
2532889X_1973-05-26_01_177.tcf.xml-23-91	grimm_maerchen01_1843-2930-41	inferred	0	 	packen
2532889X_1973-05-26_01_177.tcf.xml-23-91	grimm_maerchen01_1850-4604-25	inferred	0	 	packen
2532889X_1973-05-26_01_177.tcf.xml-23-91	grimm_maerchen02_1843-2534-14	inferred	0	 	packen
2532889X_1973-05-26_01_177.tcf.xml-23-91	grimm_maerchen02_1850-3493-14	inferred	0	 	packen
2532889X_1973-05-26_01_177.tcf.xml-23-91	humboldt_aequinoktial04_1859-1694-22	inferred	0	 	packen
2532889X_1973-05-26_01_177.tcf.xml-23-91	keller_sinngedicht_1882-2950-36	inferred	0	 	packen
2532889X_1973-05-26_01_177.tcf.xml-23-91	laube_europa0102_1833-494-21	inferred	0	 	packen
2532889X_1973-05-26_01_177.tcf.xml-23-91	pocci_komoedienbuechlein04_1871-646-2	inferred	0	 	packen
2532889X_1973-05-26_01_177.tcf.xml-23-91	rosenkranz_aesthetik_1853-1058-32	inferred	1	 	packen
2532889X_1973-05-26_01_177.tcf.xml-23-91	schwab_sagen01_1838-2542-7	inferred	0	 	packen
2532889X_1973-05-26_01_177.tcf.xml-23-91	stifter_nachsommer02_1857-1294-2	inferred	0	 	packen
2532889X_1973-05-26_01_177.tcf.xml-23-91	stifter_steine02_1853-1226-12	inferred	0	 	packen
2532889X_1973-05-26_01_177.tcf.xml-23-91	storm_schimmelreiter_1888-190-7	inferred	0	 	packen
2532889X_1973-05-26_01_177.tcf.xml-23-91	treitschke_geschichte04_1889-2227-4	inferred	0	 	packen
2532889X_1980-09-06_01_222.tcf.xml-8-11	26120215_1951_10_11_01_176.tcf.xml-12-11	inferred	0	 	packen
2532889X_1980-09-06_01_222.tcf.xml-8-11	26120215_1952_09_26_01_041.tcf.xml-3-1	inferred	0	 	packen
2532889X_1980-09-06_01_222.tcf.xml-8-11	26120215_1953_03_22_01_033.tcf.xml-48-1	inferred	0	 	packen
2532889X_1980-09-06_01_222.tcf.xml-8-11	26120215_1965_04_09_01_070.tcf.xml-13-6	inferred	1	 	packen
2532889X_1980-09-06_01_222.tcf.xml-8-11	26120215_1971_07_04_01_404.tcf.xml-16-15	inferred	1	 	packen
2532889X_1980-09-06_01_222.tcf.xml-8-11	26120215_1972_10_05_01_152.tcf.xml-4-16	inferred	0	 	packen
2532889X_1980-09-06_01_222.tcf.xml-8-11	arnim_wunderhorn01_1806-826-9	inferred	0	 	packen
2532889X_1980-09-06_01_222.tcf.xml-8-11	bauer_buehnenleben_1871-3550-8	inferred	0	 	packen
2532889X_1980-09-06_01_222.tcf.xml-8-11	beck_eisen02_1895-7571-1	inferred	0	 	packen
2532889X_1980-09-06_01_222.tcf.xml-8-11	brehm_thierleben01_1864-5964-17	inferred	0	 	packen
2532889X_1980-09-06_01_222.tcf.xml-8-11	conradi_adam_1889-6908-36	inferred	0	 	packen
2532889X_1980-09-06_01_222.tcf.xml-8-11	engel_poetik_1806-2198-5	inferred	0	 	packen
2532889X_1980-09-06_01_222.tcf.xml-8-11	erbkam_tagebuch01_1842-2710-1	inferred	0	 	packen
2532889X_1980-09-06_01_222.tcf.xml-8-11	fouque_magie_1812-910-8	inferred	0	 	packen
2532889X_1980-09-06_01_222.tcf.xml-8-11	freud_hysterie_1895-2374-18	inferred	0	 	packen
2532889X_1980-09-06_01_222.tcf.xml-8-11	grimm_maerchen01_1819-518-8	inferred	0	 	packen
2532889X_1980-09-06_01_222.tcf.xml-8-11	grimm_maerchen01_1843-2930-41	inferred	0	 	packen
2532889X_1980-09-06_01_222.tcf.xml-8-11	grimm_maerchen01_1850-4604-25	inferred	0	 	packen
2532889X_1980-09-06_01_222.tcf.xml-8-11	grimm_maerchen02_1843-2534-14	inferred	0	 	packen
2532889X_1980-09-06_01_222.tcf.xml-8-11	grimm_maerchen02_1850-3493-14	inferred	0	 	packen
2532889X_1980-09-06_01_222.tcf.xml-8-11	humboldt_aequinoktial04_1859-1694-22	inferred	0	 	packen
2532889X_1980-09-06_01_222.tcf.xml-8-11	keller_sinngedicht_1882-2950-36	inferred	0	 	packen
2532889X_1980-09-06_01_222.tcf.xml-8-11	laube_europa0102_1833-494-21	inferred	0	 	packen
2532889X_1980-09-06_01_222.tcf.xml-8-11	pocci_komoedienbuechlein04_1871-646-2	inferred	0	 	packen
2532889X_1980-09-06_01_222.tcf.xml-8-11	rosenkranz_aesthetik_1853-1058-32	inferred	1	 	packen
2532889X_1980-09-06_01_222.tcf.xml-8-11	schwab_sagen01_1838-2542-7	inferred	0	 	packen
2532889X_1980-09-06_01_222.tcf.xml-8-11	stifter_nachsommer02_1857-1294-2	inferred	0	 	packen
2532889X_1980-09-06_01_222.tcf.xml-8-11	stifter_steine02_1853-1226-12	inferred	0	 	packen
2532889X_1980-09-06_01_222.tcf.xml-8-11	storm_schimmelreiter_1888-190-7	inferred	0	 	packen
2532889X_1980-09-06_01_222.tcf.xml-8-11	treitschke_geschichte04_1889-2227-4	inferred	0	 	packen
26120215_1951_10_11_01_176.tcf.xml-12-11	26120215_1952_09_26_01_041.tcf.xml-3-1	inferred	1	 	packen
26120215_1951_10_11_01_176.tcf.xml-12-11	26120215_1953_03_22_01_033.tcf.xml-48-1	inferred	0	 	packen
26120215_1951_10_11_01_176.tcf.xml-12-11	26120215_1965_04_09_01_070.tcf.xml-13-6	inferred	0	 	packen
26120215_1951_10_11_01_176.tcf.xml-12-11	26120215_1971_07_04_01_404.tcf.xml-16-15	inferred	0	 	packen
26120215_1951_10_11_01_176.tcf.xml-12-11	26120215_1972_10_05_01_152.tcf.xml-4-16	inferred	0	 	packen
26120215_1951_10_11_01_176.tcf.xml-12-11	arnim_wunderhorn01_1806-826-9	inferred	1	 	packen
26120215_1951_10_11_01_176.tcf.xml-12-11	bauer_buehnenleben_1871-3550-8	inferred	0	 	packen
26120215_1951_10_11_01_176.tcf.xml-12-11	beck_eisen02_1895-7571-1	inferred	1	 	packen
26120215_1951_10_11_01_176.tcf.xml-12-11	brehm_thierleben01_1864-5964-17	inferred	1	 	packen
26120215_1951_10_11_01_176.tcf.xml-12-11	conradi_adam_1889-6908-36	inferred	1	 	packen
26120215_1951_10_11_01_176.tcf.xml-12-11	engel_poetik_1806-2198-5	inferred	1	 	packen
26120215_1951_10_11_01_176.tcf.xml-12-11	erbkam_tagebuch01_1842-2710-1	inferred	0	 	packen
26120215_1951_10_11_01_176.tcf.xml-12-11	fouque_magie_1812-910-8	inferred	0	 	packen
26120215_1951_10_11_01_176.tcf.xml-12-11	freud_hysterie_1895-2374-18	inferred	1	 	packen
26120215_1951_10_11_01_176.tcf.xml-12-11	grimm_maerchen01_1819-518-8	inferred	1	 	packen
26120215_1951_10_11_01_176.tcf.xml-12-11	grimm_maerchen01_1843-2930-41	inferred	1	 	packen
26120215_1951_10_11_01_176.tcf.xml-12-11	grimm_maerchen01_1850-4604-25	inferred	1	 	packen
26120215_1951_10_11_01_176.tcf.xml-12-11	grimm_maerchen02_1843-2534-14	inferred	1	 	packen
26120215_1951_10_11_01_176.tcf.xml-12-11	grimm_maerchen02_1850-3493-14	inferred	1	 	packen
26120215_1951_10_11_01_176.tcf.xml-12-11	humboldt_aequinoktial04_1859-1694-22	inferred	1	 	packen
26120215_1951_10_11_01_176.tcf.xml-12-11	keller_sinngedicht_1882-2950-36	inferred	0	 	packen
26120215_1951_10_11_01_176.tcf.xml-12-11	laube_europa0102_1833-494-21	inferred	0	 	packen
26120215_1951_10_11_01_176.tcf.xml-12-11	pocci_komoedienbuechlein04_1871-646-2	inferred	1	 	packen
26120215_1951_10_11_01_176.tcf.xml-12-11	rosenkranz_aesthetik_1853-1058-32	inferred	0	 	packen
26120215_1951_10_11_01_176.tcf.xml-12-11	schwab_sagen01_1838-2542-7	inferred	1	 	packen
26120215_1951_10_11_01_176.tcf.xml-12-11	stifter_nachsommer02_1857-1294-2	inferred	0	 	packen
26120215_1951_10_11_01_176.tcf.xml-12-11	stifter_steine02_1853-1226-12	inferred	0	 	packen
26120215_1951_10_11_01_176.tcf.xml-12-11	storm_schimmelreiter_1888-190-7	inferred	1	 	packen
26120215_1951_10_11_01_176.tcf.xml-12-11	treitschke_geschichte04_1889-2227-4	inferred	0	 	packen
26120215_1952_09_26_01_041.tcf.xml-3-1	26120215_1953_03_22_01_033.tcf.xml-48-1	inferred	0	 	packen
26120215_1952_09_26_01_041.tcf.xml-3-1	26120215_1965_04_09_01_070.tcf.xml-13-6	inferred	0	 	packen
26120215_1952_09_26_01_041.tcf.xml-3-1	26120215_1971_07_04_01_404.tcf.xml-16-15	inferred	0	 	packen
26120215_1952_09_26_01_041.tcf.xml-3-1	26120215_1972_10_05_01_152.tcf.xml-4-16	inferred	0	 	packen
26120215_1952_09_26_01_041.tcf.xml-3-1	arnim_wunderhorn01_1806-826-9	inferred	1	 	packen
26120215_1952_09_26_01_041.tcf.xml-3-1	bauer_buehnenleben_1871-3550-8	inferred	0	 	packen
26120215_1952_09_26_01_041.tcf.xml-3-1	beck_eisen02_1895-7571-1	inferred	1	 	packen
26120215_1952_09_26_01_041.tcf.xml-3-1	brehm_thierleben01_1864-5964-17	inferred	1	 	packen
26120215_1952_09_26_01_041.tcf.xml-3-1	conradi_adam_1889-6908-36	inferred	1	 	packen
26120215_1952_09_26_01_041.tcf.xml-3-1	engel_poetik_1806-2198-5	inferred	1	 	packen
26120215_1952_09_26_01_041.tcf.xml-3-1	erbkam_tagebuch01_1842-2710-1	inferred	0	 	packen
26120215_1952_09_26_01_041.tcf.xml-3-1	fouque_magie_1812-910-8	inferred	0	 	packen
26120215_1952_09_26_01_041.tcf.xml-3-1	freud_hysterie_1895-2374-18	inferred	1	 	packen
26120215_1952_09_26_01_041.tcf.xml-3-1	grimm_maerchen01_1819-518-8	inferred	1	 	packen
26120215_1952_09_26_01_041.tcf.xml-3-1	grimm_maerchen01_1843-2930-41	inferred	1	 	packen
26120215_1952_09_26_01_041.tcf.xml-3-1	grimm_maerchen01_1850-4604-25	inferred	1	 	packen
26120215_1952_09_26_01_041.tcf.xml-3-1	grimm_maerchen02_1843-2534-14	inferred	1	 	packen
26120215_1952_09_26_01_041.tcf.xml-3-1	grimm_maerchen02_1850-3493-14	inferred	1	 	packen
26120215_1952_09_26_01_041.tcf.xml-3-1	humboldt_aequinoktial04_1859-1694-22	inferred	1	 	packen
26120215_1952_09_26_01_041.tcf.xml-3-1	keller_sinngedicht_1882-2950-36	inferred	0	 	packen
26120215_1952_09_26_01_041.tcf.xml-3-1	laube_europa0102_1833-494-21	inferred	0	 	packen
26120215_1952_09_26_01_041.tcf.xml-3-1	pocci_komoedienbuechlein04_1871-646-2	inferred	1	 	packen
26120215_1952_09_26_01_041.tcf.xml-3-1	rosenkranz_aesthetik_1853-1058-32	inferred	0	 	packen
26120215_1952_09_26_01_041.tcf.xml-3-1	schwab_sagen01_1838-2542-7	inferred	1	 	packen
26120215_1952_09_26_01_041.tcf.xml-3-1	stifter_nachsommer02_1857-1294-2	inferred	0	 	packen
26120215_1952_09_26_01_041.tcf.xml-3-1	stifter_steine02_1853-1226-12	inferred	0	 	packen
26120215_1952_09_26_01_041.tcf.xml-3-1	storm_schimmelreiter_1888-190-7	inferred	1	 	packen
26120215_1952_09_26_01_041.tcf.xml-3-1	treitschke_geschichte04_1889-2227-4	inferred	0	 	packen
26120215_1953_03_22_01_033.tcf.xml-48-1	26120215_1965_04_09_01_070.tcf.xml-13-6	inferred	0	 	packen
26120215_1953_03_22_01_033.tcf.xml-48-1	26120215_1971_07_04_01_404.tcf.xml-16-15	inferred	0	 	packen
26120215_1953_03_22_01_033.tcf.xml-48-1	26120215_1972_10_05_01_152.tcf.xml-4-16	inferred	1	 	packen
26120215_1953_03_22_01_033.tcf.xml-48-1	arnim_wunderhorn01_1806-826-9	inferred	0	 	packen
26120215_1953_03_22_01_033.tcf.xml-48-1	bauer_buehnenleben_1871-3550-8	inferred	1	 	packen
26120215_1953_03_22_01_033.tcf.xml-48-1	beck_eisen02_1895-7571-1	inferred	0	 	packen
26120215_1953_03_22_01_033.tcf.xml-48-1	brehm_thierleben01_1864-5964-17	inferred	0	 	packen
26120215_1953_03_22_01_033.tcf.xml-48-1	conradi_adam_1889-6908-36	inferred	0	 	packen
26120215_1953_03_22_01_033.tcf.xml-48-1	engel_poetik_1806-2198-5	inferred	0	 	packen
26120215_1953_03_22_01_033.tcf.xml-48-1	erbkam_tagebuch01_1842-2710-1	inferred	1	 	packen
26120215_1953_03_22_01_033.tcf.xml-48-1	fouque_magie_1812-910-8	inferred	1	 	packen
26120215_1953_03_22_01_033.tcf.xml-48-1	freud_hysterie_1895-2374-18	inferred	0	 	packen
26120215_1953_03_22_01_033.tcf.xml-48-1	grimm_maerchen01_1819-518-8	inferred	0	 	packen
26120215_1953_03_22_01_033.tcf.xml-48-1	grimm_maerchen01_1843-2930-41	inferred	0	 	packen
26120215_1953_03_22_01_033.tcf.xml-48-1	grimm_maerchen01_1850-4604-25	inferred	0	 	packen
26120215_1953_03_22_01_033.tcf.xml-48-1	grimm_maerchen02_1843-2534-14	inferred	0	 	packen
26120215_1953_03_22_01_033.tcf.xml-48-1	grimm_maerchen02_1850-3493-14	inferred	0	 	packen
26120215_1953_03_22_01_033.tcf.xml-48-1	humboldt_aequinoktial04_1859-1694-22	inferred	0	 	packen
26120215_1953_03_22_01_033.tcf.xml-48-1	keller_sinngedicht_1882-2950-36	inferred	1	 	packen
26120215_1953_03_22_01_033.tcf.xml-48-1	laube_europa0102_1833-494-21	inferred	1	 	packen
26120215_1953_03_22_01_033.tcf.xml-48-1	pocci_komoedienbuechlein04_1871-646-2	inferred	0	 	packen
26120215_1953_03_22_01_033.tcf.xml-48-1	rosenkranz_aesthetik_1853-1058-32	inferred	0	 	packen
26120215_1953_03_22_01_033.tcf.xml-48-1	schwab_sagen01_1838-2542-7	inferred	0	 	packen
26120215_1953_03_22_01_033.tcf.xml-48-1	stifter_nachsommer02_1857-1294-2	inferred	1	 	packen
26120215_1953_03_22_01_033.tcf.xml-48-1	stifter_steine02_1853-1226-12	inferred	1	 	packen
26120215_1953_03_22_01_033.tcf.xml-48-1	storm_schimmelreiter_1888-190-7	inferred	0	 	packen
26120215_1953_03_22_01_033.tcf.xml-48-1	treitschke_geschichte04_1889-2227-4	inferred	1	 	packen
26120215_1965_04_09_01_070.tcf.xml-13-6	26120215_1971_07_04_01_404.tcf.xml-16-15	inferred	1	 	packen
26120215_1965_04_09_01_070.tcf.xml-13-6	26120215_1972_10_05_01_152.tcf.xml-4-16	inferred	0	 	packen
26120215_1965_04_09_01_070.tcf.xml-13-6	arnim_wunderhorn01_1806-826-9	inferred	0	 	packen
26120215_1965_04_09_01_070.tcf.xml-13-6	bauer_buehnenleben_1871-3550-8	inferred	0	 	packen
26120215_1965_04_09_01_070.tcf.xml-13-6	beck_eisen02_1895-7571-1	inferred	0	 	packen
26120215_1965_04_09_01_070.tcf.xml-13-6	brehm_thierleben01_1864-5964-17	inferred	0	 	packen
26120215_1965_04_09_01_070.tcf.xml-13-6	conradi_adam_1889-6908-36	inferred	0	 	packen
26120215_1965_04_09_01_070.tcf.xml-13-6	engel_poetik_1806-2198-5	inferred	0	 	packen
26120215_1965_04_09_01_070.tcf.xml-13-6	erbkam_tagebuch01_1842-2710-1	inferred	0	 	packen
26120215_1965_04_09_01_070.tcf.xml-13-6	fouque_magie_1812-910-8	inferred	0	 	packen
26120215_1965_04_09_01_070.tcf.xml-13-6	freud_hysterie_1895-2374-18	inferred	0	 	packen
26120215_1965_04_09_01_070.tcf.xml-13-6	grimm_maerchen01_1819-518-8	inferred	0	 	packen
26120215_1965_04_09_01_070.tcf.xml-13-6	grimm_maerchen01_1843-2930-41	inferred	0	 	packen
26120215_1965_04_09_01_070.tcf.xml-13-6	grimm_maerchen01_1850-4604-25	inferred	0	 	packen
26120215_1965_04_09_01_070.tcf.xml-13-6	grimm_maerchen02_1843-2534-14	inferred	0	 	packen
26120215_1965_04_09_01_070.tcf.xml-13-6	grimm_maerchen02_1850-3493-14	inferred	0	 	packen
26120215_1965_04_09_01_070.tcf.xml-13-6	humboldt_aequinoktial04_1859-1694-22	inferred	0	 	packen
26120215_1965_04_09_01_070.tcf.xml-13-6	keller_sinngedicht_1882-2950-36	inferred	0	 	packen
26120215_1965_04_09_01_070.tcf.xml-13-6	laube_europa0102_1833-494-21	inferred	0	 	packen
26120215_1965_04_09_01_070.tcf.xml-13-6	pocci_komoedienbuechlein04_1871-646-2	inferred	0	 	packen
26120215_1965_04_09_01_070.tcf.xml-13-6	rosenkranz_aesthetik_1853-1058-32	inferred	1	 	packen
26120215_1965_04_09_01_070.tcf.xml-13-6	schwab_sagen01_1838-2542-7	inferred	0	 	packen
26120215_1965_04_09_01_070.tcf.xml-13-6	stifter_nachsommer02_1857-1294-2	inferred	0	 	packen
26120215_1965_04_09_01_070.tcf.xml-13-6	stifter_steine02_1853-1226-12	inferred	0	 	packen
26120215_1965_04_09_01_070.tcf.xml-13-6	storm_schimmelreiter_1888-190-7	inferred	0	 	packen
26120215_1965_04_09_01_070.tcf.xml-13-6	treitschke_geschichte04_1889-2227-4	inferred	0	 	packen
26120215_1971_07_04_01_404.tcf.xml-16-15	26120215_1972_10_05_01_152.tcf.xml-4-16	inferred	0	 	packen
26120215_1971_07_04_01_404.tcf.xml-16-15	arnim_wunderhorn01_1806-826-9	inferred	0	 	packen
26120215_1971_07_04_01_404.tcf.xml-16-15	bauer_buehnenleben_1871-3550-8	inferred	0	 	packen
26120215_1971_07_04_01_404.tcf.xml-16-15	beck_eisen02_1895-7571-1	inferred	0	 	packen
26120215_1971_07_04_01_404.tcf.xml-16-15	brehm_thierleben01_1864-5964-17	inferred	0	 	packen
26120215_1971_07_04_01_404.tcf.xml-16-15	conradi_adam_1889-6908-36	inferred	0	 	packen
26120215_1971_07_04_01_404.tcf.xml-16-15	engel_poetik_1806-2198-5	inferred	0	 	packen
26120215_1971_07_04_01_404.tcf.xml-16-15	erbkam_tagebuch01_1842-2710-1	inferred	0	 	packen
26120215_1971_07_04_01_404.tcf.xml-16-15	fouque_magie_1812-910-8	inferred	0	 	packen
26120215_1971_07_04_01_404.tcf.xml-16-15	freud_hysterie_1895-2374-18	inferred	0	 	packen
26120215_1971_07_04_01_404.tcf.xml-16-15	grimm_maerchen01_1819-518-8	inferred	0	 	packen
26120215_1971_07_04_01_404.tcf.xml-16-15	grimm_maerchen01_1843-2930-41	inferred	0	 	packen
26120215_1971_07_04_01_404.tcf.xml-16-15	grimm_maerchen01_1850-4604-25	inferred	0	 	packen
26120215_1971_07_04_01_404.tcf.xml-16-15	grimm_maerchen02_1843-2534-14	inferred	0	 	packen
26120215_1971_07_04_01_404.tcf.xml-16-15	grimm_maerchen02_1850-3493-14	inferred	0	 	packen
26120215_1971_07_04_01_404.tcf.xml-16-15	humboldt_aequinoktial04_1859-1694-22	inferred	0	 	packen
26120215_1971_07_04_01_404.tcf.xml-16-15	keller_sinngedicht_1882-2950-36	inferred	0	 	packen
26120215_1971_07_04_01_404.tcf.xml-16-15	laube_europa0102_1833-494-21	inferred	0	 	packen
26120215_1971_07_04_01_404.tcf.xml-16-15	pocci_komoedienbuechlein04_1871-646-2	inferred	0	 	packen
26120215_1971_07_04_01_404.tcf.xml-16-15	rosenkranz_aesthetik_1853-1058-32	inferred	1	 	packen
26120215_1971_07_04_01_404.tcf.xml-16-15	schwab_sagen01_1838-2542-7	inferred	0	 	packen
26120215_1971_07_04_01_404.tcf.xml-16-15	stifter_nachsommer02_1857-1294-2	inferred	0	 	packen
26120215_1971_07_04_01_404.tcf.xml-16-15	stifter_steine02_1853-1226-12	inferred	0	 	packen
26120215_1971_07_04_01_404.tcf.xml-16-15	storm_schimmelreiter_1888-190-7	inferred	0	 	packen
26120215_1971_07_04_01_404.tcf.xml-16-15	treitschke_geschichte04_1889-2227-4	inferred	0	 	packen
26120215_1972_10_05_01_152.tcf.xml-4-16	arnim_wunderhorn01_1806-826-9	inferred	0	 	packen
26120215_1972_10_05_01_152.tcf.xml-4-16	bauer_buehnenleben_1871-3550-8	inferred	1	 	packen
26120215_1972_10_05_01_152.tcf.xml-4-16	beck_eisen02_1895-7571-1	inferred	0	 	packen
26120215_1972_10_05_01_152.tcf.xml-4-16	brehm_thierleben01_1864-5964-17	inferred	0	 	packen
26120215_1972_10_05_01_152.tcf.xml-4-16	conradi_adam_1889-6908-36	inferred	0	 	packen
26120215_1972_10_05_01_152.tcf.xml-4-16	engel_poetik_1806-2198-5	inferred	0	 	packen
26120215_1972_10_05_01_152.tcf.xml-4-16	erbkam_tagebuch01_1842-2710-1	inferred	1	 	packen
26120215_1972_10_05_01_152.tcf.xml-4-16	fouque_magie_1812-910-8	inferred	1	 	packen
26120215_1972_10_05_01_152.tcf.xml-4-16	freud_hysterie_1895-2374-18	inferred	0	 	packen
26120215_1972_10_05_01_152.tcf.xml-4-16	grimm_maerchen01_1819-518-8	inferred	0	 	packen
26120215_1972_10_05_01_152.tcf.xml-4-16	grimm_maerchen01_1843-2930-41	inferred	0	 	packen
26120215_1972_10_05_01_152.tcf.xml-4-16	grimm_maerchen01_1850-4604-25	inferred	0	 	packen
26120215_1972_10_05_01_152.tcf.xml-4-16	grimm_maerchen02_1843-2534-14	inferred	0	 	packen
26120215_1972_10_05_01_152.tcf.xml-4-16	grimm_maerchen02_1850-3493-14	inferred	0	 	packen
26120215_1972_10_05_01_152.tcf.xml-4-16	humboldt_aequinoktial04_1859-1694-22	inferred	0	 	packen
26120215_1972_10_05_01_152.tcf.xml-4-16	keller_sinngedicht_1882-2950-36	inferred	1	 	packen
26120215_1972_10_05_01_152.tcf.xml-4-16	laube_europa0102_1833-494-21	inferred	1	 	packen
26120215_1972_10_05_01_152.tcf.xml-4-16	pocci_komoedienbuechlein04_1871-646-2	inferred	0	 	packen
26120215_1972_10_05_01_152.tcf.xml-4-16	rosenkranz_aesthetik_1853-1058-32	inferred	0	 	packen
26120215_1972_10_05_01_152.tcf.xml-4-16	schwab_sagen01_1838-2542-7	inferred	0	 	packen
26120215_1972_10_05_01_152.tcf.xml-4-16	stifter_nachsommer02_1857-1294-2	inferred	1	 	packen
26120215_1972_10_05_01_152.tcf.xml-4-16	stifter_steine02_1853-1226-12	inferred	1	 	packen
26120215_1972_10_05_01_152.tcf.xml-4-16	storm_schimmelreiter_1888-190-7	inferred	0	 	packen
26120215_1972_10_05_01_152.tcf.xml-4-16	treitschke_geschichte04_1889-2227-4	inferred	1	 	packen
arnim_wunderhorn01_1806-826-9	bauer_buehnenleben_1871-3550-8	inferred	0	 	packen
arnim_wunderhorn01_1806-826-9	beck_eisen02_1895-7571-1	inferred	1	 	packen
arnim_wunderhorn01_1806-826-9	brehm_thierleben01_1864-5964-17	inferred	1	 	packen
arnim_wunderhorn01_1806-826-9	conradi_adam_1889-6908-36	inferred	1	 	packen
arnim_wunderhorn01_1806-826-9	engel_poetik_1806-2198-5	inferred	1	 	packen
arnim_wunderhorn01_1806-826-9	erbkam_tagebuch01_1842-2710-1	inferred	0	 	packen
arnim_wunderhorn01_1806-826-9	fouque_magie_1812-910-8	inferred	0	 	packen
arnim_wunderhorn01_1806-826-9	freud_hysterie_1895-2374-18	inferred	1	 	packen
arnim_wunderhorn01_1806-826-9	grimm_maerchen01_1819-518-8	inferred	1	 	packen
arnim_wunderhorn01_1806-826-9	grimm_maerchen01_1843-2930-41	inferred	1	 	packen
arnim_wunderhorn01_1806-826-9	grimm_maerchen01_1850-4604-25	inferred	1	 	packen
arnim_wunderhorn01_1806-826-9	grimm_maerchen02_1843-2534-14	inferred	1	 	packen
arnim_wunderhorn01_1806-826-9	grimm_maerchen02_1850-3493-14	inferred	1	 	packen
arnim_wunderhorn01_1806-826-9	humboldt_aequinoktial04_1859-1694-22	inferred	1	 	packen
arnim_wunderhorn01_1806-826-9	keller_sinngedicht_1882-2950-36	inferred	0	 	packen
arnim_wunderhorn01_1806-826-9	laube_europa0102_1833-494-21	inferred	0	 	packen
arnim_wunderhorn01_1806-826-9	pocci_komoedienbuechlein04_1871-646-2	inferred	1	 	packen
arnim_wunderhorn01_1806-826-9	rosenkranz_aesthetik_1853-1058-32	inferred	0	 	packen
arnim_wunderhorn01_1806-826-9	schwab_sagen01_1838-2542-7	inferred	1	 	packen
arnim_wunderhorn01_1806-826-9	stifter_nachsommer02_1857-1294-2	inferred	0	 	packen
arnim_wunderhorn01_1806-826-9	stifter_steine02_1853-1226-12	inferred	0	 	packen
arnim_wunderhorn01_1806-826-9	storm_schimmelreiter_1888-190-7	inferred	1	 	packen
arnim_wunderhorn01_1806-826-9	treitschke_geschichte04_1889-2227-4	inferred	0	 	packen
bauer_buehnenleben_1871-3550-8	beck_eisen02_1895-7571-1	inferred	0	 	packen
bauer_buehnenleben_1871-3550-8	brehm_thierleben01_1864-5964-17	inferred	0	 	packen
bauer_buehnenleben_1871-3550-8	conradi_adam_1889-6908-36	inferred	0	 	packen
bauer_buehnenleben_1871-3550-8	engel_poetik_1806-2198-5	inferred	0	 	packen
bauer_buehnenleben_1871-3550-8	erbkam_tagebuch01_1842-2710-1	inferred	1	 	packen
bauer_buehnenleben_1871-3550-8	fouque_magie_1812-910-8	inferred	1	 	packen
bauer_buehnenleben_1871-3550-8	freud_hysterie_1895-2374-18	inferred	0	 	packen
bauer_buehnenleben_1871-3550-8	grimm_maerchen01_1819-518-8	inferred	0	 	packen
bauer_buehnenleben_1871-3550-8	grimm_maerchen01_1843-2930-41	inferred	0	 	packen
bauer_buehnenleben_1871-3550-8	grimm_maerchen01_1850-4604-25	inferred	0	 	packen
bauer_buehnenleben_1871-3550-8	grimm_maerchen02_1843-2534-14	inferred	0	 	packen
bauer_buehnenleben_1871-3550-8	grimm_maerchen02_1850-3493-14	inferred	0	 	packen
bauer_buehnenleben_1871-3550-8	humboldt_aequinoktial04_1859-1694-22	inferred	0	 	packen
bauer_buehnenleben_1871-3550-8	keller_sinngedicht_1882-2950-36	inferred	1	 	packen
bauer_buehnenleben_1871-3550-8	laube_europa0102_1833-494-21	inferred	1	 	packen
bauer_buehnenleben_1871-3550-8	pocci_komoedienbuechlein04_1871-646-2	inferred	0	 	packen
bauer_buehnenleben_1871-3550-8	rosenkranz_aesthetik_1853-1058-32	inferred	0	 	packen
bauer_buehnenleben_1871-3550-8	schwab_sagen01_1838-2542-7	inferred	0	 	packen
bauer_buehnenleben_1871-3550-8	stifter_nachsommer02_1857-1294-2	inferred	1	 	packen
bauer_buehnenleben_1871-3550-8	stifter_steine02_1853-1226-12	inferred	1	 	packen
bauer_buehnenleben_1871-3550-8	storm_schimmelreiter_1888-190-7	inferred	0	 	packen
bauer_buehnenleben_1871-3550-8	treitschke_geschichte04_1889-2227-4	inferred	1	 	packen
beck_eisen02_1895-7571-1	brehm_thierleben01_1864-5964-17	inferred	1	 	packen
beck_eisen02_1895-7571-1	conradi_adam_1889-6908-36	inferred	1	 	packen
beck_eisen02_1895-7571-1	engel_poetik_1806-2198-5	inferred	1	 	packen
beck_eisen02_1895-7571-1	erbkam_tagebuch01_1842-2710-1	inferred	0	 	packen
beck_eisen02_1895-7571-1	fouque_magie_1812-910-8	inferred	0	 	packen
beck_eisen02_1895-7571-1	freud_hysterie_1895-2374-18	inferred	1	 	packen
beck_eisen02_1895-7571-1	grimm_maerchen01_1819-518-8	inferred	1	 	packen
beck_eisen02_1895-7571-1	grimm_maerchen01_1843-2930-41	inferred	1	 	packen
beck_eisen02_1895-7571-1	grimm_maerchen01_1850-4604-25	inferred	1	 	packen
beck_eisen02_1895-7571-1	grimm_maerchen02_1843-2534-14	inferred	1	 	packen
beck_eisen02_1895-7571-1	grimm_maerchen02_1850-3493-14	inferred	1	 	packen
beck_eisen02_1895-7571-1	humboldt_aequinoktial04_1859-1694-22	inferred	1	 	packen
beck_eisen02_1895-7571-1	keller_sinngedicht_1882-2950-36	inferred	0	 	packen
beck_eisen02_1895-7571-1	laube_europa0102_1833-494-21	inferred	0	 	packen
beck_eisen02_1895-7571-1	pocci_komoedienbuechlein04_1871-646-2	inferred	1	 	packen
beck_eisen02_1895-7571-1	rosenkranz_aesthetik_1853-1058-32	inferred	0	 	packen
beck_eisen02_1895-7571-1	schwab_sagen01_1838-2542-7	inferred	1	 	packen
beck_eisen02_1895-7571-1	stifter_nachsommer02_1857-1294-2	inferred	0	 	packen
beck_eisen02_1895-7571-1	stifter_steine02_1853-1226-12	inferred	0	 	packen
beck_eisen02_1895-7571-1	storm_schimmelreiter_1888-190-7	inferred	1	 	packen
beck_eisen02_1895-7571-1	treitschke_geschichte04_1889-2227-4	inferred	0	 	packen
brehm_thierleben01_1864-5964-17	conradi_adam_1889-6908-36	inferred	1	 	packen
brehm_thierleben01_1864-5964-17	engel_poetik_1806-2198-5	inferred	1	 	packen
brehm_thierleben01_1864-5964-17	erbkam_tagebuch01_1842-2710-1	inferred	0	 	packen
brehm_thierleben01_1864-5964-17	fouque_magie_1812-910-8	inferred	0	 	packen
brehm_thierleben01_1864-5964-17	freud_hysterie_1895-2374-18	inferred	1	 	packen
brehm_thierleben01_1864-5964-17	grimm_maerchen01_1819-518-8	inferred	1	 	packen
brehm_thierleben01_1864-5964-17	grimm_maerchen01_1843-2930-41	inferred	1	 	packen
brehm_thierleben01_1864-5964-17	grimm_maerchen01_1850-4604-25	inferred	1	 	packen
brehm_thierleben01_1864-5964-17	grimm_maerchen02_1843-2534-14	inferred	1	 	packen
brehm_thierleben01_1864-5964-17	grimm_maerchen02_1850-3493-14	inferred	1	 	packen
brehm_thierleben01_1864-5964-17	humboldt_aequinoktial04_1859-1694-22	inferred	1	 	packen
brehm_thierleben01_1864-5964-17	keller_sinngedicht_1882-2950-36	inferred	0	 	packen
brehm_thierleben01_1864-5964-17	laube_europa0102_1833-494-21	inferred	0	 	packen
brehm_thierleben01_1864-5964-17	pocci_komoedienbuechlein04_1871-646-2	inferred	1	 	packen
brehm_thierleben01_1864-5964-17	rosenkranz_aesthetik_1853-1058-32	inferred	0	 	packen
brehm_thierleben01_1864-5964-17	schwab_sagen01_1838-2542-7	inferred	1	 	packen
brehm_thierleben01_1864-5964-17	stifter_nachsommer02_1857-1294-2	inferred	0	 	packen
brehm_thierleben01_1864-5964-17	stifter_steine02_1853-1226-12	inferred	0	 	packen
brehm_thierleben01_1864-5964-17	storm_schimmelreiter_1888-190-7	inferred	1	 	packen
brehm_thierleben01_1864-5964-17	treitschke_geschichte04_1889-2227-4	inferred	0	 	packen
conradi_adam_1889-6908-36	engel_poetik_1806-2198-5	inferred	1	 	packen
conradi_adam_1889-6908-36	erbkam_tagebuch01_1842-2710-1	inferred	0	 	packen
conradi_adam_1889-6908-36	fouque_magie_1812-910-8	inferred	0	 	packen
conradi_adam_1889-6908-36	freud_hysterie_1895-2374-18	inferred	1	 	packen
conradi_adam_1889-6908-36	grimm_maerchen01_1819-518-8	inferred	1	 	packen
conradi_adam_1889-6908-36	grimm_maerchen01_1843-2930-41	inferred	1	 	packen
conradi_adam_1889-6908-36	grimm_maerchen01_1850-4604-25	inferred	1	 	packen
conradi_adam_1889-6908-36	grimm_maerchen02_1843-2534-14	inferred	1	 	packen
conradi_adam_1889-6908-36	grimm_maerchen02_1850-3493-14	inferred	1	 	packen
conradi_adam_1889-6908-36	humboldt_aequinoktial04_1859-1694-22	inferred	1	 	packen
conradi_adam_1889-6908-36	keller_sinngedicht_1882-2950-36	inferred	0	 	packen
conradi_adam_1889-6908-36	laube_europa0102_1833-494-21	inferred	0	 	packen
conradi_adam_1889-6908-36	pocci_komoedienbuechlein04_1871-646-2	inferred	1	 	packen
conradi_adam_1889-6908-36	rosenkranz_aesthetik_1853-1058-32	inferred	0	 	packen
conradi_adam_1889-6908-36	schwab_sagen01_1838-2542-7	inferred	1	 	packen
conradi_adam_1889-6908-36	stifter_nachsommer02_1857-1294-2	inferred	0	 	packen
conradi_adam_1889-6908-36	stifter_steine02_1853-1226-12	inferred	0	 	packen
conradi_adam_1889-6908-36	storm_schimmelreiter_1888-190-7	inferred	1	 	packen
conradi_adam_1889-6908-36	treitschke_geschichte04_1889-2227-4	inferred	0	 	packen
engel_poetik_1806-2198-5	erbkam_tagebuch01_1842-2710-1	inferred	0	 	packen
engel_poetik_1806-2198-5	fouque_magie_1812-910-8	inferred	0	 	packen
engel_poetik_1806-2198-5	freud_hysterie_1895-2374-18	inferred	1	 	packen
engel_poetik_1806-2198-5	grimm_maerchen01_1819-518-8	inferred	1	 	packen
engel_poetik_1806-2198-5	grimm_maerchen01_1843-2930-41	inferred	1	 	packen
engel_poetik_1806-2198-5	grimm_maerchen01_1850-4604-25	inferred	1	 	packen
engel_poetik_1806-2198-5	grimm_maerchen02_1843-2534-14	inferred	1	 	packen
engel_poetik_1806-2198-5	grimm_maerchen02_1850-3493-14	inferred	1	 	packen
engel_poetik_1806-2198-5	humboldt_aequinoktial04_1859-1694-22	inferred	1	 	packen
engel_poetik_1806-2198-5	keller_sinngedicht_1882-2950-36	inferred	0	 	packen
engel_poetik_1806-2198-5	laube_europa0102_1833-494-21	inferred	0	 	packen
engel_poetik_1806-2198-5	pocci_komoedienbuechlein04_1871-646-2	inferred	1	 	packen
engel_poetik_1806-2198-5	rosenkranz_aesthetik_1853-1058-32	inferred	0	 	packen
engel_poetik_1806-2198-5	schwab_sagen01_1838-2542-7	inferred	1	 	packen
engel_poetik_1806-2198-5	stifter_nachsommer02_1857-1294-2	inferred	0	 	packen
engel_poetik_1806-2198-5	stifter_steine02_1853-1226-12	inferred	0	 	packen
engel_poetik_1806-2198-5	storm_schimmelreiter_1888-190-7	inferred	1	 	packen
engel_poetik_1806-2198-5	treitschke_geschichte04_1889-2227-4	inferred	0	 	packen
erbkam_tagebuch01_1842-2710-1	fouque_magie_1812-910-8	inferred	1	 	packen
erbkam_tagebuch01_1842-2710-1	freud_hysterie_1895-2374-18	inferred	0	 	packen
erbkam_tagebuch01_1842-2710-1	grimm_maerchen01_1819-518-8	inferred	0	 	packen
erbkam_tagebuch01_1842-2710-1	grimm_maerchen01_1843-2930-41	inferred	0	 	packen
erbkam_tagebuch01_1842-2710-1	grimm_maerchen01_1850-4604-25	inferred	0	 	packen
erbkam_tagebuch01_1842-2710-1	grimm_maerchen02_1843-2534-14	inferred	0	 	packen
erbkam_tagebuch01_1842-2710-1	grimm_maerchen02_1850-3493-14	inferred	0	 	packen
erbkam_tagebuch01_1842-2710-1	humboldt_aequinoktial04_1859-1694-22	inferred	0	 	packen
erbkam_tagebuch01_1842-2710-1	keller_sinngedicht_1882-2950-36	inferred	1	 	packen
erbkam_tagebuch01_1842-2710-1	laube_europa0102_1833-494-21	inferred	1	 	packen
erbkam_tagebuch01_1842-2710-1	pocci_komoedienbuechlein04_1871-646-2	inferred	0	 	packen
erbkam_tagebuch01_1842-2710-1	rosenkranz_aesthetik_1853-1058-32	inferred	0	 	packen
erbkam_tagebuch01_1842-2710-1	schwab_sagen01_1838-2542-7	inferred	0	 	packen
erbkam_tagebuch01_1842-2710-1	stifter_nachsommer02_1857-1294-2	inferred	1	 	packen
erbkam_tagebuch01_1842-2710-1	stifter_steine02_1853-1226-12	inferred	1	 	packen
erbkam_tagebuch01_1842-2710-1	storm_schimmelreiter_1888-190-7	inferred	0	 	packen
erbkam_tagebuch01_1842-2710-1	treitschke_geschichte04_1889-2227-4	inferred	1	 	packen
fouque_magie_1812-910-8	freud_hysterie_1895-2374-18	inferred	0	 	packen
fouque_magie_1812-910-8	grimm_maerchen01_1819-518-8	inferred	0	 	packen
fouque_magie_1812-910-8	grimm_maerchen01_1843-2930-41	inferred	0	 	packen
fouque_magie_1812-910-8	grimm_maerchen01_1850-4604-25	inferred	0	 	packen
fouque_magie_1812-910-8	grimm_maerchen02_1843-2534-14	inferred	0	 	packen
fouque_magie_1812-910-8	grimm_maerchen02_1850-3493-14	inferred	0	 	packen
fouque_magie_1812-910-8	humboldt_aequinoktial04_1859-1694-22	inferred	0	 	packen
fouque_magie_1812-910-8	keller_sinngedicht_1882-2950-36	inferred	1	 	packen
fouque_magie_1812-910-8	laube_europa0102_1833-494-21	inferred	1	 	packen
fouque_magie_1812-910-8	pocci_komoedienbuechlein04_1871-646-2	inferred	0	 	packen
fouque_magie_1812-910-8	rosenkranz_aesthetik_1853-1058-32	inferred	0	 	packen
fouque_magie_1812-910-8	schwab_sagen01_1838-2542-7	inferred	0	 	packen
fouque_magie_1812-910-8	stifter_nachsommer02_1857-1294-2	inferred	1	 	packen
fouque_magie_1812-910-8	stifter_steine02_1853-1226-12	inferred	1	 	packen
fouque_magie_1812-910-8	storm_schimmelreiter_1888-190-7	inferred	0	 	packen
fouque_magie_1812-910-8	treitschke_geschichte04_1889-2227-4	inferred	1	 	packen
freud_hysterie_1895-2374-18	grimm_maerchen01_1819-518-8	inferred	1	 	packen
freud_hysterie_1895-2374-18	grimm_maerchen01_1843-2930-41	inferred	1	 	packen
freud_hysterie_1895-2374-18	grimm_maerchen01_1850-4604-25	inferred	1	 	packen
freud_hysterie_1895-2374-18	grimm_maerchen02_1843-2534-14	inferred	1	 	packen
freud_hysterie_1895-2374-18	grimm_maerchen02_1850-3493-14	inferred	1	 	packen
freud_hysterie_1895-2374-18	humboldt_aequinoktial04_1859-1694-22	inferred	1	 	packen
freud_hysterie_1895-2374-18	keller_sinngedicht_1882-2950-36	inferred	0	 	packen
freud_hysterie_1895-2374-18	laube_europa0102_1833-494-21	inferred	0	 	packen
freud_hysterie_1895-2374-18	pocci_komoedienbuechlein04_1871-646-2	inferred	1	 	packen
freud_hysterie_1895-2374-18	rosenkranz_aesthetik_1853-1058-32	inferred	0	 	packen
freud_hysterie_1895-2374-18	schwab_sagen01_1838-2542-7	inferred	1	 	packen
freud_hysterie_1895-2374-18	stifter_nachsommer02_1857-1294-2	inferred	0	 	packen
freud_hysterie_1895-2374-18	stifter_steine02_1853-1226-12	inferred	0	 	packen
freud_hysterie_1895-2374-18	storm_schimmelreiter_1888-190-7	inferred	1	 	packen
freud_hysterie_1895-2374-18	treitschke_geschichte04_1889-2227-4	inferred	0	 	packen
grimm_maerchen01_1819-518-8	grimm_maerchen01_1843-2930-41	inferred	1	 	packen
grimm_maerchen01_1819-518-8	grimm_maerchen01_1850-4604-25	inferred	1	 	packen
grimm_maerchen01_1819-518-8	grimm_maerchen02_1843-2534-14	inferred	1	 	packen
grimm_maerchen01_1819-518-8	grimm_maerchen02_1850-3493-14	inferred	1	 	packen
grimm_maerchen01_1819-518-8	humboldt_aequinoktial04_1859-1694-22	inferred	1	 	packen
grimm_maerchen01_1819-518-8	keller_sinngedicht_1882-2950-36	inferred	0	 	packen
grimm_maerchen01_1819-518-8	laube_europa0102_1833-494-21	inferred	0	 	packen
grimm_maerchen01_1819-518-8	pocci_komoedienbuechlein04_1871-646-2	inferred	1	 	packen
grimm_maerchen01_1819-518-8	rosenkranz_aesthetik_1853-1058-32	inferred	0	 	packen
grimm_maerchen01_1819-518-8	schwab_sagen01_1838-2542-7	inferred	1	 	packen
grimm_maerchen01_1819-518-8	stifter_nachsommer02_1857-1294-2	inferred	0	 	packen
grimm_maerchen01_1819-518-8	stifter_steine02_1853-1226-12	inferred	0	 	packen
grimm_maerchen01_1819-518-8	storm_schimmelreiter_1888-190-7	inferred	1	 	packen
grimm_maerchen01_1819-518-8	treitschke_geschichte04_1889-2227-4	inferred	0	 	packen
grimm_maerchen01_1843-2930-41	grimm_maerchen01_1850-4604-25	inferred	1	 	packen
grimm_maerchen01_1843-2930-41	grimm_maerchen02_1843-2534-14	inferred	1	 	packen
grimm_maerchen01_1843-2930-41	grimm_maerchen02_1850-3493-14	inferred	1	 	packen
grimm_maerchen01_1843-2930-41	humboldt_aequinoktial04_1859-1694-22	inferred	1	 	packen
grimm_maerchen01_1843-2930-41	keller_sinngedicht_1882-2950-36	inferred	0	 	packen
grimm_maerchen01_1843-2930-41	laube_europa0102_1833-494-21	inferred	0	 	packen
grimm_maerchen01_1843-2930-41	pocci_komoedienbuechlein04_1871-646-2	inferred	1	 	packen
grimm_maerchen01_1843-2930-41	rosenkranz_aesthetik_1853-1058-32	inferred	0	 	packen
grimm_maerchen01_1843-2930-41	schwab_sagen01_1838-2542-7	inferred	1	 	packen
grimm_maerchen01_1843-2930-41	stifter_nachsommer02_1857-1294-2	inferred	0	 	packen
grimm_maerchen01_1843-2930-41	stifter_steine02_1853-1226-12	inferred	0	 	packen
grimm_maerchen01_1843-2930-41	storm_schimmelreiter_1888-190-7	inferred	1	 	packen
grimm_maerchen01_1843-2930-41	treitschke_geschichte04_1889-2227-4	inferred	0	 	packen
grimm_maerchen01_1850-4604-25	grimm_maerchen02_1843-2534-14	inferred	1	 	packen
grimm_maerchen01_1850-4604-25	grimm_maerchen02_1850-3493-14	inferred	1	 	packen
grimm_maerchen01_1850-4604-25	humboldt_aequinoktial04_1859-1694-22	inferred	1	 	packen
grimm_maerchen01_1850-4604-25	keller_sinngedicht_1882-2950-36	inferred	0	 	packen
grimm_maerchen01_1850-4604-25	laube_europa0102_1833-494-21	inferred	0	 	packen
grimm_maerchen01_1850-4604-25	pocci_komoedienbuechlein04_1871-646-2	inferred	1	 	packen
grimm_maerchen01_1850-4604-25	rosenkranz_aesthetik_1853-1058-32	inferred	0	 	packen
grimm_maerchen01_1850-4604-25	schwab_sagen01_1838-2542-7	inferred	1	 	packen
grimm_maerchen01_1850-4604-25	stifter_nachsommer02_1857-1294-2	inferred	0	 	packen
grimm_maerchen01_1850-4604-25	stifter_steine02_1853-1226-12	inferred	0	 	packen
grimm_maerchen01_1850-4604-25	storm_schimmelreiter_1888-190-7	inferred	1	 	packen
grimm_maerchen01_1850-4604-25	treitschke_geschichte04_1889-2227-4	inferred	0	 	packen
grimm_maerchen02_1843-2534-14	grimm_maerchen02_1850-3493-14	inferred	1	 	packen
grimm_maerchen02_1843-2534-14	humboldt_aequinoktial04_1859-1694-22	inferred	1	 	packen
grimm_maerchen02_1843-2534-14	keller_sinngedicht_1882-2950-36	inferred	0	 	packen
grimm_maerchen02_1843-2534-14	laube_europa0102_1833-494-21	inferred	0	 	packen
grimm_maerchen02_1843-2534-14	pocci_komoedienbuechlein04_1871-646-2	inferred	1	 	packen
grimm_maerchen02_1843-2534-14	rosenkranz_aesthetik_1853-1058-32	inferred	0	 	packen
grimm_maerchen02_1843-2534-14	schwab_sagen01_1838-2542-7	inferred	1	 	packen
grimm_maerchen02_1843-2534-14	stifter_nachsommer02_1857-1294-2	inferred	0	 	packen
grimm_maerchen02_1843-2534-14	stifter_steine02_1853-1226-12	inferred	0	 	packen
grimm_maerchen02_1843-2534-14	storm_schimmelreiter_1888-190-7	inferred	1	 	packen
grimm_maerchen02_1843-2534-14	treitschke_geschichte04_1889-2227-4	inferred	0	 	packen
grimm_maerchen02_1850-3493-14	humboldt_aequinoktial04_1859-1694-22	inferred	1	 	packen
grimm_maerchen02_1850-3493-14	keller_sinngedicht_1882-2950-36	inferred	0	 	packen
grimm_maerchen02_1850-3493-14	laube_europa0102_1833-494-21	inferred	0	 	packen
grimm_maerchen02_1850-3493-14	pocci_komoedienbuechlein04_1871-646-2	inferred	1	 	packen
grimm_maerchen02_1850-3493-14	rosenkranz_aesthetik_1853-1058-32	inferred	0	 	packen
grimm_maerchen02_1850-3493-14	schwab_sagen01_1838-2542-7	inferred	1	 	packen
grimm_maerchen02_1850-3493-14	stifter_nachsommer02_1857-1294-2	inferred	0	 	packen
grimm_maerchen02_1850-3493-14	stifter_steine02_1853-1226-12	inferred	0	 	packen
grimm_maerchen02_1850-3493-14	storm_schimmelreiter_1888-190-7	inferred	1	 	packen
grimm_maerchen02_1850-3493-14	treitschke_geschichte04_1889-2227-4	inferred	0	 	packen
humboldt_aequinoktial04_1859-1694-22	keller_sinngedicht_1882-2950-36	inferred	0	 	packen
humboldt_aequinoktial04_1859-1694-22	laube_europa0102_1833-494-21	inferred	0	 	packen
humboldt_aequinoktial04_1859-1694-22	pocci_komoedienbuechlein04_1871-646-2	inferred	1	 	packen
humboldt_aequinoktial04_1859-1694-22	rosenkranz_aesthetik_1853-1058-32	inferred	0	 	packen
humboldt_aequinoktial04_1859-1694-22	schwab_sagen01_1838-2542-7	inferred	1	 	packen
humboldt_aequinoktial04_1859-1694-22	stifter_nachsommer02_1857-1294-2	inferred	0	 	packen
humboldt_aequinoktial04_1859-1694-22	stifter_steine02_1853-1226-12	inferred	0	 	packen
humboldt_aequinoktial04_1859-1694-22	storm_schimmelreiter_1888-190-7	inferred	1	 	packen
humboldt_aequinoktial04_1859-1694-22	treitschke_geschichte04_1889-2227-4	inferred	0	 	packen
keller_sinngedicht_1882-2950-36	laube_europa0102_1833-494-21	inferred	1	 	packen
keller_sinngedicht_1882-2950-36	pocci_komoedienbuechlein04_1871-646-2	inferred	0	 	packen
keller_sinngedicht_1882-2950-36	rosenkranz_aesthetik_1853-1058-32	inferred	0	 	packen
keller_sinngedicht_1882-2950-36	schwab_sagen01_1838-2542-7	inferred	0	 	packen
keller_sinngedicht_1882-2950-36	stifter_nachsommer02_1857-1294-2	inferred	1	 	packen
keller_sinngedicht_1882-2950-36	stifter_steine02_1853-1226-12	inferred	1	 	packen
keller_sinngedicht_1882-2950-36	storm_schimmelreiter_1888-190-7	inferred	0	 	packen
keller_sinngedicht_1882-2950-36	treitschke_geschichte04_1889-2227-4	inferred	1	 	packen
laube_europa0102_1833-494-21	pocci_komoedienbuechlein04_1871-646-2	inferred	0	 	packen
laube_europa0102_1833-494-21	rosenkranz_aesthetik_1853-1058-32	inferred	0	 	packen
laube_europa0102_1833-494-21	schwab_sagen01_1838-2542-7	inferred	0	 	packen
laube_europa0102_1833-494-21	stifter_nachsommer02_1857-1294-2	inferred	1	 	packen
laube_europa0102_1833-494-21	stifter_steine02_1853-1226-12	inferred	1	 	packen
laube_europa0102_1833-494-21	storm_schimmelreiter_1888-190-7	inferred	0	 	packen
laube_europa0102_1833-494-21	treitschke_geschichte04_1889-2227-4	inferred	1	 	packen
pocci_komoedienbuechlein04_1871-646-2	rosenkranz_aesthetik_1853-1058-32	inferred	0	 	packen
pocci_komoedienbuechlein04_1871-646-2	schwab_sagen01_1838-2542-7	inferred	1	 	packen
pocci_komoedienbuechlein04_1871-646-2	stifter_nachsommer02_1857-1294-2	inferred	0	 	packen
pocci_komoedienbuechlein04_1871-646-2	stifter_steine02_1853-1226-12	inferred	0	 	packen
pocci_komoedienbuechlein04_1871-646-2	storm_schimmelreiter_1888-190-7	inferred	1	 	packen
pocci_komoedienbuechlein04_1871-646-2	treitschke_geschichte04_1889-2227-4	inferred	0	 	packen
rosenkranz_aesthetik_1853-1058-32	schwab_sagen01_1838-2542-7	inferred	0	 	packen
rosenkranz_aesthetik_1853-1058-32	stifter_nachsommer02_1857-1294-2	inferred	0	 	packen
rosenkranz_aesthetik_1853-1058-32	stifter_steine02_1853-1226-12	inferred	0	 	packen
rosenkranz_aesthetik_1853-1058-32	storm_schimmelreiter_1888-190-7	inferred	0	 	packen
rosenkranz_aesthetik_1853-1058-32	treitschke_geschichte04_1889-2227-4	inferred	0	 	packen
schwab_sagen01_1838-2542-7	stifter_nachsommer02_1857-1294-2	inferred	0	 	packen
schwab_sagen01_1838-2542-7	stifter_steine02_1853-1226-12	inferred	0	 	packen
schwab_sagen01_1838-2542-7	storm_schimmelreiter_1888-190-7	inferred	1	 	packen
schwab_sagen01_1838-2542-7	treitschke_geschichte04_1889-2227-4	inferred	0	 	packen
stifter_nachsommer02_1857-1294-2	stifter_steine02_1853-1226-12	inferred	1	 	packen
stifter_nachsommer02_1857-1294-2	storm_schimmelreiter_1888-190-7	inferred	0	 	packen
stifter_nachsommer02_1857-1294-2	treitschke_geschichte04_1889-2227-4	inferred	1	 	packen
stifter_steine02_1853-1226-12	storm_schimmelreiter_1888-190-7	inferred	0	 	packen
stifter_steine02_1853-1226-12	treitschke_geschichte04_1889-2227-4	inferred	1	 	packen
storm_schimmelreiter_1888-190-7	treitschke_geschichte04_1889-2227-4	inferred	0	 	packen
