data	avg_judgment_no	kri_full	kri_annotator6,mean_others	kri_annotator5,mean_others	kri_annotator5,annotator6	kri_annotator4,mean_others	kri_annotator4,annotator6	kri_annotator4,annotator5	kri_annotator3,mean_others	kri_annotator3,annotator6	kri_annotator3,annotator5	kri_annotator3,annotator4	kri_annotator2,mean_others	kri_annotator2,annotator6	kri_annotator2,annotator5	kri_annotator2,annotator4	kri_annotator2,annotator3	kri_annotator1,mean_others	kri_annotator1,annotator6	kri_annotator1,annotator5	kri_annotator1,annotator4	kri_annotator1,annotator3	kri_annotator1,annotator2	kri_annotator0,mean_others	kri_annotator0,annotator6	kri_annotator0,annotator5	kri_annotator0,annotator4	kri_annotator0,annotator3	kri_annotator0,annotator2	kri_annotator0,annotator1	kri2_full	kri2_annotator5,annotator6	kri2_annotator4,annotator6	kri2_annotator4,annotator5	kri2_annotator3,annotator6	kri2_annotator3,annotator5	kri2_annotator3,annotator4	kri2_annotator2,annotator6	kri2_annotator2,annotator5	kri2_annotator2,annotator4	kri2_annotator2,annotator3	kri2_annotator1,annotator6	kri2_annotator1,annotator5	kri2_annotator1,annotator4	kri2_annotator1,annotator3	kri2_annotator1,annotator2	kri2_annotator0,annotator6	kri2_annotator0,annotator5	kri2_annotator0,annotator4	kri2_annotator0,annotator3	kri2_annotator0,annotator2	kri2_annotator0,annotator1	spr_mean_weighted	spr_mean	spr_annotator6,mean_others	spr_annotator5,mean_others	spr_annotator5,annotator6	spr_annotator4,mean_others	spr_annotator4,annotator6	spr_annotator4,annotator5	spr_annotator3,mean_others	spr_annotator3,annotator6	spr_annotator3,annotator5	spr_annotator3,annotator4	spr_annotator2,mean_others	spr_annotator2,annotator6	spr_annotator2,annotator5	spr_annotator2,annotator4	spr_annotator2,annotator3	spr_annotator1,mean_others	spr_annotator1,annotator6	spr_annotator1,annotator5	spr_annotator1,annotator4	spr_annotator1,annotator3	spr_annotator1,annotator2	spr_annotator0,mean_others	spr_annotator0,annotator6	spr_annotator0,annotator5	spr_annotator0,annotator4	spr_annotator0,annotator3	spr_annotator0,annotator2	spr_annotator0,annotator1	ham_mean_weighted	ham_mean	ham_annotator6,mean_others	ham_annotator5,mean_others	ham_annotator5,annotator6	ham_annotator4,mean_others	ham_annotator4,annotator6	ham_annotator4,annotator5	ham_annotator3,mean_others	ham_annotator3,annotator6	ham_annotator3,annotator5	ham_annotator3,annotator4	ham_annotator2,mean_others	ham_annotator2,annotator6	ham_annotator2,annotator5	ham_annotator2,annotator4	ham_annotator2,annotator3	ham_annotator1,mean_others	ham_annotator1,annotator6	ham_annotator1,annotator5	ham_annotator1,annotator4	ham_annotator1,annotator3	ham_annotator1,annotator2	ham_annotator0,mean_others	ham_annotator0,annotator6	ham_annotator0,annotator5	ham_annotator0,annotator4	ham_annotator0,annotator3	ham_annotator0,annotator2	ham_annotator0,annotator1	overlap_annotator5,annotator6	overlap_annotator4,annotator6	overlap_annotator4,annotator5	overlap_annotator3,annotator6	overlap_annotator3,annotator5	overlap_annotator3,annotator4	overlap_annotator2,annotator6	overlap_annotator2,annotator5	overlap_annotator2,annotator4	overlap_annotator2,annotator3	overlap_annotator1,annotator6	overlap_annotator1,annotator5	overlap_annotator1,annotator4	overlap_annotator1,annotator3	overlap_annotator1,annotator2	overlap_annotator0,annotator6	overlap_annotator0,annotator5	overlap_annotator0,annotator4	overlap_annotator0,annotator3	overlap_annotator0,annotator2	overlap_annotator0,annotator1	judgments_annotator0	judgments_annotator1	judgments_annotator2	judgments_annotator3	judgments_annotator4	judgments_annotator5	judgments_annotator6	judgments_total	judgment_1.0	judgment_2.0	judgment_3.0	judgment_4.0	judgment_0.0
full	1.5864126984126985	0.6715765086293288	0.6485634041306456	0.7021343547590904	0.6724125006083195	0.6271294383263272	0.4349461666867531	0.6983585408878406	0.7115500102460266	0.3228051752792095	0.6292500166842304	0.4822624798951709	0.7100497349196728	0.5128698081096772	0.6644607367269133	0.45916184241780633	0.6023640540121309	0.5952698774431285	nan	-0.43939393939393945	0.25419692402007243	0.4401222052482019	0.5863320555312092	0.7025887596731827	0.6095819034175649	0.6701877549053075	0.5133107845604286	0.6725684310803304	0.6246129511562963	0.5447104382213992	0.6897580596704512	0.6219528417329667	0.31361969834382986	0.7328139765260852	0.2997333261602658	0.6749365695709656	0.5921312527509379	0.38125499606269486	0.6618750754310012	0.5160741228331358	0.6339045009625255	1.0	0.04951088780572299	0.5614708090334326	0.5955073099713258	0.6234903587434701	0.6174541358763378	0.6875041567569784	0.579192167629851	0.731881946825945	0.6532769467371085	0.6732017078733299	0.6266590595083122	0.5627797137840929	0.6728123557523181	0.714702034564712	0.6897901341412257	0.6498335024322672	0.45167642078534487	0.6981502158780436	0.7343565603029618	0.3436408547468344	0.6597992570858829	0.5402872782293464	0.7312200495395557	0.5209314371478416	0.66332413737737	0.46342413940092914	0.6539953310734458	0.6088505058274222	nan	0.5000000000000001	0.2607373640532722	0.4667331400386777	0.6014473547715106	0.7101517693973869	0.6275423187121204	0.6885962912212364	0.5331639340969585	0.6745471261241905	0.6552989504738561	0.5625085903237698	0.5794354565761862	0.5398443960202325	nan	nan	0.671875	nan	0.4545454545454546	0.7142857142857143	nan	0.3620689655172413	0.5660377358490566	0.43954659949622166	nan	0.5285714285714286	0.546875	0.4723618090452262	0.5275212412264499	nan	1.0	0.0	0.35416666666666663	0.538659793814433	0.5704057279236276	nan	0.6363636363636364	0.6296296296296297	0.4796380090497737	0.679607843137255	0.5721669980119284	0.5924050632911393	1088	44	35	58	53	794	70	64	796	2707	1	3	48	388	419	1056	1026	663	2550	2515	395	10852	1078	8564	8633	2725	2817	2810	37479	6818	4536	4831	17041	4253
aktiv	1.6005291005291005	0.05499668917575162	-0.4211817521375485	0.059904524376865664	-0.2041666666666666	-0.03090192693250171	nan	nan	-0.2788673168562841	nan	nan	0.03361344537815114	0.29386969419360465	nan	nan	-0.5721673284698494	-0.24666822539162991	0.4904933481152993	nan	nan	nan	-0.4444444444444444	0.6622222222222223	0.2065477368700217	-0.8235294117647056	-0.07624591503267975	0.38888888888888895	-0.08552096052096059	0.5618752241265363	0.64	0.3754531696791291	0.33820418109219774	nan	nan	1.0	1.0	0.4621515982635189	1.0	1.0	0.029364099416462897	0.14963753882004116	nan	nan	nan	0.17854460174650144	0.6937207657592073	0.020423300497385832	0.31856766431766037	0.6825944165769818	0.3722572659047031	0.731780049989755	0.8130192563108039	0.33044162652525577	0.3120287812833472	nan	0.12278551981236308	nan	0.05701081850582409	nan	nan	0.24593424715466666	nan	nan	0.07559289460184544	0.3883909625336947	nan	nan	-0.19217652869645188	0.30700380599985355	0.6903473913162615	nan	nan	nan	nan	0.7698003589195009	0.28233069564520447	nan	-0.1116581052478165	0.3333333333333333	0.3720894795049614	0.5876071264682319	0.6666666666666667	0.4520547945205479	0.5888352062387967	nan	nan	0.625	nan	nan	nan	nan	1.0	1.0	0.5833333333333333	nan	1.0	1.0	0.07692307692307687	0.36170212765957444	nan	nan	nan	nan	0.2857142857142857	0.7	nan	0.0625	0.16666666666666663	0.6666666666666667	0.4642857142857143	0.6285714285714286	0.8	24	0	0	1	1	12	1	1	13	47	0	0	0	7	10	16	12	6	28	35	5	187	25	133	127	29	52	52	605	14	52	131	318	90
anda	1.553323029366306	0.8389784392315152	0.8004728929891066	0.9217367087109566	0.9583494640032229	0.6206808619150835	0.0	0.4444444444444444	0.8300458547432528	-0.3798076923076923	0.11224489795918358	0.3167951188182402	0.8655334631478068	1.0	1.0	0.7588931788931789	0.7277246754646896	0.7926963885593779	nan	nan	0.0	0.49420103092783507	0.7067307692307693	0.849198684533504	0.7805448764322083	0.9291807762438135	0.32276950490008915	0.8394121798603529	0.8500056008209022	0.754045996592845	0.778241089091641	0.9396012342283078	0.29460182909271093	0.6081121272737282	-0.3070917211305373	0.12845759195443085	0.3145113159182249	1.0	1.0	0.696418142317158	0.628170575154156	nan	nan	-0.6040684515652162	0.4362473811309776	0.5552549341006796	0.7118466066204783	0.9113121771467428	0.3731239469193012	0.77655228776109	0.7874248726269882	0.7585336323135982	0.7824868453598172	0.6336540772275139	0.8275029877627952	0.9190846464506451	0.9590546116390143	0.6494293353673442	nan	0.5000000000000001	0.8320215327331428	-0.5443310539518174	0.0	0.4329243589958817	0.8867389947288885	1.0	0.9999999999999999	0.8253794079897561	0.7432139184647261	0.8492994435644926	nan	nan	nan	0.5331139899831832	0.6912625516718777	0.8533681502599346	0.7958742054594752	0.930046840933137	0.3830161731427133	0.8432885503378409	0.8661508224312114	0.8131249357707345	0.7146814404432134	0.5436833128181825	nan	nan	0.9142857142857143	nan	0.0	0.6666666666666667	nan	0.0	0.19999999999999996	0.41666666666666663	nan	1.0	1.0	0.6	0.6730769230769231	nan	nan	nan	0.0	0.375	0.8	nan	0.7777777777777778	0.8421052631578947	0.11111111111111116	0.819672131147541	0.7586206896551724	0.375	35	1	3	4	5	12	3	2	15	52	0	0	1	8	10	36	38	9	61	58	8	301	25	237	233	46	81	82	1005	394	65	34	362	150
annandag	1.5294117647058822	-0.14385964912280702	-0.17837465564738286	-0.30952380952380953	-0.34615384615384603	0.0	nan	nan	-0.10136567662330731	nan	nan	nan	-0.18753501400560202	nan	nan	0.0	-0.13636363636363624	-0.2333333333333334	nan	nan	nan	-0.25	-0.11764705882352944	-0.13059970734692095	nan	-0.2962962962962963	nan	nan	-0.17910447761194037	-0.10526315789473673	0.5711253468159923	0.2592096695761512	nan	nan	nan	nan	1.0	nan	nan	0.48060904530778836	0.5669582489895897	nan	nan	nan	0.33326089791472835	0.5365461753554961	1.0	0.30856685709675535	1.0	1.0	0.4868846303402786	0.5687259351814749	0.0	nan	nan	nan	nan	nan	nan	nan	nan	nan	nan	nan	-0.133801394982387	nan	nan	nan	nan	nan	nan	nan	nan	nan	nan	nan	nan	nan	nan	nan	nan	nan	0.7451923076923076	0.6902966064150274	nan	0.5	0.4444444444444444	nan	nan	nan	nan	nan	nan	1.0	nan	nan	nan	0.0	0.736842105263158	0.5789473684210527	nan	nan	nan	0.5	0.7	nan	1.0	0.5	1.0	1.0	0.675	0.7272727272727273	18	0	0	0	0	1	0	0	1	38	0	0	0	8	10	20	18	4	39	40	11	164	25	119	119	8	43	42	520	1	0	70	447	2
antyda	1.569482288828338	0.20785262097690826	-0.27518592268989117	0.08265107212475631	-0.2594249582438557	-0.1478436114469972	nan	nan	0.2869007081525363	nan	nan	-0.43576388888888884	0.4553031235780628	nan	nan	-0.16727973375372218	0.375422123521729	0.03444444444444461	nan	nan	nan	-0.19047619047619047	-0.4444444444444444	0.33402086445926393	-0.23684210526315774	0.053146086369770584	-0.052037989711119836	0.26166328600405686	0.573068345979607	0.0	0.4832827836379613	0.14353787048964461	nan	nan	1.0	nan	0.17976396737968636	nan	nan	-0.08220686254983778	0.5862801691723029	nan	nan	nan	0.3434796169330696	0.17854460174650144	0.38671440569323257	0.3021511029640671	0.23624054434293051	0.5805333105976042	0.7055935184551263	0.5790540869848891	0.2785224781839058	0.05006992491497079	nan	0.3090138461081477	nan	-0.15084102064834287	nan	nan	0.2861174390342134	nan	nan	-0.5204800389058843	0.4489988404832231	nan	nan	-0.13499083600190429	0.3846547776767449	0.1776469576391376	nan	nan	nan	-0.14907119849998599	-0.4714045207910316	0.3811563862225306	nan	0.30433714884023544	-0.1800205749557739	0.29710558438327656	0.6777988855194712	0.2927700218845599	0.5121951219512196	0.47072512146743317	nan	nan	0.5454545454545454	nan	nan	nan	nan	1.0	nan	0.25	nan	nan	nan	0.2727272727272727	0.5416666666666667	nan	nan	nan	nan	0.375	0.2857142857142857	nan	0.5833333333333333	0.2666666666666667	0.2857142857142857	0.6521739130434783	0.5609756097560976	0.5	22	0	0	1	0	8	0	0	11	48	0	0	0	8	7	24	15	7	46	41	8	180	25	125	129	19	49	49	576	16	23	165	357	15
bäck	1.5489913544668588	0.9114285477734783	0.930166324903167	0.9683345851529693	0.9761904761904762	nan	nan	nan	0.9670779454293552	nan	nan	nan	0.8898229880456321	nan	nan	nan	0.9827027027027027	0.4363636363636364	nan	nan	nan	0.5333333333333333	0.14814814814814825	0.9264093097297897	0.9022556390977443	0.9578947368421052	nan	0.9884474499859115	0.9956896551724138	nan	0.8653232428269911	0.962786902213729	nan	nan	1.0	1.0	nan	nan	nan	1.0	0.9731490019766634	nan	nan	nan	0.2618487621404576	-0.08787011817305279	0.8458729419109862	0.9418515091100002	1.0	0.9944410366732618	0.9982836513958838	1.0	0.9174726401681893	0.8448627233829921	0.9292624907712062	0.9713790125390954	0.9782319760890369	nan	nan	nan	0.9708932693773942	nan	nan	nan	0.8968653835347367	nan	nan	nan	0.9832102880166932	0.5447047794019221	nan	nan	nan	0.5773502691896257	0.35675303400633795	0.9340939649545191	0.9045340337332909	0.9610468828892331	nan	1.0	0.9977753031397177	nan	0.9226190476190477	0.9260521496047811	0.9428571428571428	0.9411764705882353	0.95	1.0	nan	nan	nan	1.0	1.0	nan	nan	nan	nan	1.0	0.98	0.75	nan	nan	nan	0.75	0.6666666666666667	0.921875	0.95	0.9473684210526316	1.0	0.8571428571428572	0.9375	1.0	20	0	0	1	1	0	0	0	1	50	0	0	0	4	12	20	19	1	21	16	2	344	25	294	293	16	51	52	1075	355	7	10	274	429
bearbeta	1.5793201133144477	0.14769960862718323	-0.4521426106444395	-0.21605874991799778	-0.5251825769431406	0.19893782364538137	-0.6666666666666667	0.0	0.4273842345613391	-0.5000000000000002	0.23118279569892464	0.13887985406001646	0.2475179648733603	-0.35447761194029836	0.451063829787234	0.028591102329201923	0.07422422344035506	0.4509272775870222	nan	nan	nan	0.12454545454545451	0.4291666666666667	0.22506112590016147	-0.2072649572649572	-0.15086404245662366	-0.2566400000000002	0.4918046928916494	0.006218878489632651	0.48888888888888893	0.4190505966419179	-0.44152725883993904	-0.13452362300817167	0.8086872862727177	0.1549996008040725	0.5512230631656801	0.5647444113732141	-0.09846438291127702	0.623877600887656	0.43948838471603735	0.41767907704845586	nan	nan	nan	0.537492932185037	0.5460172119448101	0.3188567050286779	0.1692470065166155	0.4565978089616026	0.7997072016284303	0.34166257074734696	0.7848498666811655	0.3577410272829533	0.3933097103968919	0.13121602922262973	0.371760836438057	0.25022754365962957	0.3886600214009792	nan	nan	0.5125242740293299	nan	0.674199862463242	0.6358893321895661	0.4048162432559438	nan	0.7071067811865475	0.07148964661545802	0.2598181049928702	0.4529656421567569	nan	nan	nan	0.11547005383792514	0.4535573676110727	0.3510732929210893	0.20100756305184236	0.5136322618172917	0.17685642620137332	0.5025453733372183	0.4664441848586922	0.47809144373375745	0.34600760456273766	0.3576206601822385	nan	nan	0.20370370370370372	nan	0.0	0.75	nan	0.19999999999999996	0.33333333333333337	0.3214285714285714	nan	0.33333333333333337	0.4	0.36111111111111116	0.28	nan	nan	nan	nan	0.4	0.4	nan	0.4736842105263158	0.125	0.1923076923076923	0.7101449275362319	0.203125	0.75	54	3	4	5	6	28	6	5	36	75	0	0	0	10	10	57	56	26	69	64	12	290	25	200	216	106	139	139	1115	77	210	392	397	39
bedömande	1.5657142857142856	-0.031126630677904776	nan	nan	nan	0.0	nan	nan	0.08820669669897696	nan	nan	0.0	-0.1441428864550549	nan	nan	0.0	-0.03451239687530805	-0.2417557932263814	nan	nan	nan	0.09523809523809534	-0.5833333333333335	-0.07718695792561614	nan	nan	nan	0.0	-0.1594306855934764	-0.18181818181818188	0.6927548704800628	1.0	nan	nan	1.0	nan	0.46660871833178263	nan	1.0	0.6319377189153805	0.4992900238960245	nan	nan	nan	0.4936527596875109	0.10805513418207646	1.0	1.0	1.0	0.9514504904935147	0.5114425442385024	0.40651930272508696	0.13820540952642732	0.20789395374317945	nan	nan	nan	nan	nan	nan	0.18552237202624	nan	nan	nan	-0.12615072712086992	nan	nan	nan	0.08245457415302561	0.2091650066335189	nan	nan	nan	0.3333333333333333	nan	nan	nan	nan	nan	nan	nan	nan	0.8099547511312216	0.7847634508348794	1.0	1.0	1.0	0.8333333333333334	nan	nan	nan	1.0	nan	0.5	nan	nan	1.0	0.75	0.6857142857142857	nan	nan	nan	nan	0.6	0.19999999999999996	nan	1.0	1.0	1.0	0.975	0.7045454545454546	0.5714285714285714	20	0	0	1	0	2	0	1	4	35	0	0	0	10	10	24	21	2	40	44	7	172	25	122	121	11	48	49	548	0	4	55	476	13
beredning	1.7732394366197184	0.570765787717366	0.4701285636384638	0.47271933839909674	0.5136134599165243	0.3896652075074776	nan	nan	0.5770651970320543	nan	nan	0.1253769294416388	0.6239988386516219	0.0	0.0	0.5220328875096443	0.5100947275150314	0.6357165994817161	nan	nan	0.3999999999999999	0.32523957523957525	0.4269366197183099	0.6646430011140588	0.39773193760262715	0.46150793650793653	0.34532021398695245	0.7429820370323803	0.6541880058315556	0.8366013071895425	0.5893736387464614	0.5147311252910618	nan	nan	nan	nan	0.19948579114055065	0.31928582619509704	0.29460182909271093	0.33842728667652955	0.5367228206209744	nan	nan	0.6188545244511413	0.5662973281711681	0.4546307311620591	0.38530918428546423	0.6056422299931821	0.28298703042646123	0.8331530318873508	0.6155527874214209	0.9156235130043674	0.678130492648404	0.6227407845447082	0.5668576310038974	0.5101842950589118	0.6552088541327388	0.6332113023098334	nan	nan	0.6488341545212184	nan	nan	0.4484986738562725	0.7443486444917251	nan	nan	0.5628236865206931	0.6547742350540487	0.7067043653673766	nan	nan	0.6123724356957945	0.29277002188455997	0.5810296391712229	0.7679376438897765	0.5235807756636041	0.5994201233902964	0.6842211099264629	0.7695059145225461	0.8681506865513983	0.8432740427115678	0.41957104557640756	0.36481003248967897	nan	nan	0.23076923076923073	nan	nan	nan	nan	nan	nan	0.1466666666666666	nan	0.0	0.0	0.6153846153846154	0.2808219178082192	nan	nan	nan	0.19999999999999996	0.33333333333333337	0.375	nan	0.3928571428571429	0.6333333333333333	0.2586206896551724	0.6304347826086957	0.45185185185185184	0.9230769230769231	26	0	0	0	0	75	1	1	65	146	0	0	5	9	16	28	30	58	138	135	13	356	25	301	301	146	65	65	1259	254	347	132	513	13
blockera	1.6435897435897435	0.29619237494152006	-0.09051342825671971	0.33260880494712675	-0.15863885088919294	0.351018497286555	-0.41666666666666696	nan	0.4747486862182202	nan	nan	0.03994490358126723	0.6225162799726451	nan	nan	-0.44079365079365096	0.6053511785448402	0.375	nan	nan	nan	0.5	0.375	0.1208311776681501	-0.052121212121212235	0.6354166666666666	0.6491008991008991	-0.22485793074028337	-0.037233223506014435	-0.0625	0.5461129862567473	0.2024173371651754	0.032083873793527395	1.0	nan	1.0	0.4645623275877473	nan	1.0	0.26395342844532355	0.7321551870344243	nan	nan	nan	0.7161938199112798	0.6666304489573642	0.378180656635558	0.76429333828183	0.7596331469007632	0.3113101043736102	0.40214214577215546	0.6400779336978257	0.29470896800605834	0.3148212034951645	0.13666095789467672	0.5293039701367295	0.1482855131736234	0.3820994944788202	nan	nan	0.47379183534040237	nan	nan	0.0	0.6904923678633462	nan	nan	-0.03683485385945321	0.7118004596175226	0.5	nan	nan	nan	0.5773502691896257	0.4879500364742665	0.21057937563556323	0.010555008273018725	0.7423074889580903	0.691475616445387	-0.06874649261535878	0.1988901927900871	nan	0.5522875816993463	0.620124201646972	nan	nan	0.4	nan	0.0	1.0	nan	nan	1.0	0.5454545454545454	nan	nan	1.0	0.1333333333333333	0.5161290322580645	0.7777777777777778	nan	nan	nan	0.75	0.75	nan	0.6	0.7777777777777778	0.5384615384615384	0.4901960784313726	0.6428571428571428	0.7777777777777778	25	2	1	0	1	11	0	1	15	62	0	0	0	8	8	25	18	13	51	56	9	188	25	134	146	35	57	56	641	0	87	102	451	1
bolagsstämma	1.5370919881305638	0.0	nan	nan	nan	nan	nan	nan	0.0	nan	nan	nan	0.0	nan	nan	nan	0.0	nan	nan	nan	nan	nan	nan	nan	nan	nan	nan	nan	nan	nan	0.9880307984674785	1.0	nan	nan	nan	nan	1.0	nan	nan	1.0	0.947642292335528	nan	nan	nan	1.0	1.0	1.0	1.0	1.0	1.0	1.0	1.0	0.0	nan	nan	nan	nan	nan	nan	nan	nan	nan	nan	nan	nan	nan	nan	nan	nan	nan	nan	nan	nan	nan	nan	nan	nan	nan	nan	nan	nan	nan	0.9952830188679246	0.9977477477477477	1.0	1.0	1.0	1.0	nan	nan	0.9864864864864865	nan	nan	1.0	0.9857142857142858	nan	nan	1.0	0.972972972972973	1.0	nan	nan	nan	1.0	1.0	1.0	1.0	1.0	1.0	1.0	1.0	1.0	16	0	0	0	0	2	0	0	2	37	0	0	0	9	10	21	18	2	44	41	10	164	25	118	118	8	43	42	518	0	0	2	516	0
bröllop	1.6124260355029585	0.14584123945188454	nan	-0.020000000000000018	nan	0.3771910604732689	nan	nan	0.05066168006864069	nan	nan	0.0	0.13664549850743957	nan	nan	-0.27344028520499086	-0.022125805404904497	0.7579861111111111	nan	nan	nan	1.0	0.6222222222222222	-0.01773435241220045	nan	-0.03571428571428581	0.3310185185185185	-0.08950237261873473	-0.09067297321675505	0.0	0.6948511121498354	1.0	nan	nan	nan	nan	0.8056712415802457	nan	nan	0.1281568257455643	0.46487164813687043	nan	nan	nan	1.0	0.8331682441029304	1.0	0.7477376266574258	0.5674969826250723	0.6600326445368417	0.42937221118182045	0.8370275889390941	0.050167862303287764	0.2192990720918743	nan	-0.04000000000000001	nan	0.5449515158584185	nan	nan	0.1761740679518029	nan	nan	nan	0.14397134283921492	nan	nan	-0.02777777777777778	0.0666193509717121	0.7892004626469846	nan	nan	nan	1.0	0.6614378277661476	-0.013354571928352167	nan	-0.07142857142857142	0.30929478706587094	-0.08871737649183406	-0.09503566337055266	nan	0.7651821862348178	0.79840061473905	1.0	0.9230769230769231	1.0	nan	nan	nan	nan	nan	nan	0.8888888888888888	nan	nan	nan	0.19999999999999996	0.6862745098039216	nan	nan	nan	nan	1.0	0.8888888888888888	nan	1.0	0.8666666666666667	0.6666666666666667	0.813953488372093	0.6603773584905661	0.9090909090909091	14	0	0	0	0	9	0	0	10	51	0	0	0	8	9	15	15	9	43	53	11	172	25	121	123	19	43	42	545	1	20	25	490	9
by	1.565982404692082	-0.12641646150016683	0.0	0.0	0.0	-0.21666666666666656	nan	nan	-0.2113399212981386	nan	nan	nan	-0.2581589295088298	nan	nan	-0.2857142857142856	-0.2975660319410318	-0.34166666666666656	nan	nan	nan	-0.23529411764705888	-0.30158730158730185	-0.13112949842048827	nan	0.0	nan	nan	-0.21194598748322613	-0.357142857142857	0.5919677929042504	0.8995802236391209	nan	nan	nan	nan	1.0	nan	nan	0.09840440547010088	0.23294031805110527	nan	nan	nan	0.36402575194859577	0.236558332379316	1.0	0.8659750836709289	1.0	1.0	0.3806380508509566	0.24047913953126632	-0.31622776601683794	-0.31622776601683794	nan	nan	nan	nan	nan	nan	nan	nan	nan	nan	-0.18603178594038616	nan	nan	nan	nan	-0.22941573387056174	nan	nan	nan	nan	-0.31622776601683794	nan	nan	nan	nan	nan	nan	nan	0.7429906542056074	0.7345544011241686	nan	0.9655172413793104	0.95	nan	nan	nan	nan	nan	nan	1.0	nan	nan	nan	0.4	0.5135135135135135	0.44999999999999996	nan	nan	nan	0.5454545454545454	0.4444444444444444	nan	1.0	0.9333333333333333	1.0	1.0	0.627906976744186	0.4	20	0	0	0	0	4	0	0	5	37	0	0	0	11	9	17	15	3	40	43	10	167	25	121	124	12	43	42	534	4	16	51	425	38
central	1.7208588957055215	0.3248968913207909	-0.19999377615836367	0.27473428206658546	-0.1764412242918676	0.28969046399055787	nan	nan	0.09043334353413623	nan	nan	-0.07130177514792901	0.34711824665450286	nan	nan	0.8325933396706159	-0.09022559971903377	0.7568977037815565	nan	nan	0.0	0.4545454545454546	0.7899577493816983	0.4583714052788266	-0.3844510638297871	0.5136225435669262	0.1386661625204345	0.09411016081821677	0.43319858438715564	0.5111044417767107	0.562641072416739	0.1029172648904747	nan	nan	nan	1.0	0.4051352613843985	nan	1.0	0.929252705386702	0.3222096913594633	nan	nan	0.8335099677964611	0.6801222801437807	0.871800810426671	0.211794195436249	0.667120724287009	0.5166871519103178	0.4901379950367801	0.6935656278990547	0.7112161396732641	0.4161962868177089	0.4470681488513138	-0.12417580272546164	0.4942122542212897	-0.003015677795868044	0.46974810476127304	nan	nan	0.34870496105885745	nan	nan	0.380863895099362	0.6398759035965904	nan	nan	0.8376761986895335	0.42797466131568	0.7878110220270264	nan	nan	nan	0.6338656910463875	0.7866666666666665	0.4655797070504847	-0.38644475587016225	0.7998161553463028	0.43834805209824435	0.1950740832115783	0.5909526571814278	0.6630401592266134	0.4369449378330373	0.5524848360743592	nan	nan	0.303030303030303	nan	nan	nan	nan	nan	1.0	0.1923076923076923	nan	nan	1.0	0.8181818181818181	0.21739130434782605	nan	nan	nan	0.75	0.5454545454545454	0.8125	nan	0.31999999999999995	0.4482758620689655	0.2692307692307693	0.5225225225225225	0.5169491525423728	0.5714285714285714	33	0	0	0	1	26	0	1	33	115	0	0	4	11	16	25	29	26	111	118	14	320	25	274	258	110	68	67	1122	24	330	280	389	99
dun	1.5294117647058822	0.5034508233228219	0.4298620976404143	0.515418849919082	0.5278001113241387	nan	nan	nan	0.5589125715774107	nan	nan	nan	0.44543773915002705	nan	0.0	nan	0.4534607973914332	0.784418811660856	nan	nan	nan	0.29567307692307687	0.9188134270101483	0.5523229910632736	0.3466666666666667	0.5384767420481706	nan	0.9063580246913581	0.3646258758289932	-0.020000000000000018	0.7298396833149434	0.751295035000525	1.0	1.0	nan	nan	nan	1.0	-0.6040684515652162	1.0	0.6372425091324176	nan	nan	nan	0.5972055155565636	0.9372044821109282	0.7005515489391207	0.7703197115710982	1.0	0.9473023005883604	0.5830968974530548	0.4593788564152318	0.5405711551460329	0.4961677120902348	0.42968440967361476	0.5760886961727837	0.5254057880116635	nan	nan	nan	0.5563256652400436	nan	nan	nan	0.4844252044009727	nan	nan	nan	0.4535093710546716	0.7770873402002614	nan	nan	nan	0.380952380952381	0.9231326627541018	0.5889244462834343	0.4432026302139591	0.5803810000880094	nan	0.9067057872404832	0.4043649433593899	-0.15214515486254615	0.7514124293785309	0.7798909977781069	nan	nan	0.782608695652174	1.0	1.0	1.0	nan	nan	nan	nan	nan	1.0	0.0	1.0	0.7105263157894737	nan	nan	nan	nan	0.75	0.8571428571428572	nan	0.7333333333333334	0.7619047619047619	1.0	0.9259259259259259	0.5769230769230769	0.6	23	1	1	0	0	0	1	1	2	38	0	0	0	8	7	15	21	1	27	26	5	180	25	136	135	24	49	49	598	54	12	64	335	133
fack	1.5172413793103448	0.5315121644718136	0.5252879957707344	0.5306244420571636	0.8926498753771481	0.647451758180889	nan	1.0	0.6614900630697615	nan	nan	0.6116582914572866	0.6768954685817894	nan	nan	0.2535380299251869	0.6441037934559188	0.4198347770291947	nan	nan	0.0	0.11886304909560719	0.23455134135060107	0.4261368503693338	0.3077548938650605	0.36774835591746935	0.13932163478168313	0.3666991912798875	0.46392008328015577	0.28251748251748265	0.4707958704103402	0.8546913230200198	1.0	1.0	nan	nan	0.5886740208375594	1.0	nan	0.21573673394530257	0.5844212391861885	nan	nan	0.29460182909271093	0.25193563257913154	-0.11875279507169467	0.2198453075050948	0.36284946245370453	0.19879331168669223	0.43024739673310763	0.5204383537728305	0.41010218655314856	0.6474593641021121	0.6104768934785796	0.5838271786972644	0.758154424902779	0.9090892211221369	0.8016466991531832	nan	0.9999999999999999	0.7443421076035496	nan	nan	0.6317420127396032	0.7067703947704153	nan	nan	0.38739438711450747	0.6509924055738336	0.45824250588696447	nan	nan	nan	0.6599120175960899	0.18952451089472586	0.6966308724577089	0.4648857530217244	0.8608583534551247	0.5624070398034909	0.765829459232158	0.6241487207975768	0.22941573387056177	0.39240506329113933	0.4836561152674236	nan	nan	0.8666666666666667	nan	1.0	1.0	nan	nan	nan	0.4571428571428572	nan	1.0	nan	0.41666666666666663	0.5757575757575757	nan	nan	nan	0.0	0.33333333333333337	0.5	nan	0.33333333333333337	0.1470588235294118	0.2142857142857143	0.16666666666666663	0.3275862068965517	0.4	30	2	2	0	0	35	1	0	24	66	0	0	1	6	10	33	34	28	60	58	5	435	25	382	390	119	94	95	1540	544	172	84	295	445
fången	1.6313725490196078	0.3367617751088825	nan	nan	nan	0.6033359107478183	nan	nan	0.45438928167279447	nan	nan	0.6281910397295013	0.3338340590404586	nan	nan	0.1294642857142857	0.3908099419689649	0.27428581274337516	nan	nan	0.0	0.2864357864357864	0.050000000000000044	0.3183109994256953	nan	nan	0.07499999999999996	0.37998202362609135	0.12811942959001776	0.575	0.6164477022263253	nan	nan	nan	nan	nan	0.7749018957269569	nan	nan	0.5714724739004078	0.6481523702998426	nan	nan	0.6382802290314202	0.5809735874431048	0.7291689952691442	nan	nan	0.44701293628194694	0.6576138382969081	0.5043649293856243	0.7668331810232799	0.3508348296189147	0.3339669802340784	nan	nan	nan	0.8159417072102745	nan	nan	0.46732366133763503	nan	nan	0.7071428571428572	0.3467281872258688	nan	nan	0.43643578047198467	0.4027561941760453	0.26728370367167004	nan	nan	nan	0.31742403420773196	0.0	0.349913411394534	nan	nan	0.0	0.41962716370814124	0.17231679239994488	0.5499999999999999	0.5270935960591133	0.47893216047947507	nan	nan	nan	nan	nan	nan	nan	nan	nan	0.5	nan	nan	nan	0.5	0.43137254901960786	nan	nan	nan	0.0	0.5833333333333333	0.5	nan	nan	nan	0.4	0.7272727272727273	0.3695652173913043	0.7777777777777778	0	0	0	0	0	10	0	0	8	51	0	0	1	12	6	0	0	5	55	46	9	127	23	122	126	18	0	0	416	0	36	179	196	5
färg	1.6794582392776525	0.4957372117825365	-0.19038505690753693	0.4950154103725125	-0.08493589743589736	0.7039194461070853	0.0	nan	0.654378428691144	-0.41666666666666696	0.0	0.5492002852485738	0.5730234325318935	-0.5	0.25	0.7169149530729056	0.5649441518578913	0.5054160239605453	nan	nan	0.3999999999999999	0.2926587301587301	0.4675666438824332	0.5480224152999732	-0.2438709677419355	0.3999999999999999	-0.0034263085399448556	0.6388755820997072	0.49185310226194245	0.3302380952380952	0.6389655729875832	0.6422252987825425	0.01415087206386878	1.0	0.032083873793527395	0.6382802290314202	0.7342718029269718	-0.021071260707354433	0.62636101656235	0.8312413738250811	0.7062591580672355	nan	nan	0.6607783043752045	0.532525455589407	0.6545904073230785	0.26505767587673645	0.5699149002172303	0.4732297327019359	0.7469626318657024	0.6368559519235026	0.5320365998736516	0.6008725628591297	0.6638597493440815	nan	0.5176473344726098	nan	0.7608786871241225	nan	nan	0.6608049435273853	nan	nan	0.5808832860736032	0.5849715611485191	nan	0.9999999999999999	0.7132566144553211	0.5650786251762657	0.8225385966271883	nan	nan	0.968245836551854	0.7071067811865475	0.7484200530167371	0.6234779630433628	nan	0.5270462766947298	0.2455906506646834	0.6506325780042966	0.5933896236382743	0.6666666666666667	0.5664160401002505	0.42990744369656764	nan	nan	0.8076923076923077	nan	0.5	1.0	nan	0.0	0.0	0.5833333333333333	nan	0.0	0.0	0.5263157894736843	0.5671641791044777	nan	nan	nan	0.19999999999999996	0.33333333333333337	0.4285714285714286	nan	0.5806451612903225	0.7307692307692308	0.25	0.6666666666666667	0.59375	0.4	26	2	1	2	1	24	2	2	19	67	0	0	5	12	14	31	26	20	66	64	15	212	25	165	152	57	67	66	744	5	157	120	443	19
förhandling	1.54093567251462	-0.10367892976588644	-0.19466911764705874	-0.2093750000000003	nan	nan	nan	nan	-0.08883147853736073	nan	nan	nan	-0.07987685205661199	nan	nan	nan	-0.09459459459459452	0.0	nan	nan	nan	0.0	nan	-0.14987720511933578	-0.3666666666666665	-0.42307692307692313	nan	-0.08000000000000007	-0.03846153846153855	nan	0.6627832180253072	1.0	nan	nan	1.0	1.0	1.0	nan	nan	1.0	0.6632409926427985	nan	nan	nan	0.8597289762170369	1.0	0.24280185201436322	0.19709480628159226	1.0	0.7003341533665663	0.81984539976366	1.0	-0.07174300539794393	-0.07174300539794393	nan	nan	nan	nan	nan	nan	-0.051491239725306295	nan	nan	nan	-0.08456620074055773	nan	nan	nan	-0.07174300539794393	nan	nan	nan	nan	nan	nan	-0.15319323950311564	nan	nan	nan	nan	nan	nan	0.8009049773755655	0.8754753407238278	nan	nan	1.0	1.0	nan	nan	nan	1.0	1.0	1.0	nan	nan	nan	1.0	0.8048780487804879	0.9473684210526316	nan	nan	nan	0.9230769230769231	1.0	nan	0.4285714285714286	0.368421052631579	1.0	0.8292682926829268	0.9024390243902439	1.0	23	0	0	1	1	2	0	0	2	41	0	0	0	13	9	21	19	2	41	41	5	166	23	117	115	10	48	48	527	1	1	47	476	2
framlida	1.5303292894280762	0.7680835783714647	1.0	1.0	1.0	0.19444444444444442	nan	nan	-0.02596153846153837	nan	nan	-0.5	0.650783559799728	1.0	nan	0.8333333333333333	-0.024970963995354145	0.8817210286095959	nan	nan	nan	nan	0.7696025778732546	0.25465859636471233	nan	nan	-0.41666666666666696	0.0	0.24630344630344625	nan	0.8811166481200217	1.0	nan	nan	nan	nan	-1.4061026773478242	1.0	1.0	0.8106047577575098	0.8100828979464968	nan	nan	nan	1.0	0.7120423504279136	1.0	1.0	-0.7067884108067841	0.9188128280207827	0.7628595219312038	1.0	0.6373471125114231	0.8368651571464119	1.0	1.0	1.0	0.5000000000000001	nan	nan	nan	nan	nan	nan	0.6731897485358483	1.0	nan	0.9999999999999999	nan	0.8919716975289327	nan	nan	nan	nan	0.8160150140436474	0.3899313674676107	nan	nan	nan	nan	0.3683107716884118	nan	0.9025974025974026	0.7733154072439786	1.0	1.0	1.0	nan	nan	nan	nan	nan	nan	0.0	nan	1.0	1.0	0.5	0.9047619047619048	0.7692307692307692	nan	nan	nan	1.0	0.5714285714285714	nan	1.0	1.0	0.0	0.9583333333333334	0.8918918918918919	1.0	19	0	0	0	0	2	3	1	2	21	0	0	0	3	7	12	15	2	24	37	6	268	25	222	229	36	51	52	883	155	8	3	389	328
gagn	1.5548961424332344	-0.0008851864687229316	nan	nan	nan	nan	nan	nan	-0.06886749460923425	nan	nan	nan	0.030819661036268542	nan	nan	nan	-0.08928565880514361	-0.0787545787545787	nan	nan	nan	nan	-0.0625	0.07292738050742587	nan	nan	nan	-0.0439560439560438	0.0786998949486768	-0.0714285714285714	0.7943011145598117	1.0	nan	nan	nan	nan	1.0	nan	nan	1.0	0.6510899249335962	nan	nan	nan	1.0	0.6400779336978257	1.0	1.0	1.0	0.8081851248790486	0.6297838230066669	0.6056475559807648	0.08771080478097922	0.08771080478097922	nan	nan	nan	nan	nan	nan	nan	nan	nan	nan	0.07436255259326759	nan	nan	nan	nan	nan	nan	nan	nan	nan	nan	0.06911049131225036	nan	nan	nan	nan	0.08771080478097922	nan	0.875	0.916360556985557	1.0	1.0	1.0	1.0	nan	nan	nan	nan	nan	1.0	nan	nan	nan	1.0	0.8108108108108107	nan	nan	nan	nan	1.0	0.7777777777777778	nan	1.0	1.0	1.0	0.8958333333333334	0.7619047619047619	0.75	13	0	0	0	0	2	0	0	1	37	0	0	0	9	9	16	20	3	48	42	8	166	25	121	120	10	41	41	524	4	2	20	483	15
gloria	1.5783718104495748	0.532658122411392	0.5099736908908746	0.6587551264990389	0.5954182185878021	0.5411190731704738	0.8333333333333333	1.0	0.7639698194872857	1.0	0.976027397260274	0.41424134871339846	0.5507338021167651	nan	0.0	0.4331357208805092	0.6110022078166102	0.6162320483749055	nan	nan	0.0	0.5533033033033032	0.4426107325383305	0.4013500673908996	-0.07916276285654789	0.37881881914072535	0.25399210164835173	0.46509507479997203	0.17279152517786833	0.4068627450980392	0.6116404741991115	0.6756932360172991	0.8861275145639445	1.0	1.0	0.9711937487369323	0.6324365013788504	1.0	0.48060904530778836	0.5836249242224176	0.6683036426188191	nan	nan	0.48060904530778836	0.5903158042224537	0.39481416005147174	0.13782191621788986	0.608632069196847	0.5220011263409992	0.6639513539126619	0.3067605420115529	0.668952508661663	0.46486107511777697	0.5800673000953358	0.5279202931113759	0.7688582882671577	0.6775067981238071	0.5465461205767637	0.9999999999999999	0.9999999999999999	0.7660345373311148	1.0	1.0	0.41471660932013077	0.6079782912647689	nan	nan	0.4460455240833841	0.653951862158969	0.5991868412452808	nan	nan	nan	0.4843651614325804	0.6069769786668842	0.44114841250622827	0.007174636858779808	0.6077155435054972	0.25477293210142665	0.4678099118833754	0.2580257172868541	0.4020151261036848	0.3842696629213483	0.4713709192670111	nan	nan	0.368421052631579	nan	0.5	1.0	nan	1.0	0.75	0.4571428571428572	nan	1.0	0.0	0.3076923076923077	0.35	nan	nan	nan	0.0	0.33333333333333337	0.5	nan	0.20833333333333337	0.5384615384615384	0.40625	0.5625	0.17391304347826086	0.5	38	2	2	4	4	35	1	1	39	80	0	0	1	9	8	24	26	32	64	69	6	353	25	304	307	127	92	91	1299	304	279	170	286	260
granskare	1.6415525114155252	-0.0515102528228184	-0.33012701363073105	-0.387383268107518	-0.5083930592229347	-0.5144927536231885	nan	0.0	-0.2671903783823497	nan	nan	0.0	0.019870021903163226	nan	nan	-0.6421232876712331	-0.23750276787368563	0.18670999120685872	nan	nan	nan	-0.21666666666666656	0.3955324909747292	0.0031825943067184115	-0.13953488372093004	-0.2101360425059846	-0.25	-0.1132075471698113	-0.10395646228846567	-0.5783435314685315	0.2430453986932508	-0.23052402833403618	1.0	0.48060904530778836	1.0	1.0	0.3463683010775873	nan	nan	-0.45586638857628947	0.2965187101864406	nan	nan	nan	0.2007089730207432	0.2367353988977482	0.5476670695385073	0.24612945248397977	0.2907854441809492	0.6095098738445786	0.10384158035517499	-0.7763992124832257	0.0200430950606768	-0.10877677437678843	nan	-0.14063638427571432	nan	-0.5313689313240573	nan	nan	nan	nan	nan	nan	0.10302974342783125	nan	nan	-0.7745966692414834	nan	0.508979856369292	nan	nan	nan	nan	0.6099375455928332	0.040624925983281525	nan	-0.06762904096897157	nan	nan	0.06935667368606052	-0.3809523809523809	0.5159817351598173	0.5164991678489578	nan	nan	0.2727272727272727	nan	1.0	0.0	nan	1.0	1.0	0.5	nan	nan	nan	0.0	0.5882352941176471	nan	nan	nan	nan	0.5	0.5	nan	0.72	0.36363636363636365	0.33333333333333337	0.7666666666666666	0.4693877551020408	0.25	22	1	1	1	1	2	0	0	4	34	0	0	0	6	10	25	22	3	30	49	8	223	20	121	131	32	96	96	719	38	37	114	374	156
ingående	1.636552440290758	0.3572451669707897	nan	nan	nan	0.31573197444253887	nan	nan	0.33893311729737063	nan	nan	-0.03269120097325584	0.3440355410147118	nan	nan	0.6166845840366657	0.05608827656894566	0.3792543580535922	nan	nan	-0.1337719298245612	0.10123795906080657	0.15392561983471076	0.44511942638143276	nan	nan	0.07828408510905926	0.39487235631532236	0.28674725285818214	-0.11987522281639929	0.5058807062377266	nan	nan	nan	nan	nan	0.3883888191203656	nan	nan	0.712974311317981	0.3083288123634774	nan	nan	0.4512982682753274	0.4199486392850893	0.4032957540538561	nan	nan	0.4008126760153592	0.5544785259530646	0.40320713837846134	0.368484367277808	0.38812030632130345	0.2631375295099813	nan	nan	nan	0.5274837967673767	nan	nan	0.5884437809948072	nan	nan	0.38085511138977396	0.4511586465818853	nan	nan	0.6254904780413176	0.3420164625384631	0.42971250950332684	nan	nan	0.0	0.08100530348957494	0.2019664027660675	0.4702073390993825	nan	nan	0.1903830928533015	0.5514221189822954	0.32220711450391376	-0.06397078946489487	0.35271807838179514	0.3310008274932554	nan	nan	nan	nan	nan	nan	nan	nan	nan	0.1954022988505747	nan	nan	nan	0.6585365853658536	0.23636363636363633	nan	nan	nan	0.16666666666666663	0.3125	0.2727272727272727	nan	nan	nan	0.4657534246575342	0.24137931034482762	0.4879518072289156	0.2727272727272727	0	0	0	0	0	87	0	0	82	165	0	0	6	16	11	0	0	73	174	166	11	450	25	448	448	205	0	0	1576	428	569	274	244	61
jordisk	1.5475285171102662	-0.012653588197166332	nan	nan	nan	-0.30000000000000004	nan	nan	-0.3532200547294415	nan	nan	nan	0.05131093940809339	nan	nan	-0.16666666666666674	-0.310952733773183	0.2567204301075269	nan	nan	nan	-0.46153846153846145	1.0	-0.054852640032456934	nan	nan	-0.6666666666666667	-0.23749999999999982	-0.11937791481922821	0.33766233766233766	0.39818996146195196	nan	nan	nan	nan	nan	1.0	nan	nan	0.2374296845905186	0.21273274507568174	nan	nan	nan	0.16890284979840609	1.0	nan	nan	0.13434840884631394	0.39806062912502205	0.32253817893212244	0.7127871492052856	0.14819902428251502	0.4250614567562329	nan	nan	nan	nan	nan	nan	nan	nan	nan	nan	0.15223555006479658	nan	nan	nan	nan	0.43795912116108715	nan	nan	nan	nan	0.9999999999999999	-0.05295045242088289	nan	nan	nan	nan	-0.04104339574813917	0.31622776601683794	0.5314285714285714	0.5528619528619528	nan	nan	nan	0.4285714285714286	nan	nan	nan	nan	nan	1.0	nan	nan	nan	0.5	0.5	nan	nan	nan	nan	0.30000000000000004	1.0	nan	nan	nan	0.0	0.6	0.40909090909090906	0.6666666666666667	0	0	0	0	0	5	0	0	4	42	0	0	0	10	8	0	0	3	50	44	9	124	25	121	123	14	0	0	407	1	12	118	269	7
kemisk	1.5974025974025974	0.04160579002320752	-0.3340161088737674	0.2809634224388323	-0.18421052631578938	0.08088378430990828	0.0	0.0	-0.28144027995019916	nan	nan	0.0	0.10388412847404649	0.0	0.5833333333333333	-0.2222222222222221	-0.3793896611211358	-0.2662607378893589	nan	nan	nan	-0.4829545454545454	-0.13209876543209886	0.19073179178761845	-0.40625	0.25445897740784784	0.3125	-0.19407894736842102	0.28505524371254265	0.3429752066115702	0.4384061421543264	0.46431631379804894	0.48060904530778836	0.48060904530778836	nan	1.0	0.43238763982255957	0.3463683010775873	0.7489359793933874	0.3911068418053112	0.16793294556495852	nan	nan	nan	0.08969791842610908	0.40129983118163315	0.21099705280579695	0.6127727365136544	0.7381671149016827	0.3721838028524441	0.6451355297695246	0.6532219939648803	0.23272871160807546	0.28575469680778354	nan	0.2779182029171518	nan	0.03182595394301728	nan	nan	0.13177812987523013	nan	nan	0.2927700218845599	0.22653108139485406	nan	1.0	-0.11180339887498951	nan	-0.2914820186645445	nan	nan	nan	nan	-0.20412414523193154	0.2621639726653664	nan	0.24285714285714288	0.4472135954999579	0.1547818111102747	0.2959496909104135	0.45414755311462374	0.49458483754512633	0.4320145498183343	nan	nan	0.6521739130434783	nan	0.0	0.0	nan	nan	1.0	0.5	nan	0.5	0.33333333333333337	0.16666666666666663	0.42553191489361697	nan	nan	nan	nan	0.25	0.2222222222222222	nan	0.3913043478260869	0.6206896551724138	0.6666666666666667	0.56	0.5102040816326531	0.5454545454545454	23	1	1	0	1	8	2	3	6	47	0	0	0	8	9	23	29	6	50	49	11	190	25	127	129	21	62	61	615	1	19	210	380	5
kokärt	1.5398230088495575	nan	nan	nan	nan	nan	nan	nan	nan	nan	nan	nan	nan	nan	nan	nan	nan	nan	nan	nan	nan	nan	nan	nan	nan	nan	nan	nan	nan	nan	1.0	1.0	nan	nan	nan	nan	nan	nan	nan	1.0	1.0	nan	nan	nan	1.0	1.0	1.0	1.0	1.0	1.0	1.0	1.0	0.0	nan	nan	nan	nan	nan	nan	nan	nan	nan	nan	nan	nan	nan	nan	nan	nan	nan	nan	nan	nan	nan	nan	nan	nan	nan	nan	nan	nan	nan	1.0	1.0	1.0	1.0	1.0	1.0	nan	nan	1.0	nan	nan	nan	1.0	nan	nan	1.0	1.0	1.0	nan	nan	nan	1.0	1.0	1.0	1.0	1.0	1.0	1.0	1.0	1.0	18	0	0	0	0	0	0	0	4	38	0	0	0	10	8	19	15	1	45	46	9	165	25	119	119	9	43	42	522	0	0	0	522	0
konduktör	1.6047619047619048	0.4634898782003799	0.45006586603736987	0.6505357201727491	0.264957264957265	0.28225706439897247	0.0	nan	0.16530108072514071	0.5333333333333333	nan	0.04040404040404044	0.23473202518603298	nan	nan	-0.2933333333333332	-0.03977419758754519	0.3455441424830096	nan	nan	nan	0.09523809523809534	0.06392485223754585	0.6437724873497712	0.4797107930828861	0.7885550903945553	0.711111111111111	0.484143686502177	0.354382183908046	0.10511363636363624	0.5667048700473755	-0.0742005294026109	-0.6040684515652162	1.0	0.35608512435933715	1.0	-0.4779382857966594	1.0	1.0	-0.8462775703180763	0.46276579885335756	nan	nan	nan	0.4936527596875109	0.25018686859392936	0.5511605281454525	0.7167984018260575	0.5506137927874599	0.8503009892813413	0.6527536718015035	0.35882484557026895	0.37943650227906	0.38817924131802245	0.5476629335438251	0.7112064124271983	0.3540440964374667	0.3535533905932738	nan	nan	0.26383191712308834	0.5773502691896257	nan	0.0890870806374748	0.23519136784441896	nan	nan	-0.3952847075210474	0.023756313864582594	0.6091609599266964	nan	nan	nan	0.3333333333333333	0.4855041562276123	0.6595423261052091	0.5650648154097324	0.8610584002420806	0.7302967433402214	0.5001045642297205	0.3614031611621005	0.560611910581388	0.7250859106529208	0.6833397341652059	nan	nan	0.6363636363636364	nan	0.0	1.0	nan	0.75	1.0	0.5	nan	1.0	1.0	0.19999999999999996	0.6909090909090909	nan	nan	nan	nan	0.6	0.4545454545454546	nan	0.6923076923076923	0.7272727272727273	0.8571428571428572	0.9245283018867925	0.8125	0.4545454545454546	22	1	1	4	2	10	1	2	5	55	0	0	0	10	11	26	22	7	53	48	11	197	25	143	145	34	65	65	674	119	0	56	477	22
krita	1.5580693815987934	0.6802954444309535	0.5974845988881149	0.40509787213083914	0.45914152343523285	0.3686108178153197	nan	nan	0.7477910106920551	nan	0.0	0.46463792617638766	0.772561083334506	nan	0.5375	0.18892645815722742	0.6228344338343981	0.8019317005864091	nan	nan	nan	0.8625	0.6153846153846154	0.732375811398736	0.7665967214005351	0.45447083784463616	0.10467559758339895	0.6231424862145865	0.7770993653869684	1.0	0.6507062778176695	0.38656607170187673	nan	nan	nan	0.6382802290314202	0.7235808541317821	nan	0.6433179792835992	0.5290301906631698	0.6273780234244117	nan	nan	nan	0.8213759060882804	0.7109759967085467	0.7154792848666846	0.49001390209638473	0.3952374407370697	0.632416223750202	0.6998859419946186	1.0	0.735646483237744	0.6813938475247596	0.7416570321458292	0.7186667564888191	0.7137798920738938	0.5111155220855818	nan	nan	0.8357887299812068	nan	nan	0.5378528742004772	0.8397962428207665	nan	0.5443310539518174	0.4837163233564497	0.7992328015327416	0.7934133641005873	nan	nan	nan	0.9486832980505139	0.6546536707079771	0.7610550736079286	0.8143847019189036	0.8476778621808182	0.047457899787624956	0.6740605741778883	0.7922890658827682	1.0	0.5285714285714286	0.5006775166483416	nan	nan	0.4444444444444444	nan	nan	nan	nan	nan	0.0	0.46153846153846156	nan	nan	0.5	0.19999999999999996	0.44285714285714284	nan	nan	nan	nan	0.6666666666666667	0.875	nan	0.6666666666666667	0.33333333333333337	0.2222222222222222	0.3939393939393939	0.8028169014084507	1.0	27	0	0	0	1	13	0	4	10	70	0	0	0	6	8	27	30	9	66	71	8	289	25	260	254	68	69	68	1033	254	154	87	377	161
ledning	1.5648	0.6588155915161572	0.7075525999669114	0.5842107922987652	0.42580806815334493	0.6893302822273074	nan	nan	0.5020326911640518	-0.5	nan	0.2049069995105237	0.6137728009025576	0.75	0.4444444444444444	0.64453125	0.14017608399697934	0.39536614940676273	nan	nan	nan	-0.4624999999999999	0.3560606060606061	0.7872736951212671	0.9199332670802839	0.8141095850700331	0.5167378917378919	0.5732929500137796	0.5324011879462099	0.028521739130434876	0.6881231440724542	0.3703969930116705	1.0	nan	0.2209135679616827	1.0	0.4599703626337378	0.738209587759558	0.711449469615438	0.7228375547814365	0.4091152598405876	nan	nan	1.0	-0.01225428864442657	0.6095307706926338	0.889759235295859	0.7859078918116875	0.6188253050072354	0.7030771197989896	0.6570828992710881	0.420235409547852	0.5130485638381902	0.436812194222372	0.713166792784203	0.5840709370891479	0.42163725445889355	0.7435592379134366	nan	nan	0.5220241020837573	nan	nan	0.23756933992132054	0.6270497226152111	0.8164965809277261	0.5000000000000001	0.6369152634037791	0.1898712183987846	0.3711015142051648	nan	nan	nan	-0.5590169943749473	0.336269122990683	0.7971435775368056	0.9230124053734634	0.817961565278252	0.726869710147965	0.5683563608829065	0.5739644909543737	-0.07453559924999298	0.567484662576687	0.5927449550180948	nan	nan	0.5769230769230769	nan	1.0	nan	nan	0.0	1.0	0.5	nan	0.75	0.6666666666666667	0.5	0.375	nan	nan	nan	1.0	0.19999999999999996	0.5	nan	0.8181818181818181	0.6896551724137931	0.5	0.6666666666666667	0.5263157894736843	0.4	26	1	0	2	1	12	4	3	16	48	0	0	1	5	12	33	29	12	54	57	10	294	25	235	239	49	67	69	978	179	115	177	312	195
medium	1.533112582781457	0.6700455454243623	0.5764877649617854	0.7121801535994314	0.7578383188351954	0.500596368138671	-0.6527777777777779	0.0	0.699912105426611	0.358	0.5972222222222223	0.4862291449426486	0.7852352472407966	-0.5591397849462365	-0.1607142857142858	0.4076923076923077	0.5852789336809567	0.8191830934566275	nan	nan	0.25	0.3171015456207412	0.7029605263157895	0.6969132848214907	0.4172087980173482	0.6890378146977882	0.16221136767317923	0.4509964456826805	0.6671759139138865	0.9001642036124795	0.5720660551740749	0.7488301282579153	-0.8781694855713609	0.29460182909271093	0.3177733034719967	0.6863538629627034	0.45280657826568715	0.08989292530102944	0.0582290570627797	0.46735775459654194	0.47351242820278727	nan	nan	0.5704285497416814	0.3695358776483946	0.659444958680379	0.25072772962585077	0.5949648184148886	0.315836861455032	0.33366501397041226	0.6653921244659554	0.9164949650994323	0.5776637803106023	0.38367829600185155	0.5776042657781999	0.7412491433108727	0.7633523210908434	0.5079026969674015	-0.888888888888889	nan	0.7041894158357755	0.3244428422615251	0.8164965809277261	0.5087694835296015	0.7817482891215727	-0.8660254037844387	nan	0.43259045634870014	0.5803067544177867	0.8352320356406767	nan	nan	nan	0.32102894156205125	0.7576353611771042	0.719003007533257	0.43733279441259004	0.7231057073470643	0.20206391066464413	0.4457111917123951	0.6765959273322256	0.9043347559186958	0.6702586206896551	0.49147322778668073	nan	nan	0.8823529411764706	nan	0.0	0.0	nan	0.4	0.5	0.5	nan	0.33333333333333337	0.5	0.2727272727272727	0.6037735849056604	nan	nan	nan	0.0	0.5454545454545454	0.7272727272727273	nan	0.676923076923077	0.7846153846153846	0.5	0.5384615384615384	0.6730769230769231	0.9	85	4	1	5	4	16	3	4	11	53	0	0	2	11	11	65	65	10	52	52	10	383	25	215	214	102	225	225	1389	736	61	108	318	166
mode	1.5290322580645161	0.5022145652451849	0.40845549342602394	0.2602906350914962	0.4214929214929216	0.32080066635431304	nan	nan	0.533070336851159	nan	nan	0.4017286477880132	0.4601620107264637	nan	nan	-0.2984878369493753	0.30527570316224384	0.6972631923959358	nan	nan	0.0	0.33999999999999997	0.5965595178302361	0.4943578897266201	-0.03835978835978837	-0.08653846153846145	0.5249080575058509	0.5781168082206145	0.22705752212389385	0.5375	0.6245682758303406	0.5643396145499826	nan	nan	nan	nan	0.8028704505417907	nan	nan	0.29609421498588995	0.6140924283946897	nan	nan	0.6678764591665334	0.6501863188569147	0.6168799078927053	0.7404822939280626	0.5490254644979258	0.6899862529874772	0.7079502963984337	0.45307051284951094	0.755632342657426	0.3494548148551169	0.3426432485738624	0.4047619047619047	0.2763744944834426	0.4131671220064233	0.34286263524631017	nan	nan	0.5312042020477908	nan	nan	0.4304276673970868	0.45222879466418675	nan	nan	-0.3810215067705787	0.30097673763469956	0.7813176377647256	nan	nan	nan	0.3952847075210474	0.6315375989925396	0.5231847408621247	-0.07692307692307694	nan	0.6696620080077292	0.618778494947492	0.22285492754730674	0.5443310539518174	0.5282051282051282	0.5392033585335972	0.6923076923076923	nan	0.5625	nan	nan	nan	nan	nan	nan	0.6666666666666667	nan	nan	nan	0.3846153846153846	0.4482758620689655	nan	nan	nan	0.5	0.4	0.6363636363636364	nan	0.8571428571428572	0.7692307692307692	0.4	0.48484848484848486	0.4	0.5	16	0	0	0	0	15	0	0	13	29	0	0	2	5	11	14	13	15	33	25	4	186	25	169	173	71	44	43	711	98	58	116	240	199
motiv	1.6775777414075286	0.5506614557936853	0.49039791172938607	0.6428284843707546	0.6459627329192547	0.378593926820068	0.25	0.0	0.5810508533804795	0.0	0.0	0.463935507876853	0.45508692052482136	-0.41666666666666696	0.0	-0.12841627879221873	0.26742649916898986	0.14188073867739615	nan	nan	0.0	-0.20833333333333326	0.38486842105263164	0.7290930893753587	0.5096104838222821	0.8191458936634582	0.606152762119504	0.6365534584086799	0.4260333866308814	0.3907624633431085	0.5827431493126545	0.49267081774731947	0.3941764145714687	0.31928582619509704	0.48060904530778836	0.46660871833178263	0.6170271978230335	-0.6098595590611664	0.31928582619509704	-0.07123001200223822	0.28591578874450774	nan	nan	0.31928582619509704	0.3348521157270037	0.40084814916129063	0.4307259353385805	0.8265921569852936	0.7133033804148976	0.7583727635748975	0.5488074627814642	0.5533884353009098	0.4931434659416901	0.3408309834599898	0.6420824605655492	0.6565888709879848	0.6943650748294136	0.3801527350856328	nan	nan	0.6495515827820904	nan	nan	0.6268732912160874	0.5061227963739001	-0.9999999999999999	nan	-0.1353740266453356	0.38265187827804015	0.12420807949715047	nan	nan	nan	-0.2099455524325912	0.36514837167011077	0.7516493243170747	0.7488939212352828	0.8993541495160176	0.6321880107307327	0.6494933511960406	0.4152808831581955	0.36187343222787294	0.5701754385964912	0.3831286898008771	nan	nan	0.8275862068965517	nan	0.0	0.0	nan	0.0	0.5	0.6206896551724138	nan	0.0	0.0	0.2142857142857143	0.38541666666666663	nan	nan	nan	0.0	0.5833333333333333	0.5	nan	0.4864864864864865	0.6451612903225806	0.6	0.85	0.6119402985074627	0.4545454545454546	29	2	1	1	2	29	2	1	28	96	0	0	1	12	6	37	31	20	80	67	11	306	25	223	243	66	81	81	1025	124	186	53	579	83
notis	1.6058673469387754	0.6810804133056725	0.8225107986398309	0.7579233091079592	0.7717883597883597	0.6233794503548509	nan	nan	0.6654105394581542	nan	nan	0.4594684299579469	0.5603949410104053	nan	nan	0.46556049514618025	0.514640420647505	0.4630089962121212	nan	nan	0.5833333333333333	0.7739962887989204	0.23696837379119784	0.7809244057832342	0.8901558654634947	0.7983112901591163	0.6874266920272627	0.7836915024671963	0.5470570811585227	0.5920671494404213	0.712614005273148	0.8014013990352145	1.0	1.0	nan	nan	0.6608577358865305	nan	nan	0.42753714107747187	0.5084684292234629	nan	nan	0.7489359793933874	0.8451682993466614	0.2693776758559102	0.8976554247835971	0.8537242213157322	0.7796608918307183	0.8582165822233705	0.5041083337919463	0.7426183242094051	0.7620585830587449	0.7740551573841528	0.861531562431476	0.7855306349807377	0.823367641033135	0.6343883091351109	nan	nan	0.7654374248972469	nan	nan	0.558783843938707	0.8215201873894145	nan	nan	0.5532445960022809	0.8337116439086296	0.6145551592291978	nan	nan	1.0	0.9173649445877259	0.44946657497549475	0.8461817204193961	0.9498713802919552	0.8456060880966543	0.6957566520492712	0.7889028203638301	0.830073590533918	0.8165672702123853	0.4974271012006861	0.5783284555387608	nan	nan	0.6190476190476191	nan	1.0	1.0	nan	nan	nan	0.5102040816326531	nan	nan	nan	0.4035087719298246	0.33613445378151263	nan	nan	nan	0.33333333333333337	0.5833333333333333	0.25	nan	0.65	0.8076923076923077	0.75	0.7263157894736842	0.3482142857142857	0.3571428571428571	21	1	2	0	0	49	0	0	57	119	0	0	3	12	16	20	26	36	95	112	14	339	25	332	314	141	54	54	1259	202	400	101	509	47
sittning	1.627388535031847	0.39040905434593265	0.10878353293933452	0.434109287893262	0.18911702620311877	0.6093681464331893	-0.10000000000000009	nan	0.1432286614361975	-0.5625	0.0	-0.0767571373125977	0.442900024329692	-0.06209150326797386	0.23999999999999988	0.15393102321019936	-0.07092577576679182	0.6806014253432991	nan	nan	0.8333333333333333	0.08333333333333337	0.5001038205980067	0.3744467696514773	0.07894349617422025	0.019779775734922844	0.1631555555555555	0.13402467295909926	0.23490554758488758	0.826	0.3456890374360083	0.21340199725128817	0.2873121581463587	1.0	-0.6037177573905328	0.31928582619509704	0.27989219673475285	0.392396845392773	0.4176360897739334	0.2339939357879901	-0.1235247449271406	nan	nan	0.8106047577575098	0.41066472910543317	0.42367964758931154	-0.030358455892411262	0.27766314537905656	0.3708795972171368	0.18404593990492424	0.18863567894920674	0.8150974373896066	0.2919548596123645	0.33599826876254557	0.2965548898333857	0.4338191283155685	0.3466795253453528	0.6602947674274836	nan	nan	0.49809241635322765	0.3779644730092272	nan	0.25977253026786234	0.6057351271095979	-0.125	0.40824829046386296	0.3119469902614516	0.27588909513978754	0.7164120275619422	nan	nan	0.9999999999999999	0.0	0.4833194521869492	0.4258277936729017	0.33235149516719387	0.049919931148768935	0.22901430620717225	0.2603262912807534	0.3544328140685349	0.8111071056538127	0.38554216867469876	0.4216798073541915	nan	nan	0.5135135135135135	nan	0.6666666666666667	1.0	nan	0.0	0.0	0.21739130434782605	nan	0.7777777777777778	0.7	0.30434782608695654	0.21212121212121215	nan	nan	nan	0.5	0.0	0.625	nan	0.4	0.25	0.5	0.33333333333333337	0.4117647058823529	0.6	37	6	2	8	1	23	9	10	23	33	0	0	2	3	8	20	20	10	12	17	5	280	20	186	194	97	123	122	1022	305	119	68	155	375
stöt	1.527434842249657	0.6093082171666078	0.460494285586154	0.5042848449088444	0.5025935476936212	0.6359621050394805	-0.08333333333333326	0.711111111111111	0.6963989345808452	-0.00021748586341874265	0.8836125654450262	0.6612049795858852	0.5808819385727169	-0.049891931792232835	0.5903823973028126	0.4667292002517195	0.5629274461238505	0.45923515706595974	nan	-0.43939393939393945	0.9494949494949495	0.46749408983451546	0.43291623218630504	0.6427368450745412	0.6029644783336432	0.5726250155796023	0.5428226227015236	0.683901464494103	0.5519951474855727	0.7083333333333333	0.6547178254161108	0.5481274293516859	0.17141734573865408	0.8456553517820298	0.20991144210169377	0.9431151314413947	0.7672895237627725	-0.06278250495076088	0.7020990872625944	0.6218126906269875	0.6614338319741868	1.0	0.04951088780572299	0.9608360683696021	0.7203210043372024	0.41049518630810156	0.5710472946201111	0.6615121966138587	0.6000453805193218	0.7529975126600545	0.6186855311887036	0.8134180483854656	0.6131896975822159	0.6054813275409897	0.5984391855594239	0.5582823123488556	0.653568487832468	0.6568385882611144	0.2581988897471611	0.7302967433402214	0.7087743810647508	0.4242640687119285	0.9149914219956281	0.6927134577199242	0.6001622689151511	0.19809232476746522	0.6267766300567593	0.6317759324685427	0.5694458206926089	0.5232379441437128	nan	0.5000000000000001	1.0	0.4359286452893224	0.6627334956636112	0.6446033351891103	0.6725209755100721	0.5924602672638467	0.54811391267783	0.7109064465494074	0.5797322493464508	0.7071067811865477	0.5343065693430658	0.5340760972943345	nan	nan	0.4534883720930233	nan	0.4285714285714286	0.8571428571428572	nan	0.36363636363636365	0.8	0.6	nan	0.38095238095238093	0.5333333333333333	0.4285714285714286	0.5294117647058824	nan	1.0	0.0	0.6666666666666667	0.5555555555555556	0.2857142857142857	nan	0.5684210526315789	0.6296296296296297	0.5555555555555556	0.5789473684210527	0.5	0.5	86	7	7	11	10	45	21	15	42	85	1	3	3	9	7	95	81	36	57	60	4	558	25	430	425	327	229	233	2227	635	568	207	258	559
studie	1.6836027713625865	0.45885086992485635	-0.13492190921033442	0.46730949646401543	nan	0.3231249357744741	nan	nan	0.5715595802438707	nan	nan	0.3696160267111853	0.5555600390381681	0.0	nan	0.48772193665686514	0.4679558590287962	0.46384003321734335	nan	nan	-0.2749999999999999	0.6203284732696498	0.04441176470588237	0.45408664502735696	-0.2272727272727273	0.371577380952381	0.17325658992325654	0.5107374317800168	0.4675155407141023	0.3358681593149281	0.6093847773055684	1.0	nan	nan	nan	nan	0.5878892475990164	0.48060904530778836	nan	0.6490342596817985	0.6576764446714285	nan	nan	0.5810005068440004	0.7434631276071944	0.5879670099797502	0.24916443798508958	0.5253378974294861	0.379304045115022	0.6085029908732178	0.5764413873142216	0.5598073013025484	0.47553639276263365	0.38331094888797207	nan	0.614987252990633	nan	0.44242991881066196	nan	nan	0.5704743868272695	nan	nan	0.3812874826098055	0.5554725131539082	nan	nan	0.4719942805014548	0.46558051201729694	0.4640755747344372	nan	nan	-0.3952847075210474	0.7683982683982684	0.0	0.5259816904692881	nan	0.6117752903214981	0.47040479587210826	0.5483961330551022	0.5413087462490349	0.3525596362641711	0.5209424083769634	0.48995170669277816	0.7352941176470589	0.7575757575757576	1.0	nan	nan	nan	nan	nan	nan	0.43333333333333335	nan	0.0	nan	0.5	0.6103896103896104	nan	nan	nan	0.4	0.5833333333333333	0.5	nan	0.5909090909090908	0.6190476190476191	0.2962962962962963	0.515625	0.38181818181818183	0.4285714285714286	18	0	0	0	0	30	1	0	26	77	0	0	5	12	10	22	21	27	64	55	14	205	25	166	168	62	52	51	729	22	87	126	480	14
undertrycka	1.6997840172786176	0.36027637310088423	0.29758355045949236	0.42512262565465486	0.3216019912678011	0.20719940999826136	nan	nan	0.38120124438033054	nan	nan	0.22416334352632294	0.21473849392116784	nan	nan	-0.22719831181604278	0.07200460302266432	0.6183028595726587	nan	nan	-0.125	0.4072374817695673	0.5253839680201977	0.4272956970919627	0.19216954022988508	0.4388130625915847	0.3126066917036531	0.5643265478937054	0.06800252279449825	0.5643910500889906	0.5717057362877968	0.37710199808303113	1.0	1.0	nan	nan	0.6203209227191451	1.0	nan	0.21299087625944202	0.3232266751717501	nan	nan	0.7269544377150797	0.6999928879899691	0.6054211293806973	0.5227483215197153	0.5377768228282185	0.7351168133059325	0.8171963007616222	0.33964078177930235	0.7620785426735007	0.4330544865147397	0.47539465579353174	0.5056732363370451	0.5007836695111753	0.5853225568382548	0.27596501428501014	nan	nan	0.5501998694619697	nan	nan	0.22043259174166613	0.41278221025569994	nan	nan	0.12410018134935713	0.4538960427325287	0.6407871495733648	nan	nan	nan	0.7737179432986628	0.6351902949182846	0.47001560848133916	0.3956282840374722	0.49844874306469306	0.3946066127362767	0.582626607477801	0.3889798693872716	0.6517861419401112	0.427927927927928	0.5328168588513854	nan	nan	0.5238095238095238	nan	1.0	1.0	nan	nan	nan	0.3414634146341463	nan	1.0	nan	0.3191489361702128	0.2702702702702703	nan	nan	nan	0.6	0.36363636363636365	0.2142857142857143	nan	0.5416666666666667	0.36	0.48275862068965514	0.8356164383561644	0.1724137931034483	0.5	21	2	1	0	0	41	1	0	47	74	0	0	5	11	14	24	25	29	73	58	18	229	25	152	179	83	60	59	787	56	110	301	296	24
uppfattning	1.5967302452316077	0.35346359064945276	0.4171599176170684	0.5789875278195875	0.5620424836601307	-0.00032329225619975865	0.0	0.0	0.4179717803566153	-0.41666666666666696	-0.13636363636363624	0.05816326530612248	0.3914413592347227	0.0	0.0	-0.012796610169491407	0.48574306727960614	0.7538493351148439	nan	nan	nan	0.1333333333333333	0.5375	0.2584361590082819	0.023266259432267344	0.5396130952380953	0.33999999999999997	0.12997542997543	0.12397959183673468	1.0	0.5243181148494682	0.46219854303853114	0.01415087206386878	-0.6040684515652162	0.032083873793527395	0.012818283462196933	0.2598225564743766	-0.6040684515652162	0.01415087206386878	0.0378970038722759	0.6305830712673937	nan	nan	nan	0.5071267610479009	0.7147360385197061	0.38206056743610983	0.7002668603689545	0.6501863188569147	0.5207547361524516	0.45245289967832414	1.0	0.319811545377468	0.28182907001276053	0.5219830872605284	0.571921004476052	0.5950910320869346	-0.015041420939904671	nan	nan	0.45434311739546346	nan	-0.5000000000000001	0.0	0.38009337967199797	nan	nan	-0.06804138174397717	0.5226864707205373	0.7500623913351993	nan	nan	nan	0.09128709291752768	0.5443310539518174	0.3041694283344292	0.27066598098038336	0.5354496700964052	0.3952847075210474	0.1546212023475711	0.12240208128764028	1.0	0.5423728813559322	0.4214972011348823	nan	nan	0.76	nan	0.5	0.0	nan	0.0	0.0	0.2857142857142857	nan	0.0	0.5	0.4	0.6739130434782609	nan	nan	nan	nan	0.5714285714285714	0.5	nan	0.4347826086956522	0.625	0.4	0.575	0.36111111111111116	1.0	25	2	1	2	3	7	1	2	10	46	0	0	0	7	4	23	16	5	40	36	6	177	20	121	118	25	63	62	586	52	22	155	309	48
uppfostran	1.5591715976331362	0.06689263973436643	0.0	0.0	0.0	-0.2933333333333332	nan	nan	0.07757610443408824	nan	nan	-0.40000000000000013	0.039838109293777735	nan	nan	0.0	-0.07574536663980669	-0.3429129821863386	nan	nan	nan	-0.050000000000000044	-0.08333333333333326	-0.04765455993628054	nan	0.0	0.0	0.18597560975609762	-0.14864864864864868	-0.5454545454545454	0.6012731956012484	0.8840132042500335	nan	nan	nan	nan	0.20534269575158348	nan	nan	0.7066921647055421	0.49142229591762576	nan	nan	nan	0.4874933930276588	0.4932900678770932	1.0	0.9011501990629668	0.48060904530778836	0.7668559967960915	0.5450299972775092	0.12586577898540563	0.06859648196737941	-0.007765580603240303	nan	nan	nan	-0.3227486121839514	nan	nan	0.09595951618283552	nan	nan	-0.5773502691896257	0.07604448728559451	nan	nan	nan	-0.026799670267636386	-0.03450327796711771	nan	nan	nan	0.03857583749052298	0.2581988897471611	0.14688001278750634	nan	nan	nan	0.3512500866571045	-0.09046835805696823	nan	0.7373271889400922	0.5828725910236008	nan	0.9642857142857143	0.9375	nan	nan	nan	nan	nan	nan	0.25	nan	nan	nan	0.5	0.6666666666666667	nan	nan	nan	nan	0.4545454545454546	0.4285714285714286	nan	1.0	0.9473684210526316	0.0	0.8666666666666667	0.7209302325581395	0.2222222222222222	16	0	0	0	0	4	0	0	2	45	0	0	0	11	7	15	19	1	45	43	9	166	25	122	121	11	41	41	527	2	0	70	447	8
uppläggning	1.5351014040561624	0.5417192631943751	0.46639941626122194	0.5135618270801519	0.5328624172521712	0.3226747339870645	0.9494949494949495	0.5277777777777778	0.5601085972576467	0.125	0.7876016260162602	0.18589318326673676	0.5515865641145109	0.6507936507936507	0.7311827956989247	-0.13888640562608034	0.33068378273285104	0.06603306194573344	nan	nan	nan	-0.04938271604938271	0.0	0.5285703395012618	0.4010672941126593	0.45153126274989797	0.47288648140808265	0.6122717344480806	0.31235505822342	0.15099715099715094	0.5277081889950003	0.33199189137270535	0.945718016223018	0.5386031378956527	-0.04956530076046639	0.7767865653738142	0.2692136654173829	0.6712353397007755	0.750160203214031	0.1625903239660138	0.5334926074170258	nan	nan	nan	0.4549601092736051	0.7597031929406293	0.213994475907491	0.3009389651025992	0.3344115519350953	0.7162853897889786	0.4393789411856732	0.4848847029233717	0.49554024087233517	0.5519561422479992	0.5731294583575806	0.5537928138102652	0.535617658820096	0.5857638797532091	1.0	0.5000000000000001	0.5863330991634376	0.5443310539518174	0.9486832980505139	0.484713589810558	0.5756553561147646	0.894427190999916	0.8660254037844387	-0.042804258575131385	0.3806533560992379	0.0242071412936892	nan	nan	nan	0.0	nan	0.674798734109313	0.6454862745068306	0.6229378815225598	0.5863807095549305	0.6629995476558556	0.4375749460175247	0.31622776601683794	0.47472527472527465	0.4688675881909504	nan	nan	0.6976744186046512	nan	0.6666666666666667	0.33333333333333337	nan	0.25	0.5	0.21875	nan	0.5	0.33333333333333337	0.1785714285714286	0.4225352112676056	nan	nan	nan	nan	0.4444444444444444	0.8571428571428572	nan	0.5384615384615384	0.5263157894736843	0.5185185185185186	0.6031746031746033	0.40625	0.4444444444444444	43	3	3	4	6	32	6	3	28	71	0	0	0	9	7	39	38	27	63	64	9	242	25	205	212	116	92	92	984	243	142	180	414	5
uppslag	1.5666327568667344	0.8450328637016676	nan	nan	nan	0.8961344979621672	nan	nan	0.8349205374617061	nan	nan	0.9287012241775058	0.8877285655432087	nan	nan	0.8545356949653141	0.8174364300277235	0.6481318575088211	nan	nan	nan	0.6891485809682805	0.2394770408163266	0.889343060470035	nan	nan	0.7065718872916495	0.7537405999297574	0.8823964061886828	0.7192192192192193	0.7888151355565944	nan	nan	nan	nan	nan	0.8893938222665604	nan	nan	0.7885966699107607	0.7683671651027415	nan	nan	nan	0.695868555970538	0.3097952602311925	nan	nan	0.549234461358064	0.6432714935359791	0.8264394179790492	0.6931035003242186	0.8306633079945436	0.8526338269637713	nan	nan	nan	0.9025971533242192	nan	nan	0.8493011132885783	nan	nan	0.9353948796241445	0.8877812841596071	nan	nan	0.8548199946767684	0.8292129718904602	0.877992674417254	nan	nan	nan	0.9200874124564721	0.8392857142857142	0.8929963311039789	nan	nan	0.7299586011792658	0.7608679808053117	0.8912059585805286	0.9128709291752768	0.8432510885341074	0.6683157306379286	nan	nan	nan	nan	nan	nan	nan	nan	nan	0.9	nan	nan	nan	0.8225806451612903	0.8650306748466258	nan	nan	nan	nan	0.4	0.125	nan	nan	nan	0.8055555555555556	0.89171974522293	0.8716216216216216	0.33333333333333337	0	0	0	0	0	60	0	0	62	163	0	0	0	10	8	0	0	72	157	148	9	443	23	440	439	195	0	0	1540	1115	38	21	356	10
uträtta	1.545994065281899	-0.09570686079109292	-0.1329431438127091	-0.120441705187468	nan	0.9642857142857143	nan	nan	-0.21558238908259764	nan	nan	0.0	0.07476805345931847	nan	nan	1.0	-0.08942766295707472	-0.15505675954592357	nan	nan	nan	0.0	0.0	-0.23093116697560445	-0.26086956521739135	-0.19444444444444442	nan	-0.2816901408450707	-0.23100303951367773	-0.4444444444444444	0.4508423075705189	1.0	nan	nan	nan	nan	0.48501966192320267	nan	nan	1.0	0.6675863690130246	nan	nan	nan	0.7850721238557199	0.8370275889390941	0.3440676701936036	0.4464646598256645	nan	0.3389853171226932	0.31621313050432465	0.17854460174650144	-0.03599424275512458	0.4567347263601175	nan	nan	nan	1.0	nan	nan	nan	nan	nan	nan	0.11418826065290312	nan	nan	0.9999999999999999	nan	-0.13929678665081194	nan	nan	nan	nan	nan	0.021106282279408774	nan	nan	nan	nan	-0.0865305472797648	nan	0.6363636363636364	0.6955183459352937	nan	nan	1.0	0.75	nan	nan	nan	nan	nan	0.6666666666666667	nan	nan	nan	1.0	0.8108108108108107	nan	nan	nan	nan	0.875	0.9090909090909091	nan	0.5333333333333333	0.6363636363636364	nan	0.5434782608695652	0.3902439024390244	0.2857142857142857	17	0	0	0	0	3	0	0	2	37	0	0	0	8	11	15	22	0	46	41	7	165	25	118	119	9	43	42	521	0	2	105	412	2
vaktmästare	1.5341246290801187	-0.043887147335423204	nan	nan	nan	0.0	nan	nan	-0.055133775998437606	nan	nan	nan	-0.07187464059804483	nan	nan	0.0	-0.07792207792207795	-0.1785714285714286	nan	nan	nan	-0.10000000000000009	-0.08333333333333326	-0.02954699256936477	nan	nan	nan	nan	-0.024691358024691246	-0.18750000000000022	0.8316891321746765	1.0	nan	nan	nan	nan	1.0	nan	nan	0.5583865285077569	0.7065596930566056	nan	nan	nan	0.5142251813585327	0.5643573341301629	1.0	1.0	nan	1.0	0.8656367841586939	0.42238141178663735	0.0	nan	nan	nan	nan	nan	nan	nan	nan	nan	nan	nan	-0.06112274566280462	nan	nan	nan	nan	nan	nan	nan	nan	nan	nan	nan	nan	nan	nan	nan	nan	nan	0.9077669902912621	0.8554112554112554	1.0	1.0	1.0	0.75	nan	nan	nan	nan	nan	1.0	nan	nan	nan	0.6666666666666667	0.8333333333333334	0.6470588235294117	nan	nan	nan	0.6666666666666667	0.7142857142857143	nan	1.0	1.0	nan	1.0	0.9285714285714286	0.6	18	0	0	0	0	1	0	0	3	42	0	0	0	6	7	18	16	0	43	42	10	163	25	119	119	9	41	41	517	0	0	26	491	0
vegetation	1.5565217391304347	0.19837030211163087	-0.019230769230769384	0.9995039682539683	0.0	0.0	nan	nan	-0.05550801914266312	nan	nan	nan	0.2569161138970516	nan	nan	0.0	-0.011624869383490166	-0.5263157894736843	nan	nan	nan	-0.875	-0.5	0.3887389686525373	-0.033333333333333215	1.0	nan	nan	0.5699494537746617	-0.3076923076923075	0.8225579683962979	0.8981945938700909	nan	nan	nan	nan	1.0	nan	nan	0.5583865285077569	0.9117488743876716	nan	nan	nan	0.026141959952103222	0.1485814597338394	0.762583226643187	1.0	1.0	1.0	0.8615294639099818	0.28037510758826123	0.7742809773772812	0.8247707587534157	nan	0.9999999999999999	nan	nan	nan	nan	nan	nan	nan	nan	0.25775216046543276	nan	nan	nan	nan	nan	nan	nan	nan	nan	nan	0.4525269174776312	nan	1.0	nan	nan	0.6495415175068314	nan	0.8693693693693694	0.752730152401205	0.9259259259259259	0.96875	0.9473684210526316	0.8333333333333334	nan	nan	nan	nan	nan	1.0	nan	nan	nan	0.6666666666666667	0.9545454545454546	0.2666666666666667	nan	nan	nan	0.0	0.25	nan	0.875	1.0	1.0	1.0	0.8947368421052632	0.4444444444444444	19	0	0	0	0	2	0	0	3	44	0	0	0	8	8	16	21	2	52	38	9	166	24	124	125	13	43	42	537	1	9	22	504	1
