lemma	pos	date	grouping	identifier	description	context	indexes_target_token	indexes_target_sentence	context_tokenized	indexes_target_token_tokenized	indexes_target_sentence_tokenized	context_lemmatized	context_pos	context_normalized
Rezeption	NN	1968	2	2532889X_1968-02-25_01_067.tcf.xml-32-37	 	Das Moskauer Dramatische Theater am Taganga-Platz, über dessen Aufführung „Der gute Mensch von Sezuan" Regisseur Juri Ljubimow auf dem Dialog sprach, und eine Reihe anderer Bühnen sozialistischer Länder leisteten wertvolle Beiträge zur Brecht-Rezeption.	243:252	0:253	Das Moskauer Dramatische Theater am Taganga-Platz , über dessen Aufführung „ Der gute Mensch von Sezuan " Regisseur Juri Ljubimow auf dem Dialog sprach , und eine Reihe anderer Bühnen sozialistischer Länder leisteten wertvolle Beiträge zur Brecht- Rezeption .	37	0:39	d Moskauer dramatisch Theater am Taganga-Platz , über die Aufführung „ d gut Mensch von Sezuan " Regisseur Juri Ljubimow auf d Dialog sprechen , und eine Reihe ander Bühne sozialistisch Land leisten wertvoll Beitrag zur brecht- Rezeption .	ART ADJA ADJA NN APPRART NE $, APPR PRELAT NN $( ART ADJA NN APPR NE $( NN NE NE APPR ART NN VVFIN $, KON ART NN ADJA NN ADJA NN VVFIN ADJA NN APPRART TRUNC NN $.	
Rezeption	NN	1971	2	2532889X_1971-12-02_01_032.tcf.xml-3-36	 	Morgens 8.30 Uhr begrüßte Hoteldirektor Egon Wendorf den 23-jährigen Feinmechaniker Wolf gang Glimm aus den Jenaer Zeisswerken mit seiner Frau Brigitte und Töchterchen Sylvia,. die sich als erste mit einem FDGB-Ferienscheck an der Rezeption meldeten.	231:240	0:250	Morgens 8.30 Uhr begrüßte Hoteldirektor Egon Wendorf den 23- jährigen Feinmechaniker Wolf gang Glimm aus den Jenaer Zeisswerken mit seiner Frau Brigitte und Töchterchen Sylvia , . die sich als erste mit einem FDGB-Ferienscheck an der Rezeption meldeten .	36	0:39	morgens 8.30 Uhr begrüßen Hoteldirektor Egon Wendorf d 23- jährig Feinmechaniker Wolf Gang Glimm aus d Jenaer Zeisswerken mit seine Frau Brigitte und Tochterchen Sylvia , . die sich als erst mit eine Fdgb-Ferienscheck an d Rezeption melden .	ADV CARD NN VVFIN NN NE NE ART ADJA ADJA NN NE NE NE APPR ART ADJA NN APPR PPOSAT NN NE KON NN NE $, $. PRELS PRF KOUS ADJA APPR ART NN APPR ART NN VVFIN $.	
Rezeption	NN	1976	2	2532889X_1976-06-12_01_033.tcf.xml-7-6	 	Die Aufgabe der Ortsvereinigungen bei der Rezeption des literarischen Erbes ist auch Gegenstand der weiteren Vorträge und Diskussionen der Tagung, die am Sonntag beendet wird.	42:51	0:175	Die Aufgabe der Ortsvereinigungen bei der Rezeption des literarischen Erbes ist auch Gegenstand der weiteren Vorträge und Diskussionen der Tagung , die am Sonntag beendet wird .	6	0:27	d Aufgabe d Ortsvereinigung bei d Rezeption d literarisch Erbe sein auch Gegenstand d weit Vortrag und Diskussion d Tagung , die am Sonntag beenden werden .	ART NN ART NN APPR ART NN ART ADJA NN VAFIN ADV NN ART ADJA NN KON NN ART NN $, PRELS APPRART NN VVPP VAFIN $.	
Rezeption	NN	1981	2	2532889X_1981-10-13_01_045.tcf.xml-25-13	 	(Ein Manko allerdings war die nahezu völlig fehlende Textverständlichkeit, was der Rezeption des Werkes, besonders bei ungeübten Hörern, entgegenwirkt.)	83:92	0:152	( Ein Manko allerdings war die nahezu völlig fehlende Textverständlichkeit , was der Rezeption des Werkes , besonders bei ungeübten Hörern , entgegenwirkt . )	13	0:25	( eine Manko allerdings sein d nahezu völlig fehlend Textverständlichkeit , was d Rezeption d Werk , besonders bei ungeübt Hörer , entgegenwirken . )	$( ART NN ADV VAFIN ART ADV ADJD ADJA NN $, PRELS ART NN ART NN $, ADV APPR ADJA NN $, VVFIN $. $(	
Rezeption	NN	1983	2	2532889X_1983-08-06_01_467.tcf.xml-49-16	 	Viele Inszenierungen setzten, obwohl zunächst heiß umstritten, Markierungspunkte in der Entwicklung von Theaterkunst und Rezeption.	121:130	0:131	Viele Inszenierungen setzten , obwohl zunächst heiß umstritten , Markierungspunkte in der Entwicklung von Theaterkunst und Rezeption .	16	0:18	viel Inszenierung setzen , obwohl zunächst heiß umstritten , Markierungspunkt in d Entwicklung von Theaterkunst und Rezeption .	PIAT NN VVFIN $, KOUS ADV ADJD ADJD $, NN APPR ART NN APPR NN KON NN $.	
Rezeption	NN	1984	2	2532889X_1984-06-16_01_322.tcf.xml-12-2	 	Auch ihre Rezeption ist berücksichtigt, von Logau, Goethe (hier vermißt man die „Venezianischen Epigramme").	10:19	0:108	Auch ihre Rezeption ist berücksichtigt , von Logau , Goethe ( hier vermißt man die „ Venezianischen Epigramme " ) .	2	0:21	auch ihr Rezeption sein berücksichtigen , von Logau , Goethe ( hier vermissen man d „ venezianisch Epigramm " ) .	ADV PPOSAT NN VAFIN VVPP $, APPR NE $, NE $( ADV VVFIN PIS ART $( ADJA NN $( $( $.	
Rezeption	NN	1984	2	2532889X_1984-09-04_01_046.tcf.xml-13-32	 	Der Kulturbund bemühe sich unter Ausnutzung wissenschaftlicher Konferenzen und Untersuchungen, neue Bevolkerungskreise, besonders aus der Arbeiterklasse und aus der jüngeren Generation, für diese Musik zu interessieren und ihnen die Rezeption zu ermöglichen und zu erleichtern.	233:242	0:277	Der Kulturbund bemühe sich unter Ausnutzung wissenschaftlicher Konferenzen und Untersuchungen , neue Bevolkerungskreise , besonders aus der Arbeiterklasse und aus der jüngeren Generation , für diese Musik zu interessieren und ihnen die Rezeption zu ermöglichen und zu erleichtern .	32	0:39	d Kulturbund bemühen sich unter Ausnutzung wissenschaftlich Konferenz und Untersuchung , neu Bevolkerungskreise , besonders aus d Arbeiterklasse und aus d jung Generation , für diese Musik zu interessieren und sie d Rezeption zu ermöglichen und zu erleichtern .	ART NN VVFIN PRF APPR NN ADJA NN KON NN $, ADJA NN $, ADV APPR ART NN KON APPR ART ADJA NN $, APPR PDAT NN PTKZU VVINF KON PPER ART NN PTKZU VVINF KON PTKZU VVINF $.	
Rezeption	NN	1984	2	2532889X_1984-11-10_01_411.tcf.xml-10-11	 	So wird zugleich eine Fülle an Informationen über Werdegang, zeitgenössische Rezeption, Schaffensprobleme und Persönlichkeit der Schriftsteller geboten.	77:86	0:152	So wird zugleich eine Fülle an Informationen über Werdegang , zeitgenössische Rezeption , Schaffensprobleme und Persönlichkeit der Schriftsteller geboten .	11	0:20	so werden zugleich eine Fülle an Information über Werdegang , zeitgenössisch Rezeption , Schaffensproblem und Persönlichkeit d Schriftsteller gebieten .	ADV VAFIN ADV ART NN APPR NN APPR NN $, ADJA NN $, NN KON NN ART NN VVPP $.	
Rezeption	NN	1985	2	2532889X_1985-03-09_01_422.tcf.xml-5-4	 	Entstehung, Methodik und Rezeption von „Materialismus und Empiriokritizismus.	25:34	0:77	Entstehung , Methodik und Rezeption von „ Materialismus und Empiriokritizismus .	4	0:11	Entstehung , Methodik und Rezeption von „ Materialismus und Empiriokritizismus .	NN $, NN KON NN APPR $( NN KON NN $.	
Rezeption	NN	1985	2	2532889X_1985-06-12_01_068.tcf.xml-2-4	 	Eine wissenschaftliche Konferenz zur Rezeption der russischen und sowjetischen Literatur von 1917 bis ' 1985 begann am Dienstag im Haus der Sowjetischen Wissenschaft und Kultur in Berlin.	37:46	0:187	Eine wissenschaftliche Konferenz zur Rezeption der russischen und sowjetischen Literatur von 1917 bis ' 1985 begann am Dienstag im Haus der Sowjetischen Wissenschaft und Kultur in Berlin .	4	0:28	eine wissenschaftlich Konferenz zur Rezeption d russisch und sowjetisch Literatur von 1917 bis ' 1985 beginnen am Dienstag im Haus d sowjetisch Wissenschaft und Kultur in Berlin .	ART ADJA NN APPRART NN ART ADJA KON ADJA NN APPR CARD APPR $( CARD VVFIN APPRART NN APPRART NN ART ADJA NN KON NN APPR NE $.	
Rezeption	NN	1985	2	2532889X_1985-09-13_01_183.tcf.xml-19-36	 	Zum 65. Geburtstag beglückwünscht das Zentralkomitee der SED herzlichst Prof. Dr. Johannes Irmscher, dessen vielfältige publizierte Forschungsergebnisse zu Fragen der Entwicklung der griechischen Literatur, zur Ideologie-und Kulturgeschichte von Byzanz sowie zu Problemen der Rezeption des antiken Erbes in der deutschen Klassik und der Antikerezeption der sozialistischen Geselschaft hohe nationale und internationale Anerkennung fanden.	276:285	0:438	Zum 65. Geburtstag beglückwünscht das Zentralkomitee der SED herzlichst Prof. Dr. Johannes Irmscher , dessen vielfältige publizierte Forschungsergebnisse zu Fragen der Entwicklung der griechischen Literatur , zur Ideologie- und Kulturgeschichte von Byzanz sowie zu Problemen der Rezeption des antiken Erbes in der deutschen Klassik und der Antikerezeption der sozialistischen Geselschaft hohe nationale und internationale Anerkennung fanden .	36	0:57	zum 65. Geburtstag beglückwünschen d Zentralkomitee d Sed herzlich Professor Doktor Johannes Irmscher , die vielfältig publizieren Forschungsergebnis zu Frage d Entwicklung d griechisch Literatur , zur ideologie- und Kulturgeschichte von Byzanz sowie zu Problem d Rezeption d antik Erbe in d deutsch Klassik und d Antikerezeption d sozialistisch Geselschaft hoch national und international Anerkennung finden .	APPRART ADJA NN VVFIN ART NN ART NE ADJD NN NN NE NE $, PRELAT ADJA VVFIN NN APPR NN ART NN ART ADJA NN $, APPRART TRUNC KON NN APPR NE KON APPR NN ART NN ART ADJA NN APPR ART ADJA NN KON ART NN ART ADJA NN ADJA ADJA KON ADJA NN VVFIN $.	
Rezeption	NN	1988	2	2532889X_1988-01-30_01_365.tcf.xml-539-26	 	Die tatsächlichen revolutionären Veränderungen, das Bündnis der Arbeiterklasse mit der werktätigen Bauernschaft und die demokratische Bodenreform, schufen zugleich eine völlig neuartige Grundlage für die Rezeption Müntzers und seines Vermächtnisses.	204:213	0:249	Die tatsächlichen revolutionären Veränderungen , das Bündnis der Arbeiterklasse mit der werktätigen Bauernschaft und die demokratische Bodenreform , schufen zugleich eine völlig neuartige Grundlage für die Rezeption Müntzers und seines Vermächtnisses .	26	0:32	d tatsächlich revolutionär Veränderung , d Bündnis d Arbeiterklasse mit d werktätig Bauernschaft und d demokratisch Bodenreform , schaffen zugleich eine völlig neuartig Grundlage für d Rezeption Müntzer und seine Vermächtnis .	ART ADJA ADJA NN $, ART NN ART NN APPR ART ADJA NN KON ART ADJA NN $, VVFIN ADV ART ADJD ADJA NN APPR ART NN NE KON PPOSAT NN $.	
Rezeption	NN	1988	2	2532889X_1988-01-30_01_365.tcf.xml-550-43	 	Der Weg zur praktischen Erfüllung dessen, wofür die deutschen Revolutionäre der Vergangenheit gekämpft hatten, die konsequente Orientierung der Kultur-und Bildungspolitik auf eine umfassende Aneignung des humanistischen, revolutionären Erbes schuf in der DDR eine Atmosphäre, die auch die künstlerische Rezeption des Bauernkrieges beflügelte.	303:312	0:342	Der Weg zur praktischen Erfüllung dessen , wofür die deutschen Revolutionäre der Vergangenheit gekämpft hatten , die konsequente Orientierung der Kultur- und Bildungspolitik auf eine umfassende Aneignung des humanistischen , revolutionären Erbes schuf in der DDR eine Atmosphäre , die auch die künstlerische Rezeption des Bauernkrieges beflügelte .	43	0:48	d Weg zur praktisch Erfüllung die , wofür d deutsch Revolutionär d Vergangenheit kämpfen haben , d konsequent Orientierung d kultur- und Bildungspolitik auf eine umfaßend Aneignung d humanistisch , revolutionär Erbe schaffen in d DDR eine Atmosphäre , die auch d künstlerisch Rezeption d Bauernkrieg beflügeln .	ART NN APPRART ADJA NN PDS $, PWAV ART ADJA NN ART NN VVPP VAFIN $, ART ADJA NN ART TRUNC KON NN APPR ART ADJA NN ART ADJA $, ADJA NN VVFIN APPR ART NE ART NN $, PRELS ADV ART ADJA NN ART NN VVFIN $.	
Rezeption	NN	1988	2	2532889X_1988-03-12_01_050.tcf.xml-51-48	 	Es beweist sich aber auch, wie zutreffend die in den Thesen getroffene Einschätzung ist daß die Traditionen der frühbürgerlichen Revolution erst mit dem Eintritt der Arbeiterklasse in die politische Bewegung zu neuem Leben erweckt wurden und schließlich die revolutionären Veränderungen nach 1945 eine neuartige Grundlage für die Rezeption Müntzers schufen.	330:339	0:357	Es beweist sich aber auch , wie zutreffend die in den Thesen getroffene Einschätzung ist daß die Traditionen der frühbürgerlichen Revolution erst mit dem Eintritt der Arbeiterklasse in die politische Bewegung zu neuem Leben erweckt wurden und schließlich die revolutionären Veränderungen nach 1945 eine neuartige Grundlage für die Rezeption Müntzers schufen .	48	0:52	es beweisen sich aber auch , wie zutreffend d in d These getreffen Einschätzung sein daß d Tradition d frühbürgerlich Revolution erst mit d Eintritt d Arbeiterklasse in d politisch Bewegung zu neu Leben erwecken werden und schließlich d revolutionär Veränderung nach 1945 eine neuartig Grundlage für d Rezeption Müntzer schaffen .	PPER VVFIN PRF ADV ADV $, PWAV ADJD ART APPR ART NN ADJA NN VAFIN KOUS ART NN ART ADJA NN ADV APPR ART NN ART NN APPR ART ADJA NN APPR ADJA NN VVPP VAFIN KON ADV ART ADJA NN APPR CARD ART ADJA NN APPR ART NN NE VVFIN $.	
Rezeption	NN	1990	2	2532889X_1990-07-07_01_209.tcf.xml-60-6	 	Die hübsche Jannie Nielsen an der Rezeption — Panter hätte seine Freude gehabt sagt mit dem freundlichsten Lachein der Welt, ja, sie habe davon gehört, daß der deutsche Dichter vor langen Jahren hier war, vielleicht kann Direktor Olsen.	34:43	0:236	Die hübsche Jannie Nielsen an der Rezeption — Panter hätte seine Freude gehabt sagt mit dem freundlichsten Lachein der Welt , ja , sie habe davon gehört , daß der deutsche Dichter vor langen Jahren hier war , vielleicht kann Direktor Olsen .	6	0:43	d hübsch Jannie Nielsen an d Rezeption — Panter haben seine Freude haben sagen mit d freundlich Lachein d Welt , ja , sie haben davon gehören , daß d deutsch Dichter vor lang Jahr hier sein , vielleicht können Direktor Olsen .	ART ADJA NE NE APPR ART NN $( NE VAFIN PPOSAT NN VAPP VVFIN APPR ART ADJA NN ART NN $, PTKANT $, PPER VAFIN PAV VVPP $, KOUS ART ADJA NN APPR ADJA NN ADV VAFIN $, ADV VMFIN NN NE $.	
Rezeption	NN	1968	2	26120215_1968_01_14_01_110.tcf.xml-17-9	 	tischen Charakter den Betrachter emotional packt und der gedanklichen Rezeption Möglichkeiten bietet, neue gesellschaftliche Zusammenhänge zu erschließen.	70:79	0:154	tischen Charakter den Betrachter emotional packt und der gedanklichen Rezeption Möglichkeiten bietet , neue gesellschaftliche Zusammenhänge zu erschließen .	9	0:19	tischen Charakter d Betrachter emotional packen und d gedanklich Rezeption Möglichkeit bieten , neu gesellschaftlich Zusammenhang zu erschließen .	VVFIN NN ART NN ADJD VVFIN KON ART ADJA NN NN VVFIN $, ADJA ADJA NN PTKZU VVINF $.	
Rezeption	NN	1969	2	26120215_1969_06_24_01_119.tcf.xml-16-3	 	Die Steinmauern der Rezeption sind hochgezogen, das „stille Postamt" ist fast fertig, eine Verkaufsstelle wächst, der Berlin-Information-Kiosk steht, der Platz für eine Gaststätte liegt fest, die Sport-und Spielflächen haben bereits eine Kegelbahn.	20:29	0:248	Die Steinmauern der Rezeption sind hochgezogen , das „ stille Postamt " ist fast fertig , eine Verkaufsstelle wächst , der Berlin-Information- Kiosk steht , der Platz für eine Gaststätte liegt fest , die Sport- und Spielflächen haben bereits eine Kegelbahn .	3	0:42	d Steinmauer d Rezeption sein hochziehen , d „ still Postamt " sein fast fertig , eine Verkaufsstelle wachsen , d berlin-information- Kiosk stehen , d Platz für eine Gaststätte liegen fest , d sport- und Spielfläche haben bereits eine Kegelbahn .	ART NN ART NN VAFIN VVPP $, ART $( ADJA NN $( VAFIN ADV ADJD $, ART NN VVFIN $, ART TRUNC NN VVFIN $, ART NN APPR ART NN VVFIN PTKVZ $, ART TRUNC KON NN VAFIN ADV ART NN $.	
Rezeption	NN	1971	2	26120215_1971_03_25_01_100.tcf.xml-9-5	 	Die Auflösung und damit die Rezeption der Symbole ist also im Grunde Genommen viel einfacher als es zunächst scheint.	28:37	0:117	Die Auflösung und damit die Rezeption der Symbole ist also im Grunde Genommen viel einfacher als es zunächst scheint .	5	0:20	d Auflösung und damit d Rezeption d Symbol sein also im Grund nehmen viel einfach als es zunächst scheinen .	ART NN KON PAV ART NN ART NN VAFIN ADV APPRART NN VVPP ADV ADJD KOKOM PPER ADV VVFIN $.	
Rezeption	NN	1971	2	26120215_1971_08_04_02_019.tcf.xml-39-2	 	Bei der Rezeption von Pioduknonsaeschohen auf dem Theater interessiert ia nicht voi dringlich das Produktionsdetail, sondern der menschliche Hintereiuncl.	8:17	0:154	Bei der Rezeption von Pioduknonsaeschohen auf dem Theater interessiert ia nicht voi dringlich das Produktionsdetail , sondern der menschliche Hintereiuncl .	2	0:21	bei d Rezeption von Pioduknonsaeschohen auf d Theater interessieren Ia nicht voi dringlich d Produktionsdetail , sondern d menschlich Hintereiuncl .	APPR ART NN APPR NE APPR ART NN VVFIN NE PTKNEG ADV ADJD ART NN $, KON ART ADJA NN $.	
Rezeption	NN	1972	2	26120215_1972_11_09_01_081.tcf.xml-19-1	 	Die Rezeption eines Filmes geschieht nun einmal durch das Auge.	4:13	0:63	Die Rezeption eines Filmes geschieht nun einmal durch das Auge .	1	0:11	d Rezeption eine Film geschehen nun einmal durch d Auge .	ART NN ART NN VVFIN ADV ADV APPR ART NN $.	
Rezeption	NN	1976	2	26120215_1976_11_01_01_199.tcf.xml-6-8	 	Mehrmals am Tage erkundigte sie sich bei der Rezeption nach irgendwelchen Nachrichten für sie, wurde aber ebenso regelmäßig abschlägig beschieden.	45:54	0:146	Mehrmals am Tage erkundigte sie sich bei der Rezeption nach irgendwelchen Nachrichten für sie , wurde aber ebenso regelmäßig abschlägig beschieden .	8	0:22	mehrmals am Tag erkundigen sie sich bei d Rezeption nach irgendwelche Nachricht für sie , werden aber ebenso regelmäßig abschlägig bescheiden .	ADV APPRART NN VVFIN PPER PRF APPR ART NN APPR ADJA NN APPR PPER $, VAFIN ADV ADV ADJD ADJD VVPP $.	
Rezeption	NN	1977	2	26120215_1977_10_14_01_016.tcf.xml-27-9	 	Entdeckungen an einem wenig bekannten Gorki, die der Rezeption seiner StücKe hierzulande nicht nur neue Impulse verleihen, sondern auch andere Theater zu ihrer szenischen Stellungnahme auffordern.	53:62	0:196	Entdeckungen an einem wenig bekannten Gorki , die der Rezeption seiner StücKe hierzulande nicht nur neue Impulse verleihen , sondern auch andere Theater zu ihrer szenischen Stellungnahme auffordern .	9	0:29	Entdeckung an eine wenig bekannt Gorki , die d Rezeption seine Stücke hierzulande nicht nur neu Impuls verleihen , sondern auch ander Theater zu ihr szenisch Stellungnahme auffordern .	NN APPR ART ADV ADJA NE $, PRELS ART NN PPOSAT NN ADV PTKNEG ADV ADJA NN VVINF $, KON ADV ADJA NN APPR PPOSAT ADJA NN VVFIN $.	
Rezeption	NN	1981	2	26120215_1981_11_14_01_411.tcf.xml-121-15	 	Geh. Ende AS. Geh.-Ang. erwünscht an 766850 Anz. Hellsucht ab 82 Tatigk im Hotelw, Rezeption o. mann, 1071 Bln., Kuglerstr. Arb.-vers.. auch artfremd. Geh.-Ang. erb. Maurer in ungek.	83:92	0:182	Geh. Ende AS. Geh.-Ang. erwünscht an 766850 Anz. Hellsucht ab 82 Tatigk im Hotelw , Rezeption o. mann , 1071 Bln. , Kuglerstr. Arb.- vers.. auch artfremd . Geh.-Ang. erb. Maurer in ungek .	15	0:34	Geh. Ende AS. Geh.-Ang. erwünscht an 766850 Anz. Hellesucht ab 82 Tatigk im Hotelw , Rezeption O. mannen , 1071 Bln. , Kuglerstr. arb.- Vers.. auch artfremd . Geh.-Ang. Erb. Maurer in Ungek .	NE NN NE NE ADJD APPR CARD NN NN APPR CARD NE APPRART NE $, NN NE PTKVZ $, CARD NE $, NE TRUNC NN ADV ADJD $. NE NE NE APPR NE $.	
Rezeption	NN	1982	2	26120215_1982_02_23_01_330.tcf.xml-47-9	 	12 J. l. leitender chentl 35 Std, Interess Rezeption) essante Tätigkeit, auch artfremd, Gehalts-1056 Bin PSF 286 An? -Noack.	43:52	0:124	12 J. l. leitender chentl 35 Std , Interess Rezeption ) essante Tätigkeit , auch artfremd , Gehalts- 1056 Bin PSF 286 An ? -Noack .	9	0:26	12 J. L. leitend Chentl 35 Std , interess Rezeption ) Essante Tätigkeit , auch artfremd , gehalts- 1056 sein PSF 286 an ? -Noack .	CARD NE NE ADJA NE CARD NE $, ADJA NN $( NE NN $, ADV ADJD $, TRUNC CARD VAFIN NE CARD APPR $. NN $.	
Rezeption	NN	1988	2	26120215_1988_10_08_01_377.tcf.xml-12-1	 	Die Rezeption Büchners auf den Bühnen der DDR untersuchen Ulrich Kaufmann und Frank Hörnigk.	4:13	0:92	Die Rezeption Büchners auf den Bühnen der DDR untersuchen Ulrich Kaufmann und Frank Hörnigk .	1	0:15	d Rezeption Büchner auf d Bühne d DDR untersuchen Ulrich Kaufmann und Frank Hörnigk .	ART NN NE APPR ART NN ART NE VVINF NE NN KON NE NE $.	
Rezeption	NN	1843	1	beseler_volksrecht_1843-2034-12	 	Wenn wir den innern Entwicklungsproceß, welchen die deutsche Jurisprudenz seit der Reception des römischen Rechts durchgemacht hat, geschichtlich verfolgen, und uns das für die Rechtsbildung durch sie gewonnene Resultat im Allgemeinen vergegenwärtigen, so stellt sich so viel mit Bestimmheit heraus, daß sie vorzugsweise auf dem Gebiete des gemeinen Rechts ihre Wirksamkeit entfaltet hat.	83:92	0:388	Wenn wir den innern Entwicklungsproceß , welchen die deutſche Jurisprudenz ſeit der Reception des roͤmiſchen Rechts durchgemacht hat , geſchichtlich verfolgen , und uns das fuͤr die Rechtsbildung durch ſie gewonnene Reſultat im Allgemeinen vergegenwaͤrtigen , ſo ſtellt ſich ſo viel mit Beſtimmheit heraus , daß ſie vorzugsweiſe auf dem Gebiete des gemeinen Rechts ihre Wirkſamkeit entfaltet hat .	12	0:59	wenn wir d inner Entwicklungsprozeß , welchen d deutsch Jurisprudenz seit d Rezeption d römisch Recht durchmachen haben , geschichtlich verfolgen , und wir die für d Rechtsbildung durch sie gewinnen Resultat im allgemein vergegenwärtigen , so stellen sich so viel mit Bestimmhit heraus , daß sie vorzugsweise auf d Gebiet d gemein Recht ihr Wirksamkeit entfalten haben .	KOUS PPER ART ADJA NN $, PWAT ART ADJA NN APPR ART NN ART ADJA NN VVPP VAFIN $, ADJD VVINF $, KON PPER PDS APPR ART NN APPR PPER ADJA NN APPRART ADJA VVINF $, ADV VVFIN PRF ADV ADV APPR NN PTKVZ $, KOUS PPER ADJD APPR ART NN ART ADJA NN PPOSAT NN VVPP VAFIN $.	Wenn wir den inneren Entwicklungsprozeß , welchen die deutsche Jurisprudenz seit der Rezeption des römischen Rechts durchgemacht hat , geschichtlich verfolgen , und uns das für die Rechtsbildung durch sie gewonnene Resultat im Allgemeinen vergegenwärtigen , so stellt sich so viel mit Bestimmhit heraus , daß sie vorzugsweise auf dem Gebiete des gemeinen Rechts ihre Wirksamkeit entfaltet hat .
Rezeption	NN	1843	1	beseler_volksrecht_1843-282-27	 	Die Lösung dieser Frage hängt von der Zukunft, und namentlich von der weiteren politischen Gestaltung Deutschlands ab; aber daß die Art, wie man die Reception des römischen Rechts verstanden hat, nicht immer dieselbe gewesen, sondern zu den verschiedenen Zeiten nach den angedeuteten Momenten gewechselt hat, soll hier in der Kürze gezeigt werden.	149:158	0:347	Die Loͤſung dieſer Frage haͤngt von der Zukunft , und namentlich von der weiteren politiſchen Geſtaltung Deutſchlands ab ; aber daß die Art , wie man die Reception des roͤmiſchen Rechts verſtanden hat , nicht immer dieſelbe geweſen , ſondern zu den verſchiedenen Zeiten nach den angedeuteten Momenten gewechſelt hat , ſoll hier in der Kuͤrze gezeigt werden .	27	0:59	d Lösung diese Frage hängen von d Zukunft , und namentlich von d weit politisch Gestaltung Deutschland ab ; aber daß d Art , wie man d Rezeption d römisch Recht verstehen haben , nicht immer dieselbe sein , sondern zu d verschieden Zeit nach d angedeutet Moment wechseln haben , sollen hier in d Kürze zeigen werden .	ART NN PDAT NN VVFIN APPR ART NN $, KON ADV APPR ART ADJA ADJA NN NE PTKVZ $. ADV KOUS ART NN $, PWAV PIS ART NN ART ADJA NN VVPP VAFIN $, PTKNEG ADV ADJA VAPP $, KON APPR ART ADJA NN APPR ART ADJA NN VVPP VAFIN $, VMFIN ADV APPR ART NN VVPP VAINF $.	Die Lösung dieser Frage hängt von der Zukunft , und namentlich von der weiteren politischen Gestaltung Deutschlands ab ; aber daß die Art , wie man die Rezeption des römischen Rechts verstanden hat , nicht immer dieselbe gewesen , sondern zu den verschiedenen Zeiten nach den angedeuteten Momenten gewechselt hat , soll hier in der Kürze gezeigt werden .
Rezeption	NN	1843	1	beseler_volksrecht_1843-480-5	 	Weit fühlbarer aber mußte jene Reception in Deutschland werden, wo das Römische Recht selbst ein ganz neues, bisher unbekanntes Rechtselement war: freilich den neu entstandenen Lebensverhältnissen angemessen, da es nur dadurch Eingang finden konnte.	31:40	0:249	Weit fuͤhlbarer aber mußte jene Reception in Deutſchland werden , wo das Roͤmiſche Recht ſelbſt ein ganz neues , bisher unbekanntes Rechtselement war : freilich den neu entſtandenen Lebensverhaͤltniſſen angemeſſen , da es nur dadurch Eingang finden konnte .	5	0:39	weit fühlbar aber müssen jen Rezeption in Deutschland werden , wo d römisch Recht selbst eine ganz neu , bisher unbekannt Rechtselement sein : freilich d neu entstehen Lebensverhältnis angemessen , da es nur dadurch Eingang finden können .	ADJD ADJD KON VMFIN PDAT NN APPR NE VAINF $, PWAV ART ADJA NN ADV ART ADV ADJA $, ADV ADJA NN VAFIN $. ADV ART ADJD ADJA NN ADJD $, KOUS PPER ADV PAV NN VVINF VMFIN $.	Weit fühlbarer aber mußte jene Rezeption in Deutschland werden , wo das Römische Recht selbst ein ganz neues , bisher unbekanntes Rechtselement war : freilich den neu entstandenen Lebensverhältnissen angemessen , da es nur dadurch Eingang finden konnte .
Rezeption	NN	1843	1	beseler_volksrecht_1843-481-11	 	Gerade hier nun ging ein langer und lebhafter Widerstreit der entschiedenen Reception vorher, und dadurch wurde diese Einwirkung des Gewohnheitsrechts sowohl vorbereitet als constatirt.“	76:85	0:186	Gerade hier nun ging ein langer und lebhafter Widerſtreit der entſchiedenen Reception vorher , und dadurch wurde dieſe Einwirkung des Gewohnheitsrechts ſowohl vorbereitet als conſtatirt . “	11	0:27	gerade hier nun gehen eine lang und lebhaft Widerstreit d entschieden Rezeption vorher , und dadurch werden diese Einwirkung d Gewohnheitsrecht sowohl vorbereiten als konstatieren . "	ADV ADV ADV VVFIN ART ADJA KON ADJD NN ART ADJA NN ADV $, KON PAV VAFIN PDAT NN ART NN KON VVPP KOKOM VVFIN $. $(	Gerade hier nun ging ein langer und lebhafter Widerstreit der entschiedenen Rezeption vorher , und dadurch wurde diese Einwirkung des Gewohnheitsrechts sowohl vorbereitet als konstatiert . "
Rezeption	NN	1843	1	beseler_volksrecht_1843-501-8	 	Wenn nun v. Savigny dennoch den Grund der Reception im Gewohnheitsrechte sucht, und dieses gerade dadurch, daß jener Widerstand besiegt worden, constatirt findet, so ist dagegen allerdings, insofern es sich von dem äußeren Factum handelt, nichts einzuwenden; aber seine innere Begründung hat dieses dadurch noch nicht erhalten.	42:51	0:327	Wenn nun v. Savigny dennoch den Grund der Reception im Gewohnheitsrechte ſucht , und dieſes gerade dadurch , daß jener Widerſtand beſiegt worden , conſtatirt findet , ſo iſt dagegen allerdings , inſofern es ſich von dem aͤußeren Factum handelt , nichts einzuwenden ; aber ſeine innere Begruͤndung hat dieſes dadurch noch nicht erhalten .	8	0:55	wenn nun v. Savigny dennoch d Grund d Rezeption im Gewohnheitsrechte suchen , und diese gerade dadurch , daß jen Widerstand besiegen werden , konstatieren finden , so sein dagegen allerdings , insofern es sich von d äußer Faktum handeln , nichts einwenden ; aber seine inner Begründung haben diese dadurch noch nicht erhalten .	KOUS ADV APPR NE ADV ART NN ART NN APPRART NN VVFIN $, KON PDS ADV PAV $, KOUS PDAT NN VVPP VAPP $, VVFIN VVFIN $, ADV VAFIN PAV ADV $, ADV PPER PRF APPR ART ADJA NN VVFIN $, PIS VVIZU $. ADV PPOSAT ADJA NN VAFIN PDS PAV ADV PTKNEG VVINF $.	Wenn nun v. Savigny dennoch den Grund der Rezeption im Gewohnheitsrechte sucht , und dieses gerade dadurch , daß jener Widerstand besiegt worden , konstatiert findet , so ist dagegen allerdings , insofern es sich von dem äußeren Faktum handelt , nichts einzuwenden ; aber seine innere Begründung hat dieses dadurch noch nicht erhalten .
Rezeption	NN	1843	1	beseler_volksrecht_1843-518-51	 	Indem v. Savigny diese Entartung der Rechtserzeugung nicht anerkennt, sondern stets einen naturgemäßen Entwicklungsproceß vor sich gehen läßt, sieht er sich genöthigt, den heutigen deutschen Rechtszustand nach den von ihm festgehaltenen Principien künstlich zu construiren, — ein Versuch, der schon deswegen mißlingen mußte, weil die Reception des römischen Rechts in ihrem geschichtlichen Verlaufe sich nur als ein Ausfluß des Gewohnheitsrechts im Gegensatz zum Volksrecht erklären läßt.	334:343	0:488	Indem v. Savigny dieſe Entartung der Rechtserzeugung nicht anerkennt , ſondern ſtets einen naturgemaͤßen Entwicklungsproceß vor ſich gehen laͤßt , ſieht er ſich genoͤthigt , den heutigen deutſchen Rechtszuſtand nach den von ihm feſtgehaltenen Principien kuͤnſtlich zu conſtruiren , — ein Verſuch , der ſchon deswegen mißlingen mußte , weil die Reception des roͤmiſchen Rechts in ihrem geſchichtlichen Verlaufe ſich nur als ein Ausfluß des Gewohnheitsrechts im Gegenſatz zum Volksrecht erklaͤren laͤßt .	51	0:73	indem v. Savigny diese Entartung d Rechtserzeugung nicht anerkennen , sondern stets eine naturgemäß Entwicklungsprozeß vor sich gehen lassen , sehen er sich nötigen , d heutig deutsch Rechtszustand nach d von er festgehalten Prinzip künstlich zu konstruieren , -- eine Versuch , die schon deswegen misslingen müssen , weil d Rezeption d römisch Recht in ihr geschichtlich Verlauf sich nur als eine Ausfluß d Gewohnheitsrecht im Gegensatz zum Volksrecht erklären lassen .	KOUS APPR NE PDAT NN ART NN PTKNEG VVFIN $, KON ADV ART ADJA NN APPR PRF VVINF VVFIN $, VVFIN PPER PRF VVPP $, ART ADJA ADJA NN APPR ART APPR PPER ADJA NN ADJD PTKZU VVINF $, $( ART NN $, PRELS ADV PAV VVINF VMFIN $, KOUS ART NN ART ADJA NN APPR PPOSAT ADJA NN PRF ADV KOKOM ART NN ART NN APPRART NN APPRART NN VVINF VVFIN $.	Indem v. Savigny diese Entartung der Rechtserzeugung nicht anerkennt , sondern stets einen naturgemäßen Entwicklungsprozeß vor sich gehen läßt , sieht er sich genötigt , den heutigen deutschen Rechtszustand nach den von ihm festgehaltenen Prinzipien künstlich zu konstruieren , -- ein Versuch , der schon deswegen mißlingen mußte , weil die Rezeption des römischen Rechts in ihrem geschichtlichen Verlaufe sich nur als ein Ausfluß des Gewohnheitsrechts im Gegensatz zum Volksrecht erklären läßt .
Rezeption	NN	1843	1	beseler_volksrecht_1843-601-31	 	Besonders bezeichnend ist aber die Art, wie der Fall behandelt wird, wenn ein Irrthum der Juristen die Veranlassung eines Rechtssatzes geworden ist, — worauf sich etwa auch die Reception des römischen Rechts in Deutschland zurückführen ließe.	177:186	0:242	Beſonders bezeichnend iſt aber die Art , wie der Fall behandelt wird , wenn ein Irrthum der Juriſten die Veranlaſſung eines Rechtsſatzes geworden iſt , — worauf ſich etwa auch die Reception des roͤmiſchen Rechts in Deutſchland zuruͤckfuͤhren ließe .	31	0:40	besonders bezeichnend sein aber d Art , wie d Fall behandeln werden , wenn eine Irrtum d Jurist d Veranlaßung eine Rechtssatz werden sein , -- worauf sich etwa auch d Rezeption d römisch Recht in Deutschland zurückführen lassen .	ADV ADJD VAFIN ADV ART NN $, PWAV ART NN VVPP VAFIN $, KOUS ART NN ART NN ART NN ART NN VAPP VAFIN $, $( PWAV PRF ADV ADV ART NN ART ADJA NN APPR NE VVINF VVFIN $.	Besonders bezeichnend ist aber die Art , wie der Fall behandelt wird , wenn ein Irrtum der Juristen die Veranlassung eines Rechtssatzes geworden ist , -- worauf sich etwa auch die Rezeption des römischen Rechts in Deutschland zurückführen ließe .
Rezeption	NN	1843	1	beseler_volksrecht_1843-696-16	 	Darauf erwidere ich, daß allerdings die ursprüngliche Absicht der Romanisten darauf gerichtet war, die Reception vollständig durchzuführen; daß ihnen dieß ja aber eben nicht gelungen ist.	103:112	0:187	Darauf erwidere ich , daß allerdings die urſpruͤngliche Abſicht der Romaniſten darauf gerichtet war , die Reception vollſtaͤndig durchzufuͤhren ; daß ihnen dieß ja aber eben nicht gelungen iſt .	16	0:30	darauf erwidern ich , daß allerdings d ursprünglich Absicht d Romanist darauf richten sein , d Rezeption vollständig durchführen ; daß sie diese ja aber eben nicht gelingen sein .	PAV VVFIN PPER $, KOUS ADV ART ADJA NN ART NN PAV VVPP VAFIN $, ART NN ADJD VVIZU $. KOUS PPER PDS ADV ADV ADV PTKNEG VVPP VAFIN $.	Darauf erwidere ich , daß allerdings die ursprüngliche Absicht der Romanisten darauf gerichtet war , die Rezeption vollständig durchzuführen ; daß ihnen dies ja aber eben nicht gelungen ist .
Rezeption	NN	1887	1	brunner_rechtsgeschichte01_1887-319-37	 	Soweit die fremden Rechte sich unabhängig vom deutschen Rechte entwickelt haben, sind sie nicht Gegenstand der deutschen Rechtsgeschichte, wohl aber hat diese die Einwirkungen ins Auge zu fassen, welche die fremden Rechte vor der Rezeption durch die im langobardischen Rechte vertretenen deutschen Rechtsprinzipien erfahren haben, und ebenso die Fortbildung, welche den fremden Rechten auf deutscher Erde zuteil geworden ist.	230:239	0:425	Soweit die fremden Rechte sich unabhängig vom deutschen Rechte entwickelt haben , sind sie nicht Gegenstand der deutschen Rechtsgeschichte , wohl aber hat diese die Einwirkungen ins Auge zu fassen , welche die fremden Rechte vor der Rezeption durch die im langobardischen Rechte vertretenen deutschen Rechtsprinzipien erfahren haben , und ebenso die Fortbildung , welche den fremden Rechten auf deutscher Erde zuteil geworden ist .	37	0:65	soweit d fremd Rechte sich unabhängig vom deutsch Rechte entwickeln haben , sein sie nicht Gegenstand d deutsch Rechtsgeschichte , wohl aber haben diese d Einwirkung ins Auge zu fassen , welche d fremd Rechte vor d Rezeption durch d im langobardisch Rechte vertreten deutsch Rechtsprinzip erfahren haben , und ebenso d Fortbildung , welche d fremd Rechte auf deutsch Erde zuteil werden sein .	KOUS ART ADJA NN PRF ADJD APPRART ADJA NN VVPP VAFIN $, VAFIN PPER PTKNEG NN ART ADJA NN $, ADV ADV VAFIN PDS ART NN APPRART NN PTKZU VVINF $, PRELS ART ADJA NN APPR ART NN APPR ART APPRART ADJA NN ADJA ADJA NN VVPP VAINF $, KON ADV ART NN $, PRELS ART ADJA NN APPR ADJA NN PTKVZ VAPP VAFIN $.	Soweit die fremden Rechte sich unabhängig vom deutschen Rechte entwickelt haben , sind sie nicht Gegenstand der deutschen Rechtsgeschichte , wohl aber hat diese die Einwirkungen ins Auge zu fassen , welche die fremden Rechte vor der Rezeption durch die im langobardischen Rechte vertretenen deutschen Rechtsprinzipien erfahren haben , und ebenso die Fortbildung , welche den fremden Rechten auf deutscher Erde zuteil geworden ist .
Rezeption	NN	1887	1	brunner_rechtsgeschichte01_1887-547-11	 	Das Staatsrecht des deutschen Reiches und seiner Territorien war durch die Rezeption der fremden Rechte thatsächlich so gut wie gar nicht betroffen worden, wogegen sie im Privat-und Prozessrecht das Bewusstsein des Zusammenhangs zwischen Gegenwart und Vergangenheit des Rechtes ausgetilgt oder doch getrübt hatte.	75:84	0:313	Das Staatsrecht des deutschen Reiches und seiner Territorien war durch die Rezeption der fremden Rechte thatsächlich so gut wie gar nicht betroffen worden , wogegen sie im Privat- und Prozeſsrecht das Bewuſstsein des Zusammenhangs zwischen Gegenwart und Vergangenheit des Rechtes ausgetilgt oder doch getrübt hatte .	11	0:46	d Staatsrecht d deutsch Reich und seine Territorium sein durch d Rezeption d fremd Rechte tatsächlich so gut wie gar nicht betreffen werden , wogegen sie im privat- und Prozeßrecht d Bewußtsein d Zusammenhang zwischen Gegenwart und Vergangenheit d Recht austilgen oder doch trüben haben .	ART NN ART ADJA NN KON PPOSAT NN VAFIN APPR ART NN ART ADJA NN ADJD ADV ADJD KOKOM ADV PTKNEG VVPP VAPP $, PWAV PPER APPRART TRUNC KON NN ART NN ART NN APPR NN KON NN ART NN VVPP KON ADV VVPP VAFIN $.	Das Staatsrecht des deutschen Reiches und seiner Territorien war durch die Rezeption der fremden Rechte tatsächlich so gut wie gar nicht betroffen worden , wogegen sie im Privat- und Prozessrecht das Bewusstsein des Zusammenhangs zwischen Gegenwart und Vergangenheit des Rechtes ausgetilgt oder doch getrübt hatte .
Rezeption	NN	1887	1	brunner_rechtsgeschichte01_1887-548-6	 	Diesem Unterschied in der Wirkung der Rezeption entkeimte der Gegensatz jener beiden litterarischen Richtungen.	38:47	0:111	Diesem Unterschied in der Wirkung der Rezeption entkeimte der Gegensatz jener beiden litterarischen Richtungen .	6	0:15	diese Unterschied in d Wirkung d Rezeption entkeimen d Gegensatz jen beide literarisch Richtung .	PDAT NN APPR ART NN ART NN VVFIN ART NN PDAT PIAT ADJA NN $.	Diesem Unterschied in der Wirkung der Rezeption entkeimte der Gegensatz jener beiden literarischen Richtungen .
Rezeption	NN	1847	1	heckert_schulgesetzgebung_1847-4155-15	 	Jedoch kann ein solches Mitglied sich nicht entbrechen, den ersten halbjährigen Beitrag bei der Reception zu entrichten, weil alles praenumerando bezahlt wird, und das Capital nicht gleich Zinsen trägt.	96:105	0:202	Jedoch kann ein ſolches Mitglied ſich nicht entbrechen , den erſten halbjährigen Beitrag bei der Reception zu entrichten , weil alles praenumerando bezahlt wird , und das Capital nicht gleich Zinſen trägt .	15	0:33	jedoch können eine solch Mitglied sich nicht entbrechen , d erst halbjährig Beitrag bei d Rezeption zu entrichten , weil alle pränumerando bezahlen werden , und d Kapital nicht gleich Zins tragen .	ADV VMFIN ART PIAT NN PRF PTKNEG VVINF $, ART ADJA ADJA NN APPR ART NN PTKZU VVINF $, KOUS PIS ADV VVPP VAFIN $, KON ART NN PTKNEG ADV NN VVFIN $.	Jedoch kann ein solches Mitglied sich nicht entbrechen , den ersten halbjährigen Beitrag bei der Rezeption zu entrichten , weil alles pränumerando bezahlt wird , und das Kapital nicht gleich Zinsen trägt .
Rezeption	NN	1847	1	heckert_schulgesetzgebung_1847-4204-8	 	2) Das Antrittsgeld, so bei der Reception erlegt werden muß, wird für die Zukunft bei Versicherung einer Pension von 25 Thlrn., als dem simplo, auf 40 Thlr, festgesetzt, und bleibt solches für alle Altersklassen der Männer, bis zum 50. Jahre incl. unverändert gleich, dergestalt, daß das höhere und jüngere Alter der Männer darauf keinen Einfluß hat, und das Antrittsgeld, bis zur Versicherung einer Pension von 300 Thlrn. incl., so oft mit 40 Thlrn. erlegt werden muß, als in dem zu versichernden jährlichen Pensionsquanto stecken.	32:41	0:532	2 ) Das Antrittsgeld , ſo bei der Reception erlegt werden muß , wird für die Zukunft bei Verſicherung einer Penſion von 25 Thlrn . , als dem simplo , auf 40 Thlr , feſtgeſetzt , und bleibt ſolches für alle Altersklaſſen der Männer , bis zum 50. Jahre incl. unverändert gleich , dergeſtalt , daß das höhere und jüngere Alter der Männer darauf keinen Einfluß hat , und das Antrittsgeld , bis zur Verſicherung einer Penſion von 300 Thlrn. incl. , ſo oft mit 40 Thlrn . erlegt werden muß , als in dem zu verſichernden jährlichen Penſionsquanto ſtecken .	8	0:101	2 ) d Antrittsgeld , so bei d Rezeption erlegen werden müssen , werden für d Zukunft bei Versicherung eine Pension von 25 Thlrn . , als d Simplo , auf 40 Thlr , festsetzen , und bleiben solch für alle Altersklasse d Mann , bis zum 50. Jahr incl. unverändert gleich , dergestalt , daß d hoch und jung Alter d Mann darauf keine Einfluß haben , und d Antrittsgeld , bis zur Versicherung eine Pension von 300 Thlrn. incl. , so oft mit 40 Thlrn . erlegen werden müssen , als in d zu versichernd jährlich Pensionsquanto stecken .	CARD $( ART NN $, ADV APPR ART NN VVPP VAINF VMFIN $, VAFIN APPR ART NN APPR NN ART NN APPR CARD NN $. $, KOUS ART NE $, APPR CARD NN $, VVPP $, KON VVFIN PIS APPR PIAT NN ART NN $, KOUS APPRART ADJA NN APPR ADJD ADV $, ADV $, KOUS ART ADJA KON ADJA NN ART NN PAV PIAT NN VAFIN $, KON ART NN $, KOUS APPRART NN ART NN APPR CARD NN APPR $, ADV ADV APPR CARD NN $. VVPP VAINF VMFIN $, KOKOM APPR ART PTKZU ADJA ADJA NN VVINF $.	2 ) Das Antrittsgeld , so bei der Rezeption erlegt werden muß , wird für die Zukunft bei Versicherung einer Pension von 25 Thlrn . , als dem simplo , auf 40 Thlr , festgesetzt , und bleibt solches für alle Altersklassen der Männer , bis zum 50. Jahre incl. unverändert gleich , dergestalt , daß das höhere und jüngere Alter der Männer darauf keinen Einfluß hat , und das Antrittsgeld , bis zur Versicherung einer Pension von 300 Thlrn. incl. , so oft mit 40 Thlrn . erlegt werden muß , als in dem zu versichernden jährlichen Pensionsquanto stecken .
Rezeption	NN	1893	1	huber_verkehr_1893-1724-15	 	Noch weniger ernst sind die Versuche zu nehmen, die, in Anlehnung an die Rezeption des römischen Rechtes, vielfach angestellt wurden, um einen Rechtsboden durch Uebertragung der Grundsätze des römischen » Cursus publicus « zu schaffen.	73:82	0:235	Noch weniger ernst sind die Versuche zu nehmen , die , in Anlehnung an die Rezeption des römischen Rechtes , vielfach angestellt wurden , um einen Rechtsboden durch Uebertragung der Grundsätze des römischen » Cursus publicus « zu schaffen .	15	0:40	noch wenige ernst sein d Versuch zu nehmen , die , in Anlehnung an d Rezeption d römisch Recht , vielfach anstellen werden , um eine Rechtsboden durch Übertragung d Grundsatz d römisch " cursus publicus " zu schaffen .	ADV ADV ADJD VAFIN ART NN PTKZU VVINF $, PRELS $, APPR NN APPR ART NN ART ADJA NN $, ADV VVPP VAFIN $, KOUI ART NN APPR NN ART NN ART ADJA $( FM FM $( PTKZU VVINF $.	Noch weniger ernst sind die Versuche zu nehmen , die , in Anlehnung an die Rezeption des römischen Rechtes , vielfach angestellt wurden , um einen Rechtsboden durch Übertragung der Grundsätze des römischen " Cursus publicus " zu schaffen .
Rezeption	NN	1852	1	jhering_recht01_1852-3084-9	 	Den anderen Völkern ist dies letzte Moment durch die Reception des römischen Rechts von außen und auf Kosten des Moments der Nationalität aufgezwungen.	53:62	0:151	Den anderen Völkern iſt dies letzte Moment durch die Reception des römiſchen Rechts von außen und auf Koſten des Moments der Nationalität aufgezwungen .	9	0:24	d ander Volk sein diese letzte Moment durch d Rezeption d römisch Recht von außen und auf Kosten d Moment d Nationalität aufzwingen .	ART ADJA NN VAFIN PDS ADJA NN APPR ART NN ART ADJA NN APPR ADV KON APPR NN ART NN ART NN VVPP $.	Den anderen Völkern ist dies letzte Moment durch die Rezeption des römischen Rechts von außen und auf Kosten des Moments der Nationalität aufgezwungen .
Rezeption	NN	1898	1	liszt_voelkerrecht_1898-1989-36	 	Es macht dabei keinen Unterschied, ob der Staat, an welchen die amtliche Mitteilung gelangt, diese einfach zur Kenntnis nimmt (prendre acte) oder ob er den Empfang der Mitteilung bescheinigt (accuser reception).	200:209	0:211	Es macht dabei keinen Unterschied , ob der Staat , an welchen die amtliche Mitteilung gelangt , diese einfach zur Kenntnis nimmt ( prendre acte ) oder ob er den Empfang der Mitteilung bescheinigt ( accuser reception ) .	36	0:39	es machen dabei keine Unterschied , ob d Staat , an welchen d amtlich Mitteilung gelangen , diese einfach zur Kenntnis nehmen ( prendre acte ) oder ob er d Empfang d Mitteilung bescheinigen ( Accuser Rezeption ) .	PPER VVFIN PAV PIAT NN $, KOUS ART NN $, APPR PWAT ART ADJA NN VVPP $, PDAT ADV APPRART NN VVFIN $( FM FM $( KON KOUS PPER ART NN ART NN VVPP $( NE NN $( $.	Es macht dabei keinen Unterschied , ob der Staat , an welchen die amtliche Mitteilung gelangt , diese einfach zur Kenntnis nimmt ( prendre acte ) oder ob er den Empfang der Mitteilung bescheinigt ( accuser Rezeption ) .
Rezeption	NN	1840	1	savigny_system01_1840-427-21	 	So z. B. sind die Bestandtheile des Corpus Juris, als Gesetze von Justinian Rechtsquellen für Justinians Reich, kraft ihrer Reception Rechtsquellen für uns, endlich als noch vorhandene Bücher Quellen unsrer Rechtswissenschaft.	124:133	0:226	So z. B. ſind die Beſtandtheile des Corpus Juris , als Geſetze von Juſtinian Rechtsquellen für Juſtinians Reich , kraft ihrer Reception Rechtsquellen für uns , endlich als noch vorhandene Bücher Quellen unſrer Rechtswiſſenſchaft .	21	0:35	so z. B. sein d Bestandteil d Corpus Juris , als Gesetz von Justinian Rechtsquelle für Justinian Reich , Kraft ihr Rezeption Rechtsquelle für wir , endlich als noch vorhanden Buch Quelle unsere Rechtswissenschaft .	ADV APPRART NN VAFIN ART NN ART NN NE $, KOKOM NN APPR NE NN APPR NE NE $, NN PPOSAT NN NN APPR PPER $, ADV KOKOM ADV ADJA NN NN PPOSAT NN $.	So z. B. sind die Bestandteile des Corpus Juris , als Gesetze von Justinian Rechtsquellen für Justinians Reich , Kraft ihrer Rezeption Rechtsquellen für uns , endlich als noch vorhandene Bücher Quellen unserer Rechtswissenschaft .
Rezeption	NN	1840	1	savigny_system01_1840-916-38	 	An solchen Gründen hat es bey der wirklichen Reception gewiß nicht gefehlt; wären nun z. B. damals die Digesten unvollständig geblieben, und hätte man etwa das Infortiatum im sechszehnten Jahrhundert erst gefunden, so würde dessen Reception schwerlich gefehlt haben.	231:240	0:266	An ſolchen Gründen hat es bey der wirklichen Reception gewiß nicht gefehlt ; wären nun z. B. damals die Digeſten unvollſtändig geblieben , und hätte man etwa das Infortiatum im ſechszehnten Jahrhundert erſt gefunden , ſo würde deſſen Reception ſchwerlich gefehlt haben .	38	0:43	an solch Grund haben es bei d wirklich Rezeption gewiß nicht fehlen ; sein nun z. B. damals d Digesten unvollständig bleiben , und haben man etwa d Infortiatum im sechzehnt Jahrhundert erst finden , so werden die Rezeption schwerlich fehlen haben .	APPR PIAT NN VAFIN PPER APPR ART ADJA NN ADV PTKNEG VVPP $. VAFIN ADV APPRART NN ADV ART NN ADJD VVPP $, KON VAFIN PIS ADV ART NN APPRART ADJA NN ADV VVPP $, ADV VAFIN PDS NN ADJD VVPP VAINF $.	An solchen Gründen hat es bei der wirklichen Rezeption gewiß nicht gefehlt ; wären nun z. B. damals die Digesten unvollständig geblieben , und hätte man etwa das Infortiatum im sechzehnten Jahrhundert erst gefunden , so würde dessen Rezeption schwerlich gefehlt haben .
Rezeption	NN	1840	1	savigny_system01_1840-982-1	 	Diese Reception aber hatte eine verschiedene Bedeutung in verschiedenenen Nationen des neueren Europa, so daß die daraus hervorgehende Neuerung des Rechtszustandes in sehr verschiedenen Graden fühlbar werden mußte.	6:15	0:214	Dieſe Reception aber hatte eine verſchiedene Bedeutung in verſchiedenenen Nationen des neueren Europa , ſo daß die daraus hervorgehende Neuerung des Rechtszuſtandes in ſehr verſchiedenen Graden fühlbar werden mußte .	1	0:30	diese Rezeption aber haben eine verschieden Bedeutung in verschieden Nation d neu Europa , so daß d daraus hervorgehend Neuerung d Rechtszustand in sehr verschieden Gerade fühlbar werden müssen .	PDAT NN ADV VAFIN ART ADJA NN APPR ADJA NN ART ADJA NE $, ADV KOUS ART PAV ADJA NN ART NN APPR ADV ADJA NN ADJD VAINF VMFIN $.	Diese Rezeption aber hatte eine verschiedene Bedeutung in verschiedenen Nationen des neueren Europa , so daß die daraus hervorgehende Neuerung des Rechtszustandes in sehr verschiedenen Geraden fühlbar werden mußte .
Rezeption	NN	1840	1	savigny_system01_1840-986-11	 	Gerade hier nun ging ein langer und lebhafter Widerstreit der entschiedenen Reception vorher, und dadurch wurde diese Einwirkung des Gewohnheitsrechts sowohl vorbereitet, als constatirt. —	76:85	0:188	Gerade hier nun ging ein langer und lebhafter Widerſtreit der entſchiedenen Reception vorher , und dadurch wurde dieſe Einwirkung des Gewohnheitsrechts ſowohl vorbereitet , als conſtatirt . —	11	0:28	gerade hier nun gehen eine lang und lebhaft Widerstreit d entschieden Rezeption vorher , und dadurch werden diese Einwirkung d Gewohnheitsrecht sowohl vorbereiten , als konstatieren . --	ADV ADV ADV VVFIN ART ADJA KON ADJD NN ART ADJA NN ADV $, KON PAV VAFIN PDAT NN ART NN KON VVPP $, KOKOM VVFIN $. $(	Gerade hier nun ging ein langer und lebhafter Widerstreit der entschiedenen Rezeption vorher , und dadurch wurde diese Einwirkung des Gewohnheitsrechts sowohl vorbereitet , als konstatiert . --
Rezeption	NN	1878	1	schweiger_armenien_1878-2578-27	 	Das Schwergewicht scheint bei diesem frommen Manne, der sich auf seiner Tour durch das türkische Reich hauptsächlich mit der Constatirung der jugendlichen Gedächtnißkräfte in Sachen teologisch-literarifcher Reception beschäftigt zu haben scheint, weit mehr in Koran-Exegesis und dogmatischer Grübelei gelegen zu sein, als in der Nachahmung früherer Gelehrsamkeit, als deren eine Pflanzstätte am Pontus Sinope war.	207:216	0:413	Das Schwergewicht ſcheint bei dieſem frommen Manne , der ſich auf ſeiner Tour durch das türkiſche Reich hauptſächlich mit der Conſtatirung der jugendlichen Gedächtnißkräfte in Sachen teologiſch-literarifcher Reception beſchäftigt zu haben ſcheint , weit mehr in Koran-Exegeſis und dogmatiſcher Grübelei gelegen zu ſein , als in der Nachahmung früherer Gelehrſamkeit , als deren eine Pflanzſtätte am Pontus Sinope war .	27	0:60	d Schwergewicht scheinen bei diese fromm Mann , die sich auf seine Tour durch d türkisch Reich hauptsächlich mit d Konstatierung d jugendlich Gedächtniskraft in Sache teologisch-literarifcher Rezeption beschäftigen zu haben scheinen , weit mehr in Koran-Exegesis und dogmatisch Grübelei liegen zu sein , als in d Nachahmung früh Gelehrsamkeit , als die eine Pflanzstätte am Pontus Sinope sein .	ART NN VVFIN APPR PDAT ADJA NN $, PRELS PRF APPR PPOSAT NN APPR ART ADJA NN ADJD APPR ART NN ART ADJA NN APPR NN ADJA NN VVPP PTKZU VAINF VVFIN $, ADJD ADV APPR NE KON ADJA NN VVPP PTKZU VAINF $, KOUS APPR ART NN ADJA NN $, KOKOM PDS ART NN APPRART NE NN VAFIN $.	Das Schwergewicht scheint bei diesem frommen Manne , der sich auf seiner Tour durch das türkische Reich hauptsächlich mit der Konstatierung der jugendlichen Gedächtniskräfte in Sachen teologisch-literarifcher Rezeption beschäftigt zu haben scheint , weit mehr in Koran-Exegesis und dogmatischer Grübelei gelegen zu sein , als in der Nachahmung früherer Gelehrsamkeit , als deren eine Pflanzstätte am Pontus Sinope war .
Rezeption	NN	1866	1	stein_verwaltungslehre02_1866-2728-59	 	Die Ritterschaft, als die Gemeinschaft der Grundherren, bei denen das staatliche Recht mit dem Grundbesitz verbunden war, kann demgemäß eine Einwanderung nur vermöge des Erwerbes eines landtäflichen, das ist in den Selbstverwaltungskörper der Grundherren gehörigen Grundbesitzes anerkennen; fast immer aber fordern sie neben dem Erwerb einer Grundherrlichkeit auch noch die specielle Aufnahme oder „Reception“ der neuen Familie in den ritterschaftlichen Körper, Landtag, Landtafel, was dann wieder als Rest des Einwanderungsrechts der Geschlechterordnung betrachtet werden muß, die ja bekanntlich in allen Beziehungen mit der Grundherrlichkeit verschmilzt.	399:408	0:656	Die Ritterſchaft , als die Gemeinſchaft der Grundherren , bei denen das ſtaatliche Recht mit dem Grundbeſitz verbunden war , kann demgemäß eine Einwanderung nur vermöge des Erwerbes eines landtäflichen , das iſt in den Selbſtverwaltungskörper der Grundherren gehörigen Grundbeſitzes anerkennen ; faſt immer aber fordern ſie neben dem Erwerb einer Grundherrlichkeit auch noch die ſpecielle Aufnahme oder „ Reception “ der neuen Familie in den ritterſchaftlichen Körper , Landtag , Landtafel , was dann wieder als Reſt des Einwanderungsrechts der Geſchlechterordnung betrachtet werden muß , die ja bekanntlich in allen Beziehungen mit der Grundherrlichkeit verſchmilzt .	59	0:97	d Ritterschaft , als d Gemeinschaft d Grundherr , bei die d staatlich Recht mit d Grundbesitz verbinden sein , können demgemäß eine Einwanderung nur vermögen d Erwerb eine Landtäflichen , die sein in d Selbstverwaltungskörper d Grundherr gehörig Grundbesitz anerkennen ; fast immer aber fordern sie neben d Erwerb eine Grundherrlichkeit auch noch d speziell Aufnahme oder " Rezeption " d neu Familie in d ritterschaftlich Körper , Landtag , Landtafel , was dann wieder als Rest d Einwanderungsrecht d Geschlechterordnung betrachten werden müssen , die ja bekanntlich in alle Beziehung mit d Grundherrlichkeit verschmelzen .	ART NN $, KOUS ART NN ART NN $, APPR PRELS ART ADJA NN APPR ART NN VVPP VAFIN $, VMFIN PWAV ART NN ADV VVFIN ART NN ART NN $, PDS VAFIN APPR ART NN ART NN ADJA NN VVINF $. ADV ADV ADV VVFIN PPER APPR ART NN ART NN ADV ADV ART ADJA NN KON $( NN $( ART ADJA NN APPR ART ADJA NN $, NN $, NN $, PRELS ADV ADV KOKOM NN ART NN ART NN VVPP VAINF VMFIN $, PRELS ADV ADV APPR PIAT NN APPR ART NN VVFIN $.	Die Ritterschaft , als die Gemeinschaft der Grundherren , bei denen das staatliche Recht mit dem Grundbesitz verbunden war , kann demgemäß eine Einwanderung nur vermöge des Erwerbes eines landtäflichen , das ist in den Selbstverwaltungskörper der Grundherren gehörigen Grundbesitzes anerkennen ; fast immer aber fordern sie neben dem Erwerbe einer Grundherrlichkeit auch noch die spezielle Aufnahme oder " Rezeption " der neuen Familie in den ritterschaftlichen Körper , Landtag , Landtafel , was dann wieder als Rest des Einwanderungsrechts der Geschlechterordnung betrachtet werden muß , die ja bekanntlich in allen Beziehungen mit der Grundherrlichkeit verschmilzt .
Rezeption	NN	1866	1	stein_verwaltungslehre02_1866-4762-10	 	Die volle Angehörigkeit kann nur geschehen durch förmliche Aufnahme (Reception) in die Körperschaft und gibt daher auch das Recht des Miteigenthums am Vermögen.	69:78	0:160	Die volle Angehörigkeit kann nur geſchehen durch förmliche Aufnahme ( Reception ) in die Körperſchaft und gibt daher auch das Recht des Miteigenthums am Vermögen .	10	0:26	d voll Angehörigkeit können nur geschehen durch förmlich Aufnahme ( Rezeption ) in d Körperschaft und geben daher auch d Recht d Miteigentum am Vermögen .	ART ADJA NN VMFIN ADV VVPP APPR ADJA NN $( NN $( APPR ART NN KON VVFIN PAV ADV ART NN ART NN APPRART NN $.	Die volle Angehörigkeit kann nur geschehen durch förmliche Aufnahme ( Rezeption ) in die Körperschaft und gibt daher auch das Recht des Miteigentums am Vermögen .
Rezeption	NN	1835	1	valentin_entwicklungsgeschichte_1835-8379-23	 	Jede wahre Aneignung ist aber keine blosse Aufnahme eines Stoffes, wie er unmittelbar von aussen dargeboten wird, sondern besteht in der Reception der tauglichen Theile desselben und der Abstossung und Aussonderung derer, welche von dem individuellen Organismus nicht gebraucht werden können.	137:146	0:292	Jede wahre Aneignung ist aber keine bloſse Aufnahme eines Stoffes , wie er unmittelbar von auſsen dargeboten wird , sondern besteht in der Reception der tauglichen Theile desselben und der Abstoſsung und Aussonderung derer , welche von dem individuellen Organismus nicht gebraucht werden können .	23	0:45	jede wahr Aneignung sein aber keine bloß Aufnahme eine Stoff , wie er unmittelbar von außen darbieten werden , sondern bestehen in d Rezeption d tauglich Teil dieselbe und d Abstoßung und Aussonderung die , welche von d individuell Organismus nicht gebrauchen werden können .	PIAT ADJA NN VAFIN ADV PIAT ADJA NN ART NN $, PWAV PPER ADJD APPR ADV VVPP VAFIN $, KON VVFIN APPR ART NN ART ADJA NN PDS KON ART NN KON NN PDS $, PRELS APPR ART ADJA NN PTKNEG VVPP VAINF VMFIN $.	Jede wahre Aneignung ist aber keine bloße Aufnahme eines Stoffes , wie er unmittelbar von außen dargeboten wird , sondern besteht in der Rezeption der tauglichen Teile desselben und der Abstossung und Aussonderung derer , welche von dem individuellen Organismus nicht gebraucht werden können .
Rezeption	NN	1893	1	wilamowitz_aristoteles02_1893-647-248	 	507 hat Kleisthenes in Athen 10 phylen mit hilfe des delphischen gottes gemacht. es war ein act der willkür, aber es gieng sehr bequem. die alten vier mochten als cultverbände weiter existiren, das kümmerte ihn nicht; den Ion behielt er aber natürlich bei, denn Ionier wollten die Athener bleiben. die vier phylen sind nicht mehr wert als die zehn. also schliesse ich, dass sie ebenso künstlich gemacht sind. wenn jeder Athener einen Ἀπόλλων πατϱῷος haben muss, trotz seinem geschlechte und dessen ahnherrn, so ist der ihnen allen einmal verliehen, künstlich, durch einen act. als Attika eine einheit geworden war, bedurfte es allerdings einer gliederung; der regionalismus war damals ungleich gefährlicher als 507, die bestehenden geschlechterverbände ungleich machtvoller. die ideelle einheit lag im dienste Athenas, aber die jungfrau bot keine bequeme gentilicische anknüpfung. da hat man die vier phylen erfunden und die phratrien dazu, oder besser die trittyen; denn phratrien, d. h. gruppen engverbundener geschlechter, haben gewiss vorher nicht gefehlt. die geschlechter aber wurden in diese fächer eingereiht; es ist ganz gut möglich, dass man für sie eine schematische zahl wenigstens prinzipiell aufgestellt hat, wie die Atthis 360 zählt. bewerkstelligt konnte eine solche massregel noch 507 nur durch die sanction eines gottes werden. dass die vier phylen von demselben pythischen Apollon gemacht sind wie die zehn, folgt aus der reception seines cultes als πατϱῷος, den die Ionier doch auch haben müssten, wenn sie die phylen aus Athen mitgenommen hätten. es wird am klarsten sein, wenn ich erzählend darlege, wie ich mir die tatsachen geworden denke. das geeinigte Attika braucht eine organisation, die den formen des geschlechterstaates gemäss in φυλὰς φυλάξαι und ὠβὰς ὠβάξαι bestehen muss. über das prinzip hat man sich geeinigt, ganz wie durch die rhetra in Sparta. die ausführung wird gemacht wie 507; man fragt den gott, und ein staatsmann, der ihm soufflirt, wird auch diesmal nicht gefehlt haben. der gott sagt“ ihr habt vergessen meines lieben sohnes Ion und seiner vier söhne, die doch zuerst euer volk zusammen wohnen gelehrt haben (συνῴκισαν sagt auch Aristoteles), durch sie seid ihr meine kinder, und wenn ihr nach ihnen euch gliedert, wird es euch wol ergehen. ” und so führen die Athener die vierteilung durch und darunter die zwölfteilung; es ist ein ganz äusserlicher auf die verwaltung berechneter schematismus, das leben war und ist nur in den einzelnen gliedern, den geschlechtern und allenfalls den phratrien.	1441:1450	0:2544	507 hat Kleisthenes in Athen 10 phylen mit hilfe des delphischen gottes gemacht . es war ein act der willkür , aber es gieng sehr bequem . die alten vier mochten als cultverbände weiter existiren , das kümmerte ihn nicht; den Ion behielt er aber natürlich bei , denn Ionier wollten die Athener bleiben . die vier phylen sind nicht mehr wert als die zehn . also schlieſse ich , daſs sie ebenso künstlich gemacht sind . wenn jeder Athener einen Ἀπόλλων πατϱῷος haben muſs , trotz seinem geschlechte und dessen ahnherrn , so ist der ihnen allen einmal verliehen , künstlich , durch einen act. als Attika eine einheit geworden war , bedurfte es allerdings einer gliederung ; der regionalismus war damals ungleich gefährlicher als 507 , die bestehenden geschlechterverbände ungleich machtvoller . die ideelle einheit lag im dienste Athenas , aber die jungfrau bot keine bequeme gentilicische anknüpfung . da hat man die vier phylen erfunden und die phratrien dazu , oder besser die trittyen ; denn phratrien , d. h. gruppen engverbundener geschlechter , haben gewiſs vorher nicht gefehlt . die geschlechter aber wurden in diese fächer eingereiht ; es ist ganz gut möglich , daſs man für sie eine schematische zahl wenigstens prinzipiell aufgestellt hat , wie die Atthis 360 zählt . bewerkstelligt konnte eine solche maſsregel noch 507 nur durch die sanction eines gottes werden . daſs die vier phylen von demselben pythischen Apollon gemacht sind wie die zehn , folgt aus der reception seines cultes als πατϱῷος , den die Ionier doch auch haben müssten , wenn sie die phylen aus Athen mitgenommen hätten . es wird am klarsten sein , wenn ich erzählend darlege , wie ich mir die tatsachen geworden denke . das geeinigte Attika braucht eine organisation , die den formen des geschlechterstaates gemäſs in φυλὰς φυλάξαι und ὠβὰς ὠβάξαι bestehen muſs . über das prinzip hat man sich geeinigt , ganz wie durch die rhetra in Sparta . die ausführung wird gemacht wie 507 ; man fragt den gott , und ein staatsmann , der ihm soufflirt , wird auch diesmal nicht gefehlt haben . der gott sagt “ ihr habt vergessen meines lieben sohnes Ion und seiner vier söhne , die doch zuerst euer volk zusammen wohnen gelehrt haben (συνῴκισαν sagt auch Aristoteles ) , durch sie seid ihr meine kinder , und wenn ihr nach ihnen euch gliedert , wird es euch wol ergehen . ” und so führen die Athener die vierteilung durch und darunter die zwölfteilung ; es ist ein ganz äuſserlicher auf die verwaltung berechneter schematismus , das leben war und ist nur in den einzelnen gliedern , den geschlechtern und allenfalls den phratrien .	248	0:450	507 haben Kleisthenes in Athen 10 Phyle mit Hilfe d delphisch Gott machen . es sein eine Act d Willkür , aber es gehen sehr bequem . d alt vier mögen als Kultverband weiter existieren , die kümmern er nicht d Ion behalten er aber natürlich bei , denn Ioniener wollen d athener bleiben . d vier Phyle sein nicht mehr wert als d zehn . also schließen ich , dass sie ebenso künstlich machen sein . wenn jede athener eine Apollon Πατϱῷος haben müssen , trotz seine Geschlecht und die Ahnherr , so sein d sie alle einmal verleihen , künstlich , durch eine Act. als Attika eine Einheit werden sein , bedürfen es allerdings eine Gliederung ; d Regionalismus sein damals ungleich gefährlich als 507 , d bestehend Geschlechterverband ungleich machtvoll . d ideell Einheit liegen im Dienst Athena , aber d Jungfrau bieten keine bequem Gentilicische Anknüpfung . da haben man d vier Phyle erfinden und d Phratrie dazu , oder gut d Trittyen ; denn Phratrie , d. h. Gruppe engverbinden Geschlecht , haben gewiß vorher nicht fehlen . d Geschlecht aber werden in diese Fächern einreihen ; es sein ganz gut möglich , dass man für sie eine schematisch Zahl wenigstens prinzipiell aufstellen haben , wie d Atthis 360 zählen . bewerkstelligen können eine solch Maßregel noch 507 nur durch d Sanktion eine Gott werden . dass d vier Phyle von demselben pythisch Apollon machen sein wie d zehn , folgen aus d Rezeption seine Kult als Πατϱῷος , die d Ioniener doch auch haben müssen , wenn sie d Phyle aus Athen mitnehmen haben . es werden am klar sein , wenn ich erzählend darlegen , wie ich ich d Tatsache werden denken . d geeinigt Attika brauchen eine Organisation , die d formen d Geschlechterstaat gemäß in Φυλὰς Φυλάξαι und Ὠβὰς Ὠβάξαι bestehen müssen . über d Prinzip haben man sich einigen , ganz wie durch d Rhetra in Sparta . d Ausführung werden machen wie 507 ; man fragen d Gott , und eine Staatsmann , die er soufflieren , werden auch diesmal nicht fehlen haben . d Gott sagen " sie haben vergessen meine lieb Sohn Ion und seine vier söhnen , die doch zuerst euer Volk zusammen wohnen lehren haben (sunokisan sagen auch Aristoteles ) , durch sie sein sie meine Kind , und wenn sie nach sie ihr gliedern , werden es ihr wohl ergehen . " und so führen d athener d Vierteilung durch und darunter d Zwölfteilung ; es sein eine ganz äußerlich auf d Verwaltung berechnet Schematismus , die leben sein und sein nur in d einzeln gliedern , d Geschlecht und allenfalls d Phratrie .	CARD VAFIN NE APPR NE CARD NN APPR NN ART ADJA NN VVPP $. PPER VAFIN ART NE ART NN $, KON PPER VVFIN ADV ADJD $. ART ADJA CARD VMFIN KOKOM NN ADV VVINF $, PDS VVFIN PPER PTKNEG ART NN VVFIN PPER ADV ADV PTKVZ $, KON NN VMFIN ART ADJA VVINF $. ART CARD NN VAFIN PTKNEG ADV ADJD KOKOM ART CARD $. ADV VVFIN PPER $, KOUS PPER ADV ADJD VVPP VAFIN $. KOUS PIAT ADJA ART NN NE VAINF VMFIN $, APPR PPOSAT NN KON PDS NN $, ADV VAFIN ART PPER PIS ADV VVPP $, ADJD $, APPR ART NN KOKOM NE ART NN VAPP VAFIN $, VVFIN PPER ADV ART NN $. ART NN VAFIN ADV ADJD ADJD KOKOM CARD $, ART ADJA NN ADJD ADJD $. ART ADJA NN VVFIN APPRART NN NE $, ADV ART NN VVFIN PIAT ADJA NN NN $. ADV VAFIN PIS ART CARD NN VVPP KON ART NN PAV $, KON ADJD ART NN $. KON NN $, PDS VVFIN NN ADJA NN $, VAFIN ADV ADV PTKNEG VVPP $. ART NN ADV VAFIN APPR PDAT NN VVPP $. PPER VAFIN ADV ADJD ADJD $, KOUS PIS APPR PPER ART ADJA NN ADV ADJD VVPP VAFIN $, PWAV ART NN CARD VVFIN $. VVPP VMFIN ART PIAT NN ADV CARD ADV APPR ART NN ART NN VAINF $. KOUS ART CARD NN APPR PDAT ADJA NN VVPP VAFIN KOKOM ART CARD $, VVFIN APPR ART NN PPOSAT NN KOKOM NE $, PRELS ART NN ADV ADV VAINF VMFIN $, KOUS PPER ART NN APPR NE VVPP VAFIN $. PPER VAFIN APPRART ADJA VAINF $, KOUS PPER ADJD VVFIN $, PWAV PPER PPER ART NN VAPP VVFIN $. ART ADJA NE VVFIN ART NN $, PRELS ART VVFIN ART NN ADJD APPR NE NE KON NE NE VVINF VMFIN $. APPR ART NN VAFIN PIS PRF VVPP $, ADV KOKOM APPR ART NN APPR NE $. ART NN VAFIN VVPP KOKOM CARD $. PIS VVFIN ART NN $, KON ART NN $, PRELS PPER VVFIN $, VAFIN ADV ADV PTKNEG VVPP VAINF $. ART NN VVFIN $( PPER VAFIN VVPP PPOSAT ADJA NN NN KON PPOSAT CARD VVFIN $, PRELS ADV ADV PPOSAT NN ADV VVINF VVPP VAFIN NE VVFIN ADV NE $( $, APPR PPER VAFIN PPER PPOSAT NN $, KON KOUS PPER APPR PPER PPER VVFIN $, VAFIN PPER PPER ADV VVINF $. $( KON ADV VVFIN ART ADJA ART NN APPR KON PAV ART NN $. PPER VAFIN ART ADV ADJD APPR ART NN ADJA NN $, PRELS VVINF VAFIN KON VAFIN ADV APPR ART ADJA VVINF $, ART NN KON ADV ART NN $.	507 hat Kleisthenes in Athen 10 Phylen mit Hilfe des delphischen Gottes gemacht . es war ein act der Willkür , aber es ging sehr bequem . die alten vier mochten als Kultverbände weiter existieren , das kümmerte ihn nicht den Ion behielt er aber natürlich bei , denn Ionier wollten die Athener bleiben . die vier Phylen sind nicht mehr wert als die zehn . also schließe ich , dass sie ebenso künstlich gemacht sind . wenn jeder Athener einen Apollon πατϱῷος haben muss , trotz seinem Geschlecht und dessen Ahnherrn , so ist der ihnen allen einmal verliehen , künstlich , durch einen act. als Attika eine Einheit geworden war , bedurfte es allerdings einer Gliederung ; der Regionalismus war damals ungleich gefährlicher als 507 , die bestehenden Geschlechterverbände ungleich machtvoller . die ideelle Einheit lag im Dienste Athenas , aber die Jungfrau bot keine bequeme gentilicische Anknüpfung . da hat man die vier Phylen erfunden und die Phratrien dazu , oder besser die trittyen ; denn Phratrien , d. h. Gruppen engverbundener Geschlechter , haben gewiss vorher nicht gefehlt . die Geschlechter aber wurden in diese fächer eingereiht ; es ist ganz gut möglich , dass man für sie eine schematische Zahl wenigstens prinzipiell aufgestellt hat , wie die Atthis 360 zählt . bewerkstelligt konnte eine solche Massregel noch 507 nur durch die Sanktion eines Gottes werden . dass die vier Phylen von demselben pythischen Apollon gemacht sind wie die zehn , folgt aus der Rezeption seines Kultes als πατϱῷος , den die Ionier doch auch haben müssten , wenn sie die Phylen aus Athen mitgenommen hätten . es wird am klarsten sein , wenn ich erzählend darlege , wie ich mir die Tatsachen geworden denke . das geeinigte Attika braucht eine Organisation , die den formen des Geschlechterstaates gemäß in φυλὰς φυλάξαι und ὠβὰς ὠβάξαι bestehen muss . über das Prinzip hat man sich geeinigt , ganz wie durch die rhetra in Sparta . die Ausführung wird gemacht wie 507 ; man fragt den Gott , und ein Staatsmann , der ihm souffliert , wird auch diesmal nicht gefehlt haben . der Gott sagt " ihr habt vergessen meines lieben Sohnes Ion und seiner vier söhne , die doch zuerst euer Volk zusammen wohnen gelehrt haben (sunokisan sagt auch Aristoteles ) , durch sie seid ihr meine Kinder , und wenn ihr nach ihnen euch gliedert , wird es euch wohl ergehen . " und so führen die Athener die Vierteilung durch und darunter die Zwölfteilung ; es ist ein ganz äußerlicher auf die Verwaltung berechneter Schematismus , das leben war und ist nur in den einzelnen gliedern , den Geschlechtern und allenfalls den Phratrien .
