identifier1	identifier2	annotator	judgment	comment	lemma
2532889X_1949-01-28_01_037.tcf.xml-221-14	2532889X_1949-07-10_01_038.tcf.xml-2-8	inferred	1	 	Spielball
2532889X_1949-01-28_01_037.tcf.xml-221-14	2532889X_1953-12-05_01_046.tcf.xml-26-20	inferred	1	 	Spielball
2532889X_1949-01-28_01_037.tcf.xml-221-14	2532889X_1955-06-26_01_130.tcf.xml-2-20	inferred	0	 	Spielball
2532889X_1949-01-28_01_037.tcf.xml-221-14	2532889X_1957-06-07_01_032.tcf.xml-34-22	inferred	1	 	Spielball
2532889X_1949-01-28_01_037.tcf.xml-221-14	2532889X_1957-06-27_01_115.tcf.xml-23-7	inferred	1	 	Spielball
2532889X_1949-01-28_01_037.tcf.xml-221-14	2532889X_1957-09-26_01_068.tcf.xml-39-11	inferred	1	 	Spielball
2532889X_1949-01-28_01_037.tcf.xml-221-14	2532889X_1968-03-23_01_340.tcf.xml-35-10	inferred	1	 	Spielball
2532889X_1949-01-28_01_037.tcf.xml-221-14	2532889X_1978-03-02_01_073.tcf.xml-9-6	inferred	1	 	Spielball
2532889X_1949-01-28_01_037.tcf.xml-221-14	2532889X_1984-03-28_01_070.tcf.xml-23-20	inferred	1	 	Spielball
2532889X_1949-01-28_01_037.tcf.xml-221-14	2532889X_1990-01-10_01_046.tcf.xml-43-10	inferred	1	 	Spielball
2532889X_1949-01-28_01_037.tcf.xml-221-14	26120215_1949_01_05_01_207.tcf.xml-6-24	inferred	1	 	Spielball
2532889X_1949-01-28_01_037.tcf.xml-221-14	26120215_1949_06_23_01_226.tcf.xml-26-30	inferred	1	 	Spielball
2532889X_1949-01-28_01_037.tcf.xml-221-14	26120215_1950_03_15_01_007.tcf.xml-18-15	inferred	1	 	Spielball
2532889X_1949-01-28_01_037.tcf.xml-221-14	26120215_1955_08_02_01_203.tcf.xml-8-15	inferred	1	 	Spielball
2532889X_1949-01-28_01_037.tcf.xml-221-14	26120215_1957_05_26_02_158.tcf.xml-12-10	inferred	1	 	Spielball
2532889X_1949-01-28_01_037.tcf.xml-221-14	26120215_1965_10_03_01_025.tcf.xml-12-43	inferred	1	 	Spielball
2532889X_1949-01-28_01_037.tcf.xml-221-14	26120215_1974_02_04_01_151.tcf.xml-25-18	inferred	1	 	Spielball
2532889X_1949-01-28_01_037.tcf.xml-221-14	26120215_1974_03_09_01_186.tcf.xml-22-6	inferred	1	 	Spielball
2532889X_1949-01-28_01_037.tcf.xml-221-14	26120215_1976_02_09_01_162.tcf.xml-11-1	inferred	1	 	Spielball
2532889X_1949-01-28_01_037.tcf.xml-221-14	26120215_1989_03_27_01_099.tcf.xml-11-9	inferred	1	 	Spielball
2532889X_1949-01-28_01_037.tcf.xml-221-14	26120215_1989_07_21_01_211.tcf.xml-11-42	inferred	1	 	Spielball
2532889X_1949-01-28_01_037.tcf.xml-221-14	26120215_1990_08_06_01_330.tcf.xml-15-22	inferred	1	 	Spielball
2532889X_1949-01-28_01_037.tcf.xml-221-14	berg_ostasien01_1864-641-40	inferred	1	 	Spielball
2532889X_1949-01-28_01_037.tcf.xml-221-14	berg_ostasien01_1864-835-8	inferred	1	 	Spielball
2532889X_1949-01-28_01_037.tcf.xml-221-14	bluntschli_staatslehre_1875-1223-14	inferred	1	 	Spielball
2532889X_1949-01-28_01_037.tcf.xml-221-14	bluntschli_staatslehre_1875-4510-19	inferred	1	 	Spielball
2532889X_1949-01-28_01_037.tcf.xml-221-14	chamberlain_grundlagen01_1899-1531-42	inferred	1	 	Spielball
2532889X_1949-01-28_01_037.tcf.xml-221-14	dahlmann_geschichte_1845-2105-18	inferred	1	 	Spielball
2532889X_1949-01-28_01_037.tcf.xml-221-14	droysen_alexander_1833-155-51	inferred	1	 	Spielball
2532889X_1949-01-28_01_037.tcf.xml-221-14	ebers_koenigstochter02_1864-2714-26	inferred	1	 	Spielball
2532889X_1949-01-28_01_037.tcf.xml-221-14	feuerbach_christentum_1841-6-33	inferred	1	 	Spielball
2532889X_1949-01-28_01_037.tcf.xml-221-14	grillparzer_diener_1830-1927-29	inferred	1	 	Spielball
2532889X_1949-01-28_01_037.tcf.xml-221-14	gutzkow_charaktere_1835-1908-7	inferred	1	 	Spielball
2532889X_1949-01-28_01_037.tcf.xml-221-14	hobrecht_verkehrsverhaeltnisse_1893-94-10	inferred	1	 	Spielball
2532889X_1949-01-28_01_037.tcf.xml-221-14	holtei_vagabunden02_1852-1094-31	inferred	1	 	Spielball
2532889X_1949-01-28_01_037.tcf.xml-221-14	laube_europa0102_1833-1468-10	inferred	1	 	Spielball
2532889X_1949-01-28_01_037.tcf.xml-221-14	lehnert_seehaefen01_1891-5083-13	inferred	1	 	Spielball
2532889X_1949-01-28_01_037.tcf.xml-221-14	liebknecht_frage_1878-629-25	inferred	1	 	Spielball
2532889X_1949-01-28_01_037.tcf.xml-221-14	menzel_literatur02_1828-941-6	inferred	1	 	Spielball
2532889X_1949-01-28_01_037.tcf.xml-221-14	michelet_loesung_1849-475-9	inferred	1	 	Spielball
2532889X_1949-01-28_01_037.tcf.xml-221-14	natorp_sozialpaedagogik_1899-2760-36	inferred	1	 	Spielball
2532889X_1949-01-28_01_037.tcf.xml-221-14	nn_nrhz138_1848-295-5	inferred	1	 	Spielball
2532889X_1949-01-28_01_037.tcf.xml-221-14	nn_nrhz179_1848-278-35	inferred	1	 	Spielball
2532889X_1949-01-28_01_037.tcf.xml-221-14	nn_nrhz218_1849-205-10	inferred	1	 	Spielball
2532889X_1949-01-28_01_037.tcf.xml-221-14	treitschke_geschichte02_1882-4559-1	inferred	1	 	Spielball
2532889X_1949-07-10_01_038.tcf.xml-2-8	2532889X_1953-12-05_01_046.tcf.xml-26-20	inferred	1	 	Spielball
2532889X_1949-07-10_01_038.tcf.xml-2-8	2532889X_1955-06-26_01_130.tcf.xml-2-20	inferred	0	 	Spielball
2532889X_1949-07-10_01_038.tcf.xml-2-8	2532889X_1957-06-07_01_032.tcf.xml-34-22	inferred	1	 	Spielball
2532889X_1949-07-10_01_038.tcf.xml-2-8	2532889X_1957-06-27_01_115.tcf.xml-23-7	inferred	1	 	Spielball
2532889X_1949-07-10_01_038.tcf.xml-2-8	2532889X_1957-09-26_01_068.tcf.xml-39-11	inferred	1	 	Spielball
2532889X_1949-07-10_01_038.tcf.xml-2-8	2532889X_1968-03-23_01_340.tcf.xml-35-10	inferred	1	 	Spielball
2532889X_1949-07-10_01_038.tcf.xml-2-8	2532889X_1978-03-02_01_073.tcf.xml-9-6	inferred	1	 	Spielball
2532889X_1949-07-10_01_038.tcf.xml-2-8	2532889X_1984-03-28_01_070.tcf.xml-23-20	inferred	1	 	Spielball
2532889X_1949-07-10_01_038.tcf.xml-2-8	2532889X_1990-01-10_01_046.tcf.xml-43-10	inferred	1	 	Spielball
2532889X_1949-07-10_01_038.tcf.xml-2-8	26120215_1949_01_05_01_207.tcf.xml-6-24	inferred	1	 	Spielball
2532889X_1949-07-10_01_038.tcf.xml-2-8	26120215_1949_06_23_01_226.tcf.xml-26-30	inferred	1	 	Spielball
2532889X_1949-07-10_01_038.tcf.xml-2-8	26120215_1950_03_15_01_007.tcf.xml-18-15	inferred	1	 	Spielball
2532889X_1949-07-10_01_038.tcf.xml-2-8	26120215_1955_08_02_01_203.tcf.xml-8-15	inferred	1	 	Spielball
2532889X_1949-07-10_01_038.tcf.xml-2-8	26120215_1957_05_26_02_158.tcf.xml-12-10	inferred	1	 	Spielball
2532889X_1949-07-10_01_038.tcf.xml-2-8	26120215_1965_10_03_01_025.tcf.xml-12-43	inferred	1	 	Spielball
2532889X_1949-07-10_01_038.tcf.xml-2-8	26120215_1974_02_04_01_151.tcf.xml-25-18	inferred	1	 	Spielball
2532889X_1949-07-10_01_038.tcf.xml-2-8	26120215_1974_03_09_01_186.tcf.xml-22-6	inferred	1	 	Spielball
2532889X_1949-07-10_01_038.tcf.xml-2-8	26120215_1976_02_09_01_162.tcf.xml-11-1	inferred	1	 	Spielball
2532889X_1949-07-10_01_038.tcf.xml-2-8	26120215_1989_03_27_01_099.tcf.xml-11-9	inferred	1	 	Spielball
2532889X_1949-07-10_01_038.tcf.xml-2-8	26120215_1989_07_21_01_211.tcf.xml-11-42	inferred	1	 	Spielball
2532889X_1949-07-10_01_038.tcf.xml-2-8	26120215_1990_08_06_01_330.tcf.xml-15-22	inferred	1	 	Spielball
2532889X_1949-07-10_01_038.tcf.xml-2-8	berg_ostasien01_1864-641-40	inferred	1	 	Spielball
2532889X_1949-07-10_01_038.tcf.xml-2-8	berg_ostasien01_1864-835-8	inferred	1	 	Spielball
2532889X_1949-07-10_01_038.tcf.xml-2-8	bluntschli_staatslehre_1875-1223-14	inferred	1	 	Spielball
2532889X_1949-07-10_01_038.tcf.xml-2-8	bluntschli_staatslehre_1875-4510-19	inferred	1	 	Spielball
2532889X_1949-07-10_01_038.tcf.xml-2-8	chamberlain_grundlagen01_1899-1531-42	inferred	1	 	Spielball
2532889X_1949-07-10_01_038.tcf.xml-2-8	dahlmann_geschichte_1845-2105-18	inferred	1	 	Spielball
2532889X_1949-07-10_01_038.tcf.xml-2-8	droysen_alexander_1833-155-51	inferred	1	 	Spielball
2532889X_1949-07-10_01_038.tcf.xml-2-8	ebers_koenigstochter02_1864-2714-26	inferred	1	 	Spielball
2532889X_1949-07-10_01_038.tcf.xml-2-8	feuerbach_christentum_1841-6-33	inferred	1	 	Spielball
2532889X_1949-07-10_01_038.tcf.xml-2-8	grillparzer_diener_1830-1927-29	inferred	1	 	Spielball
2532889X_1949-07-10_01_038.tcf.xml-2-8	gutzkow_charaktere_1835-1908-7	inferred	1	 	Spielball
2532889X_1949-07-10_01_038.tcf.xml-2-8	hobrecht_verkehrsverhaeltnisse_1893-94-10	inferred	1	 	Spielball
2532889X_1949-07-10_01_038.tcf.xml-2-8	holtei_vagabunden02_1852-1094-31	inferred	1	 	Spielball
2532889X_1949-07-10_01_038.tcf.xml-2-8	laube_europa0102_1833-1468-10	inferred	1	 	Spielball
2532889X_1949-07-10_01_038.tcf.xml-2-8	lehnert_seehaefen01_1891-5083-13	inferred	1	 	Spielball
2532889X_1949-07-10_01_038.tcf.xml-2-8	liebknecht_frage_1878-629-25	inferred	1	 	Spielball
2532889X_1949-07-10_01_038.tcf.xml-2-8	menzel_literatur02_1828-941-6	inferred	1	 	Spielball
2532889X_1949-07-10_01_038.tcf.xml-2-8	michelet_loesung_1849-475-9	inferred	1	 	Spielball
2532889X_1949-07-10_01_038.tcf.xml-2-8	natorp_sozialpaedagogik_1899-2760-36	inferred	1	 	Spielball
2532889X_1949-07-10_01_038.tcf.xml-2-8	nn_nrhz138_1848-295-5	inferred	1	 	Spielball
2532889X_1949-07-10_01_038.tcf.xml-2-8	nn_nrhz179_1848-278-35	inferred	1	 	Spielball
2532889X_1949-07-10_01_038.tcf.xml-2-8	nn_nrhz218_1849-205-10	inferred	1	 	Spielball
2532889X_1949-07-10_01_038.tcf.xml-2-8	treitschke_geschichte02_1882-4559-1	inferred	1	 	Spielball
2532889X_1953-12-05_01_046.tcf.xml-26-20	2532889X_1955-06-26_01_130.tcf.xml-2-20	inferred	0	 	Spielball
2532889X_1953-12-05_01_046.tcf.xml-26-20	2532889X_1957-06-07_01_032.tcf.xml-34-22	inferred	1	 	Spielball
2532889X_1953-12-05_01_046.tcf.xml-26-20	2532889X_1957-06-27_01_115.tcf.xml-23-7	inferred	1	 	Spielball
2532889X_1953-12-05_01_046.tcf.xml-26-20	2532889X_1957-09-26_01_068.tcf.xml-39-11	inferred	1	 	Spielball
2532889X_1953-12-05_01_046.tcf.xml-26-20	2532889X_1968-03-23_01_340.tcf.xml-35-10	inferred	1	 	Spielball
2532889X_1953-12-05_01_046.tcf.xml-26-20	2532889X_1978-03-02_01_073.tcf.xml-9-6	inferred	1	 	Spielball
2532889X_1953-12-05_01_046.tcf.xml-26-20	2532889X_1984-03-28_01_070.tcf.xml-23-20	inferred	1	 	Spielball
2532889X_1953-12-05_01_046.tcf.xml-26-20	2532889X_1990-01-10_01_046.tcf.xml-43-10	inferred	1	 	Spielball
2532889X_1953-12-05_01_046.tcf.xml-26-20	26120215_1949_01_05_01_207.tcf.xml-6-24	inferred	1	 	Spielball
2532889X_1953-12-05_01_046.tcf.xml-26-20	26120215_1949_06_23_01_226.tcf.xml-26-30	inferred	1	 	Spielball
2532889X_1953-12-05_01_046.tcf.xml-26-20	26120215_1950_03_15_01_007.tcf.xml-18-15	inferred	1	 	Spielball
2532889X_1953-12-05_01_046.tcf.xml-26-20	26120215_1955_08_02_01_203.tcf.xml-8-15	inferred	1	 	Spielball
2532889X_1953-12-05_01_046.tcf.xml-26-20	26120215_1957_05_26_02_158.tcf.xml-12-10	inferred	1	 	Spielball
2532889X_1953-12-05_01_046.tcf.xml-26-20	26120215_1965_10_03_01_025.tcf.xml-12-43	inferred	1	 	Spielball
2532889X_1953-12-05_01_046.tcf.xml-26-20	26120215_1974_02_04_01_151.tcf.xml-25-18	inferred	1	 	Spielball
2532889X_1953-12-05_01_046.tcf.xml-26-20	26120215_1974_03_09_01_186.tcf.xml-22-6	inferred	1	 	Spielball
2532889X_1953-12-05_01_046.tcf.xml-26-20	26120215_1976_02_09_01_162.tcf.xml-11-1	inferred	1	 	Spielball
2532889X_1953-12-05_01_046.tcf.xml-26-20	26120215_1989_03_27_01_099.tcf.xml-11-9	inferred	1	 	Spielball
2532889X_1953-12-05_01_046.tcf.xml-26-20	26120215_1989_07_21_01_211.tcf.xml-11-42	inferred	1	 	Spielball
2532889X_1953-12-05_01_046.tcf.xml-26-20	26120215_1990_08_06_01_330.tcf.xml-15-22	inferred	1	 	Spielball
2532889X_1953-12-05_01_046.tcf.xml-26-20	berg_ostasien01_1864-641-40	inferred	1	 	Spielball
2532889X_1953-12-05_01_046.tcf.xml-26-20	berg_ostasien01_1864-835-8	inferred	1	 	Spielball
2532889X_1953-12-05_01_046.tcf.xml-26-20	bluntschli_staatslehre_1875-1223-14	inferred	1	 	Spielball
2532889X_1953-12-05_01_046.tcf.xml-26-20	bluntschli_staatslehre_1875-4510-19	inferred	1	 	Spielball
2532889X_1953-12-05_01_046.tcf.xml-26-20	chamberlain_grundlagen01_1899-1531-42	inferred	1	 	Spielball
2532889X_1953-12-05_01_046.tcf.xml-26-20	dahlmann_geschichte_1845-2105-18	inferred	1	 	Spielball
2532889X_1953-12-05_01_046.tcf.xml-26-20	droysen_alexander_1833-155-51	inferred	1	 	Spielball
2532889X_1953-12-05_01_046.tcf.xml-26-20	ebers_koenigstochter02_1864-2714-26	inferred	1	 	Spielball
2532889X_1953-12-05_01_046.tcf.xml-26-20	feuerbach_christentum_1841-6-33	inferred	1	 	Spielball
2532889X_1953-12-05_01_046.tcf.xml-26-20	grillparzer_diener_1830-1927-29	inferred	1	 	Spielball
2532889X_1953-12-05_01_046.tcf.xml-26-20	gutzkow_charaktere_1835-1908-7	inferred	1	 	Spielball
2532889X_1953-12-05_01_046.tcf.xml-26-20	hobrecht_verkehrsverhaeltnisse_1893-94-10	inferred	1	 	Spielball
2532889X_1953-12-05_01_046.tcf.xml-26-20	holtei_vagabunden02_1852-1094-31	inferred	1	 	Spielball
2532889X_1953-12-05_01_046.tcf.xml-26-20	laube_europa0102_1833-1468-10	inferred	1	 	Spielball
2532889X_1953-12-05_01_046.tcf.xml-26-20	lehnert_seehaefen01_1891-5083-13	inferred	1	 	Spielball
2532889X_1953-12-05_01_046.tcf.xml-26-20	liebknecht_frage_1878-629-25	inferred	1	 	Spielball
2532889X_1953-12-05_01_046.tcf.xml-26-20	menzel_literatur02_1828-941-6	inferred	1	 	Spielball
2532889X_1953-12-05_01_046.tcf.xml-26-20	michelet_loesung_1849-475-9	inferred	1	 	Spielball
2532889X_1953-12-05_01_046.tcf.xml-26-20	natorp_sozialpaedagogik_1899-2760-36	inferred	1	 	Spielball
2532889X_1953-12-05_01_046.tcf.xml-26-20	nn_nrhz138_1848-295-5	inferred	1	 	Spielball
2532889X_1953-12-05_01_046.tcf.xml-26-20	nn_nrhz179_1848-278-35	inferred	1	 	Spielball
2532889X_1953-12-05_01_046.tcf.xml-26-20	nn_nrhz218_1849-205-10	inferred	1	 	Spielball
2532889X_1953-12-05_01_046.tcf.xml-26-20	treitschke_geschichte02_1882-4559-1	inferred	1	 	Spielball
2532889X_1955-06-26_01_130.tcf.xml-2-20	2532889X_1957-06-07_01_032.tcf.xml-34-22	inferred	0	 	Spielball
2532889X_1955-06-26_01_130.tcf.xml-2-20	2532889X_1957-06-27_01_115.tcf.xml-23-7	inferred	0	 	Spielball
2532889X_1955-06-26_01_130.tcf.xml-2-20	2532889X_1957-09-26_01_068.tcf.xml-39-11	inferred	0	 	Spielball
2532889X_1955-06-26_01_130.tcf.xml-2-20	2532889X_1968-03-23_01_340.tcf.xml-35-10	inferred	0	 	Spielball
2532889X_1955-06-26_01_130.tcf.xml-2-20	2532889X_1978-03-02_01_073.tcf.xml-9-6	inferred	0	 	Spielball
2532889X_1955-06-26_01_130.tcf.xml-2-20	2532889X_1984-03-28_01_070.tcf.xml-23-20	inferred	0	 	Spielball
2532889X_1955-06-26_01_130.tcf.xml-2-20	2532889X_1990-01-10_01_046.tcf.xml-43-10	inferred	0	 	Spielball
2532889X_1955-06-26_01_130.tcf.xml-2-20	26120215_1949_01_05_01_207.tcf.xml-6-24	inferred	0	 	Spielball
2532889X_1955-06-26_01_130.tcf.xml-2-20	26120215_1949_06_23_01_226.tcf.xml-26-30	inferred	0	 	Spielball
2532889X_1955-06-26_01_130.tcf.xml-2-20	26120215_1950_03_15_01_007.tcf.xml-18-15	inferred	0	 	Spielball
2532889X_1955-06-26_01_130.tcf.xml-2-20	26120215_1955_08_02_01_203.tcf.xml-8-15	inferred	0	 	Spielball
2532889X_1955-06-26_01_130.tcf.xml-2-20	26120215_1957_05_26_02_158.tcf.xml-12-10	inferred	0	 	Spielball
2532889X_1955-06-26_01_130.tcf.xml-2-20	26120215_1965_10_03_01_025.tcf.xml-12-43	inferred	0	 	Spielball
2532889X_1955-06-26_01_130.tcf.xml-2-20	26120215_1974_02_04_01_151.tcf.xml-25-18	inferred	0	 	Spielball
2532889X_1955-06-26_01_130.tcf.xml-2-20	26120215_1974_03_09_01_186.tcf.xml-22-6	inferred	0	 	Spielball
2532889X_1955-06-26_01_130.tcf.xml-2-20	26120215_1976_02_09_01_162.tcf.xml-11-1	inferred	0	 	Spielball
2532889X_1955-06-26_01_130.tcf.xml-2-20	26120215_1989_03_27_01_099.tcf.xml-11-9	inferred	0	 	Spielball
2532889X_1955-06-26_01_130.tcf.xml-2-20	26120215_1989_07_21_01_211.tcf.xml-11-42	inferred	0	 	Spielball
2532889X_1955-06-26_01_130.tcf.xml-2-20	26120215_1990_08_06_01_330.tcf.xml-15-22	inferred	0	 	Spielball
2532889X_1955-06-26_01_130.tcf.xml-2-20	berg_ostasien01_1864-641-40	inferred	0	 	Spielball
2532889X_1955-06-26_01_130.tcf.xml-2-20	berg_ostasien01_1864-835-8	inferred	0	 	Spielball
2532889X_1955-06-26_01_130.tcf.xml-2-20	bluntschli_staatslehre_1875-1223-14	inferred	0	 	Spielball
2532889X_1955-06-26_01_130.tcf.xml-2-20	bluntschli_staatslehre_1875-4510-19	inferred	0	 	Spielball
2532889X_1955-06-26_01_130.tcf.xml-2-20	chamberlain_grundlagen01_1899-1531-42	inferred	0	 	Spielball
2532889X_1955-06-26_01_130.tcf.xml-2-20	dahlmann_geschichte_1845-2105-18	inferred	0	 	Spielball
2532889X_1955-06-26_01_130.tcf.xml-2-20	droysen_alexander_1833-155-51	inferred	0	 	Spielball
2532889X_1955-06-26_01_130.tcf.xml-2-20	ebers_koenigstochter02_1864-2714-26	inferred	0	 	Spielball
2532889X_1955-06-26_01_130.tcf.xml-2-20	feuerbach_christentum_1841-6-33	inferred	0	 	Spielball
2532889X_1955-06-26_01_130.tcf.xml-2-20	grillparzer_diener_1830-1927-29	inferred	0	 	Spielball
2532889X_1955-06-26_01_130.tcf.xml-2-20	gutzkow_charaktere_1835-1908-7	inferred	0	 	Spielball
2532889X_1955-06-26_01_130.tcf.xml-2-20	hobrecht_verkehrsverhaeltnisse_1893-94-10	inferred	0	 	Spielball
2532889X_1955-06-26_01_130.tcf.xml-2-20	holtei_vagabunden02_1852-1094-31	inferred	0	 	Spielball
2532889X_1955-06-26_01_130.tcf.xml-2-20	laube_europa0102_1833-1468-10	inferred	0	 	Spielball
2532889X_1955-06-26_01_130.tcf.xml-2-20	lehnert_seehaefen01_1891-5083-13	inferred	0	 	Spielball
2532889X_1955-06-26_01_130.tcf.xml-2-20	liebknecht_frage_1878-629-25	inferred	0	 	Spielball
2532889X_1955-06-26_01_130.tcf.xml-2-20	menzel_literatur02_1828-941-6	inferred	0	 	Spielball
2532889X_1955-06-26_01_130.tcf.xml-2-20	michelet_loesung_1849-475-9	inferred	0	 	Spielball
2532889X_1955-06-26_01_130.tcf.xml-2-20	natorp_sozialpaedagogik_1899-2760-36	inferred	0	 	Spielball
2532889X_1955-06-26_01_130.tcf.xml-2-20	nn_nrhz138_1848-295-5	inferred	0	 	Spielball
2532889X_1955-06-26_01_130.tcf.xml-2-20	nn_nrhz179_1848-278-35	inferred	0	 	Spielball
2532889X_1955-06-26_01_130.tcf.xml-2-20	nn_nrhz218_1849-205-10	inferred	0	 	Spielball
2532889X_1955-06-26_01_130.tcf.xml-2-20	treitschke_geschichte02_1882-4559-1	inferred	0	 	Spielball
2532889X_1957-06-07_01_032.tcf.xml-34-22	2532889X_1957-06-27_01_115.tcf.xml-23-7	inferred	1	 	Spielball
2532889X_1957-06-07_01_032.tcf.xml-34-22	2532889X_1957-09-26_01_068.tcf.xml-39-11	inferred	1	 	Spielball
2532889X_1957-06-07_01_032.tcf.xml-34-22	2532889X_1968-03-23_01_340.tcf.xml-35-10	inferred	1	 	Spielball
2532889X_1957-06-07_01_032.tcf.xml-34-22	2532889X_1978-03-02_01_073.tcf.xml-9-6	inferred	1	 	Spielball
2532889X_1957-06-07_01_032.tcf.xml-34-22	2532889X_1984-03-28_01_070.tcf.xml-23-20	inferred	1	 	Spielball
2532889X_1957-06-07_01_032.tcf.xml-34-22	2532889X_1990-01-10_01_046.tcf.xml-43-10	inferred	1	 	Spielball
2532889X_1957-06-07_01_032.tcf.xml-34-22	26120215_1949_01_05_01_207.tcf.xml-6-24	inferred	1	 	Spielball
2532889X_1957-06-07_01_032.tcf.xml-34-22	26120215_1949_06_23_01_226.tcf.xml-26-30	inferred	1	 	Spielball
2532889X_1957-06-07_01_032.tcf.xml-34-22	26120215_1950_03_15_01_007.tcf.xml-18-15	inferred	1	 	Spielball
2532889X_1957-06-07_01_032.tcf.xml-34-22	26120215_1955_08_02_01_203.tcf.xml-8-15	inferred	1	 	Spielball
2532889X_1957-06-07_01_032.tcf.xml-34-22	26120215_1957_05_26_02_158.tcf.xml-12-10	inferred	1	 	Spielball
2532889X_1957-06-07_01_032.tcf.xml-34-22	26120215_1965_10_03_01_025.tcf.xml-12-43	inferred	1	 	Spielball
2532889X_1957-06-07_01_032.tcf.xml-34-22	26120215_1974_02_04_01_151.tcf.xml-25-18	inferred	1	 	Spielball
2532889X_1957-06-07_01_032.tcf.xml-34-22	26120215_1974_03_09_01_186.tcf.xml-22-6	inferred	1	 	Spielball
2532889X_1957-06-07_01_032.tcf.xml-34-22	26120215_1976_02_09_01_162.tcf.xml-11-1	inferred	1	 	Spielball
2532889X_1957-06-07_01_032.tcf.xml-34-22	26120215_1989_03_27_01_099.tcf.xml-11-9	inferred	1	 	Spielball
2532889X_1957-06-07_01_032.tcf.xml-34-22	26120215_1989_07_21_01_211.tcf.xml-11-42	inferred	1	 	Spielball
2532889X_1957-06-07_01_032.tcf.xml-34-22	26120215_1990_08_06_01_330.tcf.xml-15-22	inferred	1	 	Spielball
2532889X_1957-06-07_01_032.tcf.xml-34-22	berg_ostasien01_1864-641-40	inferred	1	 	Spielball
2532889X_1957-06-07_01_032.tcf.xml-34-22	berg_ostasien01_1864-835-8	inferred	1	 	Spielball
2532889X_1957-06-07_01_032.tcf.xml-34-22	bluntschli_staatslehre_1875-1223-14	inferred	1	 	Spielball
2532889X_1957-06-07_01_032.tcf.xml-34-22	bluntschli_staatslehre_1875-4510-19	inferred	1	 	Spielball
2532889X_1957-06-07_01_032.tcf.xml-34-22	chamberlain_grundlagen01_1899-1531-42	inferred	1	 	Spielball
2532889X_1957-06-07_01_032.tcf.xml-34-22	dahlmann_geschichte_1845-2105-18	inferred	1	 	Spielball
2532889X_1957-06-07_01_032.tcf.xml-34-22	droysen_alexander_1833-155-51	inferred	1	 	Spielball
2532889X_1957-06-07_01_032.tcf.xml-34-22	ebers_koenigstochter02_1864-2714-26	inferred	1	 	Spielball
2532889X_1957-06-07_01_032.tcf.xml-34-22	feuerbach_christentum_1841-6-33	inferred	1	 	Spielball
2532889X_1957-06-07_01_032.tcf.xml-34-22	grillparzer_diener_1830-1927-29	inferred	1	 	Spielball
2532889X_1957-06-07_01_032.tcf.xml-34-22	gutzkow_charaktere_1835-1908-7	inferred	1	 	Spielball
2532889X_1957-06-07_01_032.tcf.xml-34-22	hobrecht_verkehrsverhaeltnisse_1893-94-10	inferred	1	 	Spielball
2532889X_1957-06-07_01_032.tcf.xml-34-22	holtei_vagabunden02_1852-1094-31	inferred	1	 	Spielball
2532889X_1957-06-07_01_032.tcf.xml-34-22	laube_europa0102_1833-1468-10	inferred	1	 	Spielball
2532889X_1957-06-07_01_032.tcf.xml-34-22	lehnert_seehaefen01_1891-5083-13	inferred	1	 	Spielball
2532889X_1957-06-07_01_032.tcf.xml-34-22	liebknecht_frage_1878-629-25	inferred	1	 	Spielball
2532889X_1957-06-07_01_032.tcf.xml-34-22	menzel_literatur02_1828-941-6	inferred	1	 	Spielball
2532889X_1957-06-07_01_032.tcf.xml-34-22	michelet_loesung_1849-475-9	inferred	1	 	Spielball
2532889X_1957-06-07_01_032.tcf.xml-34-22	natorp_sozialpaedagogik_1899-2760-36	inferred	1	 	Spielball
2532889X_1957-06-07_01_032.tcf.xml-34-22	nn_nrhz138_1848-295-5	inferred	1	 	Spielball
2532889X_1957-06-07_01_032.tcf.xml-34-22	nn_nrhz179_1848-278-35	inferred	1	 	Spielball
2532889X_1957-06-07_01_032.tcf.xml-34-22	nn_nrhz218_1849-205-10	inferred	1	 	Spielball
2532889X_1957-06-07_01_032.tcf.xml-34-22	treitschke_geschichte02_1882-4559-1	inferred	1	 	Spielball
2532889X_1957-06-27_01_115.tcf.xml-23-7	2532889X_1957-09-26_01_068.tcf.xml-39-11	inferred	1	 	Spielball
2532889X_1957-06-27_01_115.tcf.xml-23-7	2532889X_1968-03-23_01_340.tcf.xml-35-10	inferred	1	 	Spielball
2532889X_1957-06-27_01_115.tcf.xml-23-7	2532889X_1978-03-02_01_073.tcf.xml-9-6	inferred	1	 	Spielball
2532889X_1957-06-27_01_115.tcf.xml-23-7	2532889X_1984-03-28_01_070.tcf.xml-23-20	inferred	1	 	Spielball
2532889X_1957-06-27_01_115.tcf.xml-23-7	2532889X_1990-01-10_01_046.tcf.xml-43-10	inferred	1	 	Spielball
2532889X_1957-06-27_01_115.tcf.xml-23-7	26120215_1949_01_05_01_207.tcf.xml-6-24	inferred	1	 	Spielball
2532889X_1957-06-27_01_115.tcf.xml-23-7	26120215_1949_06_23_01_226.tcf.xml-26-30	inferred	1	 	Spielball
2532889X_1957-06-27_01_115.tcf.xml-23-7	26120215_1950_03_15_01_007.tcf.xml-18-15	inferred	1	 	Spielball
2532889X_1957-06-27_01_115.tcf.xml-23-7	26120215_1955_08_02_01_203.tcf.xml-8-15	inferred	1	 	Spielball
2532889X_1957-06-27_01_115.tcf.xml-23-7	26120215_1957_05_26_02_158.tcf.xml-12-10	inferred	1	 	Spielball
2532889X_1957-06-27_01_115.tcf.xml-23-7	26120215_1965_10_03_01_025.tcf.xml-12-43	inferred	1	 	Spielball
2532889X_1957-06-27_01_115.tcf.xml-23-7	26120215_1974_02_04_01_151.tcf.xml-25-18	inferred	1	 	Spielball
2532889X_1957-06-27_01_115.tcf.xml-23-7	26120215_1974_03_09_01_186.tcf.xml-22-6	inferred	1	 	Spielball
2532889X_1957-06-27_01_115.tcf.xml-23-7	26120215_1976_02_09_01_162.tcf.xml-11-1	inferred	1	 	Spielball
2532889X_1957-06-27_01_115.tcf.xml-23-7	26120215_1989_03_27_01_099.tcf.xml-11-9	inferred	1	 	Spielball
2532889X_1957-06-27_01_115.tcf.xml-23-7	26120215_1989_07_21_01_211.tcf.xml-11-42	inferred	1	 	Spielball
2532889X_1957-06-27_01_115.tcf.xml-23-7	26120215_1990_08_06_01_330.tcf.xml-15-22	inferred	1	 	Spielball
2532889X_1957-06-27_01_115.tcf.xml-23-7	berg_ostasien01_1864-641-40	inferred	1	 	Spielball
2532889X_1957-06-27_01_115.tcf.xml-23-7	berg_ostasien01_1864-835-8	inferred	1	 	Spielball
2532889X_1957-06-27_01_115.tcf.xml-23-7	bluntschli_staatslehre_1875-1223-14	inferred	1	 	Spielball
2532889X_1957-06-27_01_115.tcf.xml-23-7	bluntschli_staatslehre_1875-4510-19	inferred	1	 	Spielball
2532889X_1957-06-27_01_115.tcf.xml-23-7	chamberlain_grundlagen01_1899-1531-42	inferred	1	 	Spielball
2532889X_1957-06-27_01_115.tcf.xml-23-7	dahlmann_geschichte_1845-2105-18	inferred	1	 	Spielball
2532889X_1957-06-27_01_115.tcf.xml-23-7	droysen_alexander_1833-155-51	inferred	1	 	Spielball
2532889X_1957-06-27_01_115.tcf.xml-23-7	ebers_koenigstochter02_1864-2714-26	inferred	1	 	Spielball
2532889X_1957-06-27_01_115.tcf.xml-23-7	feuerbach_christentum_1841-6-33	inferred	1	 	Spielball
2532889X_1957-06-27_01_115.tcf.xml-23-7	grillparzer_diener_1830-1927-29	inferred	1	 	Spielball
2532889X_1957-06-27_01_115.tcf.xml-23-7	gutzkow_charaktere_1835-1908-7	inferred	1	 	Spielball
2532889X_1957-06-27_01_115.tcf.xml-23-7	hobrecht_verkehrsverhaeltnisse_1893-94-10	inferred	1	 	Spielball
2532889X_1957-06-27_01_115.tcf.xml-23-7	holtei_vagabunden02_1852-1094-31	inferred	1	 	Spielball
2532889X_1957-06-27_01_115.tcf.xml-23-7	laube_europa0102_1833-1468-10	inferred	1	 	Spielball
2532889X_1957-06-27_01_115.tcf.xml-23-7	lehnert_seehaefen01_1891-5083-13	inferred	1	 	Spielball
2532889X_1957-06-27_01_115.tcf.xml-23-7	liebknecht_frage_1878-629-25	inferred	1	 	Spielball
2532889X_1957-06-27_01_115.tcf.xml-23-7	menzel_literatur02_1828-941-6	inferred	1	 	Spielball
2532889X_1957-06-27_01_115.tcf.xml-23-7	michelet_loesung_1849-475-9	inferred	1	 	Spielball
2532889X_1957-06-27_01_115.tcf.xml-23-7	natorp_sozialpaedagogik_1899-2760-36	inferred	1	 	Spielball
2532889X_1957-06-27_01_115.tcf.xml-23-7	nn_nrhz138_1848-295-5	inferred	1	 	Spielball
2532889X_1957-06-27_01_115.tcf.xml-23-7	nn_nrhz179_1848-278-35	inferred	1	 	Spielball
2532889X_1957-06-27_01_115.tcf.xml-23-7	nn_nrhz218_1849-205-10	inferred	1	 	Spielball
2532889X_1957-06-27_01_115.tcf.xml-23-7	treitschke_geschichte02_1882-4559-1	inferred	1	 	Spielball
2532889X_1957-09-26_01_068.tcf.xml-39-11	2532889X_1968-03-23_01_340.tcf.xml-35-10	inferred	1	 	Spielball
2532889X_1957-09-26_01_068.tcf.xml-39-11	2532889X_1978-03-02_01_073.tcf.xml-9-6	inferred	1	 	Spielball
2532889X_1957-09-26_01_068.tcf.xml-39-11	2532889X_1984-03-28_01_070.tcf.xml-23-20	inferred	1	 	Spielball
2532889X_1957-09-26_01_068.tcf.xml-39-11	2532889X_1990-01-10_01_046.tcf.xml-43-10	inferred	1	 	Spielball
2532889X_1957-09-26_01_068.tcf.xml-39-11	26120215_1949_01_05_01_207.tcf.xml-6-24	inferred	1	 	Spielball
2532889X_1957-09-26_01_068.tcf.xml-39-11	26120215_1949_06_23_01_226.tcf.xml-26-30	inferred	1	 	Spielball
2532889X_1957-09-26_01_068.tcf.xml-39-11	26120215_1950_03_15_01_007.tcf.xml-18-15	inferred	1	 	Spielball
2532889X_1957-09-26_01_068.tcf.xml-39-11	26120215_1955_08_02_01_203.tcf.xml-8-15	inferred	1	 	Spielball
2532889X_1957-09-26_01_068.tcf.xml-39-11	26120215_1957_05_26_02_158.tcf.xml-12-10	inferred	1	 	Spielball
2532889X_1957-09-26_01_068.tcf.xml-39-11	26120215_1965_10_03_01_025.tcf.xml-12-43	inferred	1	 	Spielball
2532889X_1957-09-26_01_068.tcf.xml-39-11	26120215_1974_02_04_01_151.tcf.xml-25-18	inferred	1	 	Spielball
2532889X_1957-09-26_01_068.tcf.xml-39-11	26120215_1974_03_09_01_186.tcf.xml-22-6	inferred	1	 	Spielball
2532889X_1957-09-26_01_068.tcf.xml-39-11	26120215_1976_02_09_01_162.tcf.xml-11-1	inferred	1	 	Spielball
2532889X_1957-09-26_01_068.tcf.xml-39-11	26120215_1989_03_27_01_099.tcf.xml-11-9	inferred	1	 	Spielball
2532889X_1957-09-26_01_068.tcf.xml-39-11	26120215_1989_07_21_01_211.tcf.xml-11-42	inferred	1	 	Spielball
2532889X_1957-09-26_01_068.tcf.xml-39-11	26120215_1990_08_06_01_330.tcf.xml-15-22	inferred	1	 	Spielball
2532889X_1957-09-26_01_068.tcf.xml-39-11	berg_ostasien01_1864-641-40	inferred	1	 	Spielball
2532889X_1957-09-26_01_068.tcf.xml-39-11	berg_ostasien01_1864-835-8	inferred	1	 	Spielball
2532889X_1957-09-26_01_068.tcf.xml-39-11	bluntschli_staatslehre_1875-1223-14	inferred	1	 	Spielball
2532889X_1957-09-26_01_068.tcf.xml-39-11	bluntschli_staatslehre_1875-4510-19	inferred	1	 	Spielball
2532889X_1957-09-26_01_068.tcf.xml-39-11	chamberlain_grundlagen01_1899-1531-42	inferred	1	 	Spielball
2532889X_1957-09-26_01_068.tcf.xml-39-11	dahlmann_geschichte_1845-2105-18	inferred	1	 	Spielball
2532889X_1957-09-26_01_068.tcf.xml-39-11	droysen_alexander_1833-155-51	inferred	1	 	Spielball
2532889X_1957-09-26_01_068.tcf.xml-39-11	ebers_koenigstochter02_1864-2714-26	inferred	1	 	Spielball
2532889X_1957-09-26_01_068.tcf.xml-39-11	feuerbach_christentum_1841-6-33	inferred	1	 	Spielball
2532889X_1957-09-26_01_068.tcf.xml-39-11	grillparzer_diener_1830-1927-29	inferred	1	 	Spielball
2532889X_1957-09-26_01_068.tcf.xml-39-11	gutzkow_charaktere_1835-1908-7	inferred	1	 	Spielball
2532889X_1957-09-26_01_068.tcf.xml-39-11	hobrecht_verkehrsverhaeltnisse_1893-94-10	inferred	1	 	Spielball
2532889X_1957-09-26_01_068.tcf.xml-39-11	holtei_vagabunden02_1852-1094-31	inferred	1	 	Spielball
2532889X_1957-09-26_01_068.tcf.xml-39-11	laube_europa0102_1833-1468-10	inferred	1	 	Spielball
2532889X_1957-09-26_01_068.tcf.xml-39-11	lehnert_seehaefen01_1891-5083-13	inferred	1	 	Spielball
2532889X_1957-09-26_01_068.tcf.xml-39-11	liebknecht_frage_1878-629-25	inferred	1	 	Spielball
2532889X_1957-09-26_01_068.tcf.xml-39-11	menzel_literatur02_1828-941-6	inferred	1	 	Spielball
2532889X_1957-09-26_01_068.tcf.xml-39-11	michelet_loesung_1849-475-9	inferred	1	 	Spielball
2532889X_1957-09-26_01_068.tcf.xml-39-11	natorp_sozialpaedagogik_1899-2760-36	inferred	1	 	Spielball
2532889X_1957-09-26_01_068.tcf.xml-39-11	nn_nrhz138_1848-295-5	inferred	1	 	Spielball
2532889X_1957-09-26_01_068.tcf.xml-39-11	nn_nrhz179_1848-278-35	inferred	1	 	Spielball
2532889X_1957-09-26_01_068.tcf.xml-39-11	nn_nrhz218_1849-205-10	inferred	1	 	Spielball
2532889X_1957-09-26_01_068.tcf.xml-39-11	treitschke_geschichte02_1882-4559-1	inferred	1	 	Spielball
2532889X_1968-03-23_01_340.tcf.xml-35-10	2532889X_1978-03-02_01_073.tcf.xml-9-6	inferred	1	 	Spielball
2532889X_1968-03-23_01_340.tcf.xml-35-10	2532889X_1984-03-28_01_070.tcf.xml-23-20	inferred	1	 	Spielball
2532889X_1968-03-23_01_340.tcf.xml-35-10	2532889X_1990-01-10_01_046.tcf.xml-43-10	inferred	1	 	Spielball
2532889X_1968-03-23_01_340.tcf.xml-35-10	26120215_1949_01_05_01_207.tcf.xml-6-24	inferred	1	 	Spielball
2532889X_1968-03-23_01_340.tcf.xml-35-10	26120215_1949_06_23_01_226.tcf.xml-26-30	inferred	1	 	Spielball
2532889X_1968-03-23_01_340.tcf.xml-35-10	26120215_1950_03_15_01_007.tcf.xml-18-15	inferred	1	 	Spielball
2532889X_1968-03-23_01_340.tcf.xml-35-10	26120215_1955_08_02_01_203.tcf.xml-8-15	inferred	1	 	Spielball
2532889X_1968-03-23_01_340.tcf.xml-35-10	26120215_1957_05_26_02_158.tcf.xml-12-10	inferred	1	 	Spielball
2532889X_1968-03-23_01_340.tcf.xml-35-10	26120215_1965_10_03_01_025.tcf.xml-12-43	inferred	1	 	Spielball
2532889X_1968-03-23_01_340.tcf.xml-35-10	26120215_1974_02_04_01_151.tcf.xml-25-18	inferred	1	 	Spielball
2532889X_1968-03-23_01_340.tcf.xml-35-10	26120215_1974_03_09_01_186.tcf.xml-22-6	inferred	1	 	Spielball
2532889X_1968-03-23_01_340.tcf.xml-35-10	26120215_1976_02_09_01_162.tcf.xml-11-1	inferred	1	 	Spielball
2532889X_1968-03-23_01_340.tcf.xml-35-10	26120215_1989_03_27_01_099.tcf.xml-11-9	inferred	1	 	Spielball
2532889X_1968-03-23_01_340.tcf.xml-35-10	26120215_1989_07_21_01_211.tcf.xml-11-42	inferred	1	 	Spielball
2532889X_1968-03-23_01_340.tcf.xml-35-10	26120215_1990_08_06_01_330.tcf.xml-15-22	inferred	1	 	Spielball
2532889X_1968-03-23_01_340.tcf.xml-35-10	berg_ostasien01_1864-641-40	inferred	1	 	Spielball
2532889X_1968-03-23_01_340.tcf.xml-35-10	berg_ostasien01_1864-835-8	inferred	1	 	Spielball
2532889X_1968-03-23_01_340.tcf.xml-35-10	bluntschli_staatslehre_1875-1223-14	inferred	1	 	Spielball
2532889X_1968-03-23_01_340.tcf.xml-35-10	bluntschli_staatslehre_1875-4510-19	inferred	1	 	Spielball
2532889X_1968-03-23_01_340.tcf.xml-35-10	chamberlain_grundlagen01_1899-1531-42	inferred	1	 	Spielball
2532889X_1968-03-23_01_340.tcf.xml-35-10	dahlmann_geschichte_1845-2105-18	inferred	1	 	Spielball
2532889X_1968-03-23_01_340.tcf.xml-35-10	droysen_alexander_1833-155-51	inferred	1	 	Spielball
2532889X_1968-03-23_01_340.tcf.xml-35-10	ebers_koenigstochter02_1864-2714-26	inferred	1	 	Spielball
2532889X_1968-03-23_01_340.tcf.xml-35-10	feuerbach_christentum_1841-6-33	inferred	1	 	Spielball
2532889X_1968-03-23_01_340.tcf.xml-35-10	grillparzer_diener_1830-1927-29	inferred	1	 	Spielball
2532889X_1968-03-23_01_340.tcf.xml-35-10	gutzkow_charaktere_1835-1908-7	inferred	1	 	Spielball
2532889X_1968-03-23_01_340.tcf.xml-35-10	hobrecht_verkehrsverhaeltnisse_1893-94-10	inferred	1	 	Spielball
2532889X_1968-03-23_01_340.tcf.xml-35-10	holtei_vagabunden02_1852-1094-31	inferred	1	 	Spielball
2532889X_1968-03-23_01_340.tcf.xml-35-10	laube_europa0102_1833-1468-10	inferred	1	 	Spielball
2532889X_1968-03-23_01_340.tcf.xml-35-10	lehnert_seehaefen01_1891-5083-13	inferred	1	 	Spielball
2532889X_1968-03-23_01_340.tcf.xml-35-10	liebknecht_frage_1878-629-25	inferred	1	 	Spielball
2532889X_1968-03-23_01_340.tcf.xml-35-10	menzel_literatur02_1828-941-6	inferred	1	 	Spielball
2532889X_1968-03-23_01_340.tcf.xml-35-10	michelet_loesung_1849-475-9	inferred	1	 	Spielball
2532889X_1968-03-23_01_340.tcf.xml-35-10	natorp_sozialpaedagogik_1899-2760-36	inferred	1	 	Spielball
2532889X_1968-03-23_01_340.tcf.xml-35-10	nn_nrhz138_1848-295-5	inferred	1	 	Spielball
2532889X_1968-03-23_01_340.tcf.xml-35-10	nn_nrhz179_1848-278-35	inferred	1	 	Spielball
2532889X_1968-03-23_01_340.tcf.xml-35-10	nn_nrhz218_1849-205-10	inferred	1	 	Spielball
2532889X_1968-03-23_01_340.tcf.xml-35-10	treitschke_geschichte02_1882-4559-1	inferred	1	 	Spielball
2532889X_1978-03-02_01_073.tcf.xml-9-6	2532889X_1984-03-28_01_070.tcf.xml-23-20	inferred	1	 	Spielball
2532889X_1978-03-02_01_073.tcf.xml-9-6	2532889X_1990-01-10_01_046.tcf.xml-43-10	inferred	1	 	Spielball
2532889X_1978-03-02_01_073.tcf.xml-9-6	26120215_1949_01_05_01_207.tcf.xml-6-24	inferred	1	 	Spielball
2532889X_1978-03-02_01_073.tcf.xml-9-6	26120215_1949_06_23_01_226.tcf.xml-26-30	inferred	1	 	Spielball
2532889X_1978-03-02_01_073.tcf.xml-9-6	26120215_1950_03_15_01_007.tcf.xml-18-15	inferred	1	 	Spielball
2532889X_1978-03-02_01_073.tcf.xml-9-6	26120215_1955_08_02_01_203.tcf.xml-8-15	inferred	1	 	Spielball
2532889X_1978-03-02_01_073.tcf.xml-9-6	26120215_1957_05_26_02_158.tcf.xml-12-10	inferred	1	 	Spielball
2532889X_1978-03-02_01_073.tcf.xml-9-6	26120215_1965_10_03_01_025.tcf.xml-12-43	inferred	1	 	Spielball
2532889X_1978-03-02_01_073.tcf.xml-9-6	26120215_1974_02_04_01_151.tcf.xml-25-18	inferred	1	 	Spielball
2532889X_1978-03-02_01_073.tcf.xml-9-6	26120215_1974_03_09_01_186.tcf.xml-22-6	inferred	1	 	Spielball
2532889X_1978-03-02_01_073.tcf.xml-9-6	26120215_1976_02_09_01_162.tcf.xml-11-1	inferred	1	 	Spielball
2532889X_1978-03-02_01_073.tcf.xml-9-6	26120215_1989_03_27_01_099.tcf.xml-11-9	inferred	1	 	Spielball
2532889X_1978-03-02_01_073.tcf.xml-9-6	26120215_1989_07_21_01_211.tcf.xml-11-42	inferred	1	 	Spielball
2532889X_1978-03-02_01_073.tcf.xml-9-6	26120215_1990_08_06_01_330.tcf.xml-15-22	inferred	1	 	Spielball
2532889X_1978-03-02_01_073.tcf.xml-9-6	berg_ostasien01_1864-641-40	inferred	1	 	Spielball
2532889X_1978-03-02_01_073.tcf.xml-9-6	berg_ostasien01_1864-835-8	inferred	1	 	Spielball
2532889X_1978-03-02_01_073.tcf.xml-9-6	bluntschli_staatslehre_1875-1223-14	inferred	1	 	Spielball
2532889X_1978-03-02_01_073.tcf.xml-9-6	bluntschli_staatslehre_1875-4510-19	inferred	1	 	Spielball
2532889X_1978-03-02_01_073.tcf.xml-9-6	chamberlain_grundlagen01_1899-1531-42	inferred	1	 	Spielball
2532889X_1978-03-02_01_073.tcf.xml-9-6	dahlmann_geschichte_1845-2105-18	inferred	1	 	Spielball
2532889X_1978-03-02_01_073.tcf.xml-9-6	droysen_alexander_1833-155-51	inferred	1	 	Spielball
2532889X_1978-03-02_01_073.tcf.xml-9-6	ebers_koenigstochter02_1864-2714-26	inferred	1	 	Spielball
2532889X_1978-03-02_01_073.tcf.xml-9-6	feuerbach_christentum_1841-6-33	inferred	1	 	Spielball
2532889X_1978-03-02_01_073.tcf.xml-9-6	grillparzer_diener_1830-1927-29	inferred	1	 	Spielball
2532889X_1978-03-02_01_073.tcf.xml-9-6	gutzkow_charaktere_1835-1908-7	inferred	1	 	Spielball
2532889X_1978-03-02_01_073.tcf.xml-9-6	hobrecht_verkehrsverhaeltnisse_1893-94-10	inferred	1	 	Spielball
2532889X_1978-03-02_01_073.tcf.xml-9-6	holtei_vagabunden02_1852-1094-31	inferred	1	 	Spielball
2532889X_1978-03-02_01_073.tcf.xml-9-6	laube_europa0102_1833-1468-10	inferred	1	 	Spielball
2532889X_1978-03-02_01_073.tcf.xml-9-6	lehnert_seehaefen01_1891-5083-13	inferred	1	 	Spielball
2532889X_1978-03-02_01_073.tcf.xml-9-6	liebknecht_frage_1878-629-25	inferred	1	 	Spielball
2532889X_1978-03-02_01_073.tcf.xml-9-6	menzel_literatur02_1828-941-6	inferred	1	 	Spielball
2532889X_1978-03-02_01_073.tcf.xml-9-6	michelet_loesung_1849-475-9	inferred	1	 	Spielball
2532889X_1978-03-02_01_073.tcf.xml-9-6	natorp_sozialpaedagogik_1899-2760-36	inferred	1	 	Spielball
2532889X_1978-03-02_01_073.tcf.xml-9-6	nn_nrhz138_1848-295-5	inferred	1	 	Spielball
2532889X_1978-03-02_01_073.tcf.xml-9-6	nn_nrhz179_1848-278-35	inferred	1	 	Spielball
2532889X_1978-03-02_01_073.tcf.xml-9-6	nn_nrhz218_1849-205-10	inferred	1	 	Spielball
2532889X_1978-03-02_01_073.tcf.xml-9-6	treitschke_geschichte02_1882-4559-1	inferred	1	 	Spielball
2532889X_1984-03-28_01_070.tcf.xml-23-20	2532889X_1990-01-10_01_046.tcf.xml-43-10	inferred	1	 	Spielball
2532889X_1984-03-28_01_070.tcf.xml-23-20	26120215_1949_01_05_01_207.tcf.xml-6-24	inferred	1	 	Spielball
2532889X_1984-03-28_01_070.tcf.xml-23-20	26120215_1949_06_23_01_226.tcf.xml-26-30	inferred	1	 	Spielball
2532889X_1984-03-28_01_070.tcf.xml-23-20	26120215_1950_03_15_01_007.tcf.xml-18-15	inferred	1	 	Spielball
2532889X_1984-03-28_01_070.tcf.xml-23-20	26120215_1955_08_02_01_203.tcf.xml-8-15	inferred	1	 	Spielball
2532889X_1984-03-28_01_070.tcf.xml-23-20	26120215_1957_05_26_02_158.tcf.xml-12-10	inferred	1	 	Spielball
2532889X_1984-03-28_01_070.tcf.xml-23-20	26120215_1965_10_03_01_025.tcf.xml-12-43	inferred	1	 	Spielball
2532889X_1984-03-28_01_070.tcf.xml-23-20	26120215_1974_02_04_01_151.tcf.xml-25-18	inferred	1	 	Spielball
2532889X_1984-03-28_01_070.tcf.xml-23-20	26120215_1974_03_09_01_186.tcf.xml-22-6	inferred	1	 	Spielball
2532889X_1984-03-28_01_070.tcf.xml-23-20	26120215_1976_02_09_01_162.tcf.xml-11-1	inferred	1	 	Spielball
2532889X_1984-03-28_01_070.tcf.xml-23-20	26120215_1989_03_27_01_099.tcf.xml-11-9	inferred	1	 	Spielball
2532889X_1984-03-28_01_070.tcf.xml-23-20	26120215_1989_07_21_01_211.tcf.xml-11-42	inferred	1	 	Spielball
2532889X_1984-03-28_01_070.tcf.xml-23-20	26120215_1990_08_06_01_330.tcf.xml-15-22	inferred	1	 	Spielball
2532889X_1984-03-28_01_070.tcf.xml-23-20	berg_ostasien01_1864-641-40	inferred	1	 	Spielball
2532889X_1984-03-28_01_070.tcf.xml-23-20	berg_ostasien01_1864-835-8	inferred	1	 	Spielball
2532889X_1984-03-28_01_070.tcf.xml-23-20	bluntschli_staatslehre_1875-1223-14	inferred	1	 	Spielball
2532889X_1984-03-28_01_070.tcf.xml-23-20	bluntschli_staatslehre_1875-4510-19	inferred	1	 	Spielball
2532889X_1984-03-28_01_070.tcf.xml-23-20	chamberlain_grundlagen01_1899-1531-42	inferred	1	 	Spielball
2532889X_1984-03-28_01_070.tcf.xml-23-20	dahlmann_geschichte_1845-2105-18	inferred	1	 	Spielball
2532889X_1984-03-28_01_070.tcf.xml-23-20	droysen_alexander_1833-155-51	inferred	1	 	Spielball
2532889X_1984-03-28_01_070.tcf.xml-23-20	ebers_koenigstochter02_1864-2714-26	inferred	1	 	Spielball
2532889X_1984-03-28_01_070.tcf.xml-23-20	feuerbach_christentum_1841-6-33	inferred	1	 	Spielball
2532889X_1984-03-28_01_070.tcf.xml-23-20	grillparzer_diener_1830-1927-29	inferred	1	 	Spielball
2532889X_1984-03-28_01_070.tcf.xml-23-20	gutzkow_charaktere_1835-1908-7	inferred	1	 	Spielball
2532889X_1984-03-28_01_070.tcf.xml-23-20	hobrecht_verkehrsverhaeltnisse_1893-94-10	inferred	1	 	Spielball
2532889X_1984-03-28_01_070.tcf.xml-23-20	holtei_vagabunden02_1852-1094-31	inferred	1	 	Spielball
2532889X_1984-03-28_01_070.tcf.xml-23-20	laube_europa0102_1833-1468-10	inferred	1	 	Spielball
2532889X_1984-03-28_01_070.tcf.xml-23-20	lehnert_seehaefen01_1891-5083-13	inferred	1	 	Spielball
2532889X_1984-03-28_01_070.tcf.xml-23-20	liebknecht_frage_1878-629-25	inferred	1	 	Spielball
2532889X_1984-03-28_01_070.tcf.xml-23-20	menzel_literatur02_1828-941-6	inferred	1	 	Spielball
2532889X_1984-03-28_01_070.tcf.xml-23-20	michelet_loesung_1849-475-9	inferred	1	 	Spielball
2532889X_1984-03-28_01_070.tcf.xml-23-20	natorp_sozialpaedagogik_1899-2760-36	inferred	1	 	Spielball
2532889X_1984-03-28_01_070.tcf.xml-23-20	nn_nrhz138_1848-295-5	inferred	1	 	Spielball
2532889X_1984-03-28_01_070.tcf.xml-23-20	nn_nrhz179_1848-278-35	inferred	1	 	Spielball
2532889X_1984-03-28_01_070.tcf.xml-23-20	nn_nrhz218_1849-205-10	inferred	1	 	Spielball
2532889X_1984-03-28_01_070.tcf.xml-23-20	treitschke_geschichte02_1882-4559-1	inferred	1	 	Spielball
2532889X_1990-01-10_01_046.tcf.xml-43-10	26120215_1949_01_05_01_207.tcf.xml-6-24	inferred	1	 	Spielball
2532889X_1990-01-10_01_046.tcf.xml-43-10	26120215_1949_06_23_01_226.tcf.xml-26-30	inferred	1	 	Spielball
2532889X_1990-01-10_01_046.tcf.xml-43-10	26120215_1950_03_15_01_007.tcf.xml-18-15	inferred	1	 	Spielball
2532889X_1990-01-10_01_046.tcf.xml-43-10	26120215_1955_08_02_01_203.tcf.xml-8-15	inferred	1	 	Spielball
2532889X_1990-01-10_01_046.tcf.xml-43-10	26120215_1957_05_26_02_158.tcf.xml-12-10	inferred	1	 	Spielball
2532889X_1990-01-10_01_046.tcf.xml-43-10	26120215_1965_10_03_01_025.tcf.xml-12-43	inferred	1	 	Spielball
2532889X_1990-01-10_01_046.tcf.xml-43-10	26120215_1974_02_04_01_151.tcf.xml-25-18	inferred	1	 	Spielball
2532889X_1990-01-10_01_046.tcf.xml-43-10	26120215_1974_03_09_01_186.tcf.xml-22-6	inferred	1	 	Spielball
2532889X_1990-01-10_01_046.tcf.xml-43-10	26120215_1976_02_09_01_162.tcf.xml-11-1	inferred	1	 	Spielball
2532889X_1990-01-10_01_046.tcf.xml-43-10	26120215_1989_03_27_01_099.tcf.xml-11-9	inferred	1	 	Spielball
2532889X_1990-01-10_01_046.tcf.xml-43-10	26120215_1989_07_21_01_211.tcf.xml-11-42	inferred	1	 	Spielball
2532889X_1990-01-10_01_046.tcf.xml-43-10	26120215_1990_08_06_01_330.tcf.xml-15-22	inferred	1	 	Spielball
2532889X_1990-01-10_01_046.tcf.xml-43-10	berg_ostasien01_1864-641-40	inferred	1	 	Spielball
2532889X_1990-01-10_01_046.tcf.xml-43-10	berg_ostasien01_1864-835-8	inferred	1	 	Spielball
2532889X_1990-01-10_01_046.tcf.xml-43-10	bluntschli_staatslehre_1875-1223-14	inferred	1	 	Spielball
2532889X_1990-01-10_01_046.tcf.xml-43-10	bluntschli_staatslehre_1875-4510-19	inferred	1	 	Spielball
2532889X_1990-01-10_01_046.tcf.xml-43-10	chamberlain_grundlagen01_1899-1531-42	inferred	1	 	Spielball
2532889X_1990-01-10_01_046.tcf.xml-43-10	dahlmann_geschichte_1845-2105-18	inferred	1	 	Spielball
2532889X_1990-01-10_01_046.tcf.xml-43-10	droysen_alexander_1833-155-51	inferred	1	 	Spielball
2532889X_1990-01-10_01_046.tcf.xml-43-10	ebers_koenigstochter02_1864-2714-26	inferred	1	 	Spielball
2532889X_1990-01-10_01_046.tcf.xml-43-10	feuerbach_christentum_1841-6-33	inferred	1	 	Spielball
2532889X_1990-01-10_01_046.tcf.xml-43-10	grillparzer_diener_1830-1927-29	inferred	1	 	Spielball
2532889X_1990-01-10_01_046.tcf.xml-43-10	gutzkow_charaktere_1835-1908-7	inferred	1	 	Spielball
2532889X_1990-01-10_01_046.tcf.xml-43-10	hobrecht_verkehrsverhaeltnisse_1893-94-10	inferred	1	 	Spielball
2532889X_1990-01-10_01_046.tcf.xml-43-10	holtei_vagabunden02_1852-1094-31	inferred	1	 	Spielball
2532889X_1990-01-10_01_046.tcf.xml-43-10	laube_europa0102_1833-1468-10	inferred	1	 	Spielball
2532889X_1990-01-10_01_046.tcf.xml-43-10	lehnert_seehaefen01_1891-5083-13	inferred	1	 	Spielball
2532889X_1990-01-10_01_046.tcf.xml-43-10	liebknecht_frage_1878-629-25	inferred	1	 	Spielball
2532889X_1990-01-10_01_046.tcf.xml-43-10	menzel_literatur02_1828-941-6	inferred	1	 	Spielball
2532889X_1990-01-10_01_046.tcf.xml-43-10	michelet_loesung_1849-475-9	inferred	1	 	Spielball
2532889X_1990-01-10_01_046.tcf.xml-43-10	natorp_sozialpaedagogik_1899-2760-36	inferred	1	 	Spielball
2532889X_1990-01-10_01_046.tcf.xml-43-10	nn_nrhz138_1848-295-5	inferred	1	 	Spielball
2532889X_1990-01-10_01_046.tcf.xml-43-10	nn_nrhz179_1848-278-35	inferred	1	 	Spielball
2532889X_1990-01-10_01_046.tcf.xml-43-10	nn_nrhz218_1849-205-10	inferred	1	 	Spielball
2532889X_1990-01-10_01_046.tcf.xml-43-10	treitschke_geschichte02_1882-4559-1	inferred	1	 	Spielball
26120215_1949_01_05_01_207.tcf.xml-6-24	26120215_1949_06_23_01_226.tcf.xml-26-30	inferred	1	 	Spielball
26120215_1949_01_05_01_207.tcf.xml-6-24	26120215_1950_03_15_01_007.tcf.xml-18-15	inferred	1	 	Spielball
26120215_1949_01_05_01_207.tcf.xml-6-24	26120215_1955_08_02_01_203.tcf.xml-8-15	inferred	1	 	Spielball
26120215_1949_01_05_01_207.tcf.xml-6-24	26120215_1957_05_26_02_158.tcf.xml-12-10	inferred	1	 	Spielball
26120215_1949_01_05_01_207.tcf.xml-6-24	26120215_1965_10_03_01_025.tcf.xml-12-43	inferred	1	 	Spielball
26120215_1949_01_05_01_207.tcf.xml-6-24	26120215_1974_02_04_01_151.tcf.xml-25-18	inferred	1	 	Spielball
26120215_1949_01_05_01_207.tcf.xml-6-24	26120215_1974_03_09_01_186.tcf.xml-22-6	inferred	1	 	Spielball
26120215_1949_01_05_01_207.tcf.xml-6-24	26120215_1976_02_09_01_162.tcf.xml-11-1	inferred	1	 	Spielball
26120215_1949_01_05_01_207.tcf.xml-6-24	26120215_1989_03_27_01_099.tcf.xml-11-9	inferred	1	 	Spielball
26120215_1949_01_05_01_207.tcf.xml-6-24	26120215_1989_07_21_01_211.tcf.xml-11-42	inferred	1	 	Spielball
26120215_1949_01_05_01_207.tcf.xml-6-24	26120215_1990_08_06_01_330.tcf.xml-15-22	inferred	1	 	Spielball
26120215_1949_01_05_01_207.tcf.xml-6-24	berg_ostasien01_1864-641-40	inferred	1	 	Spielball
26120215_1949_01_05_01_207.tcf.xml-6-24	berg_ostasien01_1864-835-8	inferred	1	 	Spielball
26120215_1949_01_05_01_207.tcf.xml-6-24	bluntschli_staatslehre_1875-1223-14	inferred	1	 	Spielball
26120215_1949_01_05_01_207.tcf.xml-6-24	bluntschli_staatslehre_1875-4510-19	inferred	1	 	Spielball
26120215_1949_01_05_01_207.tcf.xml-6-24	chamberlain_grundlagen01_1899-1531-42	inferred	1	 	Spielball
26120215_1949_01_05_01_207.tcf.xml-6-24	dahlmann_geschichte_1845-2105-18	inferred	1	 	Spielball
26120215_1949_01_05_01_207.tcf.xml-6-24	droysen_alexander_1833-155-51	inferred	1	 	Spielball
26120215_1949_01_05_01_207.tcf.xml-6-24	ebers_koenigstochter02_1864-2714-26	inferred	1	 	Spielball
26120215_1949_01_05_01_207.tcf.xml-6-24	feuerbach_christentum_1841-6-33	inferred	1	 	Spielball
26120215_1949_01_05_01_207.tcf.xml-6-24	grillparzer_diener_1830-1927-29	inferred	1	 	Spielball
26120215_1949_01_05_01_207.tcf.xml-6-24	gutzkow_charaktere_1835-1908-7	inferred	1	 	Spielball
26120215_1949_01_05_01_207.tcf.xml-6-24	hobrecht_verkehrsverhaeltnisse_1893-94-10	inferred	1	 	Spielball
26120215_1949_01_05_01_207.tcf.xml-6-24	holtei_vagabunden02_1852-1094-31	inferred	1	 	Spielball
26120215_1949_01_05_01_207.tcf.xml-6-24	laube_europa0102_1833-1468-10	inferred	1	 	Spielball
26120215_1949_01_05_01_207.tcf.xml-6-24	lehnert_seehaefen01_1891-5083-13	inferred	1	 	Spielball
26120215_1949_01_05_01_207.tcf.xml-6-24	liebknecht_frage_1878-629-25	inferred	1	 	Spielball
26120215_1949_01_05_01_207.tcf.xml-6-24	menzel_literatur02_1828-941-6	inferred	1	 	Spielball
26120215_1949_01_05_01_207.tcf.xml-6-24	michelet_loesung_1849-475-9	inferred	1	 	Spielball
26120215_1949_01_05_01_207.tcf.xml-6-24	natorp_sozialpaedagogik_1899-2760-36	inferred	1	 	Spielball
26120215_1949_01_05_01_207.tcf.xml-6-24	nn_nrhz138_1848-295-5	inferred	1	 	Spielball
26120215_1949_01_05_01_207.tcf.xml-6-24	nn_nrhz179_1848-278-35	inferred	1	 	Spielball
26120215_1949_01_05_01_207.tcf.xml-6-24	nn_nrhz218_1849-205-10	inferred	1	 	Spielball
26120215_1949_01_05_01_207.tcf.xml-6-24	treitschke_geschichte02_1882-4559-1	inferred	1	 	Spielball
26120215_1949_06_23_01_226.tcf.xml-26-30	26120215_1950_03_15_01_007.tcf.xml-18-15	inferred	1	 	Spielball
26120215_1949_06_23_01_226.tcf.xml-26-30	26120215_1955_08_02_01_203.tcf.xml-8-15	inferred	1	 	Spielball
26120215_1949_06_23_01_226.tcf.xml-26-30	26120215_1957_05_26_02_158.tcf.xml-12-10	inferred	1	 	Spielball
26120215_1949_06_23_01_226.tcf.xml-26-30	26120215_1965_10_03_01_025.tcf.xml-12-43	inferred	1	 	Spielball
26120215_1949_06_23_01_226.tcf.xml-26-30	26120215_1974_02_04_01_151.tcf.xml-25-18	inferred	1	 	Spielball
26120215_1949_06_23_01_226.tcf.xml-26-30	26120215_1974_03_09_01_186.tcf.xml-22-6	inferred	1	 	Spielball
26120215_1949_06_23_01_226.tcf.xml-26-30	26120215_1976_02_09_01_162.tcf.xml-11-1	inferred	1	 	Spielball
26120215_1949_06_23_01_226.tcf.xml-26-30	26120215_1989_03_27_01_099.tcf.xml-11-9	inferred	1	 	Spielball
26120215_1949_06_23_01_226.tcf.xml-26-30	26120215_1989_07_21_01_211.tcf.xml-11-42	inferred	1	 	Spielball
26120215_1949_06_23_01_226.tcf.xml-26-30	26120215_1990_08_06_01_330.tcf.xml-15-22	inferred	1	 	Spielball
26120215_1949_06_23_01_226.tcf.xml-26-30	berg_ostasien01_1864-641-40	inferred	1	 	Spielball
26120215_1949_06_23_01_226.tcf.xml-26-30	berg_ostasien01_1864-835-8	inferred	1	 	Spielball
26120215_1949_06_23_01_226.tcf.xml-26-30	bluntschli_staatslehre_1875-1223-14	inferred	1	 	Spielball
26120215_1949_06_23_01_226.tcf.xml-26-30	bluntschli_staatslehre_1875-4510-19	inferred	1	 	Spielball
26120215_1949_06_23_01_226.tcf.xml-26-30	chamberlain_grundlagen01_1899-1531-42	inferred	1	 	Spielball
26120215_1949_06_23_01_226.tcf.xml-26-30	dahlmann_geschichte_1845-2105-18	inferred	1	 	Spielball
26120215_1949_06_23_01_226.tcf.xml-26-30	droysen_alexander_1833-155-51	inferred	1	 	Spielball
26120215_1949_06_23_01_226.tcf.xml-26-30	ebers_koenigstochter02_1864-2714-26	inferred	1	 	Spielball
26120215_1949_06_23_01_226.tcf.xml-26-30	feuerbach_christentum_1841-6-33	inferred	1	 	Spielball
26120215_1949_06_23_01_226.tcf.xml-26-30	grillparzer_diener_1830-1927-29	inferred	1	 	Spielball
26120215_1949_06_23_01_226.tcf.xml-26-30	gutzkow_charaktere_1835-1908-7	inferred	1	 	Spielball
26120215_1949_06_23_01_226.tcf.xml-26-30	hobrecht_verkehrsverhaeltnisse_1893-94-10	inferred	1	 	Spielball
26120215_1949_06_23_01_226.tcf.xml-26-30	holtei_vagabunden02_1852-1094-31	inferred	1	 	Spielball
26120215_1949_06_23_01_226.tcf.xml-26-30	laube_europa0102_1833-1468-10	inferred	1	 	Spielball
26120215_1949_06_23_01_226.tcf.xml-26-30	lehnert_seehaefen01_1891-5083-13	inferred	1	 	Spielball
26120215_1949_06_23_01_226.tcf.xml-26-30	liebknecht_frage_1878-629-25	inferred	1	 	Spielball
26120215_1949_06_23_01_226.tcf.xml-26-30	menzel_literatur02_1828-941-6	inferred	1	 	Spielball
26120215_1949_06_23_01_226.tcf.xml-26-30	michelet_loesung_1849-475-9	inferred	1	 	Spielball
26120215_1949_06_23_01_226.tcf.xml-26-30	natorp_sozialpaedagogik_1899-2760-36	inferred	1	 	Spielball
26120215_1949_06_23_01_226.tcf.xml-26-30	nn_nrhz138_1848-295-5	inferred	1	 	Spielball
26120215_1949_06_23_01_226.tcf.xml-26-30	nn_nrhz179_1848-278-35	inferred	1	 	Spielball
26120215_1949_06_23_01_226.tcf.xml-26-30	nn_nrhz218_1849-205-10	inferred	1	 	Spielball
26120215_1949_06_23_01_226.tcf.xml-26-30	treitschke_geschichte02_1882-4559-1	inferred	1	 	Spielball
26120215_1950_03_15_01_007.tcf.xml-18-15	26120215_1955_08_02_01_203.tcf.xml-8-15	inferred	1	 	Spielball
26120215_1950_03_15_01_007.tcf.xml-18-15	26120215_1957_05_26_02_158.tcf.xml-12-10	inferred	1	 	Spielball
26120215_1950_03_15_01_007.tcf.xml-18-15	26120215_1965_10_03_01_025.tcf.xml-12-43	inferred	1	 	Spielball
26120215_1950_03_15_01_007.tcf.xml-18-15	26120215_1974_02_04_01_151.tcf.xml-25-18	inferred	1	 	Spielball
26120215_1950_03_15_01_007.tcf.xml-18-15	26120215_1974_03_09_01_186.tcf.xml-22-6	inferred	1	 	Spielball
26120215_1950_03_15_01_007.tcf.xml-18-15	26120215_1976_02_09_01_162.tcf.xml-11-1	inferred	1	 	Spielball
26120215_1950_03_15_01_007.tcf.xml-18-15	26120215_1989_03_27_01_099.tcf.xml-11-9	inferred	1	 	Spielball
26120215_1950_03_15_01_007.tcf.xml-18-15	26120215_1989_07_21_01_211.tcf.xml-11-42	inferred	1	 	Spielball
26120215_1950_03_15_01_007.tcf.xml-18-15	26120215_1990_08_06_01_330.tcf.xml-15-22	inferred	1	 	Spielball
26120215_1950_03_15_01_007.tcf.xml-18-15	berg_ostasien01_1864-641-40	inferred	1	 	Spielball
26120215_1950_03_15_01_007.tcf.xml-18-15	berg_ostasien01_1864-835-8	inferred	1	 	Spielball
26120215_1950_03_15_01_007.tcf.xml-18-15	bluntschli_staatslehre_1875-1223-14	inferred	1	 	Spielball
26120215_1950_03_15_01_007.tcf.xml-18-15	bluntschli_staatslehre_1875-4510-19	inferred	1	 	Spielball
26120215_1950_03_15_01_007.tcf.xml-18-15	chamberlain_grundlagen01_1899-1531-42	inferred	1	 	Spielball
26120215_1950_03_15_01_007.tcf.xml-18-15	dahlmann_geschichte_1845-2105-18	inferred	1	 	Spielball
26120215_1950_03_15_01_007.tcf.xml-18-15	droysen_alexander_1833-155-51	inferred	1	 	Spielball
26120215_1950_03_15_01_007.tcf.xml-18-15	ebers_koenigstochter02_1864-2714-26	inferred	1	 	Spielball
26120215_1950_03_15_01_007.tcf.xml-18-15	feuerbach_christentum_1841-6-33	inferred	1	 	Spielball
26120215_1950_03_15_01_007.tcf.xml-18-15	grillparzer_diener_1830-1927-29	inferred	1	 	Spielball
26120215_1950_03_15_01_007.tcf.xml-18-15	gutzkow_charaktere_1835-1908-7	inferred	1	 	Spielball
26120215_1950_03_15_01_007.tcf.xml-18-15	hobrecht_verkehrsverhaeltnisse_1893-94-10	inferred	1	 	Spielball
26120215_1950_03_15_01_007.tcf.xml-18-15	holtei_vagabunden02_1852-1094-31	inferred	1	 	Spielball
26120215_1950_03_15_01_007.tcf.xml-18-15	laube_europa0102_1833-1468-10	inferred	1	 	Spielball
26120215_1950_03_15_01_007.tcf.xml-18-15	lehnert_seehaefen01_1891-5083-13	inferred	1	 	Spielball
26120215_1950_03_15_01_007.tcf.xml-18-15	liebknecht_frage_1878-629-25	inferred	1	 	Spielball
26120215_1950_03_15_01_007.tcf.xml-18-15	menzel_literatur02_1828-941-6	inferred	1	 	Spielball
26120215_1950_03_15_01_007.tcf.xml-18-15	michelet_loesung_1849-475-9	inferred	1	 	Spielball
26120215_1950_03_15_01_007.tcf.xml-18-15	natorp_sozialpaedagogik_1899-2760-36	inferred	1	 	Spielball
26120215_1950_03_15_01_007.tcf.xml-18-15	nn_nrhz138_1848-295-5	inferred	1	 	Spielball
26120215_1950_03_15_01_007.tcf.xml-18-15	nn_nrhz179_1848-278-35	inferred	1	 	Spielball
26120215_1950_03_15_01_007.tcf.xml-18-15	nn_nrhz218_1849-205-10	inferred	1	 	Spielball
26120215_1950_03_15_01_007.tcf.xml-18-15	treitschke_geschichte02_1882-4559-1	inferred	1	 	Spielball
26120215_1955_08_02_01_203.tcf.xml-8-15	26120215_1957_05_26_02_158.tcf.xml-12-10	inferred	1	 	Spielball
26120215_1955_08_02_01_203.tcf.xml-8-15	26120215_1965_10_03_01_025.tcf.xml-12-43	inferred	1	 	Spielball
26120215_1955_08_02_01_203.tcf.xml-8-15	26120215_1974_02_04_01_151.tcf.xml-25-18	inferred	1	 	Spielball
26120215_1955_08_02_01_203.tcf.xml-8-15	26120215_1974_03_09_01_186.tcf.xml-22-6	inferred	1	 	Spielball
26120215_1955_08_02_01_203.tcf.xml-8-15	26120215_1976_02_09_01_162.tcf.xml-11-1	inferred	1	 	Spielball
26120215_1955_08_02_01_203.tcf.xml-8-15	26120215_1989_03_27_01_099.tcf.xml-11-9	inferred	1	 	Spielball
26120215_1955_08_02_01_203.tcf.xml-8-15	26120215_1989_07_21_01_211.tcf.xml-11-42	inferred	1	 	Spielball
26120215_1955_08_02_01_203.tcf.xml-8-15	26120215_1990_08_06_01_330.tcf.xml-15-22	inferred	1	 	Spielball
26120215_1955_08_02_01_203.tcf.xml-8-15	berg_ostasien01_1864-641-40	inferred	1	 	Spielball
26120215_1955_08_02_01_203.tcf.xml-8-15	berg_ostasien01_1864-835-8	inferred	1	 	Spielball
26120215_1955_08_02_01_203.tcf.xml-8-15	bluntschli_staatslehre_1875-1223-14	inferred	1	 	Spielball
26120215_1955_08_02_01_203.tcf.xml-8-15	bluntschli_staatslehre_1875-4510-19	inferred	1	 	Spielball
26120215_1955_08_02_01_203.tcf.xml-8-15	chamberlain_grundlagen01_1899-1531-42	inferred	1	 	Spielball
26120215_1955_08_02_01_203.tcf.xml-8-15	dahlmann_geschichte_1845-2105-18	inferred	1	 	Spielball
26120215_1955_08_02_01_203.tcf.xml-8-15	droysen_alexander_1833-155-51	inferred	1	 	Spielball
26120215_1955_08_02_01_203.tcf.xml-8-15	ebers_koenigstochter02_1864-2714-26	inferred	1	 	Spielball
26120215_1955_08_02_01_203.tcf.xml-8-15	feuerbach_christentum_1841-6-33	inferred	1	 	Spielball
26120215_1955_08_02_01_203.tcf.xml-8-15	grillparzer_diener_1830-1927-29	inferred	1	 	Spielball
26120215_1955_08_02_01_203.tcf.xml-8-15	gutzkow_charaktere_1835-1908-7	inferred	1	 	Spielball
26120215_1955_08_02_01_203.tcf.xml-8-15	hobrecht_verkehrsverhaeltnisse_1893-94-10	inferred	1	 	Spielball
26120215_1955_08_02_01_203.tcf.xml-8-15	holtei_vagabunden02_1852-1094-31	inferred	1	 	Spielball
26120215_1955_08_02_01_203.tcf.xml-8-15	laube_europa0102_1833-1468-10	inferred	1	 	Spielball
26120215_1955_08_02_01_203.tcf.xml-8-15	lehnert_seehaefen01_1891-5083-13	inferred	1	 	Spielball
26120215_1955_08_02_01_203.tcf.xml-8-15	liebknecht_frage_1878-629-25	inferred	1	 	Spielball
26120215_1955_08_02_01_203.tcf.xml-8-15	menzel_literatur02_1828-941-6	inferred	1	 	Spielball
26120215_1955_08_02_01_203.tcf.xml-8-15	michelet_loesung_1849-475-9	inferred	1	 	Spielball
26120215_1955_08_02_01_203.tcf.xml-8-15	natorp_sozialpaedagogik_1899-2760-36	inferred	1	 	Spielball
26120215_1955_08_02_01_203.tcf.xml-8-15	nn_nrhz138_1848-295-5	inferred	1	 	Spielball
26120215_1955_08_02_01_203.tcf.xml-8-15	nn_nrhz179_1848-278-35	inferred	1	 	Spielball
26120215_1955_08_02_01_203.tcf.xml-8-15	nn_nrhz218_1849-205-10	inferred	1	 	Spielball
26120215_1955_08_02_01_203.tcf.xml-8-15	treitschke_geschichte02_1882-4559-1	inferred	1	 	Spielball
26120215_1957_05_26_02_158.tcf.xml-12-10	26120215_1965_10_03_01_025.tcf.xml-12-43	inferred	1	 	Spielball
26120215_1957_05_26_02_158.tcf.xml-12-10	26120215_1974_02_04_01_151.tcf.xml-25-18	inferred	1	 	Spielball
26120215_1957_05_26_02_158.tcf.xml-12-10	26120215_1974_03_09_01_186.tcf.xml-22-6	inferred	1	 	Spielball
26120215_1957_05_26_02_158.tcf.xml-12-10	26120215_1976_02_09_01_162.tcf.xml-11-1	inferred	1	 	Spielball
26120215_1957_05_26_02_158.tcf.xml-12-10	26120215_1989_03_27_01_099.tcf.xml-11-9	inferred	1	 	Spielball
26120215_1957_05_26_02_158.tcf.xml-12-10	26120215_1989_07_21_01_211.tcf.xml-11-42	inferred	1	 	Spielball
26120215_1957_05_26_02_158.tcf.xml-12-10	26120215_1990_08_06_01_330.tcf.xml-15-22	inferred	1	 	Spielball
26120215_1957_05_26_02_158.tcf.xml-12-10	berg_ostasien01_1864-641-40	inferred	1	 	Spielball
26120215_1957_05_26_02_158.tcf.xml-12-10	berg_ostasien01_1864-835-8	inferred	1	 	Spielball
26120215_1957_05_26_02_158.tcf.xml-12-10	bluntschli_staatslehre_1875-1223-14	inferred	1	 	Spielball
26120215_1957_05_26_02_158.tcf.xml-12-10	bluntschli_staatslehre_1875-4510-19	inferred	1	 	Spielball
26120215_1957_05_26_02_158.tcf.xml-12-10	chamberlain_grundlagen01_1899-1531-42	inferred	1	 	Spielball
26120215_1957_05_26_02_158.tcf.xml-12-10	dahlmann_geschichte_1845-2105-18	inferred	1	 	Spielball
26120215_1957_05_26_02_158.tcf.xml-12-10	droysen_alexander_1833-155-51	inferred	1	 	Spielball
26120215_1957_05_26_02_158.tcf.xml-12-10	ebers_koenigstochter02_1864-2714-26	inferred	1	 	Spielball
26120215_1957_05_26_02_158.tcf.xml-12-10	feuerbach_christentum_1841-6-33	inferred	1	 	Spielball
26120215_1957_05_26_02_158.tcf.xml-12-10	grillparzer_diener_1830-1927-29	inferred	1	 	Spielball
26120215_1957_05_26_02_158.tcf.xml-12-10	gutzkow_charaktere_1835-1908-7	inferred	1	 	Spielball
26120215_1957_05_26_02_158.tcf.xml-12-10	hobrecht_verkehrsverhaeltnisse_1893-94-10	inferred	1	 	Spielball
26120215_1957_05_26_02_158.tcf.xml-12-10	holtei_vagabunden02_1852-1094-31	inferred	1	 	Spielball
26120215_1957_05_26_02_158.tcf.xml-12-10	laube_europa0102_1833-1468-10	inferred	1	 	Spielball
26120215_1957_05_26_02_158.tcf.xml-12-10	lehnert_seehaefen01_1891-5083-13	inferred	1	 	Spielball
26120215_1957_05_26_02_158.tcf.xml-12-10	liebknecht_frage_1878-629-25	inferred	1	 	Spielball
26120215_1957_05_26_02_158.tcf.xml-12-10	menzel_literatur02_1828-941-6	inferred	1	 	Spielball
26120215_1957_05_26_02_158.tcf.xml-12-10	michelet_loesung_1849-475-9	inferred	1	 	Spielball
26120215_1957_05_26_02_158.tcf.xml-12-10	natorp_sozialpaedagogik_1899-2760-36	inferred	1	 	Spielball
26120215_1957_05_26_02_158.tcf.xml-12-10	nn_nrhz138_1848-295-5	inferred	1	 	Spielball
26120215_1957_05_26_02_158.tcf.xml-12-10	nn_nrhz179_1848-278-35	inferred	1	 	Spielball
26120215_1957_05_26_02_158.tcf.xml-12-10	nn_nrhz218_1849-205-10	inferred	1	 	Spielball
26120215_1957_05_26_02_158.tcf.xml-12-10	treitschke_geschichte02_1882-4559-1	inferred	1	 	Spielball
26120215_1965_10_03_01_025.tcf.xml-12-43	26120215_1974_02_04_01_151.tcf.xml-25-18	inferred	1	 	Spielball
26120215_1965_10_03_01_025.tcf.xml-12-43	26120215_1974_03_09_01_186.tcf.xml-22-6	inferred	1	 	Spielball
26120215_1965_10_03_01_025.tcf.xml-12-43	26120215_1976_02_09_01_162.tcf.xml-11-1	inferred	1	 	Spielball
26120215_1965_10_03_01_025.tcf.xml-12-43	26120215_1989_03_27_01_099.tcf.xml-11-9	inferred	1	 	Spielball
26120215_1965_10_03_01_025.tcf.xml-12-43	26120215_1989_07_21_01_211.tcf.xml-11-42	inferred	1	 	Spielball
26120215_1965_10_03_01_025.tcf.xml-12-43	26120215_1990_08_06_01_330.tcf.xml-15-22	inferred	1	 	Spielball
26120215_1965_10_03_01_025.tcf.xml-12-43	berg_ostasien01_1864-641-40	inferred	1	 	Spielball
26120215_1965_10_03_01_025.tcf.xml-12-43	berg_ostasien01_1864-835-8	inferred	1	 	Spielball
26120215_1965_10_03_01_025.tcf.xml-12-43	bluntschli_staatslehre_1875-1223-14	inferred	1	 	Spielball
26120215_1965_10_03_01_025.tcf.xml-12-43	bluntschli_staatslehre_1875-4510-19	inferred	1	 	Spielball
26120215_1965_10_03_01_025.tcf.xml-12-43	chamberlain_grundlagen01_1899-1531-42	inferred	1	 	Spielball
26120215_1965_10_03_01_025.tcf.xml-12-43	dahlmann_geschichte_1845-2105-18	inferred	1	 	Spielball
26120215_1965_10_03_01_025.tcf.xml-12-43	droysen_alexander_1833-155-51	inferred	1	 	Spielball
26120215_1965_10_03_01_025.tcf.xml-12-43	ebers_koenigstochter02_1864-2714-26	inferred	1	 	Spielball
26120215_1965_10_03_01_025.tcf.xml-12-43	feuerbach_christentum_1841-6-33	inferred	1	 	Spielball
26120215_1965_10_03_01_025.tcf.xml-12-43	grillparzer_diener_1830-1927-29	inferred	1	 	Spielball
26120215_1965_10_03_01_025.tcf.xml-12-43	gutzkow_charaktere_1835-1908-7	inferred	1	 	Spielball
26120215_1965_10_03_01_025.tcf.xml-12-43	hobrecht_verkehrsverhaeltnisse_1893-94-10	inferred	1	 	Spielball
26120215_1965_10_03_01_025.tcf.xml-12-43	holtei_vagabunden02_1852-1094-31	inferred	1	 	Spielball
26120215_1965_10_03_01_025.tcf.xml-12-43	laube_europa0102_1833-1468-10	inferred	1	 	Spielball
26120215_1965_10_03_01_025.tcf.xml-12-43	lehnert_seehaefen01_1891-5083-13	inferred	1	 	Spielball
26120215_1965_10_03_01_025.tcf.xml-12-43	liebknecht_frage_1878-629-25	inferred	1	 	Spielball
26120215_1965_10_03_01_025.tcf.xml-12-43	menzel_literatur02_1828-941-6	inferred	1	 	Spielball
26120215_1965_10_03_01_025.tcf.xml-12-43	michelet_loesung_1849-475-9	inferred	1	 	Spielball
26120215_1965_10_03_01_025.tcf.xml-12-43	natorp_sozialpaedagogik_1899-2760-36	inferred	1	 	Spielball
26120215_1965_10_03_01_025.tcf.xml-12-43	nn_nrhz138_1848-295-5	inferred	1	 	Spielball
26120215_1965_10_03_01_025.tcf.xml-12-43	nn_nrhz179_1848-278-35	inferred	1	 	Spielball
26120215_1965_10_03_01_025.tcf.xml-12-43	nn_nrhz218_1849-205-10	inferred	1	 	Spielball
26120215_1965_10_03_01_025.tcf.xml-12-43	treitschke_geschichte02_1882-4559-1	inferred	1	 	Spielball
26120215_1974_02_04_01_151.tcf.xml-25-18	26120215_1974_03_09_01_186.tcf.xml-22-6	inferred	1	 	Spielball
26120215_1974_02_04_01_151.tcf.xml-25-18	26120215_1976_02_09_01_162.tcf.xml-11-1	inferred	1	 	Spielball
26120215_1974_02_04_01_151.tcf.xml-25-18	26120215_1989_03_27_01_099.tcf.xml-11-9	inferred	1	 	Spielball
26120215_1974_02_04_01_151.tcf.xml-25-18	26120215_1989_07_21_01_211.tcf.xml-11-42	inferred	1	 	Spielball
26120215_1974_02_04_01_151.tcf.xml-25-18	26120215_1990_08_06_01_330.tcf.xml-15-22	inferred	1	 	Spielball
26120215_1974_02_04_01_151.tcf.xml-25-18	berg_ostasien01_1864-641-40	inferred	1	 	Spielball
26120215_1974_02_04_01_151.tcf.xml-25-18	berg_ostasien01_1864-835-8	inferred	1	 	Spielball
26120215_1974_02_04_01_151.tcf.xml-25-18	bluntschli_staatslehre_1875-1223-14	inferred	1	 	Spielball
26120215_1974_02_04_01_151.tcf.xml-25-18	bluntschli_staatslehre_1875-4510-19	inferred	1	 	Spielball
26120215_1974_02_04_01_151.tcf.xml-25-18	chamberlain_grundlagen01_1899-1531-42	inferred	1	 	Spielball
26120215_1974_02_04_01_151.tcf.xml-25-18	dahlmann_geschichte_1845-2105-18	inferred	1	 	Spielball
26120215_1974_02_04_01_151.tcf.xml-25-18	droysen_alexander_1833-155-51	inferred	1	 	Spielball
26120215_1974_02_04_01_151.tcf.xml-25-18	ebers_koenigstochter02_1864-2714-26	inferred	1	 	Spielball
26120215_1974_02_04_01_151.tcf.xml-25-18	feuerbach_christentum_1841-6-33	inferred	1	 	Spielball
26120215_1974_02_04_01_151.tcf.xml-25-18	grillparzer_diener_1830-1927-29	inferred	1	 	Spielball
26120215_1974_02_04_01_151.tcf.xml-25-18	gutzkow_charaktere_1835-1908-7	inferred	1	 	Spielball
26120215_1974_02_04_01_151.tcf.xml-25-18	hobrecht_verkehrsverhaeltnisse_1893-94-10	inferred	1	 	Spielball
26120215_1974_02_04_01_151.tcf.xml-25-18	holtei_vagabunden02_1852-1094-31	inferred	1	 	Spielball
26120215_1974_02_04_01_151.tcf.xml-25-18	laube_europa0102_1833-1468-10	inferred	1	 	Spielball
26120215_1974_02_04_01_151.tcf.xml-25-18	lehnert_seehaefen01_1891-5083-13	inferred	1	 	Spielball
26120215_1974_02_04_01_151.tcf.xml-25-18	liebknecht_frage_1878-629-25	inferred	1	 	Spielball
26120215_1974_02_04_01_151.tcf.xml-25-18	menzel_literatur02_1828-941-6	inferred	1	 	Spielball
26120215_1974_02_04_01_151.tcf.xml-25-18	michelet_loesung_1849-475-9	inferred	1	 	Spielball
26120215_1974_02_04_01_151.tcf.xml-25-18	natorp_sozialpaedagogik_1899-2760-36	inferred	1	 	Spielball
26120215_1974_02_04_01_151.tcf.xml-25-18	nn_nrhz138_1848-295-5	inferred	1	 	Spielball
26120215_1974_02_04_01_151.tcf.xml-25-18	nn_nrhz179_1848-278-35	inferred	1	 	Spielball
26120215_1974_02_04_01_151.tcf.xml-25-18	nn_nrhz218_1849-205-10	inferred	1	 	Spielball
26120215_1974_02_04_01_151.tcf.xml-25-18	treitschke_geschichte02_1882-4559-1	inferred	1	 	Spielball
26120215_1974_03_09_01_186.tcf.xml-22-6	26120215_1976_02_09_01_162.tcf.xml-11-1	inferred	1	 	Spielball
26120215_1974_03_09_01_186.tcf.xml-22-6	26120215_1989_03_27_01_099.tcf.xml-11-9	inferred	1	 	Spielball
26120215_1974_03_09_01_186.tcf.xml-22-6	26120215_1989_07_21_01_211.tcf.xml-11-42	inferred	1	 	Spielball
26120215_1974_03_09_01_186.tcf.xml-22-6	26120215_1990_08_06_01_330.tcf.xml-15-22	inferred	1	 	Spielball
26120215_1974_03_09_01_186.tcf.xml-22-6	berg_ostasien01_1864-641-40	inferred	1	 	Spielball
26120215_1974_03_09_01_186.tcf.xml-22-6	berg_ostasien01_1864-835-8	inferred	1	 	Spielball
26120215_1974_03_09_01_186.tcf.xml-22-6	bluntschli_staatslehre_1875-1223-14	inferred	1	 	Spielball
26120215_1974_03_09_01_186.tcf.xml-22-6	bluntschli_staatslehre_1875-4510-19	inferred	1	 	Spielball
26120215_1974_03_09_01_186.tcf.xml-22-6	chamberlain_grundlagen01_1899-1531-42	inferred	1	 	Spielball
26120215_1974_03_09_01_186.tcf.xml-22-6	dahlmann_geschichte_1845-2105-18	inferred	1	 	Spielball
26120215_1974_03_09_01_186.tcf.xml-22-6	droysen_alexander_1833-155-51	inferred	1	 	Spielball
26120215_1974_03_09_01_186.tcf.xml-22-6	ebers_koenigstochter02_1864-2714-26	inferred	1	 	Spielball
26120215_1974_03_09_01_186.tcf.xml-22-6	feuerbach_christentum_1841-6-33	inferred	1	 	Spielball
26120215_1974_03_09_01_186.tcf.xml-22-6	grillparzer_diener_1830-1927-29	inferred	1	 	Spielball
26120215_1974_03_09_01_186.tcf.xml-22-6	gutzkow_charaktere_1835-1908-7	inferred	1	 	Spielball
26120215_1974_03_09_01_186.tcf.xml-22-6	hobrecht_verkehrsverhaeltnisse_1893-94-10	inferred	1	 	Spielball
26120215_1974_03_09_01_186.tcf.xml-22-6	holtei_vagabunden02_1852-1094-31	inferred	1	 	Spielball
26120215_1974_03_09_01_186.tcf.xml-22-6	laube_europa0102_1833-1468-10	inferred	1	 	Spielball
26120215_1974_03_09_01_186.tcf.xml-22-6	lehnert_seehaefen01_1891-5083-13	inferred	1	 	Spielball
26120215_1974_03_09_01_186.tcf.xml-22-6	liebknecht_frage_1878-629-25	inferred	1	 	Spielball
26120215_1974_03_09_01_186.tcf.xml-22-6	menzel_literatur02_1828-941-6	inferred	1	 	Spielball
26120215_1974_03_09_01_186.tcf.xml-22-6	michelet_loesung_1849-475-9	inferred	1	 	Spielball
26120215_1974_03_09_01_186.tcf.xml-22-6	natorp_sozialpaedagogik_1899-2760-36	inferred	1	 	Spielball
26120215_1974_03_09_01_186.tcf.xml-22-6	nn_nrhz138_1848-295-5	inferred	1	 	Spielball
26120215_1974_03_09_01_186.tcf.xml-22-6	nn_nrhz179_1848-278-35	inferred	1	 	Spielball
26120215_1974_03_09_01_186.tcf.xml-22-6	nn_nrhz218_1849-205-10	inferred	1	 	Spielball
26120215_1974_03_09_01_186.tcf.xml-22-6	treitschke_geschichte02_1882-4559-1	inferred	1	 	Spielball
26120215_1976_02_09_01_162.tcf.xml-11-1	26120215_1989_03_27_01_099.tcf.xml-11-9	inferred	1	 	Spielball
26120215_1976_02_09_01_162.tcf.xml-11-1	26120215_1989_07_21_01_211.tcf.xml-11-42	inferred	1	 	Spielball
26120215_1976_02_09_01_162.tcf.xml-11-1	26120215_1990_08_06_01_330.tcf.xml-15-22	inferred	1	 	Spielball
26120215_1976_02_09_01_162.tcf.xml-11-1	berg_ostasien01_1864-641-40	inferred	1	 	Spielball
26120215_1976_02_09_01_162.tcf.xml-11-1	berg_ostasien01_1864-835-8	inferred	1	 	Spielball
26120215_1976_02_09_01_162.tcf.xml-11-1	bluntschli_staatslehre_1875-1223-14	inferred	1	 	Spielball
26120215_1976_02_09_01_162.tcf.xml-11-1	bluntschli_staatslehre_1875-4510-19	inferred	1	 	Spielball
26120215_1976_02_09_01_162.tcf.xml-11-1	chamberlain_grundlagen01_1899-1531-42	inferred	1	 	Spielball
26120215_1976_02_09_01_162.tcf.xml-11-1	dahlmann_geschichte_1845-2105-18	inferred	1	 	Spielball
26120215_1976_02_09_01_162.tcf.xml-11-1	droysen_alexander_1833-155-51	inferred	1	 	Spielball
26120215_1976_02_09_01_162.tcf.xml-11-1	ebers_koenigstochter02_1864-2714-26	inferred	1	 	Spielball
26120215_1976_02_09_01_162.tcf.xml-11-1	feuerbach_christentum_1841-6-33	inferred	1	 	Spielball
26120215_1976_02_09_01_162.tcf.xml-11-1	grillparzer_diener_1830-1927-29	inferred	1	 	Spielball
26120215_1976_02_09_01_162.tcf.xml-11-1	gutzkow_charaktere_1835-1908-7	inferred	1	 	Spielball
26120215_1976_02_09_01_162.tcf.xml-11-1	hobrecht_verkehrsverhaeltnisse_1893-94-10	inferred	1	 	Spielball
26120215_1976_02_09_01_162.tcf.xml-11-1	holtei_vagabunden02_1852-1094-31	inferred	1	 	Spielball
26120215_1976_02_09_01_162.tcf.xml-11-1	laube_europa0102_1833-1468-10	inferred	1	 	Spielball
26120215_1976_02_09_01_162.tcf.xml-11-1	lehnert_seehaefen01_1891-5083-13	inferred	1	 	Spielball
26120215_1976_02_09_01_162.tcf.xml-11-1	liebknecht_frage_1878-629-25	inferred	1	 	Spielball
26120215_1976_02_09_01_162.tcf.xml-11-1	menzel_literatur02_1828-941-6	inferred	1	 	Spielball
26120215_1976_02_09_01_162.tcf.xml-11-1	michelet_loesung_1849-475-9	inferred	1	 	Spielball
26120215_1976_02_09_01_162.tcf.xml-11-1	natorp_sozialpaedagogik_1899-2760-36	inferred	1	 	Spielball
26120215_1976_02_09_01_162.tcf.xml-11-1	nn_nrhz138_1848-295-5	inferred	1	 	Spielball
26120215_1976_02_09_01_162.tcf.xml-11-1	nn_nrhz179_1848-278-35	inferred	1	 	Spielball
26120215_1976_02_09_01_162.tcf.xml-11-1	nn_nrhz218_1849-205-10	inferred	1	 	Spielball
26120215_1976_02_09_01_162.tcf.xml-11-1	treitschke_geschichte02_1882-4559-1	inferred	1	 	Spielball
26120215_1989_03_27_01_099.tcf.xml-11-9	26120215_1989_07_21_01_211.tcf.xml-11-42	inferred	1	 	Spielball
26120215_1989_03_27_01_099.tcf.xml-11-9	26120215_1990_08_06_01_330.tcf.xml-15-22	inferred	1	 	Spielball
26120215_1989_03_27_01_099.tcf.xml-11-9	berg_ostasien01_1864-641-40	inferred	1	 	Spielball
26120215_1989_03_27_01_099.tcf.xml-11-9	berg_ostasien01_1864-835-8	inferred	1	 	Spielball
26120215_1989_03_27_01_099.tcf.xml-11-9	bluntschli_staatslehre_1875-1223-14	inferred	1	 	Spielball
26120215_1989_03_27_01_099.tcf.xml-11-9	bluntschli_staatslehre_1875-4510-19	inferred	1	 	Spielball
26120215_1989_03_27_01_099.tcf.xml-11-9	chamberlain_grundlagen01_1899-1531-42	inferred	1	 	Spielball
26120215_1989_03_27_01_099.tcf.xml-11-9	dahlmann_geschichte_1845-2105-18	inferred	1	 	Spielball
26120215_1989_03_27_01_099.tcf.xml-11-9	droysen_alexander_1833-155-51	inferred	1	 	Spielball
26120215_1989_03_27_01_099.tcf.xml-11-9	ebers_koenigstochter02_1864-2714-26	inferred	1	 	Spielball
26120215_1989_03_27_01_099.tcf.xml-11-9	feuerbach_christentum_1841-6-33	inferred	1	 	Spielball
26120215_1989_03_27_01_099.tcf.xml-11-9	grillparzer_diener_1830-1927-29	inferred	1	 	Spielball
26120215_1989_03_27_01_099.tcf.xml-11-9	gutzkow_charaktere_1835-1908-7	inferred	1	 	Spielball
26120215_1989_03_27_01_099.tcf.xml-11-9	hobrecht_verkehrsverhaeltnisse_1893-94-10	inferred	1	 	Spielball
26120215_1989_03_27_01_099.tcf.xml-11-9	holtei_vagabunden02_1852-1094-31	inferred	1	 	Spielball
26120215_1989_03_27_01_099.tcf.xml-11-9	laube_europa0102_1833-1468-10	inferred	1	 	Spielball
26120215_1989_03_27_01_099.tcf.xml-11-9	lehnert_seehaefen01_1891-5083-13	inferred	1	 	Spielball
26120215_1989_03_27_01_099.tcf.xml-11-9	liebknecht_frage_1878-629-25	inferred	1	 	Spielball
26120215_1989_03_27_01_099.tcf.xml-11-9	menzel_literatur02_1828-941-6	inferred	1	 	Spielball
26120215_1989_03_27_01_099.tcf.xml-11-9	michelet_loesung_1849-475-9	inferred	1	 	Spielball
26120215_1989_03_27_01_099.tcf.xml-11-9	natorp_sozialpaedagogik_1899-2760-36	inferred	1	 	Spielball
26120215_1989_03_27_01_099.tcf.xml-11-9	nn_nrhz138_1848-295-5	inferred	1	 	Spielball
26120215_1989_03_27_01_099.tcf.xml-11-9	nn_nrhz179_1848-278-35	inferred	1	 	Spielball
26120215_1989_03_27_01_099.tcf.xml-11-9	nn_nrhz218_1849-205-10	inferred	1	 	Spielball
26120215_1989_03_27_01_099.tcf.xml-11-9	treitschke_geschichte02_1882-4559-1	inferred	1	 	Spielball
26120215_1989_07_21_01_211.tcf.xml-11-42	26120215_1990_08_06_01_330.tcf.xml-15-22	inferred	1	 	Spielball
26120215_1989_07_21_01_211.tcf.xml-11-42	berg_ostasien01_1864-641-40	inferred	1	 	Spielball
26120215_1989_07_21_01_211.tcf.xml-11-42	berg_ostasien01_1864-835-8	inferred	1	 	Spielball
26120215_1989_07_21_01_211.tcf.xml-11-42	bluntschli_staatslehre_1875-1223-14	inferred	1	 	Spielball
26120215_1989_07_21_01_211.tcf.xml-11-42	bluntschli_staatslehre_1875-4510-19	inferred	1	 	Spielball
26120215_1989_07_21_01_211.tcf.xml-11-42	chamberlain_grundlagen01_1899-1531-42	inferred	1	 	Spielball
26120215_1989_07_21_01_211.tcf.xml-11-42	dahlmann_geschichte_1845-2105-18	inferred	1	 	Spielball
26120215_1989_07_21_01_211.tcf.xml-11-42	droysen_alexander_1833-155-51	inferred	1	 	Spielball
26120215_1989_07_21_01_211.tcf.xml-11-42	ebers_koenigstochter02_1864-2714-26	inferred	1	 	Spielball
26120215_1989_07_21_01_211.tcf.xml-11-42	feuerbach_christentum_1841-6-33	inferred	1	 	Spielball
26120215_1989_07_21_01_211.tcf.xml-11-42	grillparzer_diener_1830-1927-29	inferred	1	 	Spielball
26120215_1989_07_21_01_211.tcf.xml-11-42	gutzkow_charaktere_1835-1908-7	inferred	1	 	Spielball
26120215_1989_07_21_01_211.tcf.xml-11-42	hobrecht_verkehrsverhaeltnisse_1893-94-10	inferred	1	 	Spielball
26120215_1989_07_21_01_211.tcf.xml-11-42	holtei_vagabunden02_1852-1094-31	inferred	1	 	Spielball
26120215_1989_07_21_01_211.tcf.xml-11-42	laube_europa0102_1833-1468-10	inferred	1	 	Spielball
26120215_1989_07_21_01_211.tcf.xml-11-42	lehnert_seehaefen01_1891-5083-13	inferred	1	 	Spielball
26120215_1989_07_21_01_211.tcf.xml-11-42	liebknecht_frage_1878-629-25	inferred	1	 	Spielball
26120215_1989_07_21_01_211.tcf.xml-11-42	menzel_literatur02_1828-941-6	inferred	1	 	Spielball
26120215_1989_07_21_01_211.tcf.xml-11-42	michelet_loesung_1849-475-9	inferred	1	 	Spielball
26120215_1989_07_21_01_211.tcf.xml-11-42	natorp_sozialpaedagogik_1899-2760-36	inferred	1	 	Spielball
26120215_1989_07_21_01_211.tcf.xml-11-42	nn_nrhz138_1848-295-5	inferred	1	 	Spielball
26120215_1989_07_21_01_211.tcf.xml-11-42	nn_nrhz179_1848-278-35	inferred	1	 	Spielball
26120215_1989_07_21_01_211.tcf.xml-11-42	nn_nrhz218_1849-205-10	inferred	1	 	Spielball
26120215_1989_07_21_01_211.tcf.xml-11-42	treitschke_geschichte02_1882-4559-1	inferred	1	 	Spielball
26120215_1990_08_06_01_330.tcf.xml-15-22	berg_ostasien01_1864-641-40	inferred	1	 	Spielball
26120215_1990_08_06_01_330.tcf.xml-15-22	berg_ostasien01_1864-835-8	inferred	1	 	Spielball
26120215_1990_08_06_01_330.tcf.xml-15-22	bluntschli_staatslehre_1875-1223-14	inferred	1	 	Spielball
26120215_1990_08_06_01_330.tcf.xml-15-22	bluntschli_staatslehre_1875-4510-19	inferred	1	 	Spielball
26120215_1990_08_06_01_330.tcf.xml-15-22	chamberlain_grundlagen01_1899-1531-42	inferred	1	 	Spielball
26120215_1990_08_06_01_330.tcf.xml-15-22	dahlmann_geschichte_1845-2105-18	inferred	1	 	Spielball
26120215_1990_08_06_01_330.tcf.xml-15-22	droysen_alexander_1833-155-51	inferred	1	 	Spielball
26120215_1990_08_06_01_330.tcf.xml-15-22	ebers_koenigstochter02_1864-2714-26	inferred	1	 	Spielball
26120215_1990_08_06_01_330.tcf.xml-15-22	feuerbach_christentum_1841-6-33	inferred	1	 	Spielball
26120215_1990_08_06_01_330.tcf.xml-15-22	grillparzer_diener_1830-1927-29	inferred	1	 	Spielball
26120215_1990_08_06_01_330.tcf.xml-15-22	gutzkow_charaktere_1835-1908-7	inferred	1	 	Spielball
26120215_1990_08_06_01_330.tcf.xml-15-22	hobrecht_verkehrsverhaeltnisse_1893-94-10	inferred	1	 	Spielball
26120215_1990_08_06_01_330.tcf.xml-15-22	holtei_vagabunden02_1852-1094-31	inferred	1	 	Spielball
26120215_1990_08_06_01_330.tcf.xml-15-22	laube_europa0102_1833-1468-10	inferred	1	 	Spielball
26120215_1990_08_06_01_330.tcf.xml-15-22	lehnert_seehaefen01_1891-5083-13	inferred	1	 	Spielball
26120215_1990_08_06_01_330.tcf.xml-15-22	liebknecht_frage_1878-629-25	inferred	1	 	Spielball
26120215_1990_08_06_01_330.tcf.xml-15-22	menzel_literatur02_1828-941-6	inferred	1	 	Spielball
26120215_1990_08_06_01_330.tcf.xml-15-22	michelet_loesung_1849-475-9	inferred	1	 	Spielball
26120215_1990_08_06_01_330.tcf.xml-15-22	natorp_sozialpaedagogik_1899-2760-36	inferred	1	 	Spielball
26120215_1990_08_06_01_330.tcf.xml-15-22	nn_nrhz138_1848-295-5	inferred	1	 	Spielball
26120215_1990_08_06_01_330.tcf.xml-15-22	nn_nrhz179_1848-278-35	inferred	1	 	Spielball
26120215_1990_08_06_01_330.tcf.xml-15-22	nn_nrhz218_1849-205-10	inferred	1	 	Spielball
26120215_1990_08_06_01_330.tcf.xml-15-22	treitschke_geschichte02_1882-4559-1	inferred	1	 	Spielball
berg_ostasien01_1864-641-40	berg_ostasien01_1864-835-8	inferred	1	 	Spielball
berg_ostasien01_1864-641-40	bluntschli_staatslehre_1875-1223-14	inferred	1	 	Spielball
berg_ostasien01_1864-641-40	bluntschli_staatslehre_1875-4510-19	inferred	1	 	Spielball
berg_ostasien01_1864-641-40	chamberlain_grundlagen01_1899-1531-42	inferred	1	 	Spielball
berg_ostasien01_1864-641-40	dahlmann_geschichte_1845-2105-18	inferred	1	 	Spielball
berg_ostasien01_1864-641-40	droysen_alexander_1833-155-51	inferred	1	 	Spielball
berg_ostasien01_1864-641-40	ebers_koenigstochter02_1864-2714-26	inferred	1	 	Spielball
berg_ostasien01_1864-641-40	feuerbach_christentum_1841-6-33	inferred	1	 	Spielball
berg_ostasien01_1864-641-40	grillparzer_diener_1830-1927-29	inferred	1	 	Spielball
berg_ostasien01_1864-641-40	gutzkow_charaktere_1835-1908-7	inferred	1	 	Spielball
berg_ostasien01_1864-641-40	hobrecht_verkehrsverhaeltnisse_1893-94-10	inferred	1	 	Spielball
berg_ostasien01_1864-641-40	holtei_vagabunden02_1852-1094-31	inferred	1	 	Spielball
berg_ostasien01_1864-641-40	laube_europa0102_1833-1468-10	inferred	1	 	Spielball
berg_ostasien01_1864-641-40	lehnert_seehaefen01_1891-5083-13	inferred	1	 	Spielball
berg_ostasien01_1864-641-40	liebknecht_frage_1878-629-25	inferred	1	 	Spielball
berg_ostasien01_1864-641-40	menzel_literatur02_1828-941-6	inferred	1	 	Spielball
berg_ostasien01_1864-641-40	michelet_loesung_1849-475-9	inferred	1	 	Spielball
berg_ostasien01_1864-641-40	natorp_sozialpaedagogik_1899-2760-36	inferred	1	 	Spielball
berg_ostasien01_1864-641-40	nn_nrhz138_1848-295-5	inferred	1	 	Spielball
berg_ostasien01_1864-641-40	nn_nrhz179_1848-278-35	inferred	1	 	Spielball
berg_ostasien01_1864-641-40	nn_nrhz218_1849-205-10	inferred	1	 	Spielball
berg_ostasien01_1864-641-40	treitschke_geschichte02_1882-4559-1	inferred	1	 	Spielball
berg_ostasien01_1864-835-8	bluntschli_staatslehre_1875-1223-14	inferred	1	 	Spielball
berg_ostasien01_1864-835-8	bluntschli_staatslehre_1875-4510-19	inferred	1	 	Spielball
berg_ostasien01_1864-835-8	chamberlain_grundlagen01_1899-1531-42	inferred	1	 	Spielball
berg_ostasien01_1864-835-8	dahlmann_geschichte_1845-2105-18	inferred	1	 	Spielball
berg_ostasien01_1864-835-8	droysen_alexander_1833-155-51	inferred	1	 	Spielball
berg_ostasien01_1864-835-8	ebers_koenigstochter02_1864-2714-26	inferred	1	 	Spielball
berg_ostasien01_1864-835-8	feuerbach_christentum_1841-6-33	inferred	1	 	Spielball
berg_ostasien01_1864-835-8	grillparzer_diener_1830-1927-29	inferred	1	 	Spielball
berg_ostasien01_1864-835-8	gutzkow_charaktere_1835-1908-7	inferred	1	 	Spielball
berg_ostasien01_1864-835-8	hobrecht_verkehrsverhaeltnisse_1893-94-10	inferred	1	 	Spielball
berg_ostasien01_1864-835-8	holtei_vagabunden02_1852-1094-31	inferred	1	 	Spielball
berg_ostasien01_1864-835-8	laube_europa0102_1833-1468-10	inferred	1	 	Spielball
berg_ostasien01_1864-835-8	lehnert_seehaefen01_1891-5083-13	inferred	1	 	Spielball
berg_ostasien01_1864-835-8	liebknecht_frage_1878-629-25	inferred	1	 	Spielball
berg_ostasien01_1864-835-8	menzel_literatur02_1828-941-6	inferred	1	 	Spielball
berg_ostasien01_1864-835-8	michelet_loesung_1849-475-9	inferred	1	 	Spielball
berg_ostasien01_1864-835-8	natorp_sozialpaedagogik_1899-2760-36	inferred	1	 	Spielball
berg_ostasien01_1864-835-8	nn_nrhz138_1848-295-5	inferred	1	 	Spielball
berg_ostasien01_1864-835-8	nn_nrhz179_1848-278-35	inferred	1	 	Spielball
berg_ostasien01_1864-835-8	nn_nrhz218_1849-205-10	inferred	1	 	Spielball
berg_ostasien01_1864-835-8	treitschke_geschichte02_1882-4559-1	inferred	1	 	Spielball
bluntschli_staatslehre_1875-1223-14	bluntschli_staatslehre_1875-4510-19	inferred	1	 	Spielball
bluntschli_staatslehre_1875-1223-14	chamberlain_grundlagen01_1899-1531-42	inferred	1	 	Spielball
bluntschli_staatslehre_1875-1223-14	dahlmann_geschichte_1845-2105-18	inferred	1	 	Spielball
bluntschli_staatslehre_1875-1223-14	droysen_alexander_1833-155-51	inferred	1	 	Spielball
bluntschli_staatslehre_1875-1223-14	ebers_koenigstochter02_1864-2714-26	inferred	1	 	Spielball
bluntschli_staatslehre_1875-1223-14	feuerbach_christentum_1841-6-33	inferred	1	 	Spielball
bluntschli_staatslehre_1875-1223-14	grillparzer_diener_1830-1927-29	inferred	1	 	Spielball
bluntschli_staatslehre_1875-1223-14	gutzkow_charaktere_1835-1908-7	inferred	1	 	Spielball
bluntschli_staatslehre_1875-1223-14	hobrecht_verkehrsverhaeltnisse_1893-94-10	inferred	1	 	Spielball
bluntschli_staatslehre_1875-1223-14	holtei_vagabunden02_1852-1094-31	inferred	1	 	Spielball
bluntschli_staatslehre_1875-1223-14	laube_europa0102_1833-1468-10	inferred	1	 	Spielball
bluntschli_staatslehre_1875-1223-14	lehnert_seehaefen01_1891-5083-13	inferred	1	 	Spielball
bluntschli_staatslehre_1875-1223-14	liebknecht_frage_1878-629-25	inferred	1	 	Spielball
bluntschli_staatslehre_1875-1223-14	menzel_literatur02_1828-941-6	inferred	1	 	Spielball
bluntschli_staatslehre_1875-1223-14	michelet_loesung_1849-475-9	inferred	1	 	Spielball
bluntschli_staatslehre_1875-1223-14	natorp_sozialpaedagogik_1899-2760-36	inferred	1	 	Spielball
bluntschli_staatslehre_1875-1223-14	nn_nrhz138_1848-295-5	inferred	1	 	Spielball
bluntschli_staatslehre_1875-1223-14	nn_nrhz179_1848-278-35	inferred	1	 	Spielball
bluntschli_staatslehre_1875-1223-14	nn_nrhz218_1849-205-10	inferred	1	 	Spielball
bluntschli_staatslehre_1875-1223-14	treitschke_geschichte02_1882-4559-1	inferred	1	 	Spielball
bluntschli_staatslehre_1875-4510-19	chamberlain_grundlagen01_1899-1531-42	inferred	1	 	Spielball
bluntschli_staatslehre_1875-4510-19	dahlmann_geschichte_1845-2105-18	inferred	1	 	Spielball
bluntschli_staatslehre_1875-4510-19	droysen_alexander_1833-155-51	inferred	1	 	Spielball
bluntschli_staatslehre_1875-4510-19	ebers_koenigstochter02_1864-2714-26	inferred	1	 	Spielball
bluntschli_staatslehre_1875-4510-19	feuerbach_christentum_1841-6-33	inferred	1	 	Spielball
bluntschli_staatslehre_1875-4510-19	grillparzer_diener_1830-1927-29	inferred	1	 	Spielball
bluntschli_staatslehre_1875-4510-19	gutzkow_charaktere_1835-1908-7	inferred	1	 	Spielball
bluntschli_staatslehre_1875-4510-19	hobrecht_verkehrsverhaeltnisse_1893-94-10	inferred	1	 	Spielball
bluntschli_staatslehre_1875-4510-19	holtei_vagabunden02_1852-1094-31	inferred	1	 	Spielball
bluntschli_staatslehre_1875-4510-19	laube_europa0102_1833-1468-10	inferred	1	 	Spielball
bluntschli_staatslehre_1875-4510-19	lehnert_seehaefen01_1891-5083-13	inferred	1	 	Spielball
bluntschli_staatslehre_1875-4510-19	liebknecht_frage_1878-629-25	inferred	1	 	Spielball
bluntschli_staatslehre_1875-4510-19	menzel_literatur02_1828-941-6	inferred	1	 	Spielball
bluntschli_staatslehre_1875-4510-19	michelet_loesung_1849-475-9	inferred	1	 	Spielball
bluntschli_staatslehre_1875-4510-19	natorp_sozialpaedagogik_1899-2760-36	inferred	1	 	Spielball
bluntschli_staatslehre_1875-4510-19	nn_nrhz138_1848-295-5	inferred	1	 	Spielball
bluntschli_staatslehre_1875-4510-19	nn_nrhz179_1848-278-35	inferred	1	 	Spielball
bluntschli_staatslehre_1875-4510-19	nn_nrhz218_1849-205-10	inferred	1	 	Spielball
bluntschli_staatslehre_1875-4510-19	treitschke_geschichte02_1882-4559-1	inferred	1	 	Spielball
chamberlain_grundlagen01_1899-1531-42	dahlmann_geschichte_1845-2105-18	inferred	1	 	Spielball
chamberlain_grundlagen01_1899-1531-42	droysen_alexander_1833-155-51	inferred	1	 	Spielball
chamberlain_grundlagen01_1899-1531-42	ebers_koenigstochter02_1864-2714-26	inferred	1	 	Spielball
chamberlain_grundlagen01_1899-1531-42	feuerbach_christentum_1841-6-33	inferred	1	 	Spielball
chamberlain_grundlagen01_1899-1531-42	grillparzer_diener_1830-1927-29	inferred	1	 	Spielball
chamberlain_grundlagen01_1899-1531-42	gutzkow_charaktere_1835-1908-7	inferred	1	 	Spielball
chamberlain_grundlagen01_1899-1531-42	hobrecht_verkehrsverhaeltnisse_1893-94-10	inferred	1	 	Spielball
chamberlain_grundlagen01_1899-1531-42	holtei_vagabunden02_1852-1094-31	inferred	1	 	Spielball
chamberlain_grundlagen01_1899-1531-42	laube_europa0102_1833-1468-10	inferred	1	 	Spielball
chamberlain_grundlagen01_1899-1531-42	lehnert_seehaefen01_1891-5083-13	inferred	1	 	Spielball
chamberlain_grundlagen01_1899-1531-42	liebknecht_frage_1878-629-25	inferred	1	 	Spielball
chamberlain_grundlagen01_1899-1531-42	menzel_literatur02_1828-941-6	inferred	1	 	Spielball
chamberlain_grundlagen01_1899-1531-42	michelet_loesung_1849-475-9	inferred	1	 	Spielball
chamberlain_grundlagen01_1899-1531-42	natorp_sozialpaedagogik_1899-2760-36	inferred	1	 	Spielball
chamberlain_grundlagen01_1899-1531-42	nn_nrhz138_1848-295-5	inferred	1	 	Spielball
chamberlain_grundlagen01_1899-1531-42	nn_nrhz179_1848-278-35	inferred	1	 	Spielball
chamberlain_grundlagen01_1899-1531-42	nn_nrhz218_1849-205-10	inferred	1	 	Spielball
chamberlain_grundlagen01_1899-1531-42	treitschke_geschichte02_1882-4559-1	inferred	1	 	Spielball
dahlmann_geschichte_1845-2105-18	droysen_alexander_1833-155-51	inferred	1	 	Spielball
dahlmann_geschichte_1845-2105-18	ebers_koenigstochter02_1864-2714-26	inferred	1	 	Spielball
dahlmann_geschichte_1845-2105-18	feuerbach_christentum_1841-6-33	inferred	1	 	Spielball
dahlmann_geschichte_1845-2105-18	grillparzer_diener_1830-1927-29	inferred	1	 	Spielball
dahlmann_geschichte_1845-2105-18	gutzkow_charaktere_1835-1908-7	inferred	1	 	Spielball
dahlmann_geschichte_1845-2105-18	hobrecht_verkehrsverhaeltnisse_1893-94-10	inferred	1	 	Spielball
dahlmann_geschichte_1845-2105-18	holtei_vagabunden02_1852-1094-31	inferred	1	 	Spielball
dahlmann_geschichte_1845-2105-18	laube_europa0102_1833-1468-10	inferred	1	 	Spielball
dahlmann_geschichte_1845-2105-18	lehnert_seehaefen01_1891-5083-13	inferred	1	 	Spielball
dahlmann_geschichte_1845-2105-18	liebknecht_frage_1878-629-25	inferred	1	 	Spielball
dahlmann_geschichte_1845-2105-18	menzel_literatur02_1828-941-6	inferred	1	 	Spielball
dahlmann_geschichte_1845-2105-18	michelet_loesung_1849-475-9	inferred	1	 	Spielball
dahlmann_geschichte_1845-2105-18	natorp_sozialpaedagogik_1899-2760-36	inferred	1	 	Spielball
dahlmann_geschichte_1845-2105-18	nn_nrhz138_1848-295-5	inferred	1	 	Spielball
dahlmann_geschichte_1845-2105-18	nn_nrhz179_1848-278-35	inferred	1	 	Spielball
dahlmann_geschichte_1845-2105-18	nn_nrhz218_1849-205-10	inferred	1	 	Spielball
dahlmann_geschichte_1845-2105-18	treitschke_geschichte02_1882-4559-1	inferred	1	 	Spielball
droysen_alexander_1833-155-51	ebers_koenigstochter02_1864-2714-26	inferred	1	 	Spielball
droysen_alexander_1833-155-51	feuerbach_christentum_1841-6-33	inferred	1	 	Spielball
droysen_alexander_1833-155-51	grillparzer_diener_1830-1927-29	inferred	1	 	Spielball
droysen_alexander_1833-155-51	gutzkow_charaktere_1835-1908-7	inferred	1	 	Spielball
droysen_alexander_1833-155-51	hobrecht_verkehrsverhaeltnisse_1893-94-10	inferred	1	 	Spielball
droysen_alexander_1833-155-51	holtei_vagabunden02_1852-1094-31	inferred	1	 	Spielball
droysen_alexander_1833-155-51	laube_europa0102_1833-1468-10	inferred	1	 	Spielball
droysen_alexander_1833-155-51	lehnert_seehaefen01_1891-5083-13	inferred	1	 	Spielball
droysen_alexander_1833-155-51	liebknecht_frage_1878-629-25	inferred	1	 	Spielball
droysen_alexander_1833-155-51	menzel_literatur02_1828-941-6	inferred	1	 	Spielball
droysen_alexander_1833-155-51	michelet_loesung_1849-475-9	inferred	1	 	Spielball
droysen_alexander_1833-155-51	natorp_sozialpaedagogik_1899-2760-36	inferred	1	 	Spielball
droysen_alexander_1833-155-51	nn_nrhz138_1848-295-5	inferred	1	 	Spielball
droysen_alexander_1833-155-51	nn_nrhz179_1848-278-35	inferred	1	 	Spielball
droysen_alexander_1833-155-51	nn_nrhz218_1849-205-10	inferred	1	 	Spielball
droysen_alexander_1833-155-51	treitschke_geschichte02_1882-4559-1	inferred	1	 	Spielball
ebers_koenigstochter02_1864-2714-26	feuerbach_christentum_1841-6-33	inferred	1	 	Spielball
ebers_koenigstochter02_1864-2714-26	grillparzer_diener_1830-1927-29	inferred	1	 	Spielball
ebers_koenigstochter02_1864-2714-26	gutzkow_charaktere_1835-1908-7	inferred	1	 	Spielball
ebers_koenigstochter02_1864-2714-26	hobrecht_verkehrsverhaeltnisse_1893-94-10	inferred	1	 	Spielball
ebers_koenigstochter02_1864-2714-26	holtei_vagabunden02_1852-1094-31	inferred	1	 	Spielball
ebers_koenigstochter02_1864-2714-26	laube_europa0102_1833-1468-10	inferred	1	 	Spielball
ebers_koenigstochter02_1864-2714-26	lehnert_seehaefen01_1891-5083-13	inferred	1	 	Spielball
ebers_koenigstochter02_1864-2714-26	liebknecht_frage_1878-629-25	inferred	1	 	Spielball
ebers_koenigstochter02_1864-2714-26	menzel_literatur02_1828-941-6	inferred	1	 	Spielball
ebers_koenigstochter02_1864-2714-26	michelet_loesung_1849-475-9	inferred	1	 	Spielball
ebers_koenigstochter02_1864-2714-26	natorp_sozialpaedagogik_1899-2760-36	inferred	1	 	Spielball
ebers_koenigstochter02_1864-2714-26	nn_nrhz138_1848-295-5	inferred	1	 	Spielball
ebers_koenigstochter02_1864-2714-26	nn_nrhz179_1848-278-35	inferred	1	 	Spielball
ebers_koenigstochter02_1864-2714-26	nn_nrhz218_1849-205-10	inferred	1	 	Spielball
ebers_koenigstochter02_1864-2714-26	treitschke_geschichte02_1882-4559-1	inferred	1	 	Spielball
feuerbach_christentum_1841-6-33	grillparzer_diener_1830-1927-29	inferred	1	 	Spielball
feuerbach_christentum_1841-6-33	gutzkow_charaktere_1835-1908-7	inferred	1	 	Spielball
feuerbach_christentum_1841-6-33	hobrecht_verkehrsverhaeltnisse_1893-94-10	inferred	1	 	Spielball
feuerbach_christentum_1841-6-33	holtei_vagabunden02_1852-1094-31	inferred	1	 	Spielball
feuerbach_christentum_1841-6-33	laube_europa0102_1833-1468-10	inferred	1	 	Spielball
feuerbach_christentum_1841-6-33	lehnert_seehaefen01_1891-5083-13	inferred	1	 	Spielball
feuerbach_christentum_1841-6-33	liebknecht_frage_1878-629-25	inferred	1	 	Spielball
feuerbach_christentum_1841-6-33	menzel_literatur02_1828-941-6	inferred	1	 	Spielball
feuerbach_christentum_1841-6-33	michelet_loesung_1849-475-9	inferred	1	 	Spielball
feuerbach_christentum_1841-6-33	natorp_sozialpaedagogik_1899-2760-36	inferred	1	 	Spielball
feuerbach_christentum_1841-6-33	nn_nrhz138_1848-295-5	inferred	1	 	Spielball
feuerbach_christentum_1841-6-33	nn_nrhz179_1848-278-35	inferred	1	 	Spielball
feuerbach_christentum_1841-6-33	nn_nrhz218_1849-205-10	inferred	1	 	Spielball
feuerbach_christentum_1841-6-33	treitschke_geschichte02_1882-4559-1	inferred	1	 	Spielball
grillparzer_diener_1830-1927-29	gutzkow_charaktere_1835-1908-7	inferred	1	 	Spielball
grillparzer_diener_1830-1927-29	hobrecht_verkehrsverhaeltnisse_1893-94-10	inferred	1	 	Spielball
grillparzer_diener_1830-1927-29	holtei_vagabunden02_1852-1094-31	inferred	1	 	Spielball
grillparzer_diener_1830-1927-29	laube_europa0102_1833-1468-10	inferred	1	 	Spielball
grillparzer_diener_1830-1927-29	lehnert_seehaefen01_1891-5083-13	inferred	1	 	Spielball
grillparzer_diener_1830-1927-29	liebknecht_frage_1878-629-25	inferred	1	 	Spielball
grillparzer_diener_1830-1927-29	menzel_literatur02_1828-941-6	inferred	1	 	Spielball
grillparzer_diener_1830-1927-29	michelet_loesung_1849-475-9	inferred	1	 	Spielball
grillparzer_diener_1830-1927-29	natorp_sozialpaedagogik_1899-2760-36	inferred	1	 	Spielball
grillparzer_diener_1830-1927-29	nn_nrhz138_1848-295-5	inferred	1	 	Spielball
grillparzer_diener_1830-1927-29	nn_nrhz179_1848-278-35	inferred	1	 	Spielball
grillparzer_diener_1830-1927-29	nn_nrhz218_1849-205-10	inferred	1	 	Spielball
grillparzer_diener_1830-1927-29	treitschke_geschichte02_1882-4559-1	inferred	1	 	Spielball
gutzkow_charaktere_1835-1908-7	hobrecht_verkehrsverhaeltnisse_1893-94-10	inferred	1	 	Spielball
gutzkow_charaktere_1835-1908-7	holtei_vagabunden02_1852-1094-31	inferred	1	 	Spielball
gutzkow_charaktere_1835-1908-7	laube_europa0102_1833-1468-10	inferred	1	 	Spielball
gutzkow_charaktere_1835-1908-7	lehnert_seehaefen01_1891-5083-13	inferred	1	 	Spielball
gutzkow_charaktere_1835-1908-7	liebknecht_frage_1878-629-25	inferred	1	 	Spielball
gutzkow_charaktere_1835-1908-7	menzel_literatur02_1828-941-6	inferred	1	 	Spielball
gutzkow_charaktere_1835-1908-7	michelet_loesung_1849-475-9	inferred	1	 	Spielball
gutzkow_charaktere_1835-1908-7	natorp_sozialpaedagogik_1899-2760-36	inferred	1	 	Spielball
gutzkow_charaktere_1835-1908-7	nn_nrhz138_1848-295-5	inferred	1	 	Spielball
gutzkow_charaktere_1835-1908-7	nn_nrhz179_1848-278-35	inferred	1	 	Spielball
gutzkow_charaktere_1835-1908-7	nn_nrhz218_1849-205-10	inferred	1	 	Spielball
gutzkow_charaktere_1835-1908-7	treitschke_geschichte02_1882-4559-1	inferred	1	 	Spielball
hobrecht_verkehrsverhaeltnisse_1893-94-10	holtei_vagabunden02_1852-1094-31	inferred	1	 	Spielball
hobrecht_verkehrsverhaeltnisse_1893-94-10	laube_europa0102_1833-1468-10	inferred	1	 	Spielball
hobrecht_verkehrsverhaeltnisse_1893-94-10	lehnert_seehaefen01_1891-5083-13	inferred	1	 	Spielball
hobrecht_verkehrsverhaeltnisse_1893-94-10	liebknecht_frage_1878-629-25	inferred	1	 	Spielball
hobrecht_verkehrsverhaeltnisse_1893-94-10	menzel_literatur02_1828-941-6	inferred	1	 	Spielball
hobrecht_verkehrsverhaeltnisse_1893-94-10	michelet_loesung_1849-475-9	inferred	1	 	Spielball
hobrecht_verkehrsverhaeltnisse_1893-94-10	natorp_sozialpaedagogik_1899-2760-36	inferred	1	 	Spielball
hobrecht_verkehrsverhaeltnisse_1893-94-10	nn_nrhz138_1848-295-5	inferred	1	 	Spielball
hobrecht_verkehrsverhaeltnisse_1893-94-10	nn_nrhz179_1848-278-35	inferred	1	 	Spielball
hobrecht_verkehrsverhaeltnisse_1893-94-10	nn_nrhz218_1849-205-10	inferred	1	 	Spielball
hobrecht_verkehrsverhaeltnisse_1893-94-10	treitschke_geschichte02_1882-4559-1	inferred	1	 	Spielball
holtei_vagabunden02_1852-1094-31	laube_europa0102_1833-1468-10	inferred	1	 	Spielball
holtei_vagabunden02_1852-1094-31	lehnert_seehaefen01_1891-5083-13	inferred	1	 	Spielball
holtei_vagabunden02_1852-1094-31	liebknecht_frage_1878-629-25	inferred	1	 	Spielball
holtei_vagabunden02_1852-1094-31	menzel_literatur02_1828-941-6	inferred	1	 	Spielball
holtei_vagabunden02_1852-1094-31	michelet_loesung_1849-475-9	inferred	1	 	Spielball
holtei_vagabunden02_1852-1094-31	natorp_sozialpaedagogik_1899-2760-36	inferred	1	 	Spielball
holtei_vagabunden02_1852-1094-31	nn_nrhz138_1848-295-5	inferred	1	 	Spielball
holtei_vagabunden02_1852-1094-31	nn_nrhz179_1848-278-35	inferred	1	 	Spielball
holtei_vagabunden02_1852-1094-31	nn_nrhz218_1849-205-10	inferred	1	 	Spielball
holtei_vagabunden02_1852-1094-31	treitschke_geschichte02_1882-4559-1	inferred	1	 	Spielball
laube_europa0102_1833-1468-10	lehnert_seehaefen01_1891-5083-13	inferred	1	 	Spielball
laube_europa0102_1833-1468-10	liebknecht_frage_1878-629-25	inferred	1	 	Spielball
laube_europa0102_1833-1468-10	menzel_literatur02_1828-941-6	inferred	1	 	Spielball
laube_europa0102_1833-1468-10	michelet_loesung_1849-475-9	inferred	1	 	Spielball
laube_europa0102_1833-1468-10	natorp_sozialpaedagogik_1899-2760-36	inferred	1	 	Spielball
laube_europa0102_1833-1468-10	nn_nrhz138_1848-295-5	inferred	1	 	Spielball
laube_europa0102_1833-1468-10	nn_nrhz179_1848-278-35	inferred	1	 	Spielball
laube_europa0102_1833-1468-10	nn_nrhz218_1849-205-10	inferred	1	 	Spielball
laube_europa0102_1833-1468-10	treitschke_geschichte02_1882-4559-1	inferred	1	 	Spielball
lehnert_seehaefen01_1891-5083-13	liebknecht_frage_1878-629-25	inferred	1	 	Spielball
lehnert_seehaefen01_1891-5083-13	menzel_literatur02_1828-941-6	inferred	1	 	Spielball
lehnert_seehaefen01_1891-5083-13	michelet_loesung_1849-475-9	inferred	1	 	Spielball
lehnert_seehaefen01_1891-5083-13	natorp_sozialpaedagogik_1899-2760-36	inferred	1	 	Spielball
lehnert_seehaefen01_1891-5083-13	nn_nrhz138_1848-295-5	inferred	1	 	Spielball
lehnert_seehaefen01_1891-5083-13	nn_nrhz179_1848-278-35	inferred	1	 	Spielball
lehnert_seehaefen01_1891-5083-13	nn_nrhz218_1849-205-10	inferred	1	 	Spielball
lehnert_seehaefen01_1891-5083-13	treitschke_geschichte02_1882-4559-1	inferred	1	 	Spielball
liebknecht_frage_1878-629-25	menzel_literatur02_1828-941-6	inferred	1	 	Spielball
liebknecht_frage_1878-629-25	michelet_loesung_1849-475-9	inferred	1	 	Spielball
liebknecht_frage_1878-629-25	natorp_sozialpaedagogik_1899-2760-36	inferred	1	 	Spielball
liebknecht_frage_1878-629-25	nn_nrhz138_1848-295-5	inferred	1	 	Spielball
liebknecht_frage_1878-629-25	nn_nrhz179_1848-278-35	inferred	1	 	Spielball
liebknecht_frage_1878-629-25	nn_nrhz218_1849-205-10	inferred	1	 	Spielball
liebknecht_frage_1878-629-25	treitschke_geschichte02_1882-4559-1	inferred	1	 	Spielball
menzel_literatur02_1828-941-6	michelet_loesung_1849-475-9	inferred	1	 	Spielball
menzel_literatur02_1828-941-6	natorp_sozialpaedagogik_1899-2760-36	inferred	1	 	Spielball
menzel_literatur02_1828-941-6	nn_nrhz138_1848-295-5	inferred	1	 	Spielball
menzel_literatur02_1828-941-6	nn_nrhz179_1848-278-35	inferred	1	 	Spielball
menzel_literatur02_1828-941-6	nn_nrhz218_1849-205-10	inferred	1	 	Spielball
menzel_literatur02_1828-941-6	treitschke_geschichte02_1882-4559-1	inferred	1	 	Spielball
michelet_loesung_1849-475-9	natorp_sozialpaedagogik_1899-2760-36	inferred	1	 	Spielball
michelet_loesung_1849-475-9	nn_nrhz138_1848-295-5	inferred	1	 	Spielball
michelet_loesung_1849-475-9	nn_nrhz179_1848-278-35	inferred	1	 	Spielball
michelet_loesung_1849-475-9	nn_nrhz218_1849-205-10	inferred	1	 	Spielball
michelet_loesung_1849-475-9	treitschke_geschichte02_1882-4559-1	inferred	1	 	Spielball
natorp_sozialpaedagogik_1899-2760-36	nn_nrhz138_1848-295-5	inferred	1	 	Spielball
natorp_sozialpaedagogik_1899-2760-36	nn_nrhz179_1848-278-35	inferred	1	 	Spielball
natorp_sozialpaedagogik_1899-2760-36	nn_nrhz218_1849-205-10	inferred	1	 	Spielball
natorp_sozialpaedagogik_1899-2760-36	treitschke_geschichte02_1882-4559-1	inferred	1	 	Spielball
nn_nrhz138_1848-295-5	nn_nrhz179_1848-278-35	inferred	1	 	Spielball
nn_nrhz138_1848-295-5	nn_nrhz218_1849-205-10	inferred	1	 	Spielball
nn_nrhz138_1848-295-5	treitschke_geschichte02_1882-4559-1	inferred	1	 	Spielball
nn_nrhz179_1848-278-35	nn_nrhz218_1849-205-10	inferred	1	 	Spielball
nn_nrhz179_1848-278-35	treitschke_geschichte02_1882-4559-1	inferred	1	 	Spielball
nn_nrhz218_1849-205-10	treitschke_geschichte02_1882-4559-1	inferred	1	 	Spielball
