identifier1	identifier2	annotator	judgment	comment	lemma
2532889X_1950-04-20_01_079.tcf.xml-36-1	2532889X_1962-09-23_01_096.tcf.xml-8-7	inferred	1	 	Titel
2532889X_1950-04-20_01_079.tcf.xml-36-1	2532889X_1966-05-09_01_147.tcf.xml-3-5	inferred	1	 	Titel
2532889X_1950-04-20_01_079.tcf.xml-36-1	2532889X_1970-04-15_01_146.tcf.xml-2-19	inferred	1	 	Titel
2532889X_1950-04-20_01_079.tcf.xml-36-1	2532889X_1985-04-03_01_073.tcf.xml-3-6	inferred	1	 	Titel
2532889X_1950-04-20_01_079.tcf.xml-36-1	2532889X_1990-08-27_01_097.tcf.xml-12-16	inferred	1	 	Titel
2532889X_1950-04-20_01_079.tcf.xml-36-1	26120215_1961_06_01_01_180.tcf.xml-28-10	inferred	0	 	Titel
2532889X_1950-04-20_01_079.tcf.xml-36-1	26120215_1972_01_25_01_112.tcf.xml-31-12	inferred	1	 	Titel
2532889X_1950-04-20_01_079.tcf.xml-36-1	carus_zoologie_1872-8165-26	inferred	1	 	Titel
2532889X_1950-04-20_01_079.tcf.xml-36-1	egger_vater_1895-1217-31	inferred	0	 	Titel
2532889X_1950-04-20_01_079.tcf.xml-36-1	goethe_divan_1819-1436-40	inferred	0	 	Titel
2532889X_1950-04-20_01_079.tcf.xml-36-1	hundtradowsky_judenschule03_1823-927-37	inferred	0	 	Titel
2532889X_1950-04-20_01_079.tcf.xml-36-1	kotzebue_kleinstaedter_1803-2568-10	inferred	0	 	Titel
2532889X_1950-04-20_01_079.tcf.xml-36-1	kuernberger_amerikamuede_1855-1854-14	inferred	0	 	Titel
2532889X_1950-04-20_01_079.tcf.xml-36-1	laband_staatsrecht01_1876-3007-23	inferred	0	 	Titel
2532889X_1950-04-20_01_079.tcf.xml-36-1	nn_maehrisches300_1896-301-19	inferred	0	 	Titel
2532889X_1950-04-20_01_079.tcf.xml-36-1	nn_maehrisches40_1889-79-2	inferred	1	 	Titel
2532889X_1950-04-20_01_079.tcf.xml-36-1	nn_nrhz012013_1848-455-21	inferred	1	 	Titel
2532889X_1950-04-20_01_079.tcf.xml-36-1	nn_nrhz117_1848-663-18	inferred	0	 	Titel
2532889X_1950-04-20_01_079.tcf.xml-36-1	nn_nrhz133_1848-528-19	inferred	0	 	Titel
2532889X_1950-04-20_01_079.tcf.xml-36-1	nn_nrhz142ii_1848-69-29	inferred	0	 	Titel
2532889X_1950-04-20_01_079.tcf.xml-36-1	nn_nrhz189b_1849-222-76	inferred	1	 	Titel
2532889X_1950-04-20_01_079.tcf.xml-36-1	ranke_reformation01_1839-585-20	inferred	0	 	Titel
2532889X_1950-04-20_01_079.tcf.xml-36-1	rein_japan01_1881-4452-28	inferred	0	 	Titel
2532889X_1950-04-20_01_079.tcf.xml-36-1	steub_tirol_1846-6476-16	inferred	0	 	Titel
2532889X_1950-04-20_01_079.tcf.xml-36-1	treitschke_geschichte05_1894-2281-17	inferred	0	 	Titel
2532889X_1962-09-23_01_096.tcf.xml-8-7	2532889X_1966-05-09_01_147.tcf.xml-3-5	inferred	1	 	Titel
2532889X_1962-09-23_01_096.tcf.xml-8-7	2532889X_1970-04-15_01_146.tcf.xml-2-19	inferred	1	 	Titel
2532889X_1962-09-23_01_096.tcf.xml-8-7	2532889X_1985-04-03_01_073.tcf.xml-3-6	inferred	1	 	Titel
2532889X_1962-09-23_01_096.tcf.xml-8-7	2532889X_1990-08-27_01_097.tcf.xml-12-16	inferred	1	 	Titel
2532889X_1962-09-23_01_096.tcf.xml-8-7	26120215_1961_06_01_01_180.tcf.xml-28-10	inferred	0	 	Titel
2532889X_1962-09-23_01_096.tcf.xml-8-7	26120215_1972_01_25_01_112.tcf.xml-31-12	inferred	1	 	Titel
2532889X_1962-09-23_01_096.tcf.xml-8-7	carus_zoologie_1872-8165-26	inferred	1	 	Titel
2532889X_1962-09-23_01_096.tcf.xml-8-7	egger_vater_1895-1217-31	inferred	0	 	Titel
2532889X_1962-09-23_01_096.tcf.xml-8-7	goethe_divan_1819-1436-40	inferred	0	 	Titel
2532889X_1962-09-23_01_096.tcf.xml-8-7	hundtradowsky_judenschule03_1823-927-37	inferred	0	 	Titel
2532889X_1962-09-23_01_096.tcf.xml-8-7	kotzebue_kleinstaedter_1803-2568-10	inferred	0	 	Titel
2532889X_1962-09-23_01_096.tcf.xml-8-7	kuernberger_amerikamuede_1855-1854-14	inferred	0	 	Titel
2532889X_1962-09-23_01_096.tcf.xml-8-7	laband_staatsrecht01_1876-3007-23	inferred	0	 	Titel
2532889X_1962-09-23_01_096.tcf.xml-8-7	nn_maehrisches300_1896-301-19	inferred	0	 	Titel
2532889X_1962-09-23_01_096.tcf.xml-8-7	nn_maehrisches40_1889-79-2	inferred	1	 	Titel
2532889X_1962-09-23_01_096.tcf.xml-8-7	nn_nrhz012013_1848-455-21	inferred	1	 	Titel
2532889X_1962-09-23_01_096.tcf.xml-8-7	nn_nrhz117_1848-663-18	inferred	0	 	Titel
2532889X_1962-09-23_01_096.tcf.xml-8-7	nn_nrhz133_1848-528-19	inferred	0	 	Titel
2532889X_1962-09-23_01_096.tcf.xml-8-7	nn_nrhz142ii_1848-69-29	inferred	0	 	Titel
2532889X_1962-09-23_01_096.tcf.xml-8-7	nn_nrhz189b_1849-222-76	inferred	1	 	Titel
2532889X_1962-09-23_01_096.tcf.xml-8-7	ranke_reformation01_1839-585-20	inferred	0	 	Titel
2532889X_1962-09-23_01_096.tcf.xml-8-7	rein_japan01_1881-4452-28	inferred	0	 	Titel
2532889X_1962-09-23_01_096.tcf.xml-8-7	steub_tirol_1846-6476-16	inferred	0	 	Titel
2532889X_1962-09-23_01_096.tcf.xml-8-7	treitschke_geschichte05_1894-2281-17	inferred	0	 	Titel
2532889X_1966-05-09_01_147.tcf.xml-3-5	2532889X_1970-04-15_01_146.tcf.xml-2-19	inferred	1	 	Titel
2532889X_1966-05-09_01_147.tcf.xml-3-5	2532889X_1985-04-03_01_073.tcf.xml-3-6	inferred	1	 	Titel
2532889X_1966-05-09_01_147.tcf.xml-3-5	2532889X_1990-08-27_01_097.tcf.xml-12-16	inferred	1	 	Titel
2532889X_1966-05-09_01_147.tcf.xml-3-5	26120215_1961_06_01_01_180.tcf.xml-28-10	inferred	0	 	Titel
2532889X_1966-05-09_01_147.tcf.xml-3-5	26120215_1972_01_25_01_112.tcf.xml-31-12	inferred	1	 	Titel
2532889X_1966-05-09_01_147.tcf.xml-3-5	carus_zoologie_1872-8165-26	inferred	1	 	Titel
2532889X_1966-05-09_01_147.tcf.xml-3-5	egger_vater_1895-1217-31	inferred	0	 	Titel
2532889X_1966-05-09_01_147.tcf.xml-3-5	goethe_divan_1819-1436-40	inferred	0	 	Titel
2532889X_1966-05-09_01_147.tcf.xml-3-5	hundtradowsky_judenschule03_1823-927-37	inferred	0	 	Titel
2532889X_1966-05-09_01_147.tcf.xml-3-5	kotzebue_kleinstaedter_1803-2568-10	inferred	0	 	Titel
2532889X_1966-05-09_01_147.tcf.xml-3-5	kuernberger_amerikamuede_1855-1854-14	inferred	0	 	Titel
2532889X_1966-05-09_01_147.tcf.xml-3-5	laband_staatsrecht01_1876-3007-23	inferred	0	 	Titel
2532889X_1966-05-09_01_147.tcf.xml-3-5	nn_maehrisches300_1896-301-19	inferred	0	 	Titel
2532889X_1966-05-09_01_147.tcf.xml-3-5	nn_maehrisches40_1889-79-2	inferred	1	 	Titel
2532889X_1966-05-09_01_147.tcf.xml-3-5	nn_nrhz012013_1848-455-21	inferred	1	 	Titel
2532889X_1966-05-09_01_147.tcf.xml-3-5	nn_nrhz117_1848-663-18	inferred	0	 	Titel
2532889X_1966-05-09_01_147.tcf.xml-3-5	nn_nrhz133_1848-528-19	inferred	0	 	Titel
2532889X_1966-05-09_01_147.tcf.xml-3-5	nn_nrhz142ii_1848-69-29	inferred	0	 	Titel
2532889X_1966-05-09_01_147.tcf.xml-3-5	nn_nrhz189b_1849-222-76	inferred	1	 	Titel
2532889X_1966-05-09_01_147.tcf.xml-3-5	ranke_reformation01_1839-585-20	inferred	0	 	Titel
2532889X_1966-05-09_01_147.tcf.xml-3-5	rein_japan01_1881-4452-28	inferred	0	 	Titel
2532889X_1966-05-09_01_147.tcf.xml-3-5	steub_tirol_1846-6476-16	inferred	0	 	Titel
2532889X_1966-05-09_01_147.tcf.xml-3-5	treitschke_geschichte05_1894-2281-17	inferred	0	 	Titel
2532889X_1970-04-15_01_146.tcf.xml-2-19	2532889X_1985-04-03_01_073.tcf.xml-3-6	inferred	1	 	Titel
2532889X_1970-04-15_01_146.tcf.xml-2-19	2532889X_1990-08-27_01_097.tcf.xml-12-16	inferred	1	 	Titel
2532889X_1970-04-15_01_146.tcf.xml-2-19	26120215_1961_06_01_01_180.tcf.xml-28-10	inferred	0	 	Titel
2532889X_1970-04-15_01_146.tcf.xml-2-19	26120215_1972_01_25_01_112.tcf.xml-31-12	inferred	1	 	Titel
2532889X_1970-04-15_01_146.tcf.xml-2-19	carus_zoologie_1872-8165-26	inferred	1	 	Titel
2532889X_1970-04-15_01_146.tcf.xml-2-19	egger_vater_1895-1217-31	inferred	0	 	Titel
2532889X_1970-04-15_01_146.tcf.xml-2-19	goethe_divan_1819-1436-40	inferred	0	 	Titel
2532889X_1970-04-15_01_146.tcf.xml-2-19	hundtradowsky_judenschule03_1823-927-37	inferred	0	 	Titel
2532889X_1970-04-15_01_146.tcf.xml-2-19	kotzebue_kleinstaedter_1803-2568-10	inferred	0	 	Titel
2532889X_1970-04-15_01_146.tcf.xml-2-19	kuernberger_amerikamuede_1855-1854-14	inferred	0	 	Titel
2532889X_1970-04-15_01_146.tcf.xml-2-19	laband_staatsrecht01_1876-3007-23	inferred	0	 	Titel
2532889X_1970-04-15_01_146.tcf.xml-2-19	nn_maehrisches300_1896-301-19	inferred	0	 	Titel
2532889X_1970-04-15_01_146.tcf.xml-2-19	nn_maehrisches40_1889-79-2	inferred	1	 	Titel
2532889X_1970-04-15_01_146.tcf.xml-2-19	nn_nrhz012013_1848-455-21	inferred	1	 	Titel
2532889X_1970-04-15_01_146.tcf.xml-2-19	nn_nrhz117_1848-663-18	inferred	0	 	Titel
2532889X_1970-04-15_01_146.tcf.xml-2-19	nn_nrhz133_1848-528-19	inferred	0	 	Titel
2532889X_1970-04-15_01_146.tcf.xml-2-19	nn_nrhz142ii_1848-69-29	inferred	0	 	Titel
2532889X_1970-04-15_01_146.tcf.xml-2-19	nn_nrhz189b_1849-222-76	inferred	1	 	Titel
2532889X_1970-04-15_01_146.tcf.xml-2-19	ranke_reformation01_1839-585-20	inferred	0	 	Titel
2532889X_1970-04-15_01_146.tcf.xml-2-19	rein_japan01_1881-4452-28	inferred	0	 	Titel
2532889X_1970-04-15_01_146.tcf.xml-2-19	steub_tirol_1846-6476-16	inferred	0	 	Titel
2532889X_1970-04-15_01_146.tcf.xml-2-19	treitschke_geschichte05_1894-2281-17	inferred	0	 	Titel
2532889X_1985-04-03_01_073.tcf.xml-3-6	2532889X_1990-08-27_01_097.tcf.xml-12-16	inferred	1	 	Titel
2532889X_1985-04-03_01_073.tcf.xml-3-6	26120215_1961_06_01_01_180.tcf.xml-28-10	inferred	0	 	Titel
2532889X_1985-04-03_01_073.tcf.xml-3-6	26120215_1972_01_25_01_112.tcf.xml-31-12	inferred	1	 	Titel
2532889X_1985-04-03_01_073.tcf.xml-3-6	carus_zoologie_1872-8165-26	inferred	1	 	Titel
2532889X_1985-04-03_01_073.tcf.xml-3-6	egger_vater_1895-1217-31	inferred	0	 	Titel
2532889X_1985-04-03_01_073.tcf.xml-3-6	goethe_divan_1819-1436-40	inferred	0	 	Titel
2532889X_1985-04-03_01_073.tcf.xml-3-6	hundtradowsky_judenschule03_1823-927-37	inferred	0	 	Titel
2532889X_1985-04-03_01_073.tcf.xml-3-6	kotzebue_kleinstaedter_1803-2568-10	inferred	0	 	Titel
2532889X_1985-04-03_01_073.tcf.xml-3-6	kuernberger_amerikamuede_1855-1854-14	inferred	0	 	Titel
2532889X_1985-04-03_01_073.tcf.xml-3-6	laband_staatsrecht01_1876-3007-23	inferred	0	 	Titel
2532889X_1985-04-03_01_073.tcf.xml-3-6	nn_maehrisches300_1896-301-19	inferred	0	 	Titel
2532889X_1985-04-03_01_073.tcf.xml-3-6	nn_maehrisches40_1889-79-2	inferred	1	 	Titel
2532889X_1985-04-03_01_073.tcf.xml-3-6	nn_nrhz012013_1848-455-21	inferred	1	 	Titel
2532889X_1985-04-03_01_073.tcf.xml-3-6	nn_nrhz117_1848-663-18	inferred	0	 	Titel
2532889X_1985-04-03_01_073.tcf.xml-3-6	nn_nrhz133_1848-528-19	inferred	0	 	Titel
2532889X_1985-04-03_01_073.tcf.xml-3-6	nn_nrhz142ii_1848-69-29	inferred	0	 	Titel
2532889X_1985-04-03_01_073.tcf.xml-3-6	nn_nrhz189b_1849-222-76	inferred	1	 	Titel
2532889X_1985-04-03_01_073.tcf.xml-3-6	ranke_reformation01_1839-585-20	inferred	0	 	Titel
2532889X_1985-04-03_01_073.tcf.xml-3-6	rein_japan01_1881-4452-28	inferred	0	 	Titel
2532889X_1985-04-03_01_073.tcf.xml-3-6	steub_tirol_1846-6476-16	inferred	0	 	Titel
2532889X_1985-04-03_01_073.tcf.xml-3-6	treitschke_geschichte05_1894-2281-17	inferred	0	 	Titel
2532889X_1990-08-27_01_097.tcf.xml-12-16	26120215_1961_06_01_01_180.tcf.xml-28-10	inferred	0	 	Titel
2532889X_1990-08-27_01_097.tcf.xml-12-16	26120215_1972_01_25_01_112.tcf.xml-31-12	inferred	1	 	Titel
2532889X_1990-08-27_01_097.tcf.xml-12-16	carus_zoologie_1872-8165-26	inferred	1	 	Titel
2532889X_1990-08-27_01_097.tcf.xml-12-16	egger_vater_1895-1217-31	inferred	0	 	Titel
2532889X_1990-08-27_01_097.tcf.xml-12-16	goethe_divan_1819-1436-40	inferred	0	 	Titel
2532889X_1990-08-27_01_097.tcf.xml-12-16	hundtradowsky_judenschule03_1823-927-37	inferred	0	 	Titel
2532889X_1990-08-27_01_097.tcf.xml-12-16	kotzebue_kleinstaedter_1803-2568-10	inferred	0	 	Titel
2532889X_1990-08-27_01_097.tcf.xml-12-16	kuernberger_amerikamuede_1855-1854-14	inferred	0	 	Titel
2532889X_1990-08-27_01_097.tcf.xml-12-16	laband_staatsrecht01_1876-3007-23	inferred	0	 	Titel
2532889X_1990-08-27_01_097.tcf.xml-12-16	nn_maehrisches300_1896-301-19	inferred	0	 	Titel
2532889X_1990-08-27_01_097.tcf.xml-12-16	nn_maehrisches40_1889-79-2	inferred	1	 	Titel
2532889X_1990-08-27_01_097.tcf.xml-12-16	nn_nrhz012013_1848-455-21	inferred	1	 	Titel
2532889X_1990-08-27_01_097.tcf.xml-12-16	nn_nrhz117_1848-663-18	inferred	0	 	Titel
2532889X_1990-08-27_01_097.tcf.xml-12-16	nn_nrhz133_1848-528-19	inferred	0	 	Titel
2532889X_1990-08-27_01_097.tcf.xml-12-16	nn_nrhz142ii_1848-69-29	inferred	0	 	Titel
2532889X_1990-08-27_01_097.tcf.xml-12-16	nn_nrhz189b_1849-222-76	inferred	1	 	Titel
2532889X_1990-08-27_01_097.tcf.xml-12-16	ranke_reformation01_1839-585-20	inferred	0	 	Titel
2532889X_1990-08-27_01_097.tcf.xml-12-16	rein_japan01_1881-4452-28	inferred	0	 	Titel
2532889X_1990-08-27_01_097.tcf.xml-12-16	steub_tirol_1846-6476-16	inferred	0	 	Titel
2532889X_1990-08-27_01_097.tcf.xml-12-16	treitschke_geschichte05_1894-2281-17	inferred	0	 	Titel
26120215_1961_06_01_01_180.tcf.xml-28-10	26120215_1972_01_25_01_112.tcf.xml-31-12	inferred	0	 	Titel
26120215_1961_06_01_01_180.tcf.xml-28-10	carus_zoologie_1872-8165-26	inferred	0	 	Titel
26120215_1961_06_01_01_180.tcf.xml-28-10	egger_vater_1895-1217-31	inferred	1	 	Titel
26120215_1961_06_01_01_180.tcf.xml-28-10	goethe_divan_1819-1436-40	inferred	1	 	Titel
26120215_1961_06_01_01_180.tcf.xml-28-10	hundtradowsky_judenschule03_1823-927-37	inferred	1	 	Titel
26120215_1961_06_01_01_180.tcf.xml-28-10	kotzebue_kleinstaedter_1803-2568-10	inferred	1	 	Titel
26120215_1961_06_01_01_180.tcf.xml-28-10	kuernberger_amerikamuede_1855-1854-14	inferred	1	 	Titel
26120215_1961_06_01_01_180.tcf.xml-28-10	laband_staatsrecht01_1876-3007-23	inferred	1	 	Titel
26120215_1961_06_01_01_180.tcf.xml-28-10	nn_maehrisches300_1896-301-19	inferred	1	 	Titel
26120215_1961_06_01_01_180.tcf.xml-28-10	nn_maehrisches40_1889-79-2	inferred	0	 	Titel
26120215_1961_06_01_01_180.tcf.xml-28-10	nn_nrhz012013_1848-455-21	inferred	0	 	Titel
26120215_1961_06_01_01_180.tcf.xml-28-10	nn_nrhz117_1848-663-18	inferred	1	 	Titel
26120215_1961_06_01_01_180.tcf.xml-28-10	nn_nrhz133_1848-528-19	inferred	1	 	Titel
26120215_1961_06_01_01_180.tcf.xml-28-10	nn_nrhz142ii_1848-69-29	inferred	1	 	Titel
26120215_1961_06_01_01_180.tcf.xml-28-10	nn_nrhz189b_1849-222-76	inferred	0	 	Titel
26120215_1961_06_01_01_180.tcf.xml-28-10	ranke_reformation01_1839-585-20	inferred	1	 	Titel
26120215_1961_06_01_01_180.tcf.xml-28-10	rein_japan01_1881-4452-28	inferred	1	 	Titel
26120215_1961_06_01_01_180.tcf.xml-28-10	steub_tirol_1846-6476-16	inferred	1	 	Titel
26120215_1961_06_01_01_180.tcf.xml-28-10	treitschke_geschichte05_1894-2281-17	inferred	1	 	Titel
26120215_1972_01_25_01_112.tcf.xml-31-12	carus_zoologie_1872-8165-26	inferred	1	 	Titel
26120215_1972_01_25_01_112.tcf.xml-31-12	egger_vater_1895-1217-31	inferred	0	 	Titel
26120215_1972_01_25_01_112.tcf.xml-31-12	goethe_divan_1819-1436-40	inferred	0	 	Titel
26120215_1972_01_25_01_112.tcf.xml-31-12	hundtradowsky_judenschule03_1823-927-37	inferred	0	 	Titel
26120215_1972_01_25_01_112.tcf.xml-31-12	kotzebue_kleinstaedter_1803-2568-10	inferred	0	 	Titel
26120215_1972_01_25_01_112.tcf.xml-31-12	kuernberger_amerikamuede_1855-1854-14	inferred	0	 	Titel
26120215_1972_01_25_01_112.tcf.xml-31-12	laband_staatsrecht01_1876-3007-23	inferred	0	 	Titel
26120215_1972_01_25_01_112.tcf.xml-31-12	nn_maehrisches300_1896-301-19	inferred	0	 	Titel
26120215_1972_01_25_01_112.tcf.xml-31-12	nn_maehrisches40_1889-79-2	inferred	1	 	Titel
26120215_1972_01_25_01_112.tcf.xml-31-12	nn_nrhz012013_1848-455-21	inferred	1	 	Titel
26120215_1972_01_25_01_112.tcf.xml-31-12	nn_nrhz117_1848-663-18	inferred	0	 	Titel
26120215_1972_01_25_01_112.tcf.xml-31-12	nn_nrhz133_1848-528-19	inferred	0	 	Titel
26120215_1972_01_25_01_112.tcf.xml-31-12	nn_nrhz142ii_1848-69-29	inferred	0	 	Titel
26120215_1972_01_25_01_112.tcf.xml-31-12	nn_nrhz189b_1849-222-76	inferred	1	 	Titel
26120215_1972_01_25_01_112.tcf.xml-31-12	ranke_reformation01_1839-585-20	inferred	0	 	Titel
26120215_1972_01_25_01_112.tcf.xml-31-12	rein_japan01_1881-4452-28	inferred	0	 	Titel
26120215_1972_01_25_01_112.tcf.xml-31-12	steub_tirol_1846-6476-16	inferred	0	 	Titel
26120215_1972_01_25_01_112.tcf.xml-31-12	treitschke_geschichte05_1894-2281-17	inferred	0	 	Titel
carus_zoologie_1872-8165-26	egger_vater_1895-1217-31	inferred	0	 	Titel
carus_zoologie_1872-8165-26	goethe_divan_1819-1436-40	inferred	0	 	Titel
carus_zoologie_1872-8165-26	hundtradowsky_judenschule03_1823-927-37	inferred	0	 	Titel
carus_zoologie_1872-8165-26	kotzebue_kleinstaedter_1803-2568-10	inferred	0	 	Titel
carus_zoologie_1872-8165-26	kuernberger_amerikamuede_1855-1854-14	inferred	0	 	Titel
carus_zoologie_1872-8165-26	laband_staatsrecht01_1876-3007-23	inferred	0	 	Titel
carus_zoologie_1872-8165-26	nn_maehrisches300_1896-301-19	inferred	0	 	Titel
carus_zoologie_1872-8165-26	nn_maehrisches40_1889-79-2	inferred	1	 	Titel
carus_zoologie_1872-8165-26	nn_nrhz012013_1848-455-21	inferred	1	 	Titel
carus_zoologie_1872-8165-26	nn_nrhz117_1848-663-18	inferred	0	 	Titel
carus_zoologie_1872-8165-26	nn_nrhz133_1848-528-19	inferred	0	 	Titel
carus_zoologie_1872-8165-26	nn_nrhz142ii_1848-69-29	inferred	0	 	Titel
carus_zoologie_1872-8165-26	nn_nrhz189b_1849-222-76	inferred	1	 	Titel
carus_zoologie_1872-8165-26	ranke_reformation01_1839-585-20	inferred	0	 	Titel
carus_zoologie_1872-8165-26	rein_japan01_1881-4452-28	inferred	0	 	Titel
carus_zoologie_1872-8165-26	steub_tirol_1846-6476-16	inferred	0	 	Titel
carus_zoologie_1872-8165-26	treitschke_geschichte05_1894-2281-17	inferred	0	 	Titel
egger_vater_1895-1217-31	goethe_divan_1819-1436-40	inferred	1	 	Titel
egger_vater_1895-1217-31	hundtradowsky_judenschule03_1823-927-37	inferred	1	 	Titel
egger_vater_1895-1217-31	kotzebue_kleinstaedter_1803-2568-10	inferred	1	 	Titel
egger_vater_1895-1217-31	kuernberger_amerikamuede_1855-1854-14	inferred	1	 	Titel
egger_vater_1895-1217-31	laband_staatsrecht01_1876-3007-23	inferred	1	 	Titel
egger_vater_1895-1217-31	nn_maehrisches300_1896-301-19	inferred	1	 	Titel
egger_vater_1895-1217-31	nn_maehrisches40_1889-79-2	inferred	0	 	Titel
egger_vater_1895-1217-31	nn_nrhz012013_1848-455-21	inferred	0	 	Titel
egger_vater_1895-1217-31	nn_nrhz117_1848-663-18	inferred	1	 	Titel
egger_vater_1895-1217-31	nn_nrhz133_1848-528-19	inferred	1	 	Titel
egger_vater_1895-1217-31	nn_nrhz142ii_1848-69-29	inferred	1	 	Titel
egger_vater_1895-1217-31	nn_nrhz189b_1849-222-76	inferred	0	 	Titel
egger_vater_1895-1217-31	ranke_reformation01_1839-585-20	inferred	1	 	Titel
egger_vater_1895-1217-31	rein_japan01_1881-4452-28	inferred	1	 	Titel
egger_vater_1895-1217-31	steub_tirol_1846-6476-16	inferred	1	 	Titel
egger_vater_1895-1217-31	treitschke_geschichte05_1894-2281-17	inferred	1	 	Titel
goethe_divan_1819-1436-40	hundtradowsky_judenschule03_1823-927-37	inferred	1	 	Titel
goethe_divan_1819-1436-40	kotzebue_kleinstaedter_1803-2568-10	inferred	1	 	Titel
goethe_divan_1819-1436-40	kuernberger_amerikamuede_1855-1854-14	inferred	1	 	Titel
goethe_divan_1819-1436-40	laband_staatsrecht01_1876-3007-23	inferred	1	 	Titel
goethe_divan_1819-1436-40	nn_maehrisches300_1896-301-19	inferred	1	 	Titel
goethe_divan_1819-1436-40	nn_maehrisches40_1889-79-2	inferred	0	 	Titel
goethe_divan_1819-1436-40	nn_nrhz012013_1848-455-21	inferred	0	 	Titel
goethe_divan_1819-1436-40	nn_nrhz117_1848-663-18	inferred	1	 	Titel
goethe_divan_1819-1436-40	nn_nrhz133_1848-528-19	inferred	1	 	Titel
goethe_divan_1819-1436-40	nn_nrhz142ii_1848-69-29	inferred	1	 	Titel
goethe_divan_1819-1436-40	nn_nrhz189b_1849-222-76	inferred	0	 	Titel
goethe_divan_1819-1436-40	ranke_reformation01_1839-585-20	inferred	1	 	Titel
goethe_divan_1819-1436-40	rein_japan01_1881-4452-28	inferred	1	 	Titel
goethe_divan_1819-1436-40	steub_tirol_1846-6476-16	inferred	1	 	Titel
goethe_divan_1819-1436-40	treitschke_geschichte05_1894-2281-17	inferred	1	 	Titel
hundtradowsky_judenschule03_1823-927-37	kotzebue_kleinstaedter_1803-2568-10	inferred	1	 	Titel
hundtradowsky_judenschule03_1823-927-37	kuernberger_amerikamuede_1855-1854-14	inferred	1	 	Titel
hundtradowsky_judenschule03_1823-927-37	laband_staatsrecht01_1876-3007-23	inferred	1	 	Titel
hundtradowsky_judenschule03_1823-927-37	nn_maehrisches300_1896-301-19	inferred	1	 	Titel
hundtradowsky_judenschule03_1823-927-37	nn_maehrisches40_1889-79-2	inferred	0	 	Titel
hundtradowsky_judenschule03_1823-927-37	nn_nrhz012013_1848-455-21	inferred	0	 	Titel
hundtradowsky_judenschule03_1823-927-37	nn_nrhz117_1848-663-18	inferred	1	 	Titel
hundtradowsky_judenschule03_1823-927-37	nn_nrhz133_1848-528-19	inferred	1	 	Titel
hundtradowsky_judenschule03_1823-927-37	nn_nrhz142ii_1848-69-29	inferred	1	 	Titel
hundtradowsky_judenschule03_1823-927-37	nn_nrhz189b_1849-222-76	inferred	0	 	Titel
hundtradowsky_judenschule03_1823-927-37	ranke_reformation01_1839-585-20	inferred	1	 	Titel
hundtradowsky_judenschule03_1823-927-37	rein_japan01_1881-4452-28	inferred	1	 	Titel
hundtradowsky_judenschule03_1823-927-37	steub_tirol_1846-6476-16	inferred	1	 	Titel
hundtradowsky_judenschule03_1823-927-37	treitschke_geschichte05_1894-2281-17	inferred	1	 	Titel
kotzebue_kleinstaedter_1803-2568-10	kuernberger_amerikamuede_1855-1854-14	inferred	1	 	Titel
kotzebue_kleinstaedter_1803-2568-10	laband_staatsrecht01_1876-3007-23	inferred	1	 	Titel
kotzebue_kleinstaedter_1803-2568-10	nn_maehrisches300_1896-301-19	inferred	1	 	Titel
kotzebue_kleinstaedter_1803-2568-10	nn_maehrisches40_1889-79-2	inferred	0	 	Titel
kotzebue_kleinstaedter_1803-2568-10	nn_nrhz012013_1848-455-21	inferred	0	 	Titel
kotzebue_kleinstaedter_1803-2568-10	nn_nrhz117_1848-663-18	inferred	1	 	Titel
kotzebue_kleinstaedter_1803-2568-10	nn_nrhz133_1848-528-19	inferred	1	 	Titel
kotzebue_kleinstaedter_1803-2568-10	nn_nrhz142ii_1848-69-29	inferred	1	 	Titel
kotzebue_kleinstaedter_1803-2568-10	nn_nrhz189b_1849-222-76	inferred	0	 	Titel
kotzebue_kleinstaedter_1803-2568-10	ranke_reformation01_1839-585-20	inferred	1	 	Titel
kotzebue_kleinstaedter_1803-2568-10	rein_japan01_1881-4452-28	inferred	1	 	Titel
kotzebue_kleinstaedter_1803-2568-10	steub_tirol_1846-6476-16	inferred	1	 	Titel
kotzebue_kleinstaedter_1803-2568-10	treitschke_geschichte05_1894-2281-17	inferred	1	 	Titel
kuernberger_amerikamuede_1855-1854-14	laband_staatsrecht01_1876-3007-23	inferred	1	 	Titel
kuernberger_amerikamuede_1855-1854-14	nn_maehrisches300_1896-301-19	inferred	1	 	Titel
kuernberger_amerikamuede_1855-1854-14	nn_maehrisches40_1889-79-2	inferred	0	 	Titel
kuernberger_amerikamuede_1855-1854-14	nn_nrhz012013_1848-455-21	inferred	0	 	Titel
kuernberger_amerikamuede_1855-1854-14	nn_nrhz117_1848-663-18	inferred	1	 	Titel
kuernberger_amerikamuede_1855-1854-14	nn_nrhz133_1848-528-19	inferred	1	 	Titel
kuernberger_amerikamuede_1855-1854-14	nn_nrhz142ii_1848-69-29	inferred	1	 	Titel
kuernberger_amerikamuede_1855-1854-14	nn_nrhz189b_1849-222-76	inferred	0	 	Titel
kuernberger_amerikamuede_1855-1854-14	ranke_reformation01_1839-585-20	inferred	1	 	Titel
kuernberger_amerikamuede_1855-1854-14	rein_japan01_1881-4452-28	inferred	1	 	Titel
kuernberger_amerikamuede_1855-1854-14	steub_tirol_1846-6476-16	inferred	1	 	Titel
kuernberger_amerikamuede_1855-1854-14	treitschke_geschichte05_1894-2281-17	inferred	1	 	Titel
laband_staatsrecht01_1876-3007-23	nn_maehrisches300_1896-301-19	inferred	1	 	Titel
laband_staatsrecht01_1876-3007-23	nn_maehrisches40_1889-79-2	inferred	0	 	Titel
laband_staatsrecht01_1876-3007-23	nn_nrhz012013_1848-455-21	inferred	0	 	Titel
laband_staatsrecht01_1876-3007-23	nn_nrhz117_1848-663-18	inferred	1	 	Titel
laband_staatsrecht01_1876-3007-23	nn_nrhz133_1848-528-19	inferred	1	 	Titel
laband_staatsrecht01_1876-3007-23	nn_nrhz142ii_1848-69-29	inferred	1	 	Titel
laband_staatsrecht01_1876-3007-23	nn_nrhz189b_1849-222-76	inferred	0	 	Titel
laband_staatsrecht01_1876-3007-23	ranke_reformation01_1839-585-20	inferred	1	 	Titel
laband_staatsrecht01_1876-3007-23	rein_japan01_1881-4452-28	inferred	1	 	Titel
laband_staatsrecht01_1876-3007-23	steub_tirol_1846-6476-16	inferred	1	 	Titel
laband_staatsrecht01_1876-3007-23	treitschke_geschichte05_1894-2281-17	inferred	1	 	Titel
nn_maehrisches300_1896-301-19	nn_maehrisches40_1889-79-2	inferred	0	 	Titel
nn_maehrisches300_1896-301-19	nn_nrhz012013_1848-455-21	inferred	0	 	Titel
nn_maehrisches300_1896-301-19	nn_nrhz117_1848-663-18	inferred	1	 	Titel
nn_maehrisches300_1896-301-19	nn_nrhz133_1848-528-19	inferred	1	 	Titel
nn_maehrisches300_1896-301-19	nn_nrhz142ii_1848-69-29	inferred	1	 	Titel
nn_maehrisches300_1896-301-19	nn_nrhz189b_1849-222-76	inferred	0	 	Titel
nn_maehrisches300_1896-301-19	ranke_reformation01_1839-585-20	inferred	1	 	Titel
nn_maehrisches300_1896-301-19	rein_japan01_1881-4452-28	inferred	1	 	Titel
nn_maehrisches300_1896-301-19	steub_tirol_1846-6476-16	inferred	1	 	Titel
nn_maehrisches300_1896-301-19	treitschke_geschichte05_1894-2281-17	inferred	1	 	Titel
nn_maehrisches40_1889-79-2	nn_nrhz012013_1848-455-21	inferred	1	 	Titel
nn_maehrisches40_1889-79-2	nn_nrhz117_1848-663-18	inferred	0	 	Titel
nn_maehrisches40_1889-79-2	nn_nrhz133_1848-528-19	inferred	0	 	Titel
nn_maehrisches40_1889-79-2	nn_nrhz142ii_1848-69-29	inferred	0	 	Titel
nn_maehrisches40_1889-79-2	nn_nrhz189b_1849-222-76	inferred	1	 	Titel
nn_maehrisches40_1889-79-2	ranke_reformation01_1839-585-20	inferred	0	 	Titel
nn_maehrisches40_1889-79-2	rein_japan01_1881-4452-28	inferred	0	 	Titel
nn_maehrisches40_1889-79-2	steub_tirol_1846-6476-16	inferred	0	 	Titel
nn_maehrisches40_1889-79-2	treitschke_geschichte05_1894-2281-17	inferred	0	 	Titel
nn_nrhz012013_1848-455-21	nn_nrhz117_1848-663-18	inferred	0	 	Titel
nn_nrhz012013_1848-455-21	nn_nrhz133_1848-528-19	inferred	0	 	Titel
nn_nrhz012013_1848-455-21	nn_nrhz142ii_1848-69-29	inferred	0	 	Titel
nn_nrhz012013_1848-455-21	nn_nrhz189b_1849-222-76	inferred	1	 	Titel
nn_nrhz012013_1848-455-21	ranke_reformation01_1839-585-20	inferred	0	 	Titel
nn_nrhz012013_1848-455-21	rein_japan01_1881-4452-28	inferred	0	 	Titel
nn_nrhz012013_1848-455-21	steub_tirol_1846-6476-16	inferred	0	 	Titel
nn_nrhz012013_1848-455-21	treitschke_geschichte05_1894-2281-17	inferred	0	 	Titel
nn_nrhz117_1848-663-18	nn_nrhz133_1848-528-19	inferred	1	 	Titel
nn_nrhz117_1848-663-18	nn_nrhz142ii_1848-69-29	inferred	1	 	Titel
nn_nrhz117_1848-663-18	nn_nrhz189b_1849-222-76	inferred	0	 	Titel
nn_nrhz117_1848-663-18	ranke_reformation01_1839-585-20	inferred	1	 	Titel
nn_nrhz117_1848-663-18	rein_japan01_1881-4452-28	inferred	1	 	Titel
nn_nrhz117_1848-663-18	steub_tirol_1846-6476-16	inferred	1	 	Titel
nn_nrhz117_1848-663-18	treitschke_geschichte05_1894-2281-17	inferred	1	 	Titel
nn_nrhz133_1848-528-19	nn_nrhz142ii_1848-69-29	inferred	1	 	Titel
nn_nrhz133_1848-528-19	nn_nrhz189b_1849-222-76	inferred	0	 	Titel
nn_nrhz133_1848-528-19	ranke_reformation01_1839-585-20	inferred	1	 	Titel
nn_nrhz133_1848-528-19	rein_japan01_1881-4452-28	inferred	1	 	Titel
nn_nrhz133_1848-528-19	steub_tirol_1846-6476-16	inferred	1	 	Titel
nn_nrhz133_1848-528-19	treitschke_geschichte05_1894-2281-17	inferred	1	 	Titel
nn_nrhz142ii_1848-69-29	nn_nrhz189b_1849-222-76	inferred	0	 	Titel
nn_nrhz142ii_1848-69-29	ranke_reformation01_1839-585-20	inferred	1	 	Titel
nn_nrhz142ii_1848-69-29	rein_japan01_1881-4452-28	inferred	1	 	Titel
nn_nrhz142ii_1848-69-29	steub_tirol_1846-6476-16	inferred	1	 	Titel
nn_nrhz142ii_1848-69-29	treitschke_geschichte05_1894-2281-17	inferred	1	 	Titel
nn_nrhz189b_1849-222-76	ranke_reformation01_1839-585-20	inferred	0	 	Titel
nn_nrhz189b_1849-222-76	rein_japan01_1881-4452-28	inferred	0	 	Titel
nn_nrhz189b_1849-222-76	steub_tirol_1846-6476-16	inferred	0	 	Titel
nn_nrhz189b_1849-222-76	treitschke_geschichte05_1894-2281-17	inferred	0	 	Titel
ranke_reformation01_1839-585-20	rein_japan01_1881-4452-28	inferred	1	 	Titel
ranke_reformation01_1839-585-20	steub_tirol_1846-6476-16	inferred	1	 	Titel
ranke_reformation01_1839-585-20	treitschke_geschichte05_1894-2281-17	inferred	1	 	Titel
rein_japan01_1881-4452-28	steub_tirol_1846-6476-16	inferred	1	 	Titel
rein_japan01_1881-4452-28	treitschke_geschichte05_1894-2281-17	inferred	1	 	Titel
steub_tirol_1846-6476-16	treitschke_geschichte05_1894-2281-17	inferred	1	 	Titel
