lemma	pos	date	grouping	identifier	description	context	indexes_target_token	indexes_target_sentence	context_tokenized	indexes_target_token_tokenized	indexes_target_sentence_tokenized	context_lemmatized	context_pos	context_normalized
abdecken	VVPP	1953	2	2532889X_1953-02-10_01_044.tcf.xml-10-21	 	Im Oktober 19. V2 gab es in Kuhlhauscn Großbauern, die noch immer nicht das rückständige Soll aus dem Jahre 1951 abgedeckt hatten.	113:122	0:130	Im Oktober 19. V2 gab es in Kuhlhauscn Großbauern , die noch immer nicht das rückständige Soll aus dem Jahre 1951 abgedeckt hatten .	21	0:24	im Oktober 19. V2 geben es in Kuhlhauscn Großbauer , die noch immer nicht d rückständig sollen aus d Jahr 1951 abdecken haben .	APPRART NN ADJA NN VVFIN PPER APPR NE NN $, PRELS ADV ADV PTKNEG ART ADJA VMFIN APPR ART NN CARD VVPP VAFIN $.	
abdecken	VVPP	1955	2	2532889X_1955-01-08_01_051.tcf.xml-8-26	 	Die neue wand ist 5,70 m mal 8,50 m breit. werden andere Filme gezeigt, wird ' die Leinwand durch Vorhänge auf ihre alte Breite abgedeckt.	128:137	0:138	Die neue wand ist 5,70 m mal 8,50 m breit . werden andere Filme gezeigt , wird ' die Leinwand durch Vorhänge auf ihre alte Breite abgedeckt .	26	0:28	d neu winden sein 5,70 M mal 8,50 M breit . werden ander Film zeigen , werden ' d Leinwand durch Vorhang auf ihr alt Breite abdecken .	ART ADJA VVFIN VAFIN CARD NN ADV CARD NN PTKVZ $. VAFIN ADJA NN VVPP $, VAFIN $( ART NN APPR NN APPR PPOSAT ADJA NN VVPP $.	
abdecken	VVFIN	1962	2	2532889X_1962-01-24_01_024.tcf.xml-27-17	 	Über lOOmal wurde am Montag die Westberliner Feuerwehr alarmiert, da der starke Sturm über Berlin Dächer abdeckte und große Bäume entwurzelte.	105:113	0:142	Über lOOmal wurde am Montag die Westberliner Feuerwehr alarmiert , da der starke Sturm über Berlin Dächer abdeckte und große Bäume entwurzelte .	17	0:23	über Loomal werden am Montag d Westberliner Feuerwehr alarmieren , da d stark Sturm über Berlin Dach abdecken und groß Baum entwurzeln .	APPR NE VAFIN APPRART NN ART ADJA NN VVPP $, KOUS ART ADJA NN APPR NE NN VVFIN KON ADJA NN VVFIN $.	
abdecken	VVIZU	1963	2	2532889X_1963-05-11_01_043.tcf.xml-39-20	 	Bis zum 30. September sind die vorgesehene Steigerung der Arbeitsproduktivität und die Senkung der Selbstkosten durch entsprechende technisch organisatorische Maßnahmen abzudecken.	169:179	0:180	Bis zum 30. September sind die vorgesehene Steigerung der Arbeitsproduktivität und die Senkung der Selbstkosten durch entsprechende technisch organisatorische Maßnahmen abzudecken .	20	0:22	bis zum 30. September sein d vorgesehen Steigerung d Arbeitsproduktivität und d Senkung d Selbstkosten durch entsprechend technisch organisatorisch Maßnahme abdecken .	APPR APPRART ADJA NN VAFIN ART ADJA NN ART NN KON ART NN ART NN APPR ADJA ADJD ADJA NN VVIZU $.	
abdecken	VVIZU	1965	2	2532889X_1965-11-13_01_042.tcf.xml-46-32	 	Ausgehend von den Bedingungen der Landwirtschaft besteht die Verantwortung der Organe des Bauwesens in erster Linie darin, den Bedarf an Baumaterial, besonders an Betonfertigteilen, im Rahmen des Planes voll abzudecken, während die Organe der Landwirtschaft in wachsendem Umfange ihre Baumaßnahmen mit eigenen Kräften ausführen.	208:218	0:328	Ausgehend von den Bedingungen der Landwirtschaft besteht die Verantwortung der Organe des Bauwesens in erster Linie darin , den Bedarf an Baumaterial , besonders an Betonfertigteilen , im Rahmen des Planes voll abzudecken , während die Organe der Landwirtschaft in wachsendem Umfange ihre Baumaßnahmen mit eigenen Kräften ausführen .	32	0:49	ausgehend von d Bedingung d Landwirtschaft bestehen d Verantwortung d Organ d Bauwesen in erst Linie darin , d Bedarf an Baumaterial , besonders an Betonfertigteil , im Rahmen d Plan voll abdecken , während d Organ d Landwirtschaft in wachsend Umfang ihr Baumaßnahme mit eigen Kraft ausführen .	ADJD APPR ART NN ART NN VVFIN ART NN ART NN ART NN APPR ADJA NN PAV $, ART NN APPR NN $, ADV APPR NN $, APPRART NN ART NN ADJD VVIZU $, KOUS ART NN ART NN APPR ADJA NN PPOSAT NN APPR ADJA NN VVINF $.	
abdecken	VVPP	1966	2	2532889X_1966-02-13_01_235.tcf.xml-6-18	 	Bei der Limousine befinden sich die Glühlampen der Kennzeichenbeleuchtung im Kofferraum, und die Lichtaustrittsöffnungen sind mit kunststoffgläsern abgedeckt.	148:157	0:158	Bei der Limousine befinden sich die Glühlampen der Kennzeichenbeleuchtung im Kofferraum , und die Lichtaustrittsöffnungen sind mit kunststoffgläsern abgedeckt .	18	0:20	bei d Limousine befinden sich d Glühlampe d Kennzeichenbeleuchtung im Kofferraum , und d Lichtaustrittsöffnung sein mit kunststoffgläsern abdecken .	APPR ART NN VVFIN PRF ART NN ART NN APPRART NN $, KON ART NN VAFIN APPR ADJD VVPP $.	
abdecken	VVPP	1967	2	2532889X_1967-09-06_01_168.tcf.xml-11-39	 	Obwohl eine Reihe von Maßnahmen zur Zentralisierung ¦ von Steuermitteln. beim Bund und eine erhebliche Erhöhung vor allem bei den Massensteuern ' vorgesehen sind, rechnet man in Bonn mit folgenden Defiziten im Bundeshaushalt, die durch Anleihen abgedeckt werden müßten:?)	245:254	0:271	Obwohl eine Reihe von Maßnahmen zur Zentralisierung ¦ von Steuermitteln . beim Bund und eine erhebliche Erhöhung vor allem bei den Massensteuern ' vorgesehen sind , rechnet man in Bonn mit folgenden Defiziten im Bundeshaushalt , die durch Anleihen abgedeckt werden müßten : ? )	39	0:45	obwohl eine Reihe von Maßnahme zur Zentralisierung ¦ von Steuermittel . beim Bund und eine erheblich Erhöhung vor alle bei d Massensteuer ' vorsehen sein , rechnen man in Bonn mit folgend Defizit im Bundeshaushalt , die durch Anleihe abdecken werden müssen : ? )	KOUS ART NN APPR NN APPRART NN $( APPR NN $. APPRART NN KON ART ADJA NN APPR PIS APPR ART NN $( VVPP VAFIN $, VVFIN PIS APPR NE APPR ADJA NN APPRART NN $, PRELS APPR NN VVPP VAINF VMFIN $. $. $(	
abdecken	VVINF	1974	2	2532889X_1974-07-30_01_113.tcf.xml-14-25	 	Da das Wasserkraftwerk am Euphratdamm nach seiner planmäßigen Fertigstellung allein eine installierte Leistung von 1100 MW aufweisen wird — die den gesamten zu erwartenden Strombedarf abdecken könnte — und zudem ein neues Kraftwerk bei Hama entsteht, betrachtet die staatliche Elektrizitätsgesellschaft Syriens dieses Problem als so gut wie gelöst,	184:192	0:348	Da das Wasserkraftwerk am Euphratdamm nach seiner planmäßigen Fertigstellung allein eine installierte Leistung von 1100 MW aufweisen wird — die den gesamten zu erwartenden Strombedarf abdecken könnte — und zudem ein neues Kraftwerk bei Hama entsteht , betrachtet die staatliche Elektrizitätsgesellschaft Syriens dieses Problem als so gut wie gelöst ,	25	0:50	da d Wasserkraftwerk am Euphratdamm nach seine planmäßig Fertigstellung allein eine installiert Leistung von 1100 MW aufweisen werden — d d gesamt zu erwartend Strombedarf abdecken können — und zudem eine neu Kraftwerk bei Hama entstehen , betrachten d staatlich Elektrizitätsgesellschaft Syrien diese Problem als so gut wie lösen ,	KOUS ART NN APPRART NN APPR PPOSAT ADJA NN ADV ART ADJA NN APPR CARD NN VVINF VAFIN $( ART ART ADJA APPR ADJA NN VVINF VMFIN $( KON PAV ART ADJA NN APPR NE VVFIN $, VVFIN ART ADJA NN NE PDAT NN KOKOM ADV ADJD KOKOM VVPP $,	
abdecken	VVIZU	1975	2	2532889X_1975-10-25_01_181.tcf.xml-9-26	 	Da der Brustraum zu klein war, um das Herz aufzunehmen, entschlossen sich die Ärzte, das Organ mit Haut von der Brust des Kindes abzudecken.	129:139	0:140	Da der Brustraum zu klein war , um das Herz aufzunehmen , entschlossen sich die Ärzte , das Organ mit Haut von der Brust des Kindes abzudecken .	26	0:28	da d Brustraum zu klein sein , um d Herz aufnehmen , entschließen sich d Arzt , d Organ mit Haut von d Brust d Kind abdecken .	KOUS ART NN PTKA ADJD VAFIN $, KOUI ART NN VVIZU $, VVFIN PRF ART NN $, ART NN APPR NN APPR ART NN ART NN VVIZU $.	
abdecken	VVFIN	1980	2	2532889X_1980-12-03_01_045.tcf.xml-3-41	 	So war es zum Beispiel während des zweiten Weltkrieges, als die faschistischen Besatzer auf dem sowjetischen Territortum nicht einfach raubten und mordeten, und zwar in nie dagewesenen Dimensionen, sondern diesen Raub und Mord sorgfältig durch Verordnungen und Gesetze abdeckten.	269:278	0:279	So war es zum Beispiel während des zweiten Weltkrieges , als die faschistischen Besatzer auf dem sowjetischen Territortum nicht einfach raubten und mordeten , und zwar in nie dagewesenen Dimensionen , sondern diesen Raub und Mord sorgfältig durch Verordnungen und Gesetze abdeckten .	41	0:43	so sein es zum Beispiel während d zweit Weltkrieg , als d faschistisch Besatzer auf d sowjetisch Territortum nicht einfach rauben und morden , und zwar in nie dagewesen Dimension , sondern diese Raub und Mord sorgfältig durch Verordnung und Gesetz abdecken .	ADV VAFIN PPER APPRART NN APPR ART ADJA NN $, KOUS ART ADJA NN APPR ART ADJA NN PTKNEG ADJD VVFIN KON VVFIN $, KON ADV APPR ADV ADJA NN $, KON PDAT NN KON NN ADJD APPR NN KON NN VVFIN $.	
abdecken	VVPP	1984	2	2532889X_1984-01-05_01_103.tcf.xml-24-11	 	Allein 50 Prozent der gesamten Butterproduktion der MVR wird durch Yaks abgedeckt.	72:81	0:82	Allein 50 Prozent der gesamten Butterproduktion der MVR wird durch Yaks abgedeckt .	11	0:13	allein 50 Prozent d gesamt Butterproduktion d MVR werden durch Yak abdecken .	ADV CARD NN ART ADJA NN ART NE VAFIN APPR NN VVPP $.	
abdecken	VVPP	1948	2	26120215_1948_10_07_01_023.tcf.xml-7-19	 	brücke" aufzunehmen, und erklärt, daß die Kosten der „Luftbrücke" mit diesen illegalen Steuern teilweise abgedeckt werden sollen.	105:114	0:129	brücke " aufzunehmen , und erklärt , daß die Kosten der „ Luftbrücke " mit diesen illegalen Steuern teilweise abgedeckt werden sollen .	19	0:23	Brücke " aufnehmen , und erklären , daß d Kosten d „ Luftbrücke " mit diese inlegal Steuer teilweise abdecken werden sollen .	NE $( VVIZU $, KON VVFIN $, KOUS ART NN ART $( NN $( APPR PDAT ADJA NN ADV VVPP VAINF VMFIN $.	
abdecken	VVINF	1959	2	26120215_1959_04_01_01_224.tcf.xml-5-11	 	„In erster Linie müssen wir in Neukölln die lange Sektorengrenze abdecken.	65:73	0:74	„ In erster Linie müssen wir in Neukölln die lange Sektorengrenze abdecken .	11	0:13	„ in erst Linie müssen wir in Neukölln d lang Sektorengrenze abdecken .	$( APPR ADJA NN VMFIN PPER APPR NE ART ADJA NN VVINF $.	
abdecken	VVIZU	1960	2	26120215_1960_06_26_01_343.tcf.xml-20-8	 	die Obstbäume gespritzt werden, ist der Kasten abzudecken damit keine Spritzbrühe in das Innere hineintropfen kann.	47:57	0:115	die Obstbäume gespritzt werden , ist der Kasten abzudecken damit keine Spritzbrühe in das Innere hineintropfen kann .	8	0:18	d Obstbaum spritzen werden , sein d Kasten abdecken damit keine Spritzbrühe in d Innere hineintropfen können .	ART NN VVPP VAINF $, VAFIN ART NN VVIZU PAV PIAT NN APPR ART NN VVINF VMFIN $.	
abdecken	VVIZU	1960	2	26120215_1960_07_17_01_533.tcf.xml-19-26	 	Dann erläuterte er binnen einer einzigen Stunde, daß der Betriebskonsum es hin und wieder verabsäumt habe, die am Seiteneingang des Ladens stehenden Heringsfässer sorgsam abzudecken.	171:181	0:182	Dann erläuterte er binnen einer einzigen Stunde , daß der Betriebskonsum es hin und wieder verabsäumt habe , die am Seiteneingang des Ladens stehenden Heringsfässer sorgsam abzudecken .	26	0:28	dann erläutern er binnen eine einzig Stunde , daß d Betriebskonsum es hin und wieder verabsäumen haben , die am Seiteneingang d Laden stehend Heringsfaß sorgsam abdecken .	ADV VVFIN PPER APPR ART ADJA NN $, KOUS ART NN PPER ADV KON ADV VVPP VAFIN $, PRELS APPRART NN ART NN ADJA NN ADJD VVIZU $.	
abdecken	VVPP	1963	2	26120215_1963_10_03_01_130.tcf.xml-21-10	 	Ein Teil dieses Defizits mußte und muß nämlich in Gold abgedeckt werden.	55:64	0:72	Ein Teil dieses Defizits mußte und muß nämlich in Gold abgedeckt werden .	10	0:13	eine Teil diese Defizit müssen und müssen nämlich in Gold abdecken werden .	ART NN PDAT NN VMFIN KON VMFIN ADV APPR NN VVPP VAINF $.	
abdecken	VVPP	1966	2	26120215_1966_05_07_01_285.tcf.xml-15-13	 	So wurde in der Metzer Straße 5 (Prenzlauer Berg) ein Notdach abgedeckt, das auf die Straße zu stürzen drohte.	62:71	0:110	So wurde in der Metzer Straße 5 ( Prenzlauer Berg ) ein Notdach abgedeckt , das auf die Straße zu stürzen drohte .	13	0:23	so werden in d Metzer Straße 5 ( Prenzlauer Berg ) eine Notdach abdecken , die auf d Straße zu stürzen drohen .	ADV VAFIN APPR ART NN NN CARD $( NN NN $( ART NN VVPP $, PRELS APPR ART NN PTKZU VVINF VVFIN $.	
abdecken	VVIZU	1967	2	26120215_1967_06_17_01_056.tcf.xml-9-32	 	Die auf Grund der Einführung des Mindesturlaubs von 15 Tagen und der Verkürzung der wöchentlichen Arbeitszeit ausfallenden Stunden sind unverzüglich durch zusätzliche Festlegungen in den TOM-Plänen (Technisch-organisatorische Maßnahmen) termingemäß hundertprozentig abzudecken.	266:276	0:277	Die auf Grund der Einführung des Mindesturlaubs von 15 Tagen und der Verkürzung der wöchentlichen Arbeitszeit ausfallenden Stunden sind unverzüglich durch zusätzliche Festlegungen in den TOM-Plänen ( Technisch-organisatorische Maßnahmen ) termingemäß hundertprozentig abzudecken .	32	0:34	d auf Grund d Einführung d Mindesturlaub von 15 Tag und d Verkürzung d wöchentlich Arbeitszeit ausfallend Stunde sein unverzüglich durch zusätzlich Festlegung in d Tom-Plan ( technisch-organisatorisch Maßnahme ) termingemäß hundertprozentig abdecken .	ART APPR NN ART NN ART NN APPR CARD NN KON ART NN ART ADJA NN ADJA NN VAFIN ADJD APPR ADJA NN APPR ART NN $( ADJA NN $( ADJD ADJD VVIZU $.	
abdecken	VVIZU	1971	2	26120215_1971_04_18_01_468.tcf.xml-8-12	 	Um die Jungpflanzen vor Frösten zu schützen, sind sie mit Frostschutzhauben abzudecken.	76:86	0:87	Um die Jungpflanzen vor Frösten zu schützen , sind sie mit Frostschutzhauben abzudecken .	12	0:14	um d Jungpflanze vor Frost zu schützen , sein sie mit Frostschutzhaube abdecken .	KOUI ART NN APPR NN PTKZU VVINF $, VAFIN PPER APPR NN VVIZU $.	
abdecken	VVIZU	1978	2	26120215_1978_03_18_01_155.tcf.xml-9-13	 	Diese Investition ist auch notwendig, um den beträchtlich gestiegenen Bedarf an Eisenerz abzudecken, der durch die Erweiterung der Kapazität der Hüttenwerke in Katowice entstanden ist.	89:99	0:184	Diese Investition ist auch notwendig , um den beträchtlich gestiegenen Bedarf an Eisenerz abzudecken , der durch die Erweiterung der Kapazität der Hüttenwerke in Katowice entstanden ist .	13	0:28	diese Investition sein auch notwendig , um d beträchtlich gesteigen Bedarf an Eisenerz abdecken , die durch d Erweiterung d Kapazität d Hüttenwerk in Katowice entstehen sein .	PDAT NN VAFIN ADV ADJD $, KOUI ART ADJD ADJA NN APPR NN VVIZU $, PRELS APPR ART NN ART NN ART NN APPR NE VVPP VAFIN $.	
abdecken	VVPP	1979	2	26120215_1979_05_26_01_341.tcf.xml-15-24	 	Setzt man in den Kasten noch zwei zwergförmige Nadellgehölze, kann man interessante Vegetationsbilder erzielen, im Winter sollte eine solche Bepflanzung mit Nadelgehölzreisig abgedeckt werden.	175:184	0:192	Setzt man in den Kasten noch zwei zwergförmige Nadellgehölze , kann man interessante Vegetationsbilder erzielen , im Winter sollte eine solche Bepflanzung mit Nadelgehölzreisig abgedeckt werden .	24	0:27	setzen man in d Kasten noch zwei zwergförmig Nadellegehölz , können man interessant Vegetationsbild erzielen , im Winter sollen eine solch Bepflanzung mit Nadelgehölzreisig abdecken werden .	VVFIN PIS APPR ART NN ADV CARD ADJA NN $, VMFIN PIS ADJA NN VVINF $, APPRART NN VMFIN ART PIAT NN APPR NN VVPP VAINF $.	
abdecken	VVINF	1984	2	26120215_1984_06_19_01_036.tcf.xml-17-20	 	Die restlichen 15 Prozent wollen wir durch die Übernahme von Kooperationsleistungen für andere Berliner Betriebe im Rahmen der territorialen Rationalisierung abdecken.	158:166	0:167	Die restlichen 15 Prozent wollen wir durch die Übernahme von Kooperationsleistungen für andere Berliner Betriebe im Rahmen der territorialen Rationalisierung abdecken .	20	0:22	d restlich 15 Prozent wollen wir durch d Übernahme von Kooperationsleistung für ander berliner Betrieb im Rahmen d territorial Rationalisierung abdecken .	ART ADJA CARD NN VMFIN PPER APPR ART NN APPR NN APPR ADJA ADJA NN APPRART NN ART ADJA NN VVINF $.	
abdecken	VVIZU	1985	2	26120215_1985_06_08_01_028.tcf.xml-6-31	 	Zu Recht konzentriert Ihr Eure Kräfte darauf, die Bedürfnisse des Berufs-, Schüler-und Reiseverkehrs immer besser zu befriedigen und die Transportanforderungen der Volkswirtschaft in zunehmendem Maße zeit-und qualitätsgerecht abzudecken.	226:236	0:237	Zu Recht konzentriert Ihr Eure Kräfte darauf , die Bedürfnisse des Berufs- , Schüler- und Reiseverkehrs immer besser zu befriedigen und die Transportanforderungen der Volkswirtschaft in zunehmendem Maße zeit- und qualitätsgerecht abzudecken .	31	0:33	zu Recht konzentrieren sie euer Kraft darauf , d Bedürfnis d berufs- , schüler- und Reiseverkehr immer gut zu befriedigen und d Transportanforderung d Volkswirtschaft in zunehmend Maß zeit- und qualitätsgerecht abdecken .	APPR NN VVFIN PPER PPOSAT NN PAV $, ART NN ART TRUNC $, TRUNC KON NN ADV ADJD PTKZU VVINF KON ART NN ART NN APPR ADJA NN TRUNC KON ADJD VVIZU $.	
abdecken	VVPP	1988	2	26120215_1988_07_06_01_125.tcf.xml-3-19	 	In verschiedenen Kreisen des Bezirkes Karl-Marx-Stadt wurden bei einem von heftigen Sturmböen begleiteten Gewitter Bäume entwurzelt und Häuserdächer abgedeckt.	149:158	0:159	In verschiedenen Kreisen des Bezirkes Karl-Marx- Stadt wurden bei einem von heftigen Sturmböen begleiteten Gewitter Bäume entwurzelt und Häuserdächer abgedeckt .	19	0:21	in verschieden Kreis d Bezirk karl-marx- Stadt werden bei eine von heftig Sturmböe begleiten Gewitter Baum entwurzeln und Hauserdach abdecken .	APPR ADJA NN ART NN TRUNC NN VAFIN APPR ART APPR ADJA NN VVFIN NN NN VVPP KON NN VVPP $.	
abdecken	VVINF	1990	2	26120215_1990_05_03_01_342.tcf.xml-390-28	 	Soweit in der (Renten-, Kranken-, Unfall-und) Arbeitslosenversicherung der Deutschen Demokratischen Republik in einer Übergangszeit die Beitragseinnahmen die Ausgaben für die Leistungen nicht voll abdecken, leistet die Bundesrepublik Deutschland an die Deutsche Demokratische Republik eine vorübergehende Anschubfinanzierung im Rahmen der nach Kapitel V Artikel 3 zugesagten Haushaltshilfe.	197:205	0:390	Soweit in der ( Renten- , Kranken- , Unfall- und ) Arbeitslosenversicherung der Deutschen Demokratischen Republik in einer Übergangszeit die Beitragseinnahmen die Ausgaben für die Leistungen nicht voll abdecken , leistet die Bundesrepublik Deutschland an die Deutsche Demokratische Republik eine vorübergehende Anschubfinanzierung im Rahmen der nach Kapitel V Artikel 3 zugesagten Haushaltshilfe .	28	0:53	soweit in d ( renten- , kranken- , unfall- und ) Arbeitslosenversicherung d deutsch demokratisch Republik in eine Übergangszeit d Beitragseinnahme d Ausgabe für d Leistung nicht voll abdecken , leisten d Bundesrepublik Deutschland an d deutsch demokratisch Republik eine vorübergehend Anschubfinanzierung im Rahmen d nach Kapitel v Artikel 3 zugesagt Haushaltshilfe .	KOUS APPR ART $( TRUNC $, TRUNC $, TRUNC KON $( NN ART ADJA ADJA NN APPR ART NN ART NN ART NN APPR ART NN PTKNEG ADJD VVINF $, VVFIN ART NN NE APPR ART ADJA ADJA NN ART ADJA NN APPRART NN ART APPR NN CARD NN CARD ADJA NN $.	
abdecken	VVPP	1897	1	beck_eisen03_1897-10544-29	 	Die Herdgrube wurde vielmehr aus feuchter Stübbe, ähnlich wie ein Garherd, geschlagen und die Seitenwände nur zum Schutz gegen das Einwerfen der Beschickung oben mit eisernen Platten abgedeckt.	183:192	0:193	Die Herdgrube wurde vielmehr aus feuchter Stübbe , ähnlich wie ein Garherd , geschlagen und die Seitenwände nur zum Schutz gegen das Einwerfen der Beschickung oben mit eisernen Platten abgedeckt .	29	0:31	d Herdgrube werden vielmehr aus feucht Stübbe , ähnlich wie eine Garherd , schlagen und d Seitenwand nur zum Schutz gegen d Einwerfen d Beschickung oben mit eisern Platte abdecken .	ART NN VAFIN ADV APPR ADJA NN $, ADJD KOKOM ART NN $, VVPP KON ART NN ADV APPRART NN APPR ART NN ART NN ADV APPR ADJA NN VVPP $.	Die Herdgrube wurde vielmehr aus feuchter Stübbe , ähnlich wie ein Garherd , geschlagen und die Seitenwände nur zum Schutz gegen das Einwerfen der Beschickung oben mit eisernen Platten abgedeckt .
abdecken	VVPP	1844	1	dickens_weihnachtsabend_1844-903-11	 	Endlich waren sie mit dem Essen fertig, der Tisch war abgedeckt, der Heerd gekehrt und das Feuer aufgeschürt.	54:63	0:109	Endlich waren sie mit dem Essen fertig , der Tisch war abgedeckt , der Heerd gekehrt und das Feuer aufgeschürt .	11	0:21	endlich sein sie mit d Essen fertig , d Tisch sein abdecken , d Herd kehren und d Feuer aufschüren .	ADV VAFIN PPER APPR ART NN ADJD $, ART NN VAFIN VVPP $, ART NN VVPP KON ART NN VVPP $.	Endlich waren sie mit dem Essen fertig , der Tisch war abgedeckt , der Herd gekehrt und das Feuer aufgeschürt .
abdecken	VVPP	1811	1	goethe_leben01_1811-2459-6	 	In einem Nu war die Hütte abgedeckt, und einzelne Menschen hingen an Sparren und Balken, um auch diese aus den Fugen zu reißen; ja manche schwebten noch oben herum, als schon unten die Pfosten abgesägt waren, das Gerippe hin-und wiederschwankte und jähen Einsturz drohte.	26:35	0:271	In einem Nu war die Huͤtte abgedeckt , und einzelne Menſchen hingen an Sparren und Balken , um auch dieſe aus den Fugen zu reißen ; ja manche ſchwebten noch oben herum , als ſchon unten die Pfoſten abgeſaͤgt waren , das Gerippe hin- und wiederſchwankte und jaͤhen Einſturz drohte .	6	0:51	in eine nun sein d Hütte abdecken , und einzeln Mensch hangen an Sparren und Balken , um auch diese aus d Fuge zu reissen ; ja manche schweben noch oben herum , als schon unten d Pfosten absägen sein , d Gerippe hin- und wiederschwanken und jäh Einsturz drohen .	APPR ART ADV VAFIN ART NN VVPP $, KON ADJA NN VVFIN APPR NN KON NN $, KOUI ADV PDAT APPR ART NN PTKZU VVINF $. ADV PIS VVFIN ADV ADV PTKVZ $, KOKOM ADV ADV ART NN VVPP VAFIN $, ART NN TRUNC KON VVFIN KON ADJA NN VVFIN $.	In einem Nun war die Hütte abgedeckt , und einzelne Menschen hingen an Sparren und Balken , um auch diese aus den Fugen zu reißen ; ja manche schwebten noch oben herum , als schon unten die Pfosten abgesägt waren , das Gerippe hin- und wiederschwankte und jähen Einsturz drohte .
abdecken	VVFIN	1837	1	grimm_maerchen02_1837-2514-36	 	Woner de so ordele gredt het, so dänke d’ Törhüeter de chönn nid lüge, und lönde ine, und se händ au rächt gha, denn wo der Hans si Chratte vor em Chönig abdeckt, so sind goldgäle Öpfel füre cho.	154:161	0:195	Woner de so ordele gredt het , so daͤnke d’ Toͤrhuͤeter de choͤnn nid luͤge , und loͤnde ine , und se haͤnd au raͤcht gha , denn wo der Hans si Chratte vor em Choͤnig abdeckt , so sind goldgaͤle Öpfel fuͤre cho .	36	0:45	Wohner De so Ordele gereden haben , so denken D' Torhüter De Chönn Nid lügen , und Lönde inne , und se Hand Au rächen Gha , denn wo d Hans Si Kratt vor em König abdecken , so sein Goldgäle Öpfel führen Cho .	NE NE ADV NE VVPP VAFIN $, ADV VVFIN NE NN NE NE NE VVFIN $, KON NE PTKVZ $, KON FM NN NE VVFIN NE $, KON PWAV ART NE NE NN APPR XY NE VVFIN $, ADV VAFIN NE NE VVFIN NE $.	Wohner de so ordele geredet hat , so denke d' Torhüter de chönn nid lüge , und lönde inne , und se Hände au rächt gha , denn wo der Hans si Kratte vor em König abdeckt , so sind goldgäle Öpfel führe cho .
abdecken	VVFIN	1843	1	grimm_maerchen02_1843-2690-36	 	Woner de so ordele gredt het, so dänke d’ Thörhüeter de chönn nid lüge, und lönde ine, und se händ au rächt gha, denn wo der Hans si Chratte vor em Chönig abdeckt, so sind goldgäle Öpfel füre cho.	155:162	0:196	Woner de so ordele gredt het , so dänke d’ Thörhüeter de chönn nid lüge , und lönde ine , und se händ au rächt gha , denn wo der Hans si Chratte vor em Chönig abdeckt , so sind goldgäle Öpfel füre cho .	36	0:45	Wohner De so Ordele gereden haben , so denken D' Torhüter De Chönn Nid lügen , und Lönde inne , und se Hand Au rächen Gha , denn wo d Hans Si Kratt vor em König abdecken , so sein Goldgäle Öpfel führen Cho .	NE NE ADV NE VVPP VAFIN $, ADV VVFIN NE NN NE NE NE VVFIN $, KON NE PTKVZ $, KON FM NN NE VVFIN NE $, KON PWAV ART NE NE NN APPR XY NE VVFIN $, ADV VAFIN NE NE VVFIN NE $.	Wohner de so ordele geredet hat , so denke d' Torhüter de chönn nid lüge , und lönde inne , und se Hände au rächt gha , denn wo der Hans si Kratte vor em König abdeckt , so sind goldgäle Öpfel führe cho .
abdecken	VVFIN	1850	1	grimm_maerchen02_1850-3047-35	 	Woner de so ordele gredt het, so dänke d’ Thörhüeter de chönn nid lüge und lönde ine, und se händ au rächt gha, denn wo der Hans si Chratte vor em Chönig abdeckt, so sind goldgäle Öpfel füre cho.	154:161	0:195	Woner de so ordele gredt het , so dänke d’ Thörhüeter de chönn nid lüge und lönde ine , und se händ au rächt gha , denn wo der Hans si Chratte vor em Chönig abdeckt , so sind goldgäle Öpfel füre cho .	35	0:44	Wohner De so Ordele gereden haben , so denken D' Torhüter De Chönn Nid lügen und Lönde inne , und se Hand Au rächen Gha , denn wo d Hans Si Kratt vor em König abdecken , so sein Goldgäle Öpfel führen Cho .	NE NE ADV NE VVPP VAFIN $, ADV VVFIN NE NN NE NE NE VVFIN KON NE PTKVZ $, KON FM NN NE VVFIN NE $, KON PWAV ART NE NE NN APPR XY NE VVFIN $, ADV VAFIN NE NE VVFIN NE $.	Wohner de so ordele geredet hat , so denke d' Torhüter de chönn nid lüge und lönde inne , und se Hände au rächt gha , denn wo der Hans si Kratte vor em König abdeckt , so sind goldgäle Öpfel führe cho .
abdecken	VVFIN	1857	1	grimm_maerchen02_1857-3091-35	 	Woner de so ordele gredt het, so dänke d’ Thörhüeter de chönn nid lüge und lönde ine, und se händ au rächt gha, denn wo der Hans si Chratte vor em Chönig abdeckt, so sind goldgäle Öpfel füre cho.	154:161	0:195	Woner de so ordele gredt het , so dänke d’ Thörhüeter de chönn nid lüge und lönde ine , und se händ au rächt gha , denn wo der Hans si Chratte vor em Chönig abdeckt , so sind goldgäle Öpfel füre cho .	35	0:44	Wohner De so Ordele gereden haben , so denken D' Torhüter De Chönn Nid lügen und Lönde inne , und se Hand Au rächen Gha , denn wo d Hans Si Kratt vor em König abdecken , so sein Goldgäle Öpfel führen Cho .	NE NE ADV NE VVPP VAFIN $, ADV VVFIN NE NN NE NE NE VVFIN KON NE PTKVZ $, KON FM NN NE VVFIN NE $, KON PWAV ART NE NE NN APPR XY NE VVFIN $, ADV VAFIN NE NE VVFIN NE $.	Wohner de so ordele geredet hat , so denke d' Torhüter de chönn nid lüge und lönde inne , und se Hände au rächt gha , denn wo der Hans si Kratte vor em König abdeckt , so sind goldgäle Öpfel führe cho .
abdecken	VVPP	1899	1	hauptmann_henschel_1899-268-9	 	’s Kerchdach unda eim Niederdurfe hot ’s glee halb abgedeckt, sprecha de Leute.	51:60	0:79	’s Kerchdach unda eim Niederdurfe hot ’s glee halb abgedeckt , ſprecha de Leute .	9	0:15	es Kerchdach Unda eine Niederdurfe haben es Gelee halb abdecken , sprechen De Leute .	PPER NE NE ART NN VAFIN PPER NN ADJD VVPP $, VVFIN NE NN $.	es Kerchdach unda einem Niederdurfe hat es Gelee halb abgedeckt , spreche de Leute .
abdecken	VVINF	1839	1	immermann_muenchhausen04_1839-342-16	 	denn es liegt wohl versteckt, tief versteckt, und das Dach wird er darnach nicht abdecken lassen — nun will ich auch mein Recht erleiden, wie Recht ist, sagte er hinter seiner Wallhecke.	81:89	0:186	denn es liegt wohl verſteckt , tief verſteckt , und das Dach wird er darnach nicht abdecken laſſen — nun will ich auch mein Recht erleiden , wie Recht iſt , ſagte er hinter ſeiner Wallhecke .	16	0:37	denn es liegen wohl verstecken , tief verstecken , und d Dach werden er danach nicht abdecken lassen -- nun wollen ich auch mein Recht erleiden , wie Recht sein , sagen er hinter seine Wallhecke .	KON PPER VVFIN ADV VVPP $, ADJD VVPP $, KON ART NN VAFIN PPER PAV PTKNEG VVINF VVINF $( ADV VMFIN PPER ADV PPOSAT NN VVINF $, PWAV NN VAFIN $, VVFIN PPER APPR PPOSAT NN $.	denn es liegt wohl versteckt , tief versteckt , und das Dach wird er danach nicht abdecken lassen -- nun will ich auch mein Recht erleiden , wie Recht ist , sagte er hinter seiner Wallhecke .
abdecken	VVFIN	1884	1	ledebur_eisenhuettenkunde_1884-14941-36	 	Die Blöcke kann man, wie es bei den beiden in Fig. 292 linksseitig gezeichneten Blöcken geschehen ist, mit einem aus feuerfestem Materiale hergestellten Deckel, welcher eben noch willig in die Grube hineinpasst, abdecken, um den Kopf wärmer zu halten; unbedingt nothwendig ist jedoch dieses Verfahren nicht.	212:220	0:307	Die Blöcke kann man , wie es bei den beiden in Fig. 292 linksseitig gezeichneten Blöcken geschehen ist , mit einem aus feuerfestem Materiale hergestellten Deckel , welcher eben noch willig in die Grube hineinpasst , abdecken , um den Kopf wärmer zu halten ; unbedingt nothwendig ist jedoch dieses Verfahren nicht .	36	0:53	d Block können man , wie es bei d beide in Fig. 292 linksseitig gezeichnet Block geschehen sein , mit eine aus feuerfest Materiale hergestellt Deckel , welche eben noch willig in d Grube hineinpassen , abdecken , um d Kopf warm zu halten ; unbedingt notwendig sein jedoch diese Verfahren nicht .	ART NN VMFIN PIS $, PWAV PPER APPR ART PIAT APPR NN CARD ADJD ADJA NN VVPP VAFIN $, APPR ART APPR ADJA NN ADJA NN $, PRELS ADV ADV ADJD APPR ART NN VVFIN $, VVFIN $, KOUI ART NN ADJD PTKZU VVINF $. ADV ADJD VAFIN ADV PDAT NN PTKNEG $.	Die Blöcke kann man , wie es bei den beiden in Fig. 292 linksseitig gezeichneten Blöcken geschehen ist , mit einem aus feuerfestem Materiale hergestellten Deckel , welcher eben noch willig in die Grube hineinpasst , abdecken , um den Kopf wärmer zu halten ; unbedingt notwendig ist jedoch dieses Verfahren nicht .
abdecken	VVPP	1884	1	ledebur_eisenhuettenkunde_1884-5694-22	 	Hier sind sechs Oeffnungen o o für ebenso viele Windformen angebracht; p ist eine siebente Oeffnung, welche durch den Tümpel abgedeckt und vorn durch den Wallstein geschlossen wird (offene Brust).	125:134	0:196	Hier sind sechs Oeffnungen o o für ebenso viele Windformen angebracht ; p ist eine siebente Oeffnung , welche durch den Tümpel abgedeckt und vorn durch den Wallstein geschlossen wird ( offene Brust ) .	22	0:35	hier sein sechs Öffnung o o für ebenso viel Windform anbringen ; p sein eine siebent Öffnung , welche durch d Tümpel abdecken und vorn durch d Wallstein schließen werden ( offen Brust ) .	ADV VAFIN CARD NN FM FM APPR ADV PIAT NN VVPP $. XY VAFIN ART ADJA NN $, PRELS APPR ART NN VVPP KON ADV APPR ART NN VVPP VAFIN $( ADJA NN $( $.	Hier sind sechs Öffnungen o o für ebenso viele Windformen angebracht ; p ist eine siebente Öffnung , welche durch den Tümpel abgedeckt und vorn durch den Wallstein geschlossen wird ( offene Brust ) .
abdecken	VVPP	1884	1	ledebur_eisenhuettenkunde_1884-5861-14	 	Sämmtliche Kanäle, soweit der Bodenstein sich erstreckt, wurden nun durch eiserne Platten abgedeckt, auf diese kam gewöhnlich eine Sandschicht (o in Fig. 91), welche äusserlich durch Mauerwerk begrenzt wurde, und auf die Sandschicht wurde nun erst der Bodenstein gelegt.	90:99	0:270	Sämmtliche Kanäle , soweit der Bodenstein sich erstreckt , wurden nun durch eiserne Platten abgedeckt , auf diese kam gewöhnlich eine Sandschicht ( o in Fig. 91 ) , welche äusserlich durch Mauerwerk begrenzt wurde , und auf die Sandschicht wurde nun erst der Bodenstein gelegt .	14	0:47	sämtliche Kanal , soweit d Bodenstein sich erstrecken , werden nun durch eisern Platte abdecken , auf diese kommen gewöhnlich eine Sandschicht ( o in Fig. 91 ) , welche äußerlich durch Mauerwerk begrenzen werden , und auf d Sandschicht werden nun erst d Bodenstein legen .	PIAT NN $, KOUS ART NN PRF VVFIN $, VAFIN ADV APPR ADJA NN VVPP $, APPR PDS VVFIN ADJD ART NN $( FM APPR NE CARD $( $, PRELS ADJD APPR NN VVPP VAFIN $, KON APPR ART NN VAFIN ADV ADV ART NN VVPP $.	Sämtliche Kanäle , soweit der Bodenstein sich erstreckt , wurden nun durch eiserne Platten abgedeckt , auf diese kam gewöhnlich eine Sandschicht ( o in Fig. 91 ) , welche äußerlich durch Mauerwerk begrenzt wurde , und auf die Sandschicht wurde nun erst der Bodenstein gelegt .
abdecken	VVPP	1884	1	ledebur_eisenhuettenkunde_1884-5998-32	 	Für das Einsetzen der Schlackenform wird im Mauerwerk des Gestelles zunächst eine entsprechend grosse (gewöhnlich 70 cm hohe, 50 cm breite) Oeffnung ausgespart und oben mit Eisenplatten C C abgedeckt.	190:199	0:200	Für das Einsetzen der Schlackenform wird im Mauerwerk des Gestelles zunächst eine entsprechend grosse ( gewöhnlich 70 cm hohe , 50 cm breite ) Oeffnung ausgespart und oben mit Eisenplatten C C abgedeckt .	32	0:34	für d Einsetzen d Schlackenform werden im Mauerwerk d Gestelle zunächst eine entsprechend groß ( gewöhnlich 70 Cm hoch , 50 Cm breit ) Öffnung aussparen und oben mit Eisenplatte C C abdecken .	APPR ART NN ART NN VAFIN APPRART NN ART NN ADV ART ADJD ADJA $( ADJD CARD NN ADJA $, CARD NN ADJA $( NN VVPP KON ADV APPR NN NE NE VVPP $.	Für das Einsetzen der Schlackenform wird im Mauerwerk des Gestelles zunächst eine entsprechend große ( gewöhnlich 70 cm hohe , 50 cm breite ) Öffnung ausgespart und oben mit Eisenplatten C C abgedeckt .
abdecken	VVIZU	1884	1	ledebur_eisenhuettenkunde_1884-6299-15	 	Man hatte nur nöthig, sie mit eisernen Platten als Schutz gegen Nässe und Beschädigungen abzudecken und rings herum mit einer etwa 3 m hohen Wand einzufassen, um den Gichtarbeitern einen Schutz gegen Sturm zu gewähren.	89:99	0:218	Man hatte nur nöthig , sie mit eisernen Platten als Schutz gegen Nässe und Beschädigungen abzudecken und rings herum mit einer etwa 3 m hohen Wand einzufassen , um den Gichtarbeitern einen Schutz gegen Sturm zu gewähren .	15	0:38	man haben nur nötig , sie mit eisern Platte als Schutz gegen Nässe und Beschädigung abdecken und rings herum mit eine etwa 3 M hoch Wand einfassen , um d Gichtarbeiter eine Schutz gegen Sturm zu gewähren .	PIS VAFIN ADV ADJD $, PPER APPR ADJA NN KOKOM NN APPR NN KON NN VVIZU KON ADV APZR APPR ART ADV CARD NN ADJA NN VVIZU $, KOUI ART NN ART NN APPR NN PTKZU VVINF $.	Man hatte nur nötig , sie mit eisernen Platten als Schutz gegen Nässe und Beschädigungen abzudecken und rings herum mit einer etwa 3 m hohen Wand einzufassen , um den Gichtarbeitern einen Schutz gegen Sturm zu gewähren .
abdecken	VVPP	1884	1	ledebur_eisenhuettenkunde_1884-6302-29	 	Die benachbarten Consolen werden durch aufgeschraubte Schmiedeeisenträger verbunden, zwischen welchen nach Erforderniss wieder kürzere Querstücke eingeschaltet werden können; schliesslich wird das ganze Trägernetz mit aufgeschraubten gerippten Eisenblechen abgedeckt.	257:266	0:267	Die benachbarten Consolen werden durch aufgeschraubte Schmiedeeisenträger verbunden , zwischen welchen nach Erforderniss wieder kürzere Querstücke eingeschaltet werden können ; schliesslich wird das ganze Trägernetz mit aufgeschraubten gerippten Eisenblechen abgedeckt .	29	0:31	d benachbart Konsole werden durch aufgeschraubt Schmiedeeisenträger verbinden , zwischen welchen nach Erfordernis wieder kurz Querstück einschalten werden können ; schließlich werden d ganz Trägernetz mit aufgeschraubt gerippt Eisenblech abdecken .	ART ADJA NN VAFIN APPR ADJA NN VVPP $, APPR PWAT APPR NN ADV ADJA NN VVPP VAINF VMFIN $. ADV VAFIN ART ADJA NN APPR ADJA ADJA NN VVPP $.	Die benachbarten Konsolen werden durch aufgeschraubte Schmiedeeisenträger verbunden , zwischen welchen nach Erfordernis wieder kürzere Querstücke eingeschaltet werden können ; schließlich wird das ganze Trägernetz mit aufgeschraubten gerippten Eisenblechen abgedeckt .
abdecken	VVPP	1847	1	menzel_maurer_1847-4284-5	 	Sollen sie aber mit Dachsteinen abgedeckt werden, so betrachtet man sie als besondere kleine Dächer, und es ist dann alles dabei zu beobachten, was wir bisher bei der Eindeckung großer Dachflächen gesagt haben.	32:41	0:210	Sollen ſie aber mit Dachſteinen abgedeckt werden , ſo betrachtet man ſie als beſondere kleine Dächer , und es iſt dann alles dabei zu beobachten , was wir bisher bei der Eindeckung großer Dachflächen geſagt haben .	5	0:37	sollen sie aber mit Dachstein abdecken werden , so betrachten man sie als besondere klein Dach , und es sein dann alle dabei zu beobachten , was wir bisher bei d Eindeckung groß Dachfläche sagen haben .	VMFIN PPER ADV APPR NN VVPP VAINF $, ADV VVFIN PIS PPER KOKOM ADJA ADJA NN $, KON PPER VAFIN ADV PIS PAV PTKZU VVINF $, PWS PPER ADV APPR ART NN ADJA NN VVPP VAINF $.	Sollen sie aber mit Dachsteinen abgedeckt werden , so betrachtet man sie als besondere kleine Dächer , und es ist dann alles dabei zu beobachten , was wir bisher bei der Eindeckung großer Dachflächen gesagt haben .
abdecken	VVINF	1898	1	munzinger_japaner_1898-448-4	 	„Wozu erst Häuser abdecken und sich Flügel wachsen lassen, wo man doch einfach per pedes durch die Hausthür kann?	18:26	0:113	„ Wozu erſt Häuſer abdecken und ſich Flügel wachſen laſſen , wo man doch einfach per pedes durch die Hausthür kann ?	4	0:22	" wozu erst Haus abdecken und sich Flügel wachsen lassen , wo man doch einfach per pedes durch d Haustür können ?	$( PWAV ADV NN VVINF KON PRF NN VVINF VVINF $, PWAV PIS ADV ADV APPR FM APPR ART NN VMFIN $.	" Wozu erst Häuser abdecken und sich Flügel wachsen lassen , wo man doch einfach per pedes durch die Haustür kann ?
abdecken	VVPP	1886	1	nn_maehrisches71_1886-490-16	 	Die Demolirung des „gelben Hauses“ am Stadterweiterungsplatze schreitet vorwärts und wurde bereits der Dachstuhl abgedeckt.	113:122	0:123	Die Demolirung des „ gelben Hauſes “ am Stadterweiterungsplatze ſchreitet vorwärts und wurde bereits der Dachſtuhl abgedeckt .	16	0:18	d Demolierung d " gelb Haus " am Stadterweiterungsplatz schreiten vorwärts und werden bereits d Dachstuhl abdecken .	ART NN ART $( ADJA NN $( APPRART NN VVFIN PTKVZ KON VAFIN ADV ART NN VVPP $.	Die Demolierung des " gelben Hauses " am Stadterweiterungsplatze schreitet vorwärts und wurde bereits der Dachstuhl abgedeckt .
abdecken	VVPP	1848	1	nn_nrhz296_1849-189-4	 	Die vier Löwen sind abgedeckt, und man hat Vitriol auf das Militär hinabgegossen.	20:29	0:81	Die vier Löwen sind abgedeckt , und man hat Vitriol auf das Militär hinabgegossen .	4	0:15	d vier Löwe sein abdecken , und man haben Vitriol auf d Militär hinabgießen .	ART CARD NN VAFIN VVPP $, KON PIS VAFIN NN APPR ART NN VVPP $.	Die vier Löwen sind abgedeckt , und man hat Vitriol auf das Militär hinabgegossen .
abdecken	VVPP	1895	1	polenz_buettnerbauer_1895-6066-22	 	Die Häuser eng bei einander, den Nachbarn gleichend, wie ein Ei dem anderen, weißgetüncht, kahl, mit Ziegeln abgedeckt.	109:118	0:119	Die Häuſer eng bei einander , den Nachbarn gleichend , wie ein Ei dem anderen , weißgetüncht , kahl , mit Ziegeln abgedeckt .	22	0:24	d Haus eng bei einander , d Nachbar gleichen , wie eine Ei d ander , weißgetüncht , kahl , mit Ziegel abdecken .	ART NN ADJD APPR PRF $, ART NN VVPP $, PWAV ART NN ART ADJA $, ADJD $, ADJD $, APPR NN VVPP $.	Die Häuser eng bei einander , den Nachbarn gleichend , wie ein Ei dem anderen , weißgetüncht , kahl , mit Ziegeln abgedeckt .
abdecken	VVPP	1877	1	wanderley_bauconstructionslehre01_1877-1526-77	 	Bei hölzernen Planken (Umwährungen) sind Bretterwände nach Fig. 222 sehr üblich; für bessere Anlagen verdienen aber die Anordnungen nach Fig. 222 A—B und 224 A—B den Vorzug, wobei gehobelte und gespundete Pfähle in Entfernungen von 1,25m von einander gestellt (sie stehen entweder auf Schwellen oder sie stecken im Erdboden, in welchem Falle das untere Ende verkohlt und getheert wird, damit das Holzwerk nicht verdirbt) und oberhalb mit einem Helme abgedeckt werden.	450:459	0:467	Bei hölzernen Planken ( Umwährungen ) ſind Bretterwände nach Fig. 222 ſehr üblich ; für beſſere Anlagen verdienen aber die Anordnungen nach Fig. 222 A—B und 224 A—B den Vorzug , wobei gehobelte und geſpundete Pfähle in Entfernungen von 1,25m von einander geſtellt ( ſie ſtehen entweder auf Schwellen oder ſie ſtecken im Erdboden , in welchem Falle das untere Ende verkohlt und getheert wird , damit das Holzwerk nicht verdirbt ) und oberhalb mit einem Helme abgedeckt werden .	77	0:80	bei hölzern Planke ( Umwehrunge ) sein Bretterwand nach Fig. 222 sehr üblich ; für gut Anlage verdienen aber d Anordnung nach Fig. 222 A--B und 224 A--B d Vorzug , wobei gehobelt und gespundet Pfahl in Entfernung von 1,25m von einander stellen ( sie stehen entweder auf Schwelle oder sie stecken im Erdboden , in welchem Falle d unter Ende verkohlen und teern werden , damit d Holzwerk nicht verderben ) und oberhalb mit eine Helm abdecken werden .	APPR ADJA NN $( NN $( VAFIN NN APPR NN CARD ADV ADJD $. APPR ADJA NN VVFIN ADV ART NN APPR NN CARD NN KON CARD NN ART NN $, PWAV ADJA KON ADJA NN APPR NN APPR CARD APPR ADV VVPP $( PPER VVFIN KON APPR NN KON PPER VVFIN APPRART NN $, APPR PWAT NN ART ADJA NN VVPP KON VVPP VAFIN $, KOUS ART NN PTKNEG VVFIN $( KON APPR APPR ART NN VVPP VAINF $.	Bei hölzernen Planken ( Umwehrungen ) sind Bretterwände nach Fig. 222 sehr üblich ; für bessere Anlagen verdienen aber die Anordnungen nach Fig. 222 A--B und 224 A--B den Vorzug , wobei gehobelte und gespundete Pfähle in Entfernungen von 1,25m von einander gestellt ( sie stehen entweder auf Schwellen oder sie stecken im Erdboden , in welchem Falle das untere Ende verkohlt und geteert wird , damit das Holzwerk nicht verdirbt ) und oberhalb mit einem Helme abgedeckt werden .
abdecken	VVPP	1877	1	wanderley_bauconstructionslehre01_1877-2488-7	 	Das Dach wurde mit Zinkblech Nr. 12 abgedeckt, dagegen die Rinnen aus sogenanntem Schüsselblech hergestellt.	36:45	0:108	Das Dach wurde mit Zinkblech Nr. 12 abgedeckt , dagegen die Rinnen aus ſogenanntem Schüſſelblech hergeſtellt .	7	0:17	d Dach werden mit Zinkblech Nr. 12 abdecken , dagegen d Rinne aus sogenannt Schüsselblech herstellen .	ART NN VAFIN APPR NN NN CARD VVPP $, PAV ART NN APPR ADJA NN VVPP $.	Das Dach wurde mit Zinkblech Nr. 12 abgedeckt , dagegen die Rinnen aus sogenanntem Schüsselblech hergestellt .
abdecken	VVPP	1877	1	wanderley_bauconstructionslehre01_1877-3217-23	 	Auch die Oberfläche des Gesimses besteht aus Brettern, die zum Schutze gegen die Nässe u. s. w. mit Zinkblech (g) abgedeckt wird.	114:123	0:129	Auch die Oberfläche des Geſimſes beſteht aus Brettern , die zum Schutze gegen die Näſſe u. ſ. w. mit Zinkblech ( g ) abgedeckt wird .	23	0:26	auch d Oberfläche d Gesims bestehen aus Brett , die zum Schutz gegen d Nässe u. s. W. mit Zinkblech ( G ) abdecken werden .	ADV ART NN ART NN VVFIN APPR NN $, PRELS APPRART NN APPR ART NN APPR VVIMP NE APPR NN $( NE $( VVPP VAFIN $.	Auch die Oberfläche des Gesimses besteht aus Brettern , die zum Schutze gegen die Nässe u. s. w. mit Zinkblech ( g ) abgedeckt wird .
abdecken	VVPP	1878	1	wanderley_bauconstructionslehre02_1878-1492-27	 	Der Absatz über dem Unterbaugesims wird entweder als Wasserschlag schräg ablaufend in Cement und Dachziegeln oder mit einer Rollschicht in Cementmörtel, oder mit Sandstein-resp. Schieferplatten abgedeckt.	194:203	0:204	Der Abſatz über dem Unterbaugeſims wird entweder als Waſſerſchlag ſchräg ablaufend in Cement und Dachziegeln oder mit einer Rollſchicht in Cementmörtel , oder mit Sandſtein- reſp. Schieferplatten abgedeckt .	27	0:29	d Absatz über d Unterbaugesims werden entweder als Wasserschlag schräg ablaufen in Zement und Dachziegel oder mit eine Rolleschicht in Zementmörtel , oder mit sandstein- resp. Schieferplatte abdecken .	ART NN APPR ART NN VAFIN ADV KOKOM NN ADJD VVPP APPR NN KON NN KON APPR ART NN APPR NN $, KON APPR TRUNC ADJA NN VVPP $.	Der Absatz über dem Unterbaugesims wird entweder als Wasserschlag schräg ablaufend in Zement und Dachziegeln oder mit einer Rollschicht in Zementmörtel , oder mit Sandstein- resp. Schieferplatten abgedeckt .
abdecken	VVPP	1878	1	wanderley_bauconstructionslehre02_1878-4862-11	 	Die Oberflächen solcher Mörtelgesimse werden außerdem noch mit Zinkblech Nr. 12 abgedeckt, damit die Feuchtigkeit nicht in das Mauerwerk dringe.	80:89	0:144	Die Oberflächen ſolcher Mörtelgeſimſe werden außerdem noch mit Zinkblech Nr. 12 abgedeckt , damit die Feuchtigkeit nicht in das Mauerwerk dringe .	11	0:22	d Oberfläche solch Mörtelgesims werden außerdem noch mit Zinkblech Nr. 12 abdecken , damit d Feuchtigkeit nicht in d Mauerwerk dringen .	ART NN PIAT NN VAFIN PAV ADV APPR NN NN CARD VVPP $, KOUS ART NN PTKNEG APPR ART NN VVFIN $.	Die Oberflächen solcher Mörtelgesimse werden außerdem noch mit Zinkblech Nr. 12 abgedeckt , damit die Feuchtigkeit nicht in das Mauerwerk dringe .
