lemma	pos	date	grouping	identifier	description	context	indexes_target_token	indexes_target_sentence	context_tokenized	indexes_target_token_tokenized	indexes_target_sentence_tokenized	context_lemmatized	context_pos	context_normalized
Fuß	NN	1946	2	2532889X_1946-09-21_01_056.tcf.xml-52-2	 	Tür seinen Fuß herührte. diese mit aller Kraft Wiener zustieß Wer nicht sc. hnelr genug war. bekim einen fürchterlichen Stoß und trug meistens gebrochene oder gequetschte Glieder davon	11:14	0:184	Tür seinen Fuß herührte . diese mit aller Kraft Wiener zustieß Wer nicht sc . hnelr genug war . bekim einen fürchterlichen Stoß und trug meistens gebrochene oder gequetschte Glieder davon	2	0:31	Tür seine Fuß Herührte . diese mit alle Kraft Wiener zustoßen wer nicht sc . Hnelr genug sein . Bekim eine fürchterlich Stoß und tragen meistens gebrechen oder gequetscht Glied davon	NN PPOSAT NN NE $. PDS APPR PIAT NN ADJA VVFIN PWS PTKNEG VVFIN $. NE ADV VAFIN $. NE ART ADJA NN KON VVFIN ADV ADJA KON ADJA NN PAV	
Fuß	NN	1946	2	2532889X_1946-12-17_01_045.tcf.xml-14-3	 	Gebrechlichkeit, kranke Füße — dös genügte, um dem Tode verfallen zu sein.	24:28	0:74	Gebrechlichkeit , kranke Füße — dös genügte , um dem Tode verfallen zu sein .	3	0:15	Gebrechlichkeit , krank Fuß — dösen genügen , um d Tod verfallen zu sein .	NN $, ADJA NN $( VVIMP VVFIN $, KOUI ART NN VVINF PTKZU VAINF $.	
Fuß	NN	1949	2	2532889X_1949-10-11_01_063.tcf.xml-30-5	 	Bolcla probiert mit dem rechten Fuß einen neuen, schwarzen Schuh mit flachem Absatz an.	32:35	0:87	Bolcla probiert mit dem rechten Fuß einen neuen , schwarzen Schuh mit flachem Absatz an .	5	0:16	Bolcla probieren mit d recht Fuß eine neu , schwarz Schuh mit flach Absatz an .	NE VVFIN APPR ART ADJA NN ART ADJA $, ADJA NN APPR ADJA NN PTKVZ $.	
Fuß	NN	1954	2	2532889X_1954-08-31_01_050.tcf.xml-20-15	 	Sie erhoben zugleich Anklage gegen das Bonner Regime, das die Rechte der Jugend mit Füßen tritt.	84:89	0:96	Sie erhoben zugleich Anklage gegen das Bonner Regime , das die Rechte der Jugend mit Füßen tritt .	15	0:18	sie erheben zugleich Anklage gegen d Bonner Regime , die d Rechte d Jugend mit Fuß treten .	PPER VVFIN ADV NN APPR ART ADJA NN $, PRELS ART NN ART NN APPR NN VVFIN $.	
Fuß	NN	1961	2	2532889X_1961-09-20_01_030.tcf.xml-3-7	 	Die demokratischen Rechte der Bürger wurden mit Füßen getreten.	48:53	0:63	Die demokratischen Rechte der Bürger wurden mit Füßen getreten .	7	0:10	d demokratisch Rechte d Bürger werden mit Fuß treten .	ART ADJA NN ART NN VAFIN APPR NN VVPP $.	
Fuß	NN	1963	2	2532889X_1963-10-02_01_065.tcf.xml-13-38	 	Aber nicht nur in Washington, auch in Bonn erweist sich, daß die Bonner Regierung bereit ist, für die allgemeine Wiederaufrüstung und evst recht für die Atomrüstung das Selbstbestimmungsrecht des deutschen Volkes hundertfach preiszugeben und mit Füßen zu treten.	246:251	0:262	Aber nicht nur in Washington , auch in Bonn erweist sich , daß die Bonner Regierung bereit ist , für die allgemeine Wiederaufrüstung und evst recht für die Atomrüstung das Selbstbestimmungsrecht des deutschen Volkes hundertfach preiszugeben und mit Füßen zu treten .	38	0:42	aber nicht nur in Washington , auch in Bonn erweisen sich , daß d Bonner Regierung bereit sein , für d allgemein Wiederaufrüstung und Evst recht für d Atomrüstung d Selbstbestimmungsrecht d deutsch Volk hundertfach preisgeben und mit Fuß zu treten .	KON PTKNEG ADV APPR NE $, ADV APPR NE VVFIN PRF $, KOUS ART ADJA NN ADJD VAFIN $, APPR ART ADJA NN KON NN ADJD APPR ART NN ART NN ART ADJA NN ADJD VVIZU KON APPR NN PTKZU VVINF $.	
Fuß	NN	1976	2	2532889X_1976-01-27_01_037.tcf.xml-0-10	 	„Mir wurde geraten, bei dem Wetter lieber zu Fuß zu gehen!	45:48	0:58	„ Mir wurde geraten , bei dem Wetter lieber zu Fuß zu gehen !	10	0:14	„ ich werden geraten , bei d Wetter lieber zu Fuß zu gehen !	$( PPER VAFIN VVPP $, APPR ART NN ADV APPR NN PTKZU VVINF $.	
Fuß	NN	1980	2	2532889X_1980-01-29_01_067.tcf.xml-53-2	 	selbst mit Füßen getretenen Menschenrechte ein von langer Hand vorbereitetes Trommelfeuer sondersgleichen, schafft ein Klima unsäglicher Wirrnis und verderbenibringenden Mißtrauens.	11:16	0:181	selbst mit Füßen getretenen Menschenrechte ein von langer Hand vorbereitetes Trommelfeuer sondersgleichen , schafft ein Klima unsäglicher Wirrnis und verderbenibringenden Mißtrauens .	2	0:22	selbst mit Fuß getreten Menschenrecht eine von lang Hand vorbereitet Trommelfeuer Sondersgleichen , schaffen eine Klima unsäglich Wirrnis und verderbenibringenden Mißtrauen .	ADV APPR NN ADJA NN ART APPR ADJA NN ADJA NN NE $, VVFIN ART NN ADJA NN KON ADJA NN $.	
Fuß	NN	1981	2	2532889X_1981-06-03_01_055.tcf.xml-18-25	 	Wenn wir die Ursachen für die Krise so erklären, dann können wir darauf warten, daß Revisionismus und Opportunismus im Bewußtsein der Menschen festen Fuß fassen.	150:153	0:161	Wenn wir die Ursachen für die Krise so erklären , dann können wir darauf warten , daß Revisionismus und Opportunismus im Bewußtsein der Menschen festen Fuß fassen .	25	0:28	wenn wir d Ursache für d Krise so erklären , dann können wir darauf warten , daß Revisionismus und Opportunismus im Bewußtsein d Mensch fest Fuß fassen .	KOUS PPER ART NN APPR ART NN ADV VVINF $, ADV VMFIN PPER PAV VVINF $, KOUS NN KON NN APPRART NN ART NN ADJA NN VVINF $.	
Fuß	NN	1982	2	2532889X_1982-07-31_01_468.tcf.xml-75-11	 	Ein" Jahr noch in Kleinfurra, der schmucken Ortschaft zu Füßen der Hainleite, mit der Schule und dem Internat, wo sie lernen und ihre Kulturprogramme proben. auf Christine Steus Nähmaschine farbenprächtige Kostüme für ihre Auftritte nähen, mit den deutschen Lehrlingen der Patenklasse LM llc aus der Schule Sportwettkämpfe-und Quizrunden austragen und wo sie an den Wochenenden.kochen, wie es ihre Mütter ' zu Hause tun.	57:62	0:420	Ein " Jahr noch in Kleinfurra , der schmucken Ortschaft zu Füßen der Hainleite , mit der Schule und dem Internat , wo sie lernen und ihre Kulturprogramme proben . auf Christine Steus Nähmaschine farbenprächtige Kostüme für ihre Auftritte nähen , mit den deutschen Lehrlingen der Patenklasse LM llc aus der Schule Sportwettkämpfe- und Quizrunden austragen und wo sie an den Wochenenden .kochen , wie es ihre Mütter ' zu Hause tun .	11	0:73	eine " Jahr noch in Kleinfurra , d schmuck Ortschaft zu Fuß d Hainleite , mit d Schule und d Internat , wo sie lernen und ihr Kulturprogramm proben . auf Christine Steu Nähmaschine farbenprächtig Kostüm für ihr Auftritt nähen , mit d deutsch Lehrling d patenklasse lm llc aus d Schule sportwettkämpfe- und Quizrunde austragen und wo sie an d Wochenende .kochen , wie es ihr Mutter ' zu Haus tun .	ART $( NN ADV APPR NE $, ART ADJA NN APPR NN ART NN $, APPR ART NN KON ART NN $, PWAV PPER VVINF KON PPOSAT NN VVFIN $. APPR NE NE NN ADJA NN APPR PPOSAT NN VVFIN $, APPR ART ADJA NN ART ADJA XY XY APPR ART NN TRUNC KON NN VVINF KON PWAV PPER APPR ART NN NE $, PWAV PPER PPOSAT NN $( APPR NN VVINF $.	
Fuß	NN	1984	2	2532889X_1984-03-27_01_120.tcf.xml-15-18	 	Im Laufe von 35 Jahren wechselte sie neunmal den Standort und wurde erst Mitte des 19. Jahrhunderts zu Füßen des „Götterberges" endlich heimisch,	103:108	0:145	Im Laufe von 35 Jahren wechselte sie neunmal den Standort und wurde erst Mitte des 19. Jahrhunderts zu Füßen des „ Götterberges " endlich heimisch ,	18	0:26	im Lauf von 35 Jahr wechseln sie neunmal d Standort und werden erst Mitte d 19. Jahrhundert zu Fuß d „ Gotterberg " endlich heimisch ,	APPRART NN APPR CARD NN VVFIN PPER ADV ART NN KON VAFIN ADV NN ART ADJA NN APPR NN ART $( NN $( ADV ADJD $,	
Fuß	NN	1946	2	26120215_1946_06_28_01_025.tcf.xml-31-46	 	Sie schämte sich sogar des väterlichen Berufes, und hatte in der Schule einmal gelogen, ihr Vater sei in dem Badehaus an der Piischkniskaja Straße angestellt, nehme die Kleider der Kundschaft in Verwahrung und wasche den Leuten für zwei Rubel den Rücken und die Füße.	262:266	0:267	Sie schämte sich sogar des väterlichen Berufes , und hatte in der Schule einmal gelogen , ihr Vater sei in dem Badehaus an der Piischkniskaja Straße angestellt , nehme die Kleider der Kundschaft in Verwahrung und wasche den Leuten für zwei Rubel den Rücken und die Füße .	46	0:48	sie schämen sich sogar d väterlich Beruf , und haben in d Schule einmal lügen , ihr Vater sein in d Badehaus an d piischkniskaja Straße anstellen , nehmen d Kleid d Kundschaft in Verwahrung und waschen d Leute für zwei Rubel d Rücken und d Fuß .	PPER VVFIN PRF ADV ART ADJA NN $, KON VAFIN APPR ART NN ADV VVPP $, PPOSAT NN VAFIN APPR ART NN APPR ART ADJA NN VVPP $, VVFIN ART NN ART NN APPR NN KON VVFIN ART NN APPR CARD NN ART NN KON ART NN $.	
Fuß	NN	1950	2	26120215_1950_12_24_01_388.tcf.xml-1-7	 	All denen, die auch einmal kalte Füße nicht sehe ien bietet sich an den Feiertagen die Mo' lichkeit.	33:37	0:100	All denen , die auch einmal kalte Füße nicht sehe ien bietet sich an den Feiertagen die Mo' lichkeit .	7	0:20	all die , die auch einmal kalt Fuß nicht sehen Ien bieten sich an d Feiertag d Mo' Lichkeit .	PIAT PDS $, PRELS ADV ADV ADJA NN PTKNEG VVFIN NE VVFIN PRF APPR ART NN ART NE NE $.	
Fuß	NN	1953	2	26120215_1953_03_08_01_012.tcf.xml-8-1	 	Am Fuße des Sockels leuchten auf Atlas di e goldenen Sterne des Helden der Sowjetunion und des Helden der sozialistischen Arbeit. die Orden und Medaillen, die das Vaterland dem Genossen Stalan verliehen hat.	3:7	0:207	Am Fuße des Sockels leuchten auf Atlas di e goldenen Sterne des Helden der Sowjetunion und des Helden der sozialistischen Arbeit . die Orden und Medaillen , die das Vaterland dem Genossen Stalan verliehen hat .	1	0:36	am Fuß d Sockel leuchten auf Atlas Di E golden Stern d Held d Sowjetunion und d Held d sozialistisch Arbeit . d Orden und Medaille , die d Vaterland d Genosse Stalan verleihen haben .	APPRART NN ART NN VVFIN APPR NE NE NE ADJA NN ART NN ART NE KON ART NN ART ADJA NN $. ART NN KON NN $, PRELS ART NN ART NN NE VVPP VAFIN $.	
Fuß	NN	1962	2	26120215_1962_06_19_01_227.tcf.xml-2-7	 	Der Pfad wurde immer schlechter, meine Füße fingen an zu schmerzen, und auch den andern von der Wachgruppe ging es so.	39:43	0:118	Der Pfad wurde immer schlechter , meine Füße fingen an zu schmerzen , und auch den andern von der Wachgruppe ging es so .	7	0:24	d Pfad werden immer schlecht , meine Fuß fangen an zu schmerzen , und auch d andern von d Wachgruppe gehen es so .	ART NN VAFIN ADV ADJD $, PPOSAT NN VVFIN PTKVZ PTKZU VVINF $, KON ADV ART PIS APPR ART NN VVFIN PPER ADV $.	
Fuß	NN	1963	2	26120215_1963_02_15_01_093.tcf.xml-44-22	 	Doch bei Schichtschluß verstopfen die vielen Autobusse die Straßen, die zu einer Zeit angelegt wurden, als der Bergmann kilometerweit zu Fuß zur Grube laufen mußte.	137:140	0:164	Doch bei Schichtschluß verstopfen die vielen Autobusse die Straßen , die zu einer Zeit angelegt wurden , als der Bergmann kilometerweit zu Fuß zur Grube laufen mußte .	22	0:28	doch bei Schichtschluß verstopfen d viel Autobus d Straße , die zu eine Zeit anlegen werden , als d Bergmann kilometerweit zu Fuß zur Grube laufen müssen .	KON APPR NN VVFIN ART PIAT NN ART NN $, PRELS APPR ART NN VVPP VAFIN $, KOUS ART NN ADJD APPR NN APPRART NN VVINF VMFIN $.	
Fuß	NN	1963	2	26120215_1963_06_16_01_335.tcf.xml-14-33	 	Die Äußerungen des USA-Präsidenten für eine Minderung der internationalen Spannung seien nicht damit zu vereinbaren, daß amerikanische Militärstützpunkte auf fremdem Territorium bestehenbleiben, daß die USA die souveränen Rechte anderer Staaten mit Füßen treten. daß wildeewordene Politiker der USA unverfroren zu einer offenen und sogar bewaffneten Intervention in die inneren Angelegenheiten Kubas aufrufen.	249:254	0:409	Die Äußerungen des USA-Präsidenten für eine Minderung der internationalen Spannung seien nicht damit zu vereinbaren , daß amerikanische Militärstützpunkte auf fremdem Territorium bestehenbleiben , daß die USA die souveränen Rechte anderer Staaten mit Füßen treten . daß wildeewordene Politiker der USA unverfroren zu einer offenen und sogar bewaffneten Intervention in die inneren Angelegenheiten Kubas aufrufen .	33	0:56	d Äußerung d Usa-Präsident für eine Minderung d international Spannung sein nicht damit zu vereinbaren , daß amerikanisch Militärstützpunkt auf fremd Territorium bestehenbleiben , daß d Usa d souverän Rechte ander Staat mit Fuß treten . daß Wildeewordene Politiker d Usa unverfroren zu eine offen und sogar bewaffnet Intervention in d inner Angelegenheit Kuba aufrufen .	ART NN ART NN APPR ART NN ART ADJA NN VAFIN PTKNEG PAV PTKZU VVINF $, KOUS ADJA NN APPR ADJA NN VVINF $, KOUS ART NE ART ADJA NN ADJA NN APPR NN VVINF $. KOUS NE NN ART NE ADJD APPR ART ADJA KON ADV ADJA NN APPR ART ADJA NN NE VVINF $.	
Fuß	NN	1965	2	26120215_1965_05_18_01_034.tcf.xml-71-12	 	Immerhin hat der für dieses Meisterstück verantwortliche Richter Dr. Schenk schon kalte Füße bekommen.	88:92	0:102	Immerhin hat der für dieses Meisterstück verantwortliche Richter Dr. Schenk schon kalte Füße bekommen .	12	0:15	immerhin haben d für diese Meisterstück verantwortlich Richter Doktor Schenk schon kalt Fuß bekommen .	ADV VAFIN ART APPR PDAT NN ADJA NN NN NN ADV ADJA NN VVINF $.	
Fuß	NN	1966	2	26120215_1966_04_26_01_122.tcf.xml-58-30	 	Bei ihm schwimmt nichts in nebelhafter Ferne, bei ihm ist alles glasklar, und wenn er sich für einen Mann wie Ossietzky einsetzte, dann hatte das Hand und Fuß.	155:158	0:159	Bei ihm schwimmt nichts in nebelhafter Ferne , bei ihm ist alles glasklar , und wenn er sich für einen Mann wie Ossietzky einsetzte , dann hatte das Hand und Fuß .	30	0:32	bei er schwimmen nichts in nebelhaft Ferne , bei er sein alle glasklar , und wenn er sich für eine Mann wie Ossietzky einsetzen , dann haben d Hand und Fuß .	APPR PPER VVFIN PIS APPR ADJA NN $, APPR PPER VAFIN PIS ADJD $, KON KOUS PPER PRF APPR ART NN KOKOM NE VVFIN $, ADV VAFIN ART NN KON NN $.	
Fuß	NN	1967	2	26120215_1967_10_27_01_297.tcf.xml-29-9	 	Mit einem Boot kamen sie herüber und setzten ihren Fuß auf unser Ufer.	51:54	0:70	Mit einem Boot kamen sie herüber und setzten ihren Fuß auf unser Ufer .	9	0:14	mit eine Boot kommen sie herüber und setzen ihr Fuß auf unsere Ufer .	APPR ART NN VVFIN PPER ADV KON VVFIN PPOSAT NN APPR PPOSAT NN $.	
Fuß	NN	1967	2	26120215_1967_12_01_01_109.tcf.xml-31-14	 	In Gruppen zu zweien oder dreien standen sie nun als selbständige Gewerbetreibende auf eigenen Füßen.	95:100	0:101	In Gruppen zu zweien oder dreien standen sie nun als selbständige Gewerbetreibende auf eigenen Füßen .	14	0:16	in Gruppe zu zweien oder Dreien stehen sie nun als selbständig Gewerbetreibende auf eigen Fuß .	APPR NN PTKZU VVFIN KON NE VVFIN PPER ADV KOUS ADJA NN APPR ADJA NN $.	
Fuß	NN	1973	2	26120215_1973_08_09_01_355.tcf.xml-84-20	 	Zhz., Bad, viel Neben-Berg m. IWC, Kü. u. Spk. Wel 3061 läufern des Kaulcasus am Fuße des Berges Maschuk.	81:85	0:105	Zhz . , Bad , viel Neben- Berg m. IWC , Kü. u. Spk. Wel 3061 läufern des Kaulcasus am Fuße des Berges Maschuk .	20	0:25	Zhz . , Bad , viel neben- Berg m. IWC , kü. u. spk. wel 3061 Läufern d Kaulcasus am Fuß d Berg Maschuk .	NE $. $, NE $, ADV TRUNC NN APPR NE $, XY XY XY XY CARD NN ART NN APPRART NN ART NN NE $.	
Fuß	NN	1976	2	26120215_1976_08_21_01_073.tcf.xml-68-9	 	Er steigt aus der Wanne, tappt auf bloßen Füßen durch die Wohnung, langweilt sich, fühlt sich vernachlässigt, wird hungrig, sucht nach Essen und findet ein halbes Huhn im Kühlschrank.	42:47	0:183	Er steigt aus der Wanne , tappt auf bloßen Füßen durch die Wohnung , langweilt sich , fühlt sich vernachlässigt , wird hungrig , sucht nach Essen und findet ein halbes Huhn im Kühlschrank .	9	0:35	er steigen aus d Wanne , tappen auf bloß Fuß durch d Wohnung , langweilen sich , fühlen sich vernachlässigen , werden hungrig , suchen nach Essen und finden eine halb Huhn im Kühlschrank .	PPER VVFIN APPR ART NN $, VVFIN APPR ADJA NN APPR ART NN $, VVFIN PRF $, VVFIN PRF VVPP $, VAFIN ADJD $, VVFIN APPR NE KON VVFIN ART ADJA NN APPRART NN $.	
Fuß	NN	1982	2	26120215_1982_12_09_01_088.tcf.xml-48-31	 	Aber es blieb ihm auch keine Zeit, darüber zu reflektieren; denn der Mann hinter dem Gitter erstarrte nach diesem Satz in seiner Bewegung, brachte nur langsam den rechten Fuß wieder auf die Erde, machte eine Kehrtwendung auf dem linken Absatz und blickte Frank einige-Sekunden lang forschend an.	171:174	0:295	Aber es blieb ihm auch keine Zeit , darüber zu reflektieren ; denn der Mann hinter dem Gitter erstarrte nach diesem Satz in seiner Bewegung , brachte nur langsam den rechten Fuß wieder auf die Erde , machte eine Kehrtwendung auf dem linken Absatz und blickte Frank einige-Sekunden lang forschend an .	31	0:52	aber es bleiben er auch keine Zeit , darüber zu reflektieren ; denn d Mann hinter d Gitter erstarrt nach diese Satz in seine Bewegung , bringen nur langsam d recht Fuß wieder auf d Erde , machen eine Kehrtwendung auf d link Absatz und blicken Frank Einige-Sekunden lang forschen an .	KON PPER VVFIN PPER ADV PIAT NN $, PAV PTKZU VVINF $. KON ART NN APPR ART NN ADJA APPR PDAT NN APPR PPOSAT NN $, VVFIN ADV ADJD ART ADJA NN ADV APPR ART NN $, VVFIN ART NN APPR ART ADJA NN KON VVFIN NE NE ADJD VVPP PTKVZ $.	
Fuß	NN	1990	2	26120215_1990_05_16_01_413.tcf.xml-141-12	 	Jh.. re; „Dr. Günter Hesse": Elfriede Mein linker Fuß 18 Uhr, Club der re; Gertrud Hertzer, Albrechtstra-18. griechische Göttin.	50:53	0:128	Jh.. re ; „ Dr. Günter Hesse " : Elfriede Mein linker Fuß 18 Uhr , Club der re ; Gertrud Hertzer , Albrechtstra- 18. griechische Göttin .	12	0:28	Jh.. Re ; „ Doktor Günter Hesse " : Elfried mein link Fuß 18 Uhr , Club d Re ; Gertrud Hertzer , albrechtstra- 18. griechisch Göttin .	NE NE $. $( NN NE NE $( $. NN PPOSAT ADJA NN CARD NN $, NN ART NE $. NE NE $, TRUNC ADJA ADJA NN $.	
Fuß	NN	1895	1	beck_eisen02_1895-6868-25	 	Dieses Meisterwerk wurde im Jahre 1509 in der dortigen Pfarrkirche aufgestellt und leider schon im Jahre 1655 in eine Kanzel umgewandelt, wobei der 32 Fuss hohe Bau zwar geteilt, aber glücklicherweise nicht beschädigt wurde und nur durch Zubau einer Stiege u. s. w. teilweise Verunstaltungen erlitt.	151:155	0:299	Dieses Meisterwerk wurde im Jahre 1509 in der dortigen Pfarrkirche aufgestellt und leider schon im Jahre 1655 in eine Kanzel umgewandelt , wobei der 32 Fuſs hohe Bau zwar geteilt , aber glücklicherweise nicht beschädigt wurde und nur durch Zubau einer Stiege u. s. w. teilweise Verunstaltungen erlitt .	25	0:49	diese Meisterwerk werden im Jahr 1509 in d dortig Pfarrkirche aufstellen und leider schon im Jahr 1655 in eine Kanzel umwandeln , wobei d 32 Fuß hoch Bau zwar teilen , aber glücklicherweise nicht beschädigen werden und nur durch Zubau eine Stiege u. s. W. teilweise Verunstaltung erleiden .	PDAT NN VAFIN APPRART NN CARD APPR ART ADJA NN VVPP KON ADV ADV APPRART NN CARD APPR ART NN VVPP $, PWAV ART CARD NN ADJA NN ADV VVPP $, ADV ADV PTKNEG VVPP VAFIN KON ADV APPR NN ART NN APPR VVIMP NN ADV NN VVFIN $.	Dieses Meisterwerk wurde im Jahre 1509 in der dortigen Pfarrkirche aufgestellt und leider schon im Jahre 1655 in eine Kanzel umgewandelt , wobei der 32 Fuß hohe Bau zwar geteilt , aber glücklicherweise nicht beschädigt wurde und nur durch Zubau einer Stiege u. s. w. teilweise Verunstaltungen erlitt .
Fuß	NN	1899	1	beck_eisen04_1899-5466-6	 	Die Hochöfen in Yorkshire waren 45 Fuss (13,725 m), die bei Newcastle 52 Fuss (15,860 m) hoch.	35:39	0:94	Die Hochöfen in Yorkshire waren 45 Fuſs ( 13,725 m ) , die bei Newcastle 52 Fuſs ( 15,860 m ) hoch .	6	0:23	d Hochofen in Yorkshire sein 45 Fuß ( 13,725 M ) , die bei Newcastle 52 Fuß ( 15,860 M ) hoch .	ART NN APPR NE VAFIN CARD NN $( CARD NN $( $, PRELS APPR NE CARD NN $( CARD NN $( PTKVZ $.	Die Hochöfen in Yorkshire waren 45 Fuß ( 13,725 m ) , die bei Newcastle 52 Fuß ( 15,860 m ) hoch .
Fuß	NN	1873	1	berg_ostasien03_1873-3201-15	 	Dann musst du sie milde behandeln und ihnen nicht Fusstritte geben mit dem Stiefel am Fuss.	86:90	0:91	Dann musst du sie milde behandeln und ihnen nicht Fusstritte geben mit dem Stiefel am Fuss .	15	0:17	dann müssen du sie mild behandeln und sie nicht Fußtritt geben mit d Stiefel am Fuß .	ADV VMFIN PPER PPER ADJD VVINF KON PPER PTKNEG NN VVINF APPR ART NN APPRART NN $.	Dann musst du sie milde behandeln und ihnen nicht Fusstritte geben mit dem Stiefel am Fuß .
Fuß	NN	1861	1	berlepsch_alpen_1861-944-29	 	Dieser niedergedrückte, horizontale Wuchs wird zunächst dadurch veranlaßt, daß hier oben sieben bis acht Monate lang ein strenger Winter herrscht, der mit enormen Schneelasten tyrannisch seinen Fuß auf den Nacken dieser Pflanze setzt und sie nur in der kurzen Sommerpause aufathmen läßt.	194:197	0:287	Dieſer niedergedrückte , horizontale Wuchs wird zunächſt dadurch veranlaßt , daß hier oben ſieben bis acht Monate lang ein ſtrenger Winter herrſcht , der mit enormen Schneelaſten tyranniſch ſeinen Fuß auf den Nacken dieſer Pflanze ſetzt und ſie nur in der kurzen Sommerpauſe aufathmen läßt .	29	0:46	diese niedergedrückt , horizontal Wuchs werden zunächst dadurch veranlassen , daß hier oben sieben bis acht Monat lang eine streng Winter herrschen , die mit enorm Schneelast tyrannisch seine Fuß auf d Nacken diese Pflanze setzen und sie nur in d kurz Sommerpause aufatmen lassen .	PDAT ADJA $, ADJA NN VAFIN ADV PAV VVPP $, KOUS ADV ADV CARD APPR CARD NN ADJD ART ADJA NN VVFIN $, PRELS APPR ADJA NN ADJD PPOSAT NN APPR ART NN PDAT NN VVFIN KON PPER ADV APPR ART ADJA NN VVFIN VVFIN $.	Dieser niedergedrückte , horizontale Wuchs wird zunächst dadurch veranlaßt , daß hier oben sieben bis acht Monate lang ein strenger Winter herrscht , der mit enormen Schneelasten tyrannisch seinen Fuß auf den Nacken dieser Pflanze setzt und sie nur in der kurzen Sommerpause aufatmen läßt .
Fuß	NN	1897	1	bierbaum_stilpe_1897-2124-11	 	Ich liebe Dich und glühe mich Dir an, Vor Deinen Füßen lieg ich, sieh mich an, Ein Knabe bin ich, küsse mich zum Mann!	49:54	0:118	Ich liebe Dich und glühe mich Dir an , Vor Deinen Füßen lieg ich , ſieh mich an , Ein Knabe bin ich , küſſe mich zum Mann !	11	0:29	ich lieben du und glühen ich du an , vor deine Fuß liegen ich , sehen ich an , eine Knabe sein ich , küssen ich zum Mann !	PPER VVFIN PPER KON VVFIN PPER PPER PTKVZ $, APPR PPOSAT NN VVFIN PPER $, VVIMP PPER PTKVZ $, ART NN VAFIN PPER $, VVFIN PPER APPRART NN $.	Ich liebe Dich und glühe mich Dir an , Vor Deinen Füßen liege ich , sieh mich an , Ein Knabe bin ich , küsse mich zum Mann !
Fuß	NN	1815	1	blumenbach_naturgeschichte_1815-2075-6	 	Fast alle mit kurzen, starken Füßen, großen, scharfen Krallen, und starkem, gekrümmtem Schnabel, der meist oben auf der Seite in zwey stumpfe, schneidende Spitzen ausläuft, und an der Wurzel mehrentheils mit einer fleischigen Haut (cera) bedeckt ist.	30:35	0:250	Fast alle mit kurzen , starken Füßen , großen , scharfen Krallen , und starkem , gekrümmtem Schnabel , der meist oben auf der Seite in zwey stumpfe , schneidende Spitzen ausläuft , und an der Wurzel mehrentheils mit einer fleischigen Haut ( cera ) bedeckt ist .	6	0:48	fast alle mit kurz , stark Fuß , groß , scharf Kralle , und stark , gekrümmt Schnabel , die meist oben auf d Seite in zwei stumpf , schneidend Spitze auslaufen , und an d Wurzel mehrenteils mit eine fleischig Haut ( Cera ) bedecken sein .	ADV PIS APPR ADJA $, ADJA NN $, ADJA $, ADJA NN $, KON ADJA $, ADJA NN $, PRELS ADV ADV APPR ART NN APPR CARD ADJA $, ADJA NN VVFIN $, KON APPR ART NN ADV APPR ART ADJA NN $( NE $( VVPP VAFIN $.	Fast alle mit kurzen , starken Füßen , großen , scharfen Krallen , und starkem , gekrümmtem Schnabel , der meist oben auf der Seite in zwei stumpfe , schneidende Spitzen ausläuft , und an der Wurzel mehrenteils mit einer fleischigen Haut ( cera ) bedeckt ist .
Fuß	NN	1865	1	brehm_thierleben02_1865-13135-24	 	Seine Länge beträgt gegen 4 Fuß, die des Schwanzes 4, mit dem Haarpinsel 8 Zoll, die Höhe am Widerrist aber 2¼ Fuß.	111:114	0:115	Seine Länge beträgt gegen 4 Fuß , die des Schwanzes 4 , mit dem Haarpinſel 8 Zoll , die Höhe am Widerriſt aber 2¼ Fuß .	24	0:26	seine Länge betragen gegen 4 Fuß , die d Schwanz 4 , mit d Haarpinsel 8 Zoll , d Höhe am Widerrist aber 21/4 Fuß .	PPOSAT NN VVFIN APPR CARD NN $, PRELS ART NN CARD $, APPR ART NN CARD NN $, ART NN APPRART NN ADV CARD NN $.	Seine Länge beträgt gegen 4 Fuß , die des Schwanzes 4 , mit dem Haarpinsel 8 Zoll , die Höhe am Widerrist aber 21/4 Fuß .
Fuß	NN	1869	1	brehm_thierleben06_1869-15730-18	 	Noch mehr auf den Süden ist die Achatschnecke (Achatina) beschränkt, das Thier mit spitzem zusammengedrückten Fuße, sonst ebenfalls wie Helix.	110:114	0:142	Noch mehr auf den Süden iſt die Achatſchnecke ( Achatina ) beſchränkt , das Thier mit ſpitzem zuſammengedrückten Fuße , ſonſt ebenfalls wie Helix .	18	0:25	noch mehr auf d Süden sein d Achatschnecke ( Achatene ) beschränken , d Tier mit spitz zusammengedrückt Fuß , sonst ebenfalls wie Helix .	ADV ADV APPR ART NN VAFIN ART NN $( NN $( VVPP $, ART NN APPR ADJA ADJA NN $, ADV ADV KOKOM NN $.	Noch mehr auf den Süden ist die Achatschnecke ( Achatene ) beschränkt , das Tier mit spitzem zusammengedrückten Fuße , sonst ebenfalls wie Helix .
Fuß	NN	1869	1	brehm_thierleben06_1869-18710-26	 	Die Höhe, bis zu welcher die Bänke aufgeschichtet liegen, ist verschieden; nach der Aussage verständiger Taucher beträgt sie nicht über 1½ bis 2 Fuß, und ihre Tiefe im Meere reicht oft von 3 bis 15, gewöhnlich 5 bis 8 Faden.“	145:148	0:225	Die Höhe , bis zu welcher die Bänke aufgeſchichtet liegen , iſt verſchieden ; nach der Ausſage verſtändiger Taucher beträgt ſie nicht über 1½ bis 2 Fuß , und ihre Tiefe im Meere reicht oft von 3 bis 15 , gewöhnlich 5 bis 8 Faden . “	26	0:47	d Höhe , bis zu welcher d Bank aufschichten liegen , sein verschieden ; nach d Aussage verständig Taucher betragen sie nicht über 11/2 bis 2 Fuß , und ihr Tiefe im Meer reichen oft von 3 bis 15 , gewöhnlich 5 bis 8 Faden . "	ART NN $, KON APPR PWAT ART NN VVPP VVFIN $, VAFIN ADJD $. APPR ART NN ADJA NN VVFIN PPER PTKNEG APPR CARD APPR CARD NN $, KON PPOSAT NN APPRART NN VVFIN ADV APPR CARD APPR CARD $, ADJD CARD APPR CARD NN $. $(	Die Höhe , bis zu welcher die Bänke aufgeschichtet liegen , ist verschieden ; nach der Aussage verständiger Taucher beträgt sie nicht über 11/2 bis 2 Fuß , und ihre Tiefe im Meere reicht oft von 3 bis 15 , gewöhnlich 5 bis 8 Faden . "
Fuß	NN	1895	1	egger_vater_1895-4426-15	 	Du bist die starke Frau, strahlend im ungetrübten Glanze der Heiligkeit, siegreich den Fuß auf das Haupt der Schlange setzend.	87:90	0:126	Du bist die starke Frau , strahlend im ungetrübten Glanze der Heiligkeit , siegreich den Fuß auf das Haupt der Schlange setzend .	15	0:23	du sein d stark Frau , strahlend im ungetrübt Glanz d Heiligkeit , siegreich d Fuß auf d Haupt d Schlange setzen .	PPER VAFIN ART ADJA NN $, ADJD APPRART ADJA NN ART NN $, ADJD ART NN APPR ART NN ART NN VVPP $.	Du bist die starke Frau , strahlend im ungetrübten Glanze der Heiligkeit , siegreich den Fuß auf das Haupt der Schlange setzend .
Fuß	NN	1800	1	eytelwein_faschinenwerke_1800-516-17	 	Bei einem niedrigen Ufer darf man nur die Erde schreg abstechen, so daß man etwa einen Fuß unter den Wasserspiegel kommt, auch ist es nicht nöthig, daß die Sohle des Einschnitts horizontal ist, sondern man läßt sie gewöhnlich mit einer vierfüßigen Dossirung nach dem Strom zu, abflächen.	87:90	0:287	Bei einem niedrigen Ufer darf man nur die Erde ſchreg abſtechen , ſo daß man etwa einen Fuß unter den Waſſerſpiegel kommt , auch iſt es nicht noͤthig , daß die Sohle des Einſchnitts horizontal iſt , ſondern man laͤßt ſie gewoͤhnlich mit einer vierfuͤßigen Doſſirung nach dem Strom zu , abflaͤchen .	17	0:53	bei eine niedrig Ufer dürfen man nur d Erde schräg abstechen , so daß man etwa eine Fuß unter d Wasserspiegel kommen , auch sein es nicht nötig , daß d Sohle d Einschnitt horizontal sein , sondern man lassen sie gewöhnlich mit eine vierfußig Dossierung nach d Strom zu , abflachen .	APPR ART ADJA NN VMFIN PIS ADV ART NN ADJD VVINF $, ADV KOUS PIS ADV ART NN APPR ART NN VVFIN $, ADV VAFIN PPER PTKNEG ADJD $, KOUS ART NN ART NN ADJD VAFIN $, KON PIS VVFIN PPER ADJD APPR ART ADJA NN APPR ART NN PTKVZ $, VVINF $.	Bei einem niedrigen Ufer darf man nur die Erde schräg abstechen , so daß man etwa einen Fuß unter den Wasserspiegel kommt , auch ist es nicht nötig , daß die Sohle des Einschnitts horizontal ist , sondern man läßt sie gewöhnlich mit einer vierfüßigen Dossierung nach dem Strom zu , abflachen .
Fuß	NN	1848	1	gerstaecker_schiesswaffen_1848-33-38	 	Jetzt erst darf das Feuern mit scharfen Patronen beginnen, und es wäre gut, ja es ist sogar, ebenfalls um Munition und Zeit zu sparen, nöthig, daß eine große, wenigstens sechs bis acht Fuß im Durchmesser haltende Scheibe auf etwa dreißig Schritt, oder auch noch näher, aufgestellt wird, damit der Schießende sie gar nicht fehlen kann und nun in verschiedenen Schüssen deutlich sieht, wie seine Kugeln sitzen, ob rechts ob links, ob oben ob unten, und wie er sein Gewehr zu halten habe, um dem Centrum näher zu kommen.	185:188	0:517	Jetzt erst darf das Feuern mit scharfen Patronen beginnen , und es wäre gut , ja es ist sogar , ebenfalls um Munition und Zeit zu sparen , nöthig , daß eine große , wenigstens sechs bis acht Fuß im Durchmesser haltende Scheibe auf etwa dreißig Schritt , oder auch noch näher , aufgestellt wird , damit der Schießende sie gar nicht fehlen kann und nun in verschiedenen Schüssen deutlich sieht , wie seine Kugeln sitzen , ob rechts ob links , ob oben ob unten , und wie er sein Gewehr zu halten habe , um dem Centrum näher zu kommen .	38	0:103	jetzt erst dürfen d Feuer mit scharf Patrone beginnen , und es sein gut , ja es sein sogar , ebenfalls um Munition und Zeit zu sparen , nötig , daß eine groß , wenigstens sechs bis acht Fuß im Durchmesser haltend Scheibe auf etwa dreißig Schritt , oder auch noch nah , aufstellen werden , damit d Schießende sie gar nicht fehlen können und nun in verschieden Schuß deutlich sehen , wie seine Kugel sitzen , ob rechts ob links , ob oben ob unten , und wie er sein Gewehr zu halten haben , um d Zentrum nah zu kommen .	ADV ADV VMFIN ART NN APPR ADJA NN VVINF $, KON PPER VAFIN ADJD $, ADV PPER VAFIN ADV $, ADV APPR NN KON NN PTKZU VVINF $, ADJD $, KOUS ART ADJA $, ADV CARD APPR CARD NN APPRART NN ADJA NN APPR ADV CARD NN $, KON ADV ADV ADJD $, VVPP VAFIN $, KOUS ART NN PPER ADV PTKNEG VVINF VMFIN KON ADV APPR ADJA NN ADJD VVFIN $, PWAV PPOSAT NN VVINF $, KOUS ADV KOUS ADV $, KOUS ADV KOUS ADV $, KON PWAV PPER PPOSAT NN PTKZU VVINF VAFIN $, KOUI ART NN ADJD PTKZU VVINF $.	Jetzt erst darf das Feuern mit scharfen Patronen beginnen , und es wäre gut , ja es ist sogar , ebenfalls um Munition und Zeit zu sparen , nötig , daß eine große , wenigstens sechs bis acht Fuß im Durchmesser haltende Scheibe auf etwa dreißig Schritt , oder auch noch näher , aufgestellt wird , damit der Schießende sie gar nicht fehlen kann und nun in verschiedenen Schüssen deutlich sieht , wie seine Kugeln sitzen , ob rechts ob links , ob oben ob unten , und wie er sein Gewehr zu halten habe , um dem Zentrum näher zu kommen .
Fuß	NN	1834	1	gerstner_mechanik03_1834-10703-3	 	Er ist 1 Fuss 3¾ Zoll hoch, am Kopf 5⅔ Zoll im Quadrat und an der Bahn 9 Zoll lang, 1¾ Zoll breit.	9:13	0:98	Er ist 1 Fuss 3¾ Zoll hoch , am Kopf 5⅔ Zoll im Quadrat und an der Bahn 9 Zoll lang , 1¾ Zoll breit .	3	0:26	er sein 1 Fuß 33/4 Zoll hoch , am Kopf 5_2/3 Zoll im Quadrat und an d Bahn 9 Zoll lang , 13/4 Zoll breit .	PPER VAFIN CARD NN CARD NN PTKVZ $, APPRART NN NE NN APPRART NN KON APPR ART NN CARD NN ADJD $, CARD NN PTKVZ $.	Er ist 1 Fuß 33/4 Zoll hoch , am Kopf 5 2/3  Zoll im Quadrat und an der Bahn 9 Zoll lang , 13/4 Zoll breit .
Fuß	NN	1843	1	grimm_maerchen01_1843-1349-46	 	Da reichte ihr die Mutter ein Messer, und sprach ‘ hau ein Stück von der Ferse ab, wann du Königin bist, brauchst du nicht mehr zu Fuß zu gehen. ’ Das Mädchen hieb ein Stück von der Ferse ab, zwängte den Fuß in den Schuh, verbiß den Schmerz, und gieng heraus zum Königssohn.	204:207	0:274	Da reichte ihr die Mutter ein Messer , und sprach ‘ hau ein Stück von der Ferse ab , wann du Königin bist , brauchst du nicht mehr zu Fuß zu gehen . ’ Das Mädchen hieb ein Stück von der Ferse ab , zwängte den Fuß in den Schuh , verbiß den Schmerz , und gieng heraus zum Königssohn .	46	0:61	da reichen sie d Mutter eine Messer , und sprechen ' hau eine Stück von d Ferse ab , wann du Königin sein , brauchen du nicht mehr zu Fuß zu gehen . ' d Mädchen hauen eine Stück von d Ferse ab , zwängen d Fuß in d Schuh , verbeissen d Schmerz , und gehen heraus zum Königssohn .	ADV VVFIN PPER ART NN ART NN $, KON VVFIN $( XY ART NN APPR ART NN PTKVZ $, PWAV PPER NN VAFIN $, VVFIN PPER PTKNEG ADV APPR NN PTKZU VVINF $. $( ART NN VVFIN ART NN APPR ART NN PTKVZ $, VVFIN ART NN APPR ART NN $, VVFIN ART NN $, KON VVFIN PTKVZ APPRART NN $.	Da reichte ihr die Mutter ein Messer , und sprach ' hau ein Stück von der Ferse ab , wann du Königin bist , brauchst du nicht mehr zu Fuß zu gehen . ' Das Mädchen hieb ein Stück von der Ferse ab , zwängte den Fuß in den Schuh , verbiß den Schmerz , und ging heraus zum Königssohn .
Fuß	NN	1850	1	humboldt_kosmos03_1850-5947-11	 	Ich kenne nur zwei Meteorsteine, welche bis 6 und 18 Fuß den lockeren Boden aufgewühlt haben; so der Aërolith von Castrovillari in den Abruzzen (9 Febr. 1583) und der von Hradschina im Agramer Comitat (26 Mai 1751).	53:56	0:215	Ich kenne nur zwei Meteorsteine , welche bis 6 und 18 Fuß den lockeren Boden aufgewühlt haben ; so der Aërolith von Castrovillari in den Abruzzen ( 9 Febr. 1583 ) und der von Hradschina im Agramer Comitat ( 26 Mai 1751 ) .	11	0:44	ich kennen nur zwei Meteorstein , welche bis 6 und 18 Fuß d locker Boden aufwühlen haben ; so d Aerolith von Castrovillari in d Abruzzen ( 9 febr. 1583 ) und d von Hradschina im agram Comitat ( 26 Mai 1751 ) .	PPER VVFIN ADV CARD NN $, PRELS APPR CARD KON CARD NN ART ADJA NN VVPP VAINF $. ADV ART NN APPR NE APPR ART NE $( CARD XY CARD $( KON ART APPR NE APPRART ADJA NE $( CARD NN CARD $( $.	Ich kenne nur zwei Meteorsteine , welche bis 6 und 18 Fuß den lockeren Boden aufgewühlt haben ; so der Aerolith von Castrovillari in den Abruzzen ( 9 Febr. 1583 ) und der von Hradschina im Agramer Comitat ( 26 Mai 1751 ) .
Fuß	NN	1803	1	humboldt_willdenow_1803-173-3	 	Ob dieser 60 Fuß hohe Loranthus es ebenfalls ist, muß man bis auf nähere Nachrichten dahin gestellet sein lassen.	13:16	0:113	Ob dieſer 60 Fuß hohe Loranthus es ebenfalls iſt , muß man bis auf naͤhere Nachrichten dahin gestellet ſein laſſen .	3	0:21	ob diese 60 Fuß hoch Loranthus es ebenfalls sein , müssen man bis auf nah Nachricht dahin stellen sein lassen .	KOUS PDAT CARD NN ADJA NN PPER ADV VAFIN $, VMFIN PIS ADV APPR ADJA NN PAV VVPP VAINF VVINF $.	Ob dieser 60 Fuß hohe Loranthus es ebenfalls ist , muß man bis auf nähere Nachrichten dahin gestellt sein lassen .
Fuß	NN	1839	1	immermann_muenchhausen03_1839-527-21	 	Der Bräutigam setzte sich abgesondert von ihr in den hintersten Theil des Fahrzeuges, und die jungen Bursche mußten diesem zu Fuße folgen, da die Ausstattung zu viel Raum einnahm, um ihnen noch Sitze zu gestatten.	126:130	0:213	Der Bräutigam ſetzte ſich abgeſondert von ihr in den hinterſten Theil des Fahrzeuges , und die jungen Burſche mußten dieſem zu Fuße folgen , da die Ausſtattung zu viel Raum einnahm , um ihnen noch Sitze zu geſtatten .	21	0:39	d Bräutigam setzen sich absondern von ihr in d hinterst Teil d Fahrzeug , und d jung Bursche müssen diese zu Fuß folgen , da d Ausstattung zu viel Raum einnehmen , um sie noch Sitz zu gestatten .	ART NE VVFIN PRF VVPP APPR PPOSAT APPR ART ADJA NN ART NN $, KON ART ADJA NN VMFIN PDAT APPR NN VVINF $, KOUS ART NN APPR PIAT NN VVFIN $, KOUI PPER ADV NN PTKZU VVINF $.	Der Bräutigam setzte sich abgesondert von ihr in den hintersten Teil des Fahrzeuges , und die jungen Bursche mußten diesem zu Fuße folgen , da die Ausstattung zu viel Raum einnahm , um ihnen noch Sitze zu gestatten .
Fuß	NN	1855	1	keller_heinrich04_1855-1149-22	 	Mit diesen tüchtigen Gedanken stand Heinrich auf und sah, daß er sich über einem Thale befand, und dicht zu seinen Füßen lag ein alterthümliches Städtlein, wo um ein graues mächtiges Kirchenschiff und um den Giebel des Rathhauses sich ein hundert kleine Häuser zusammenkauerten.	115:120	0:278	Mit dieſen tuͤchtigen Gedanken ſtand Heinrich auf und ſah , daß er ſich uͤber einem Thale befand , und dicht zu ſeinen Fuͤßen lag ein alterthuͤmliches Staͤdtlein , wo um ein graues maͤchtiges Kirchenſchiff und um den Giebel des Rathhauſes ſich ein hundert kleine Haͤuſer zuſammenkauerten .	22	0:47	mit diese tüchtig Gedanke stehen Heinrich auf und sehen , daß er sich über eine Tal befinden , und dicht zu seine Fuß liegen eine altertümlich Stadtlein , wo um eine grau mächtig Kirchenschiff und um d Giebel d Rathaus sich eine hundert klein Haus zusammenkauern .	APPR PDAT ADJA NN VVFIN NE PTKVZ KON VVFIN $, KOUS PPER PRF APPR ART NN VVFIN $, KON ADJD APPR PPOSAT NN VVFIN ART ADJA NN $, PWAV APPR ART ADJA ADJA NN KON APPR ART NN ART NN PRF ART CARD ADJA NN VVFIN $.	Mit diesen tüchtigen Gedanken stand Heinrich auf und sah , daß er sich über einem Tale befand , und dicht zu seinen Füßen lag ein altertümliches Städtlein , wo um ein graues mächtiges Kirchenschiff und um den Giebel des Rathauses sich ein hundert kleine Häuser zusammenkauerten .
Fuß	NN	1810	1	kleist_kaethchen_1810-143-2	 	Wohin sein Fuß, im Lauf seiner Abentheuer, sich wendet: durch den Dampf der Klüfte, durch die Wüste, die der Mittag versengt, durch die Nacht verwachsener Wälder: wie ein Hund, der von seines Herren Schweiß gekostet, schreitet sie hinter ihm her; und die gewohnt war, auf weichen Kissen zu ruhen, und das Knötlein spürte, in des Bettuchs Faden, das ihre Hand unachtsam darin eingesponnen hatte: die liegt jetzt, einer Magd gleich, in seinen Ställen, und sinkt, wenn die Nacht kömmt, ermüdet auf die Streu nieder, die seinen stolzen Rossen untergeworfen wird.	11:14	0:558	Wohin ſein Fuß , im Lauf ſeiner Abentheuer , ſich wendet : durch den Dampf der Klüfte , durch die Wüſte , die der Mittag verſengt , durch die Nacht verwachſener Wälder : wie ein Hund , der von ſeines Herren Schweiß gekoſtet , ſchreitet ſie hinter ihm her ; und die gewohnt war , auf weichen Kiſſen zu ruhen , und das Knötlein ſpürte , in des Bettuchs Faden , das ihre Hand unachtſam darin eingeſponnen hatte : die liegt jetzt , einer Magd gleich , in ſeinen Ställen , und ſinkt , wenn die Nacht kömmt , ermüdet auf die Streu nieder , die ſeinen ſtolzen Roſſen untergeworfen wird .	2	0:112	wohin sein Fuß , im Lauf seine Abenteuer , sich wenden : durch d Dampf d Kluft , durch d Wüste , die d Mittag versengen , durch d Nacht verwachsen Wald : wie eine Hund , die von seine Herr Schweiß kosten , schreiten sie hinter er her ; und d gewohnen sein , auf weich Kissen zu ruhen , und d Knotenlein spüren , in d Bettuch Faden , die ihr Hand unachtsam darin einspinnen haben : die liegen jetzt , eine Magd gleich , in seine Stall , und sinken , wenn d Nacht kommen , ermüden auf d Streue nieder , die seine stolz Roßen untergewerfen werden .	PWAV PPOSAT NN $, APPRART NN PPOSAT NN $, PRF VVFIN $. APPR ART NN ART NN $, APPR ART NN $, PRELS ART NN VVPP $, APPR ART NN ADJA NN $. KOKOM ART NN $, PRELS APPR PPOSAT NN NN VVPP $, VVFIN PPER APPR PPER APZR $. KON ART VVPP VAFIN $, APPR ADJA NN PTKZU VVINF $, KON ART NN VVFIN $, APPR ART NN NN $, PRELS PPOSAT NN ADJD PAV VVPP VAFIN $. PDS VVFIN ADV $, ART NN ADV $, APPR PPOSAT NN $, KON VVFIN $, KOUS ART NN VVFIN $, VVFIN APPR ART NN PTKVZ $, PRELS PPOSAT ADJA NN ADJD VAFIN $.	Wohin sein Fuß , im Lauf seiner Abenteuer , sich wendet : durch den Dampf der Klüfte , durch die Wüste , die der Mittag versengt , durch die Nacht verwachsener Wälder : wie ein Hund , der von seines Herren Schweiß gekostet , schreitet sie hinter ihm her ; und die gewohnt war , auf weichen Kissen zu ruhen , und das Knötlein spürte , in des Bettuchs Faden , das ihre Hand unachtsam darin eingesponnen hatte : die liegt jetzt , einer Magd gleich , in seinen Ställen , und sinkt , wenn die Nacht kommt , ermüdet auf die Streue nieder , die seinen stolzen Rossen untergeworfen wird .
Fuß	NN	1855	1	kuernberger_amerikamuede_1855-8717-43	 	Ich hatte, als sie mir die erste Wäsche brachte, just eine Anweisung auf zweitausend Dollars an die Gebrüder Sweet u. Comp. in der Wall-Street einzukassiren, was sich freilich nicht so leicht machte, denn ich lag gleichzeitig an einem verstauchten Fuß darnieder, den ich mir Tags zuvor bei dem berühmten Longisland-Wettrennen geholt, indem ich einen schrecklichen Sturz vom Pferde mit angesehen.	248:251	0:395	Ich hatte , als ſie mir die erſte Wäſche brachte , juſt eine Anweiſung auf zweitauſend Dollars an die Gebrüder Sweet u. Comp. in der Wall-Street einzukaſſiren , was ſich freilich nicht ſo leicht machte , denn ich lag gleichzeitig an einem verſtauchten Fuß darnieder , den ich mir Tags zuvor bei dem berühmten Longisland-Wettrennen geholt , indem ich einen ſchrecklichen Sturz vom Pferde mit angeſehen .	43	0:67	ich haben , als sie ich d erst Wäsche bringen , just eine Anweisung auf zweitausend Dollar an d Gebrüder Sweet u. Comp. in d Wall-Street einkassieren , was sich freilich nicht so leicht machen , denn ich liegen gleichzeitig an eine verstaucht Fuß danieder , die ich ich tags zuvor bei d berühmt Longisland-Wettrennen holen , indem ich eine schrecklich Sturz vom Pferd mit ansehen .	PPER VAFIN $, KOUS PPER PPER ART ADJA NN VVFIN $, ADV ART NN APPR CARD NN APPR ART NN NN APPR NN APPR ART NN VVIZU $, PRELS PRF ADV PTKNEG ADV ADJD VVFIN $, KON PPER VVFIN ADJD APPR ART ADJA NN PAV $, PRELS PPER PPER ADV ADV APPR ART ADJA NN VVPP $, KOUS PPER ART ADJA NN APPRART NN APPR VVPP $.	Ich hatte , als sie mir die erste Wäsche brachte , just eine Anweisung auf zweitausend Dollars an die Gebrüder Sweet u. Comp. in der Wall-Street einzukassieren , was sich freilich nicht so leicht machte , denn ich lag gleichzeitig an einem verstauchten Fuß danieder , den ich mir Tags zuvor bei dem berühmten Longisland-Wettrennen geholt , indem ich einen schrecklichen Sturz vom Pferde mit angesehen .
Fuß	NN	1821	1	nettelbeck_lebensbeschreibung02_1821-1836-37	 	Wir hielten also fleissige Nachsuchung, ob wir nicht ausserhalb Bords, unter Wasser, etwas zu erkennen vermöchten; und da fand ich denn endlich, daß an der Seite, und ohngefähr 4 bis 5 Fuß tief unter der Oberfläche, die Spähne von der äussern Haut abstanden.	185:188	0:258	Wir hielten alſo fleiſſige Nachſuchung , ob wir nicht auſſerhalb Bords , unter Waſſer , etwas zu erkennen vermoͤchten ; und da fand ich denn endlich , daß an der Seite , und ohngefaͤhr 4 bis 5 Fuß tief unter der Oberflaͤche , die Spaͤhne von der aͤuſſern Haut abſtanden .	37	0:51	wir halten also fleißig Nachsuchung , ob wir nicht außerhalb Bord , unter Wasser , etwas zu erkennen vermögen ; und da finden ich denn endlich , daß an d Seite , und ungefähr 4 bis 5 Fuß tief unter d Oberfläche , d Span von d äußer Haut abstehen .	PPER VVFIN ADV ADJA NN $, KOUS PPER PTKNEG APPR NN $, APPR NN $, PIS PTKZU VVINF VVFIN $. KON ADV VVFIN PPER ADV ADV $, KOUS APPR ART NN $, KON ADJD CARD APPR CARD NN ADJD APPR ART NN $, ART NN APPR ART ADJA NN VVFIN $.	Wir hielten also fleißige Nachsuchung , ob wir nicht außerhalb Bords , unter Wasser , etwas zu erkennen vermöchten ; und da fand ich denn endlich , daß an der Seite , und ungefähr 4 bis 5 Fuß tief unter der Oberfläche , die Späne von der äußeren Haut abstanden .
Fuß	NN	1825	1	poelitz_poetik_1825-5331-20	 	„Weil nun die Welt gewohnt schon ist, Von Rom zu dependiren; So wird, so lang man Füße küßt, Dieß Reich nicht exspiriren.	82:86	0:121	„ Weil nun die Welt gewohnt schon ist , Von Rom zu dependiren ; So wird , so lang man Füße küßt , Dieß Reich nicht exspiriren .	20	0:28	" weil nun d Welt gewohnt schon sein , von Rom zu dependieren ; so werden , so lang man Fuß küssen , diese Reich nicht exspirieren .	$( KOUS ADV ART NN ADJD ADV VAFIN $, APPR NE PTKZU VVINF $. ADV VAFIN $, ADV ADJD PIS NN VVFIN $, PDS NN PTKNEG VVINF $.	" Weil nun die Welt gewohnt schon ist , Von Rom zu dependieren ; So wird , so lang man Füße küßt , Dies Reich nicht exspirieren .
Fuß	NN	1822	1	schopenhauer_eyck01_1822-175-2	 	Zu seinen Füßen versammeln sich die anbetenden Weisen des Morgenlandes, in reichen königlichen Prachtgewändern und aller Herrlichkeit des Orients.	10:15	0:146	Zu ſeinen Füßen verſammeln ſich die anbetenden Weiſen des Morgenlandes , in reichen königlichen Prachtgewändern und aller Herrlichkeit des Orients .	2	0:21	zu seine Fuß versammeln sich d anbetend Weise d Morgenland , in reich königlich Prachtgewand und alle Herrlichkeit d Orient .	APPR PPOSAT NN VVFIN PRF ART ADJA NN ART NN $, APPR ADJA ADJA NN KON PIAT NN ART NN $.	Zu seinen Füßen versammeln sich die anbetenden Weisen des Morgenlandes , in reichen königlichen Prachtgewändern und aller Herrlichkeit des Orients .
Fuß	NN	1846	1	steub_tirol_1846-5945-7	 	Dank der hohen Lage – 4666 Wiener Fuß über dem Meere – und der Nachbarschaft des Ferners.	34:37	0:89	Dank der hohen Lage – 4666 Wiener Fuß über dem Meere – und der Nachbarschaft des Ferners .	7	0:18	dank d hoch Lage - 4666 Wiener Fuß über d Meer - und d Nachbarschaft d Ferner .	APPR ART ADJA NN $( CARD ADJA NN APPR ART NN $( KON ART NN ART NN $.	Dank der hohen Lage - 4666 Wiener Fuß über dem Meere - und der Nachbarschaft des Ferners .
Fuß	NN	1885	1	urbanitzky_electricitaet_1885-15105-30	 	Die Batterie muß hinreichen, auf Station A die Anziehung des Ankers an dem seitlich angebrachten Elektromagnete (v) zu bewirken (3—4 sechszöllige Bunsen’sche Elemente genügen für mehrere Hundert Fuß Entfernung).	195:198	0:211	Die Batterie muß hinreichen , auf Station A die Anziehung des Ankers an dem ſeitlich angebrachten Elektromagnete ( v ) zu bewirken (3—4 ſechszöllige Bunſen’ſche Elemente genügen für mehrere Hundert Fuß Entfernung ) .	30	0:34	d Batterie müssen hinreichen , auf Station A d Anziehung d Anker an d seitlich angebracht Elektromagnet ( v ) zu bewirken (3--4 sechszollig bunsen'sche Element genügen für mehrere hundert Fuß Entfernung ) .	ART NN VMFIN VVINF $, APPR NN NE ART NN ART NN APPR ART ADJD ADJA NN $( XY $( PTKZU VVINF NE ADJA ADJA NN VVFIN APPR PIAT CARD NN NN $( $.	Die Batterie muß hinreichen , auf Station A die Anziehung des Ankers an dem seitlich angebrachten Elektromagnete ( v ) zu bewirken (3--4 sechszöllige Bunsen'sche Elemente genügen für mehrere Hundert Fuß Entfernung ) .
