lemma	pos	date	grouping	identifier	description	context	indexes_target_token	indexes_target_sentence	context_tokenized	indexes_target_token_tokenized	indexes_target_sentence_tokenized	context_lemmatized	context_pos	context_normalized
Seminar	NN	1951	2	2532889X_1951-01-04_01_069.tcf.xml-11-1	 	Diese Seminare, ehe z. B. durch die Kreisleitung einberufen werden / behandeln em bestimmtes ¦ wichtiges politisches, ¦ wirtschaftliches oder kulturelles Problem, woLei das Studium der Parteiarbeit in den betreffenden Betrieben einen breiten Raum einnehmen muß.	6:14	0:261	Diese Seminare , ehe z. B. durch die Kreisleitung einberufen werden / behandeln em bestimmtes ¦ wichtiges politisches , ¦ wirtschaftliches oder kulturelles Problem , woLei das Studium der Parteiarbeit in den betreffenden Betrieben einen breiten Raum einnehmen muß .	1	0:40	diese Seminar , ehe z. B. durch d Kreisleitung einberufen werden / behandeln em bestimmt ¦ wichtig politisch , ¦ wirtschaftlich oder kulturell Problem , Wolei d Studium d Parteiarbeit in d betreffend Betrieb eine breit Raum einnehmen müssen .	PDAT NN $, KOUS APPRART NN APPR ART NN VVPP VAINF $( VVINF XY ADJA $( ADJA ADJA $, $( ADJA KON ADJA NN $, NE ART NN ART NN APPR ART ADJA NN ART ADJA NN VVINF VMFIN $.	
Seminar	NN	1951	2	2532889X_1951-09-04_01_030.tcf.xml-11-12	 	In Oschersleben hat sich die Nationale Front die Aufgabe gestellt, durch Seminare in den MAS und volkseigenen Gütern die Werktätigen mit dem Inhalt des Weißbuches bekannt zu machen.	73:81	0:181	In Oschersleben hat sich die Nationale Front die Aufgabe gestellt , durch Seminare in den MAS und volkseigenen Gütern die Werktätigen mit dem Inhalt des Weißbuches bekannt zu machen .	12	0:30	in Oschersleben haben sich d national Front d Aufgabe stellen , durch Seminar in d Ma und volkseigen Gut d Werktätige mit d Inhalt d Weißbuch bekannt zu machen .	APPR NE VAFIN PRF ART ADJA NN ART NN VVPP $, APPR NN APPR ART NE KON ADJA NN ART NN APPR ART NN ART NN ADJD PTKZU VVINF $.	
Seminar	NN	1952	2	2532889X_1952-09-25_01_058.tcf.xml-13-16	 	Die mängelhafte Beitragskassierung macht eine generelle Kontrolle der Parteidokumente notwendig, die in Verbindung mit einem Seminar über die Bedeutung des Parteidokuments auf der Grundlage des Statuts durchgeführt werden muß.	125:132	0:226	Die mängelhafte Beitragskassierung macht eine generelle Kontrolle der Parteidokumente notwendig , die in Verbindung mit einem Seminar über die Bedeutung des Parteidokuments auf der Grundlage des Statuts durchgeführt werden muß .	16	0:31	d mangelhaft Beitragskassierung machen eine generell Kontrolle d Parteidokument notwendig , die in Verbindung mit eine Seminar über d Bedeutung d Parteidokument auf d Grundlage d Statut durchführen werden müssen .	ART ADJA NN VVFIN ART ADJA NN ART NN ADJD $, PRELS APPR NN APPR ART NN APPR ART NN ART NN APPR ART NN ART NN VVPP VAINF VMFIN $.	
Seminar	NN	1953	2	2532889X_1953-02-28_01_133.tcf.xml-2-19	 	Beginn des Lehrganges im Parteikabinett der Bezirksleitung am Montag, dem 2. März 1953. 8 Uhr. im Seminar 9, Eingang Franzosische Straße 35/39.	98:105	0:143	Beginn des Lehrganges im Parteikabinett der Bezirksleitung am Montag , dem 2. März 1953 . 8 Uhr . im Seminar 9 , Eingang Franzosische Straße 35/39 .	19	0:27	Beginn d Lehrgang im Parteikabinett d Bezirksleitung am Montag , d 2. März 1953 . 8 Uhr . im Seminar 9 , Eingang Franzosische Straße 35/39 .	NN ART NN APPRART NN ART NN APPRART NN $, ART ADJA NN CARD $. CARD NN $. APPRART NN CARD $, NN NE NN CARD $.	
Seminar	NN	1953	2	2532889X_1953-04-22_01_083.tcf.xml-9-3	 	17.30 Uhr: Seminar für Agitationsleiter und Agitationsgruppenleiter im Parteihaus, großer Saal.	11:18	0:95	17.30 Uhr : Seminar für Agitationsleiter und Agitationsgruppenleiter im Parteihaus , großer Saal .	3	0:14	17.30 Uhr : Seminar für Agitationsleiter und Agitationsgruppenleiter im Parteihaus , groß Saal .	CARD NN $. NN APPR NN KON NN APPRART NN $, ADJA NN $.	
Seminar	NN	1955	2	2532889X_1955-03-13_01_096.tcf.xml-5-6	 	Die Teilnehmer die jetzt an dem Seminar für Politökonomie teilnehmen, sind ebenfalls verpflichtet, daran teilzunehmen.	32:39	0:118	Die Teilnehmer die jetzt an dem Seminar für Politökonomie teilnehmen , sind ebenfalls verpflichtet , daran teilzunehmen .	6	0:18	d Teilnehmer d jetzt an d Seminar für Politökonomie teilnehmen , sein ebenfalls verpflichten , daran teilnehmen .	ART NN ART ADV APPR ART NN APPR NN VVINF $, VAFIN ADV VVPP $, PAV VVIZU $.	
Seminar	NN	1971	2	2532889X_1971-11-20_01_261.tcf.xml-99-1	 	Das Seminar war ein großer Erfahrungsaustausch und bereicherte den gemeinsamen Erkenntnissehatz der Partei.	4:11	0:107	Das Seminar war ein großer Erfahrungsaustausch und bereicherte den gemeinsamen Erkenntnissehatz der Partei .	1	0:14	d Seminar sein eine groß Erfahrungsaustausch und bereichern d gemeinsam Erkenntnissehatz d Partei .	ART NN VAFIN ART ADJA NN KON VVFIN ART ADJA NN ART NN $.	
Seminar	NN	1972	2	2532889X_1972-07-22_01_176.tcf.xml-4-11	 	In den Samarkander Instituten wurden wiederholt von der UNO organisierte internationale Seminare über Karakulzucht durchgeführt Wissenschaftler aus Polen, Jugoslawien, Marokko, Afghanistan,. Pakistan, Indien, Äthiopien, Kenia, Iran, der Türkei und anderen Ländern studierten die von den Mitarbeitern des Institutes ausgearbeiteten Methoden der Aufzucht der Tiere und die Prinzipien ihrer Klassifizierung	88:96	0:403	In den Samarkander Instituten wurden wiederholt von der UNO organisierte internationale Seminare über Karakulzucht durchgeführt Wissenschaftler aus Polen , Jugoslawien , Marokko , Afghanistan , . Pakistan , Indien , Äthiopien , Kenia , Iran , der Türkei und anderen Ländern studierten die von den Mitarbeitern des Institutes ausgearbeiteten Methoden der Aufzucht der Tiere und die Prinzipien ihrer Klassifizierung	11	0:59	in d Samarkander Institut werden wiederholt von d Uno organisiert international Seminar über Karakulzucht durchführen Wissenschaftler aus Polen , Jugoslawien , Marokko , Afghanistan , . Pakistan , Indien , Äthiopien , Kenia , Iran , d Türkei und ander Land studieren d von d Mitarbeiter d Institut ausgearbeitet Methode d Aufzucht d Tier und d Prinzip ihr Klassifizierung	APPR ART NN NN VAFIN ADJD APPR ART NN ADJA ADJA NN APPR NE VVPP NN APPR NE $, NE $, NE $, NE $, $. NE $, NE $, NE $, NE $, NE $, ART NE KON ADJA NN VVFIN ART APPR ART NN ART NN ADJA NN ART NN ART NN KON ART NN PPOSAT NN	
Seminar	NN	1976	2	2532889X_1976-01-16_01_029.tcf.xml-3-2	 	An dem Seminar nahmen mehr als 60 kirchliche Amtsträger und engagierte Laien teil, darunter Vertreter des Bundes der Evangelischen Kirchen in der DDR.	7:14	0:150	An dem Seminar nahmen mehr als 60 kirchliche Amtsträger und engagierte Laien teil , darunter Vertreter des Bundes der Evangelischen Kirchen in der DDR .	2	0:25	an d Seminar nehmen mehr als 60 kirchlich Amtsträger und engagiert Laie teilen , darunter Vertreter d Bund d evangelisch Kirche in d DDR .	APPR ART NN VVFIN PIAT KOKOM CARD ADJA NN KON ADJA NN PTKVZ $, PAV NN ART NN ART ADJA NN APPR ART NE $.	
Seminar	NN	1976	2	2532889X_1976-05-29_01_117.tcf.xml-9-4	 	In dem auf dem Seminar angenommenen Aktionsprogramm wird es als dringend notwendig hervorgehoben, wirksame Aktionen der UNO, der Bewegung nichtpaktgebundener Staaten, der Arabischen Liga und aller fortschrittlichen Bewegungen für Freiheit und Menschenwürde der Völker im Süden Afrikas in die Wege zu leiten.	15:22	0:307	In dem auf dem Seminar angenommenen Aktionsprogramm wird es als dringend notwendig hervorgehoben , wirksame Aktionen der UNO , der Bewegung nichtpaktgebundener Staaten , der Arabischen Liga und aller fortschrittlichen Bewegungen für Freiheit und Menschenwürde der Völker im Süden Afrikas in die Wege zu leiten .	4	0:46	in d auf d Seminar angenehmen Aktionsprogramm werden es als dringend notwendig hervorheben , wirksam Aktion d Uno , d Bewegung nichtpaktgebunden Staat , d arabisch Liga und alle fortschrittlich Bewegung für Freiheit und Menschenwürde d Volk im Süden Afrika in d Weg zu leiten .	APPR ART APPR ART NN ADJA NN VAFIN PPER KOUS ADJD ADJD VVPP $, ADJA NN ART NN $, ART NN ADJA NN $, ART ADJA NN KON PIAT ADJA NN APPR NN KON NN ART NN APPRART NN NE APPR ART NN PTKZU VVINF $.	
Seminar	NN	1978	2	2532889X_1978-05-18_01_012.tcf.xml-5-5	 	An den 16 Vorträgen und Seminaren die in jedem Veranstaltungsort durchgeführt wurden, beteiligten sich mehr als 900 USA-Vertreter der Industrie, des Handels, von Banken und der Wissenschaft.	24:33	0:190	An den 16 Vorträgen und Seminaren die in jedem Veranstaltungsort durchgeführt wurden , beteiligten sich mehr als 900 USA- Vertreter der Industrie , des Handels , von Banken und der Wissenschaft .	5	0:32	an d 16 Vortrag und Seminar d in jede Veranstaltungsort durchführen werden , beteiligen sich mehr als 900 usa- Vertreter d Industrie , d Handel , von Bank und d Wissenschaft .	APPR ART CARD NN KON NN ART APPR PIAT NN VVPP VAFIN $, VVFIN PRF PIAT KOKOM CARD TRUNC NN ART NN $, ART NN $, APPR NN KON ART NN $.	
Seminar	NN	1980	2	2532889X_1980-07-19_01_504.tcf.xml-4-28	 	139 Teilnehmer, darunter 19 Gäste aus der UdSSR, aus Polen, Ungarn, Kuba, Belgien und Zypern, hatten sich an den sieben Kursen des Seminars beteiligt.	131:139	0:150	139 Teilnehmer , darunter 19 Gäste aus der UdSSR , aus Polen , Ungarn , Kuba , Belgien und Zypern , hatten sich an den sieben Kursen des Seminars beteiligt .	28	0:31	139 Teilnehmer , darunter 19 Gast aus d UdSSR , aus Polen , Ungarn , Kuba , Belgien und Zypern , haben sich an d sieben Kurs d Seminar beteiligen .	CARD NN $, PAV CARD NN APPR ART NE $, APPR NE $, NE $, NE $, NE KON NE $, VAFIN PRF APPR ART CARD NN ART NN VVPP $.	
Seminar	NN	1980	2	2532889X_1980-08-12_01_171.tcf.xml-11-9	 	Die Kongresse des WGB, seine internationalen Konferenzen und Seminare stehen allen Gewerkschaften offen, auch wenn sie ihm nicht angehören.	61:69	0:139	Die Kongresse des WGB , seine internationalen Konferenzen und Seminare stehen allen Gewerkschaften offen , auch wenn sie ihm nicht angehören .	9	0:22	d Kongreß d WGB , seine international Konferenz und Seminar stehen alle Gewerkschaft offen , auch wenn sie er nicht angehören .	ART NN ART NE $, PPOSAT ADJA NN KON NN VVFIN PIAT NN PTKVZ $, ADV KOUS PPER PPER PTKNEG VVINF $.	
Seminar	NN	1981	2	2532889X_1981-01-03_01_474.tcf.xml-9-16	 	Beim Studium aber wird nicht nur gefordert, den Vorlesungsstoff aktiv aufzunehmen, ihn in den Seminaren anzuwenden und zu vertiefen, sondern vor allem im Selbststudium sein Wissen zu erweitern.	94:103	0:193	Beim Studium aber wird nicht nur gefordert , den Vorlesungsstoff aktiv aufzunehmen , ihn in den Seminaren anzuwenden und zu vertiefen , sondern vor allem im Selbststudium sein Wissen zu erweitern .	16	0:32	beim Studium aber werden nicht nur fordern , d Vorlesungsstoff aktiv aufnehmen , er in d Seminar anwenden und zu vertiefen , sondern vor alle im Selbststudium sein Wissen zu erweitern .	APPRART NN ADV VAFIN PTKNEG ADV VVPP $, ART NN ADJD VVIZU $, PPER APPR ART NN VVIZU KON PTKZU VVINF $, KON APPR PIS APPRART NN PPOSAT NN PTKZU VVINF $.	
Seminar	NN	1983	2	2532889X_1983-06-22_01_205.tcf.xml-12-9	 	Am Nachmittag des ersten Konferenztages trafen die Teilnehmer in Seminaren zusammen.	65:74	0:84	Am Nachmittag des ersten Konferenztages trafen die Teilnehmer in Seminaren zusammen .	9	0:12	am Nachmittag d erst Konferenztag treffen d Teilnehmer in Seminar zusammen .	APPRART NN ART ADJA NN VVFIN ART NN APPR NN PTKVZ $.	
Seminar	NN	1983	2	2532889X_1983-10-04_01_119.tcf.xml-3-16	 	Zyklus: Probleme der Mllitär-Dolitik der SED und der sozialistischen Wehrerziehung Die nächste Veranstaltung (Seminar) findet am Mittwoch, dem 5. Oktober, um 16 Uhr in der Bildungsstätte der SED-Bezirksleitung, Französische Straße 35, statt.	110:117	0:241	Zyklus : Probleme der Mllitär- Dolitik der SED und der sozialistischen Wehrerziehung Die nächste Veranstaltung ( Seminar ) findet am Mittwoch , dem 5. Oktober , um 16 Uhr in der Bildungsstätte der SED-Bezirksleitung , Französische Straße 35 , statt .	16	0:41	Zyklus : Problem d mllitär- dolitik d Sed und d sozialistisch Wehrerziehung d nächst Veranstaltung ( Seminar ) finden am Mittwoch , d 5. Oktober , um 16 Uhr in d Bildungsstätte d Sed-Bezirksleitung , französisch Straße 35 , statt .	NN $. NN ART TRUNC KON ART NE KON ART ADJA NN ART ADJA NN $( NN $( VVFIN APPRART NN $, ART ADJA NN $, APPR CARD NN APPR ART NN ART NN $, ADJA NN CARD $, PTKVZ $.	
Seminar	NN	1987	2	2532889X_1987-05-25_01_114.tcf.xml-2-37	 	Den Ausbau der Zusammenarbeit zwischen dem Weltbund der Demokratischen Jugend (WBDJ) und der Internationalen Union der Sozialistischen Jugend (IUSY) im Kampf für Frieden und sozialen Fortschritt vereinbarten führende Vertreter beider Organisationen auf einem Seminar in Prag.	259:266	0:275	Den Ausbau der Zusammenarbeit zwischen dem Weltbund der Demokratischen Jugend ( WBDJ ) und der Internationalen Union der Sozialistischen Jugend ( IUSY ) im Kampf für Frieden und sozialen Fortschritt vereinbarten führende Vertreter beider Organisationen auf einem Seminar in Prag .	37	0:41	d Ausbau d Zusammenarbeit zwischen d Weltbund d demokratisch Jugend ( WBDJ ) und d international Union d sozialistisch Jugend ( IUSY ) im Kampf für Frieden und sozial Fortschritt vereinbaren führend Vertreter beide Organisation auf eine Seminar in Prag .	ART NN ART NN APPR ART NN ART ADJA NN $( NE $( KON ART ADJA NN ART ADJA NN $( NE $( APPRART NN APPR NN KON ADJA NN VVFIN ADJA NN PIAT NN APPR ART NN APPR NE $.	
Seminar	NN	1988	2	2532889X_1988-05-17_01_150.tcf.xml-3-30	 	Seminar zur Entstehung und Entwicklung der DDR unter der Führung der SED am Dienstag-, dem 17. Mai 1988, von 14.30 bis 17.30 Uhr; für die Zirkelkategorie — Seminar zur politischen Ökonomie des Sozialismus und der ökonomischen Strategie der SED am Mittwoch, dem 18. Mai 1983, von 14.30 bis 17.30 Uhr statt.	156:163	0:305	Seminar zur Entstehung und Entwicklung der DDR unter der Führung der SED am Dienstag- , dem 17. Mai 1988 , von 14.30 bis 17.30 Uhr ; für die Zirkelkategorie — Seminar zur politischen Ökonomie des Sozialismus und der ökonomischen Strategie der SED am Mittwoch , dem 18. Mai 1983 , von 14.30 bis 17.30 Uhr statt .	30	0:57	Seminar zur Entstehung und Entwicklung d DDR unter d Führung d Sed am dienstag- , d 17. Mai 1988 , von 14.30 bis 17.30 Uhr ; für d Zirkelkategorie — Seminar zur politisch Ökonomie d Sozialismus und d ökonomisch Strategie d Sed am Mittwoch , d 18. Mai 1983 , von 14.30 bis 17.30 Uhr statt .	NN APPRART NN KON NN ART NE APPR ART NN ART NE APPRART TRUNC $, ART ADJA NN CARD $, APPR CARD APPR CARD NN $. APPR ART NN $( NN APPRART ADJA NN ART NN KON ART ADJA NN ART NE APPRART NN $, ART ADJA NN CARD $, APPR CARD APPR CARD NN PTKVZ $.	
Seminar	NN	1988	2	2532889X_1988-10-29_01_008.tcf.xml-3-2	 	Das Zentrale Seminar der Kreisschulräte der DDR, mit dem eine entscheidende Etappe der Vorbereitung auf den IX.	13:20	0:111	Das Zentrale Seminar der Kreisschulräte der DDR , mit dem eine entscheidende Etappe der Vorbereitung auf den IX .	2	0:19	d zentral Seminar d Kreisschulrat d DDR , mit die eine entscheidend Etappe d Vorbereitung auf d Ix .	ART ADJA NN ART NN ART NE $, APPR PRELS ART ADJA NN ART NN APPR ART NN $.	
Seminar	NN	1960	2	26120215_1960_11_20_01_291.tcf.xml-19-6	 	Immer wieder fragten die Teilnehmer des Seminars nach Einzelheiten der Lage in Deutschland, um in ihrer Heimat darüber berichten zu können.	40:48	0:139	Immer wieder fragten die Teilnehmer des Seminars nach Einzelheiten der Lage in Deutschland , um in ihrer Heimat darüber berichten zu können .	6	0:23	immer wieder fragen d Teilnehmer d Seminar nach Einzelheit d Lage in Deutschland , um in ihr Heimat darüber berichten zu können .	ADV ADV VVFIN ART NN ART NN APPR NN ART NN APPR NE $, KOUI APPR PPOSAT NN PAV VVINF PTKZU VMINF $.	
Seminar	NN	1971	2	26120215_1971_09_15_01_275.tcf.xml-22-3	 	Ein internationales Russischlehrer-Seminar auf der italienischen Insel Ponza ging vorige Woche zu Ende.	35:42	0:103	Ein internationales Russischlehrer- Seminar auf der italienischen Insel Ponza ging vorige Woche zu Ende .	3	0:15	eine international russischlehrer- Seminar auf d italienisch Insel Ponza gehen vorig Woche zu Ende .	ART ADJA TRUNC NN APPR ART ADJA NN NE VVFIN ADJA NN APPR NN $.	
Seminar	NN	1972	2	26120215_1972_10_11_01_295.tcf.xml-20-11	 	Joachim Pohl, Kontrollbeauftranter im VEB Fleischkombinat Berlin, Propagandist im Seminar „Studium der politischen Ökonomie des Sozialismus";	82:89	0:141	Joachim Pohl , Kontrollbeauftranter im VEB Fleischkombinat Berlin , Propagandist im Seminar „ Studium der politischen Ökonomie des Sozialismus " ;	11	0:21	Joachim Pohl , Kontrollbeauftranter im VEB Fleischkombinat Berlin , Propagandist im Seminar „ Studium d politisch Ökonomie d Sozialismus " ;	NE NE $, NE APPRART NN NN NE $, NN APPRART NN $( NN ART ADJA NN ART NN $( $.	
Seminar	NN	1976	2	26120215_1976_07_22_01_251.tcf.xml-5-3	 	An Schulen, Seminaren und Hochschulen meidet man wieder politische Themen, die Bereitschaft zum politischen und gewerkschaftlichen Engagement bei der Jugend geht wieder zurück, totale Anpassung auf der Bandbreite des Regierungsdenkens ist wieder Trumpf.	12:21	0:253	An Schulen , Seminaren und Hochschulen meidet man wieder politische Themen , die Bereitschaft zum politischen und gewerkschaftlichen Engagement bei der Jugend geht wieder zurück , totale Anpassung auf der Bandbreite des Regierungsdenkens ist wieder Trumpf .	3	0:37	an Schule , Seminar und Hochschule meiden man wieder politisch Thema , d Bereitschaft zum politisch und gewerkschaftlich Engagement bei d Jugend gehen wieder zurück , total Anpaßung auf d Bandbreite d Regierungsdenken sein wieder Trumpf .	APPR NN $, NN KON NN VVFIN PIS ADV ADJA NN $, ART NN APPRART ADJA KON ADJA NN APPR ART NN VVFIN ADV PTKVZ $, ADJA NN APPR ART NN ART NN VAFIN ADV NE $.	
Seminar	NN	1980	2	26120215_1980_07_11_01_040.tcf.xml-48-9	 	Partnerschaft wird aber auch gebildet durch die Tätigkeit im Seminar, in der Arbeit auf der Station, durch das Bekenntnis des Hochschullehrers zu seinem politisch-erzieherischen Auftrag.	61:68	0:186	Partnerschaft wird aber auch gebildet durch die Tätigkeit im Seminar , in der Arbeit auf der Station , durch das Bekenntnis des Hochschullehrers zu seinem politisch-erzieherischen Auftrag .	9	0:28	Partnerschaft werden aber auch gebildet durch d Tätigkeit im Seminar , in d Arbeit auf d Station , durch d Bekenntnis d Hochschulelehrer zu seine politisch-erzieherisch Auftrag .	NN VAFIN ADV ADV ADJD APPR ART NN APPRART NN $, APPR ART NN APPR ART NN $, APPR ART NN ART NN APPR PPOSAT ADJA NN $.	
Seminar	NN	1986	2	26120215_1986_06_03_01_240.tcf.xml-10-2	 	In einem Seminar mit der nationalen Leitung der „Christlichen Arbeitervereinigung Italiens" wurden spezifische Aspekte des Wirkens der katholischen Kirche für Frieden und soziale Gerechtigkeit diskutiert.	9:16	0:204	In einem Seminar mit der nationalen Leitung der „ Christlichen Arbeitervereinigung Italiens " wurden spezifische Aspekte des Wirkens der katholischen Kirche für Frieden und soziale Gerechtigkeit diskutiert .	2	0:28	in eine Seminar mit d national Leitung d „ christlich Arbeitervereinigung Italien " werden spezifisch Aspekt d Wirken d katholisch Kirche für Frieden und sozial Gerechtigkeit diskutieren .	APPR ART NN APPR ART ADJA NN ART $( ADJA NN NE $( VAFIN ADJA NN ART NN ART ADJA NN APPR NN KON ADJA NN VVPP $.	
Seminar	NN	1879	1	buechner_werke_1879-503-41	 	Der letztere war übrigens nicht blos der ältere, sondern auch der weitaus berühmtere von beiden, der" Stolz des gelehrten Elsaß", welcher damals bereits seit vier Jahrzehnten, zuerst an der deutschen Hochschule, dann am" Séminare protestant", wo er" Fundamenta Anthropologiae" vortrug, endlich seit Gründung der Académie an dieser als Forscher und als Lehrer gleich erfolgreich wirkte.	221:229	0:385	Der letztere war übrigens nicht blos der ältere , ſondern auch der weitaus berühmtere von beiden , der " Stolz des gelehrten Elſaß " , welcher damals bereits ſeit vier Jahrzehnten , zuerſt an der deutſchen Hochſchule , dann am " Séminare protestant " , wo er " Fundamenta Anthropologiae " vortrug , endlich ſeit Gründung der Académie an dieſer als Forſcher und als Lehrer gleich erfolgreich wirkte .	41	0:69	d letztere sein übrigens nicht bloß d alt , sondern auch d weitaus berühmt von beide , d " Stolz d gelehrt Elsaß " , welche damals bereits seit vier Jahrzehnt , zuerst an d deutsch Hochschule , dann am " Seminar protestant " , wo er " fundamenta anthropologiae " vortragen , endlich seit Gründung d Akademie an diese als Forscher und als Lehrer gleich erfolgreich wirken .	ART PIS VAFIN ADV PTKNEG ADV ART ADJA $, KON ADV ART ADV ADJA APPR PIAT $, ART $( NN ART ADJA NE $( $, PRELS ADV ADV APPR CARD NN $, ADV APPR ART ADJA NN $, ADV APPRART $( NN FM $( $, PWAV PPER $( FM FM $( VVFIN $, ADV APPR NN ART NN APPR PDAT KOKOM NN KON KOKOM NN ADV ADJD VVFIN $.	Der letztere war übrigens nicht bloß der ältere , sondern auch der weitaus berühmtere von beiden , der " Stolz des gelehrten Elsaß " , welcher damals bereits seit vier Jahrzehnten , zuerst an der deutschen Hochschule , dann am " Seminare protestant " , wo er " Fundamenta Anthropologiae " vortrug , endlich seit Gründung der Akademie an dieser als Forscher und als Lehrer gleich erfolgreich wirkte .
Seminar	NN	1847	1	heckert_schulgesetzgebung_1847-1419-17	 	3. Es soll zwar den Zöglingen frei stehen, Stellen, welche ihnen von dem Director des Seminars in Folge der Aufträge, die ihm wegen Besetzung von der Königl. Regierung gegeben worden, oder in Folge eines Gesuches von Patronen und Schulinspectoren um Nachweisung eines Schullehrers angeboten werden, auszuschlagen; wenn aber die Königl. Regierung diese Ablehnung nicht gelten läßt, sondern den Zögling für eine bestimmte Stelle Königl. oder Privatpatronats angestellt wissen will, so muß derselbe sich dieser Verfügung entweder unterwerfen, oder die im Vorstehenden bestimmte Zurückzahlung leisten.	86:94	0:597	3. Es ſoll zwar den Zöglingen frei ſtehen , Stellen , welche ihnen von dem Director des Seminars in Folge der Aufträge , die ihm wegen Beſetzung von der Königl. Regierung gegeben worden , oder in Folge eines Geſuches von Patronen und Schulinſpectoren um Nachweiſung eines Schullehrers angeboten werden , auszuſchlagen ; wenn aber die Königl. Regierung dieſe Ablehnung nicht gelten läßt , ſondern den Zögling für eine beſtimmte Stelle Königl. oder Privatpatronats angeſtellt wiſſen will , ſo muß derſelbe ſich dieſer Verfügung entweder unterwerfen , oder die im Vorſtehenden beſtimmte Zurückzahlung leiſten .	17	0:94	3. es sollen zwar d Zögling frei stehen , Stelle , welche sie von d Direktor d Seminar in Folge d Auftrag , die er wegen Besetzung von d Königl. Regierung geben werden , oder in Folge eine Gesuche von Patrone und Schulinspektor um Nachweisung eine Schullehrer anbieten werden , ausschlagen ; wenn aber d Königl. Regierung diese Ablehnung nicht gelten lassen , sondern d Zögling für eine bestimmt Stelle Königl. oder Privatpatronat anstellen wissen wollen , so müssen dieselbe sich diese Verfügung entweder unterwerfen , oder d im Vorstehende bestimmt Zurückzahlung leisten .	ADV PPER VMFIN ADV ART NN ADJD VVFIN $, NN $, PRELS PPER APPR ART NN ART NN APPR NN ART NN $, PRELS PPER APPR NN APPR ART ADJA NN VVPP VAPP $, KON APPR NN ART NN APPR NN KON NN APPR NN ART NN VVPP VAINF $, VVIZU $. KOUS ADV ART ADJA NN PDAT NN PTKNEG VVINF VVFIN $, KON ART NN APPR ART ADJA NN NN KON NN VVPP VVINF VMFIN $, ADV VMFIN PDAT PRF PDAT NN ADV VVINF $, KON ART APPRART NN ADJA NN VVINF $.	3. Es soll zwar den Zöglingen frei stehen , Stellen , welche ihnen von dem Direktor des Seminars in Folge der Aufträge , die ihm wegen Besetzung von der Königl. Regierung gegeben worden , oder in Folge eines Gesuches von Patronen und Schulinspektoren um Nachweisung eines Schullehrers angeboten werden , auszuschlagen ; wenn aber die Königl. Regierung diese Ablehnung nicht gelten läßt , sondern den Zögling für eine bestimmte Stelle Königl. oder Privatpatronats angestellt wissen will , so muß derselbe sich dieser Verfügung entweder unterwerfen , oder die im Vorstehenden bestimmte Zurückzahlung leisten .
Seminar	NN	1847	1	heckert_schulgesetzgebung_1847-1444-33	 	Damit aber auch auf die bereits angestellten Schullehrer, welche entweder überall der Nachhülfe bedürfen, oder in ihrer Bildung und Amtsgeschicklichkeit nicht fortschreiten, vielleicht gar zurückgehen, der wohlthätige Einfluß des Seminars sich verbreite, sollen dergleichen Lehrer auf längere oder kürzere Zeit, je nachdem es ihnen Noth thut, in das Hauptseminar zurückgerufen werden, um entweder einen ganzen methodologischen Cursus durchzumachen, oder sich in einzelnen Lehrfächern nachzuüben, oder auch in ein gewisses Disciplinarverhältniß genommen zu werden, indem sie bei der Uebungsschule des Seminars beschäftigt sind.	230:238	0:626	Damit aber auch auf die bereits angeſtellten Schullehrer , welche entweder überall der Nachhülfe bedürfen , oder in ihrer Bildung und Amtsgeſchicklichkeit nicht fortſchreiten , vielleicht gar zurückgehen , der wohlthätige Einfluß des Seminars ſich verbreite , ſollen dergleichen Lehrer auf längere oder kürzere Zeit , je nachdem es ihnen Noth thut , in das Hauptſeminar zurückgerufen werden , um entweder einen ganzen methodologiſchen Curſus durchzumachen , oder ſich in einzelnen Lehrfächern nachzuüben , oder auch in ein gewiſſes Diſciplinarverhältniß genommen zu werden , indem ſie bei der Uebungsſchule des Seminars beſchäftigt ſind .	33	0:94	damit aber auch auf d bereits angestellt Schullehrer , welche entweder überall d Nachhülfe bedürfen , oder in ihr Bildung und Amtsgeschicklichkeit nicht fortschreiten , vielleicht gar zurückgehen , d wohltätig Einfluß d Seminar sich verbreiten , sollen dergleichen Lehrer auf lang oder kurz Zeit , je nachdem es sie Not tun , in d Hauptseminar zurückrufen werden , um entweder eine ganz methodologisch Kursus durchmachen , oder sich in einzeln Lehrfach nachüben , oder auch in eine gewiß Disziplinarverhältnis nehmen zu werden , indem sie bei d Übungsschule d Seminar beschäftigen sein .	PAV ADV ADV APPR ART ADV ADJA NN $, PRELS ADV ADV ART NN VVFIN $, KON APPR PPOSAT NN KON NN PTKNEG VVINF $, ADV ADV VVINF $, ART ADJA NN ART NN PRF VVFIN $, VMFIN PIS NN APPR ADJA KON ADJA NN $, ADV KOUS PPER PPER NN VVFIN $, APPR ART NN VVPP VAINF $, KOUI ADV ART ADJA ADJA NN VVIZU $, KON PRF APPR ADJA NN VVIZU $, KON ADV APPR ART ADJA NN VVPP PTKZU VAINF $, KOUS PPER APPR ART NN ART NN VVPP VAFIN $.	Damit aber auch auf die bereits angestellten Schullehrer , welche entweder überall der Nachhülfe bedürfen , oder in ihrer Bildung und Amtsgeschicklichkeit nicht fortschreiten , vielleicht gar zurückgehen , der wohltätige Einfluß des Seminars sich verbreite , sollen dergleichen Lehrer auf längere oder kürzere Zeit , je nachdem es ihnen Not tut , in das Hauptseminar zurückgerufen werden , um entweder einen ganzen methodologischen Kursus durchzumachen , oder sich in einzelnen Lehrfächern nachzuüben , oder auch in ein gewisses Disziplinarverhältnis genommen zu werden , indem sie bei der Übungsschule des Seminars beschäftigt sind .
Seminar	NN	1847	1	heckert_schulgesetzgebung_1847-1444-90	 	Damit aber auch auf die bereits angestellten Schullehrer, welche entweder überall der Nachhülfe bedürfen, oder in ihrer Bildung und Amtsgeschicklichkeit nicht fortschreiten, vielleicht gar zurückgehen, der wohlthätige Einfluß des Seminars sich verbreite, sollen dergleichen Lehrer auf längere oder kürzere Zeit, je nachdem es ihnen Noth thut, in das Hauptseminar zurückgerufen werden, um entweder einen ganzen methodologischen Cursus durchzumachen, oder sich in einzelnen Lehrfächern nachzuüben, oder auch in ein gewisses Disciplinarverhältniß genommen zu werden, indem sie bei der Uebungsschule des Seminars beschäftigt sind.	600:608	0:626	Damit aber auch auf die bereits angeſtellten Schullehrer , welche entweder überall der Nachhülfe bedürfen , oder in ihrer Bildung und Amtsgeſchicklichkeit nicht fortſchreiten , vielleicht gar zurückgehen , der wohlthätige Einfluß des Seminars ſich verbreite , ſollen dergleichen Lehrer auf längere oder kürzere Zeit , je nachdem es ihnen Noth thut , in das Hauptſeminar zurückgerufen werden , um entweder einen ganzen methodologiſchen Curſus durchzumachen , oder ſich in einzelnen Lehrfächern nachzuüben , oder auch in ein gewiſſes Diſciplinarverhältniß genommen zu werden , indem ſie bei der Uebungsſchule des Seminars beſchäftigt ſind .	90	0:94	damit aber auch auf d bereits angestellt Schullehrer , welche entweder überall d Nachhülfe bedürfen , oder in ihr Bildung und Amtsgeschicklichkeit nicht fortschreiten , vielleicht gar zurückgehen , d wohltätig Einfluß d Seminar sich verbreiten , sollen dergleichen Lehrer auf lang oder kurz Zeit , je nachdem es sie Not tun , in d Hauptseminar zurückrufen werden , um entweder eine ganz methodologisch Kursus durchmachen , oder sich in einzeln Lehrfach nachüben , oder auch in eine gewiß Disziplinarverhältnis nehmen zu werden , indem sie bei d Übungsschule d Seminar beschäftigen sein .	PAV ADV ADV APPR ART ADV ADJA NN $, PRELS ADV ADV ART NN VVFIN $, KON APPR PPOSAT NN KON NN PTKNEG VVINF $, ADV ADV VVINF $, ART ADJA NN ART NN PRF VVFIN $, VMFIN PIS NN APPR ADJA KON ADJA NN $, ADV KOUS PPER PPER NN VVFIN $, APPR ART NN VVPP VAINF $, KOUI ADV ART ADJA ADJA NN VVIZU $, KON PRF APPR ADJA NN VVIZU $, KON ADV APPR ART ADJA NN VVPP PTKZU VAINF $, KOUS PPER APPR ART NN ART NN VVPP VAFIN $.	Damit aber auch auf die bereits angestellten Schullehrer , welche entweder überall der Nachhülfe bedürfen , oder in ihrer Bildung und Amtsgeschicklichkeit nicht fortschreiten , vielleicht gar zurückgehen , der wohltätige Einfluß des Seminars sich verbreite , sollen dergleichen Lehrer auf längere oder kürzere Zeit , je nachdem es ihnen Not tut , in das Hauptseminar zurückgerufen werden , um entweder einen ganzen methodologischen Kursus durchzumachen , oder sich in einzelnen Lehrfächern nachzuüben , oder auch in ein gewisses Disziplinarverhältnis genommen zu werden , indem sie bei der Übungsschule des Seminars beschäftigt sind .
Seminar	NN	1847	1	heckert_schulgesetzgebung_1847-1477-75	 	Diese Einrichtung gewährt den Vortheil, daß man jedesmal solche Subjecte zusammen einberufen kann, die ungefähr auf gleicher Stufe stehen; daß der Gegenstand selbst gründlicher und vollständiger durchgenommen wird; daß die Einzelnen besser beobachtet und ihren be-sondern Bedürfnissen gemäß behandelt werden können; und daß nicht alle Seminarlehrer zugleich, zum Nachtheil der eigentlichen Zöglinge der Anstalt, sondern immer nur vorzugsweise derjenige, welchem der zu behandelnde Gegenstand auch im Seminar zugetheilt ist, in Anspruch genommen wird.	500:507	0:550	Dieſe Einrichtung gewährt den Vortheil , daß man jedesmal ſolche Subjecte zuſammen einberufen kann , die ungefähr auf gleicher Stufe ſtehen ; daß der Gegenſtand ſelbſt gründlicher und vollſtändiger durchgenommen wird ; daß die Einzelnen beſſer beobachtet und ihren be- ſondern Bedürfniſſen gemäß behandelt werden können ; und daß nicht alle Seminarlehrer zugleich , zum Nachtheil der eigentlichen Zöglinge der Anſtalt , ſondern immer nur vorzugsweiſe derjenige , welchem der zu behandelnde Gegenſtand auch im Seminar zugetheilt iſt , in Anſpruch genommen wird .	75	0:84	diese Einrichtung gewähren d Vorteil , daß man jedesmal solch Subjekt zusammen einberufen können , die ungefähr auf gleich Stufe stehen ; daß d Gegenstand selbst gründlich und vollständig durchnehmen werden ; daß d Einzelne gut beobachten und ihr be- sondern Bedürfnis gemäß behandeln werden können ; und daß nicht alle Seminarlehrer zugleich , zum Nachteil d eigentlich Zögling d Anstalt , sondern immer nur vorzugsweise diejenige , welche d zu behandelnd Gegenstand auch im Seminar zuteilen sein , in Anspruch nehmen werden .	PDAT NN VVFIN ART NN $, KOUS PIS ADV PIAT NN ADV VVPP VMFIN $, PRELS ADJD APPR ADJA NN VVFIN $. KOUS ART NN ADV ADJD KON ADJA VVPP VAFIN $. KOUS ART NN ADJD VVPP KON PPOSAT TRUNC KON NN ADJD VVPP VAINF VMFIN $. KON KOUS PTKNEG PIAT NN ADV $, APPRART NN ART ADJA NN ART NN $, KON ADV ADV ADJD PDS $, PRELS ART PTKZU ADJA NN ADV APPRART NN VVPP VAFIN $, APPR NN VVPP VAFIN $.	Diese Einrichtung gewährt den Vorteil , daß man jedesmal solche Subjekte zusammen einberufen kann , die ungefähr auf gleicher Stufe stehen ; daß der Gegenstand selbst gründlicher und vollständiger durchgenommen wird ; daß die Einzelnen besser beobachtet und ihren be- sondern Bedürfnissen gemäß behandelt werden können ; und daß nicht alle Seminarlehrer zugleich , zum Nachteil der eigentlichen Zöglinge der Anstalt , sondern immer nur vorzugsweise derjenige , welchem der zu behandelnde Gegenstand auch im Seminar zugeteilt ist , in Anspruch genommen wird .
Seminar	NN	1847	1	heckert_schulgesetzgebung_1847-1487-100	 	Der Hauptnutzen dieser Einrichtung aber wird darin bestehen, daß sich unter den Lehrern selbst Trieb, Eifer und Fortschritt vermehrt, daß sich überhaupt Regsamkeit im Schulwesen verbreitet; daß immer mehr Uebereinstimmung in der Behandlung des Unterrichts durch alle Schulen bewirkt wird; daß das Seminar wirklich der lebendige Mittelpunkt des Gauzen wird; daß die Seminarlehrer mit dem eigentlichen Zustande und den wahren Bedürfnissen der Schulen sich vertraut machen, und daß auch in ihnen ein lebendiges Interesse und ein frischer Eifer erhalten wird, und endlich, daß die angehenden Lehrer, nämlich die Zöglinge der Seminare, gleich vom Anfange von dem Gefühle der Wichtigkeit ihres Berufs durchdrungen werden, und den Ernst erkennen lernen, womit darüber gewacht wird, daß sie dereinst ihre Pflicht redlich erfüllen und nicht lässig befunden werden.	621:629	0:855	Der Hauptnutzen dieſer Einrichtung aber wird darin beſtehen , daß ſich unter den Lehrern ſelbſt Trieb , Eifer und Fortſchritt vermehrt , daß ſich überhaupt Regſamkeit im Schulweſen verbreitet ; daß immer mehr Uebereinſtimmung in der Behandlung des Unterrichts durch alle Schulen bewirkt wird ; daß das Seminar wirklich der lebendige Mittelpunkt des Gauzen wird ; daß die Seminarlehrer mit dem eigentlichen Zuſtande und den wahren Bedürfniſſen der Schulen ſich vertraut machen , und daß auch in ihnen ein lebendiges Intereſſe und ein friſcher Eifer erhalten wird , und endlich , daß die angehenden Lehrer , nämlich die Zöglinge der Seminare , gleich vom Anfange von dem Gefühle der Wichtigkeit ihres Berufs durchdrungen werden , und den Ernſt erkennen lernen , womit darüber gewacht wird , daß ſie dereinſt ihre Pflicht redlich erfüllen und nicht läſſig befunden werden .	100	0:139	d Hauptnutzen diese Einrichtung aber werden darin bestehen , daß sich unter d Lehrer selbst Trieb , Eifer und Fortschritt vermehrt , daß sich überhaupt Regsamkeit im Schulwesen verbreiten ; daß immer mehr Übereinstimmung in d Behandlung d Unterricht durch alle Schule bewirken werden ; daß d Seminar wirklich d lebendig Mittelpunkt d Geouz werden ; daß d Seminarlehrer mit d eigentlich Zustand und d wahr Bedürfnis d Schule sich vertraut machen , und daß auch in sie eine lebendig Interesse und eine frisch Eifer erhalten werden , und endlich , daß d angehend Lehrer , nämlich d Zögling d Seminar , gleich vom Anfang von d Gefühl d Wichtigkeit ihr Beruf durchdringen werden , und d Ernst erkennen lernen , womit darüber wachen werden , daß sie dereinst ihr Pflicht redlich erfüllen und nicht lässig befinden werden .	ART NN PDAT NN ADV VAFIN PAV VVINF $, KOUS PRF APPR ART NN ADV NN $, NN KON NN ADJD $, KOUS PRF ADV NN APPRART NN VVPP $. KOUS ADV PIAT NN APPR ART NN ART NN APPR PIAT NN VVPP VAFIN $. KOUS ART NN ADJD ART ADJA NN ART NN VAFIN $. KOUS ART NN APPR ART ADJA NN KON ART ADJA NN ART NN PRF ADJD VVINF $, KON KOUS ADV APPR PPER ART ADJA NN KON ART ADJA NN VVPP VAFIN $, KON ADV $, KOUS ART ADJA NN $, ADV ART NN ART NN $, ADV APPRART NN APPR ART NN ART NN PPOSAT NN VVPP VAINF $, KON ART NE VVINF VVINF $, PWAV PAV VVPP VAFIN $, KOUS PPER ADV PPOSAT NN ADJD VVINF KON PTKNEG ADJD VVPP VAINF $.	Der Hauptnutzen dieser Einrichtung aber wird darin bestehen , daß sich unter den Lehrern selbst Trieb , Eifer und Fortschritt vermehrt , daß sich überhaupt Regsamkeit im Schulwesen verbreitet ; daß immer mehr Übereinstimmung in der Behandlung des Unterrichts durch alle Schulen bewirkt wird ; daß das Seminar wirklich der lebendige Mittelpunkt des Geouzen wird ; daß die Seminarlehrer mit dem eigentlichen Zustande und den wahren Bedürfnissen der Schulen sich vertraut machen , und daß auch in ihnen ein lebendiges Interesse und ein frischer Eifer erhalten wird , und endlich , daß die angehenden Lehrer , nämlich die Zöglinge der Seminare , gleich vom Anfange von dem Gefühle der Wichtigkeit ihres Berufs durchdrungen werden , und den Ernst erkennen lernen , womit darüber gewacht wird , daß sie dereinst ihre Pflicht redlich erfüllen und nicht lässig befunden werden .
Seminar	NN	1847	1	heckert_schulgesetzgebung_1847-3371-18	 	Es zeigt nämlich die Erfahrung, daß die ganz veränderte Lebensart, zu welcher sich die in das Seminar eintretenden Jünglinge gewöhnen müssen, nicht ohne Nachtheil für ihr körperliches Befinden bleibt.	94:101	0:200	Es zeigt nämlich die Erfahrung , daß die ganz veränderte Lebensart , zu welcher ſich die in das Seminar eintretenden Jünglinge gewöhnen müſſen , nicht ohne Nachtheil für ihr körperliches Befinden bleibt .	18	0:33	es zeigen nämlich d Erfahrung , daß d ganz verändert Lebensart , zu welche sich d in d Seminar eintretend Jüngling gewöhnen müssen , nicht ohne Nachteil für ihr körperlich Befinden bleiben .	PPER VVFIN ADV ART NN $, KOUS ART ADV ADJA NN $, APPR PRELS PRF ART APPR ART NN ADJA NN VVINF VMFIN $, PTKNEG KOUI NN APPR PPOSAT ADJA NN VVFIN $.	Es zeigt nämlich die Erfahrung , daß die ganz veränderte Lebensart , zu welcher sich die in das Seminar eintretenden Jünglinge gewöhnen müssen , nicht ohne Nachteil für ihr körperliches Befinden bleibt .
Seminar	NN	1847	1	heckert_schulgesetzgebung_1847-3979-9	 	Nr. 3., betr. die Errichtung einer mit dem Seminar zu Stettin zu verbindenden Taubstummen-Schule.	43:50	0:97	Nr. 3. , betr. die Errichtung einer mit dem Seminar zu Stettin zu verbindenden Taubſtummen-Schule .	9	0:16	Nr. 3. , Betr. d Errichtung eine mit d Seminar zu Stettin zu verbindend Taubstummen-Schule .	NN ADJA $, NN ART NN ART APPR ART NN APPR NE APPR ADJA NN $.	Nr. 3. , betr. die Errichtung einer mit dem Seminar zu Stettin zu verbindenden Taubstummen-Schule .
Seminar	NN	1847	1	heckert_schulgesetzgebung_1847-419-19	 	Dagegen bedarf es bei den noch nicht angestellt gewesenen, aber mit dem Zeugniß unbedingter Anstellungsfähigkeit aus einem Königl. Seminar entlassenen und in den Amtsblättern der betr. Regierungen als wahlfähig bezeichneten Subjecten einer abermaligen Prüfung nicht, wenn solche aus einer Provinz in die andere sich begeben und dort Schulstellen derselben Art, für welche sie unbedingt anstellungsfähig sind, erhalten sollen.	131:138	0:425	Dagegen bedarf es bei den noch nicht angeſtellt geweſenen , aber mit dem Zeugniß unbedingter Anſtellungsfähigkeit aus einem Königl. Seminar entlaſſenen und in den Amtsblättern der betr. Regierungen als wahlfähig bezeichneten Subjecten einer abermaligen Prüfung nicht , wenn ſolche aus einer Provinz in die andere ſich begeben und dort Schulſtellen derſelben Art , für welche ſie unbedingt anſtellungsfähig ſind , erhalten ſollen .	19	0:63	dagegen bedürfen es bei d noch nicht anstellen gewesen , aber mit d Zeugnis unbedingt Anstellungsfähigkeit aus eine Königl. Seminar entlaßen und in d Amtsblatt d betr. Regierung als wahlfähig bezeichnet Subjekt eine abermalig Prüfung nicht , wenn solch aus eine Provinz in die andere sich begeben und dort Schulstelle dieselbe Art , für welche sie unbedingt anstellungsfähig sein , erhalten sollen .	PAV VVFIN PPER APPR ART ADV PTKNEG VVPP ADJA $, ADV APPR ART NN ADJA NN APPR ART ADJA NN ADJA KON APPR ART NN ART ADJA NN KOKOM ADJD ADJA NN ART ADJA NN PTKNEG $, KOUS PIS APPR ART NN APPR PRELS PIS PRF VVPP KON ADV NN PDAT NN $, APPR PRELS PPER ADV ADJD VAFIN $, VVINF VMFIN $.	Dagegen bedarf es bei den noch nicht angestellt gewesenen , aber mit dem Zeugnis unbedingter Anstellungsfähigkeit aus einem Königl. Seminar entlassenen und in den Amtsblättern der betr. Regierungen als wahlfähig bezeichneten Subjekten einer abermaligen Prüfung nicht , wenn solche aus einer Provinz in die andere sich begeben und dort Schulstellen derselben Art , für welche sie unbedingt anstellungsfähig sind , erhalten sollen .
Seminar	NN	1847	1	heckert_schulgesetzgebung_1847-6811-6	 	6.; deren Verhältnisse in den Seminaren; ihre Prüfung und Anstellungsfähigkeit; die Wahlfähigkeitsprüfung katholischer Cand. 21. Prüfung ausländischer.	30:39	0:151	6. ; deren Verhältniſſe in den Seminaren ; ihre Prüfung und Anſtellungsfähigkeit ; die Wahlfähigkeitsprüfung katholiſcher Cand. 21. Prüfung ausländiſcher .	6	0:21	6. ; die Verhältnis in d Seminar ; ihr Prüfung und Anstellungsfähigkeit ; d Wahlfähigkeitsprüfung katholisch Cand. 21. Prüfung ausländisch .	ADJA $. PRELAT NN APPR ART NN $. PPOSAT NN KON NN $. ART NN ADJA NN ADJA NN ADJA $.	6. ; deren Verhältnisse in den Seminaren ; ihre Prüfung und Anstellungsfähigkeit ; die Wahlfähigkeitsprüfung katholischer Cand. 21. Prüfung ausländischer .
Seminar	NN	1847	1	heckert_schulgesetzgebung_1847-7644-10	 	28. Febr. Circ.-Rescr. über die Verhältnisse der Schulamtscandidaten in den Seminaren.	76:85	0:86	28. Febr. Circ.-Reſcr. über die Verhältniſſe der Schulamtscandidaten in den Seminaren .	10	0:12	28. Febr. Circ.-Rescr. über d Verhältnis d Schulamtskandidat in d Seminar .	ADJA NN NN APPR ART NN ART NN APPR ART NN $.	28. Febr. Circ.-Rescr. über die Verhältnisse der Schulamtskandidaten in den Seminaren .
Seminar	NN	1809	1	heeren_staatensystem_1809-623-4	 	Niederlage der Franzosen bey Seminara am 21. April, und am Garigliano 27. Dec. 1503.	29:37	0:84	Niederlage der Franzoſen bey Seminara am 21. April , und am Garigliano 27. Dec. 1503 .	4	0:16	Niederlage d Franzose bei Seminar am 21. April , und am Garigliano 27. Dec. 1503 .	NN ART NN APPR NN APPRART ADJA NN $, KON APPRART NE ADJA NN CARD $.	Niederlage der Franzosen bei Seminare am 21. April , und am Garigliano 27. Dec. 1503 .
Seminar	NN	1815	1	hoffmann_elixiere01_1815-167-9	 	Beinahe die ganze Zeit, welche meine Studien im Seminar mir übrig ließen, brachte ich im Capuziner-Kloster zu, und ich spürte, wie immer mehr meine Neigung zunahm, mich einkleiden zu lassen.	48:55	0:190	Beinahe die ganze Zeit , welche meine Studien im Seminar mir uͤbrig ließen , brachte ich im Capuziner-Kloſter zu , und ich ſpuͤrte , wie immer mehr meine Neigung zunahm , mich einkleiden zu laſſen .	9	0:36	beinahe d ganz Zeit , welche meine Studie im Seminar ich übrig lassen , bringen ich im Kapuziner-Kloster zu , und ich spüren , wie immer mehr meine Neigung zunehmen , ich einkleiden zu lassen .	ADV ART ADJA NN $, PRELS PPOSAT NN APPRART NN PPER ADJD VVFIN $, VVFIN PPER APPRART NN PTKVZ $, KON PPER VVFIN $, PWAV ADV ADV PPOSAT NN VVFIN $, PPER VVFIN PTKZU VVINF $.	Beinahe die ganze Zeit , welche meine Studien im Seminar mir übrig ließen , brachte ich im Kapuziner-Kloster zu , und ich spürte , wie immer mehr meine Neigung zunahm , mich einkleiden zu lassen .
Seminar	NN	1862	1	huber_revival_1862-548-24	 	Namentlich würde dies sehr bald auch die Frage heranziehen: ob die ganze Bildung, welche unsere Schulen und dann besonders unsere Universitäten, Seminare und endlich das Hauslehrerwesen dem geistlichen Nachwuchs geben, auf die Länge auch den mäßigsten Anforderungen, die aus unseren geistlichen Nothständen sich in steigendem Maaße aufdrängen, zu genügen im Stande sein kann — sobald man mehr verlangt als ein leidliches Maaß theologischer Kenntnisse und negativer Sittlichkeit?	145:153	0:478	Namentlich würde dies ſehr bald auch die Frage heranziehen : ob die ganze Bildung , welche unſere Schulen und dann beſonders unſere Univerſitäten , Seminare und endlich das Hauslehrerweſen dem geiſtlichen Nachwuchs geben , auf die Länge auch den mäßigſten Anforderungen , die aus unſeren geiſtlichen Nothſtänden ſich in ſteigendem Maaße aufdrängen , zu genügen im Stande ſein kann — ſobald man mehr verlangt als ein leidliches Maaß theologiſcher Kenntniſſe und negativer Sittlichkeit ?	24	0:74	namentlich werden diese sehr bald auch d Frage heranziehen : ob d ganz Bildung , welche unsere Schule und dann besonders unsere Universität , Seminar und endlich d Hauslehrerwesen d geistlich Nachwuchs geben , auf d Länge auch d mäßig Anforderung , die aus unsere geistlich Notstand sich in steigend Maß aufdrängen , zu genügen im Stand sein können -- sobald man mehr verlangen als eine leidlich Maß theologisch Kenntnis und negativ Sittlichkeit ?	ADV VAFIN PDS ADV ADV ADV ART NN VVINF $. KOUS ART ADJA NN $, PRELS PPOSAT NN KON ADV ADV PPOSAT NN $, NN KON ADV ART NN ART ADJA NN VVINF $, APPR ART NN ADV ART ADJA NN $, PRELS APPR PPOSAT ADJA NN PRF APPR ADJA NN VVINF $, PTKZU VVINF APPRART NN VAINF VMFIN $( KOUS PIS ADV VVFIN KOKOM ART ADJA NN ADJA NN KON ADJA NN $.	Namentlich würde dies sehr bald auch die Frage heranziehen : ob die ganze Bildung , welche unsere Schulen und dann besonders unsere Universitäten , Seminare und endlich das Hauslehrerwesen dem geistlichen Nachwuchs geben , auf die Länge auch den mäßigsten Anforderungen , die aus unseren geistlichen Notständen sich in steigendem Maße aufdrängen , zu genügen im Stande sein kann -- sobald man mehr verlangt als ein leidliches Maß theologischer Kenntnisse und negativer Sittlichkeit ?
Seminar	NN	1887	1	lange_maedchenschule_1887-423-1	 	Das Seminar giebt nun ein eng begrenztes, abgeschlossenes Wissen und zwar zum größten Teil in fertigen Resultaten, dazu eine schätzenswerte Routine in der Handhabung und Weiterlieferung desselben und eine tüchtige methodische Schulung, die den seminaristisch gebildeten Lehrer auf manchem Gebiet dem akademisch gebildeten überlegen macht; es setzt seine Schüler in den Stand, Fertigkeiten beizubringen, das Begriffs-und Urteilsvermögen bis zu einem gewissen Grade zu bilden und diejenigen positiven Thatsachen zu überliefern, die als Grundlage der allgemeinen Bildung dienen sollen.	4:11	0:582	Das Seminar giebt nun ein eng begrenztes , abgeschlossenes Wissen und zwar zum größten Teil in fertigen Resultaten , dazu eine schätzenswerte Routine in der Handhabung und Weiterlieferung desselben und eine tüchtige methodische Schulung , die den seminaristisch gebildeten Lehrer auf manchem Gebiet dem akademisch gebildeten überlegen macht ; es setzt seine Schüler in den Stand , Fertigkeiten beizubringen , das Begriffs- und Urteilsvermögen bis zu einem gewissen Grade zu bilden und diejenigen positiven Thatsachen zu überliefern , die als Grundlage der allgemeinen Bildung dienen sollen .	1	0:87	d Seminar geben nun eine eng begrenzt , abgeschließen Wissen und zwar zum groß Teil in fertig Resultat , dazu eine schätzenswert Routine in d Handhabung und Weiterlieferung dieselbe und eine tüchtig methodisch Schulung , die d seminaristisch gebildet Lehrer auf manche Gebiet d akademisch gebildet überlegen machen ; es setzen seine Schüler in d Stand , Fertigkeit beibringen , d begriffs- und Urteilsvermögen bis zu eine gewiß Grad zu bilden und diejenige positiv Tatsache zu überliefern , die als Grundlage d allgemein Bildung dienen sollen .	ART NN VVFIN ADV ART ADJD ADJA $, ADJA NN KON ADV APPRART ADJA NN APPR ADJA NN $, PAV ART ADJA NN APPR ART NN KON NN PDS KON ART ADJA ADJA NN $, PRELS ART ADJD ADJA NN APPR PIAT NN ART ADJD ADJA VVINF VVFIN $. PPER VVFIN PPOSAT NN APPR ART NN $, NN VVIZU $, ART TRUNC KON NN APPR APPR ART ADJA NN PTKZU VVINF KON PDS ADJA NN PTKZU VVINF $, PRELS KOKOM NN ART ADJA NN VVINF VMFIN $.	Das Seminar gibt nun ein eng begrenztes , abgeschlossenes Wissen und zwar zum größten Teil in fertigen Resultaten , dazu eine schätzenswerte Routine in der Handhabung und Weiterlieferung desselben und eine tüchtige methodische Schulung , die den seminaristisch gebildeten Lehrer auf manchem Gebiet dem akademisch gebildeten überlegen macht ; es setzt seine Schüler in den Stand , Fertigkeiten beizubringen , das Begriffs- und Urteilsvermögen bis zu einem gewissen Grade zu bilden und diejenigen positiven Tatsachen zu überliefern , die als Grundlage der allgemeinen Bildung dienen sollen .
Seminar	NN	1891	1	lehnert_seehaefen01_1891-5452-64	 	Ausser zahlreichen Elementar-und Mittelschulen besitzt die Stadt neben einer von der Akademie zu Aix delegirten Facultät der Wissenschaften eine vollständige Schule für Medicin und Pharmacie, eine Handelsakademie (École superieure), ein Musik-und Declamations-Conservatorium, eine sehr gut besuchte Schule der schönen Künste, ein Lyceum mit Kanzeln für arabische und neugriechische Sprache, dann das Collegium Belsunce, zwei Seminare, das Pensionat des frères, eine höhere Töchterschule, eine Schiffsjungen-Schule und verschiedenes Andere.	425:433	0:539	Ausser zahlreichen Elementar- und Mittelschulen besitzt die Stadt neben einer von der Akademie zu Aix delegirten Facultät der Wissenschaften eine vollständige Schule für Medicin und Pharmacie , eine Handelsakademie ( École superieure ) , ein Musik- und Declamations-Conservatorium , eine sehr gut besuchte Schule der schönen Künste , ein Lyceum mit Kanzeln für arabische und neugriechische Sprache , dann das Collegium Belsunce , zwei Seminare , das Pensionat des frères , eine höhere Töchterschule , eine Schiffsjungen-Schule und verschiedenes Andere .	64	0:81	ausser zahlreich elementar- und Mittelschule besitzen d Stadt neben eine von d Akademie zu Aix delegiert Fakultät d Wissenschaft eine vollständig Schule für Medizin und Pharmazie , eine Handelsakademie ( Ecole superior ) , eine musik- und Deklamations-Konservatorium , eine sehr gut besucht Schule d schön Kunst , eine Lyzeum mit Kanzel für arabisch und neugriechisch Sprache , dann d Kollegium Belsunce , zwei Seminar , d Pensionat d Freres , eine hoch Tochterschule , eine Schiffsjungen-Schule und verschieden ander .	APPR ADJA TRUNC KON NN VVFIN ART NN APPR ART APPR ART NN APPR NE ADJA NN ART NN ART ADJA NN APPR NN KON NN $, ART NN $( NE ADJA $( $, ART TRUNC KON NN $, ART ADV ADJD ADJA NN ART ADJA NN $, ART NN APPR NN APPR ADJA KON ADJA NN $, ADV ART NN NE $, CARD NN $, ART NN ART NE $, ART ADJA NN $, ART NN KON ADJA ADJA $.	Ausser zahlreichen Elementar- und Mittelschulen besitzt die Stadt neben einer von der Akademie zu Aix delegierten Fakultät der Wissenschaften eine vollständige Schule für Medizin und Pharmazie , eine Handelsakademie ( Ecole superiore ) , ein Musik- und Deklamations-Konservatorium , eine sehr gut besuchte Schule der schönen Künste , ein Lyzeum mit Kanzeln für arabische und neugriechische Sprache , dann das Kollegium Belsunce , zwei Seminare , das Pensionat des freres , eine höhere Töchterschule , eine Schiffsjungen-Schule und verschiedenes Andere .
Seminar	NN	1870	1	lewald_frauen_1870-648-15	 	Wir haben an den Primärschulen gesetzlich patentirte Lehrerinnen für die unteren Klassen, wir haben Seminare zur Heranbildung derselben, und es sind viele Frauen bei uns im Post-und Telegraphendienste angestellt.	100:108	0:212	Wir haben an den Primärschulen gesetzlich patentirte Lehrerinnen für die unteren Klassen , wir haben Seminare zur Heranbildung derselben , und es sind viele Frauen bei uns im Post- und Telegraphendienste angestellt .	15	0:33	wir haben an d Primärschule gesetzlich patentiert Lehrerin für d unter Klasse , wir haben Seminar zur Heranbildung dieselbe , und es sein viel Frau bei wir im post- und Telegraphendienst anstellen .	PPER VAFIN APPR ART NN ADJD ADJA NN APPR ART ADJA NN $, PPER VAFIN NN APPRART NN PDAT $, KON PPER VAFIN PIAT NN APPR PPER APPRART TRUNC KON NN VVPP $.	Wir haben an den Primärschulen gesetzlich patentierte Lehrerinnen für die unteren Klassen , wir haben Seminare zur Heranbildung derselben , und es sind viele Frauen bei uns im Post- und Telegraphendienste angestellt .
Seminar	NN	1898	1	munzinger_japaner_1898-883-24	 	In der theologischen Schule unserer Mission geschieht der Unterricht in deutscher oder englischer Sprache und auch bei der Aufnahme von Zöglingen in die theologischen Seminare der Amerikaner ist die erste Bedingung die Kenntnis des Englischen, so zwar daß sie einem Vortrag zu folgen im stande sind.	167:175	0:299	In der theologiſchen Schule unſerer Miſſion geſchieht der Unterricht in deutſcher oder engliſcher Sprache und auch bei der Aufnahme von Zöglingen in die theologiſchen Seminare der Amerikaner iſt die erſte Bedingung die Kenntnis des Engliſchen , ſo zwar daß ſie einem Vortrag zu folgen im ſtande ſind .	24	0:48	in d theologisch Schule unsere Mission geschehen d Unterricht in deutsch oder englisch Sprache und auch bei d Aufnahme von Zögling in d theologisch Seminar d Amerikaner sein d erst Bedingung d Kenntnis d Englische , so zwar daß sie eine Vortrag zu folgen im Stande sein .	APPR ART ADJA NN PPOSAT NN VVFIN ART NN APPR ADJA KON ADJA NN KON ADV APPR ART NN APPR NN APPR ART ADJA NN ART NN VAFIN ART ADJA NN ART NN ART NN $, ADV ADV KOUS PPER ART NN PTKZU VVINF APPRART NN VAFIN $.	In der theologischen Schule unserer Mission geschieht der Unterricht in deutscher oder englischer Sprache und auch bei der Aufnahme von Zöglingen in die theologischen Seminare der Amerikaner ist die erste Bedingung die Kenntnis des Englischen , so zwar daß sie einem Vortrag zu folgen im stande sind .
Seminar	NN	1895	1	nn_maehrisches122_1895-49-17	 	Den jungen Crispi nahm, da zu seiner Verwandtschaft ein paar Priester zählten, zunächst ein geistliches Seminar auf und der spätere Freidenker versuchte sein poetisches Talent zunächst in religiösen Stimmungsdichtungen: ein Werdegang, mit dem er nicht allein auf der Welt steht.	104:111	0:278	Den jungen Crispi nahm , da zu ſeiner Verwandtſchaft ein paar Prieſter zählten , zunächſt ein geiſtliches Seminar auf und der ſpätere Freidenker verſuchte ſein poetiſches Talent zunächſt in religiöſen Stimmungsdichtungen : ein Werdegang , mit dem er nicht allein auf der Welt ſteht .	17	0:45	d jung Crispi nehmen , da zu seine Verwandtschaft eine paar Priester zählen , zunächst eine geistlich Seminar auf und d spät Freidenker versuchen sein poetisch Talent zunächst in religiös Stimmungsdichtung : eine Werdegang , mit die er nicht allein auf d Welt stehen .	ART ADJA NE VVFIN $, KOUS APPR PPOSAT NN ART PIAT NN VVFIN $, ADV ART ADJA NN APPR KON ART ADJA NN VVFIN PPOSAT ADJA NN ADV APPR ADJA NN $. ART NN $, APPR PRELS PPER PTKNEG ADV APPR ART NN VVFIN $.	Den jungen Crispi nahm , da zu seiner Verwandtschaft ein paar Priester zählten , zunächst ein geistliches Seminar auf und der spätere Freidenker versuchte sein poetisches Talent zunächst in religiösen Stimmungsdichtungen : ein Werdegang , mit dem er nicht allein auf der Welt steht .
Seminar	NN	1848	1	nn_nrhz202_1849-175-0	 	Seminar auseinander sprengen half und so viel Schönes über die Zertheilung der Seminare und ihre Verlegung in idyllische Landstädtchen auch zum Zweck der besseren Vorbereitung auf die „harte Kost und leere Wand“ gedacht und gesagt hat; derselbe Stiehl, wie seine Herren und Meister, für den christlich-germanischen Staat schwärmt.	0:7	0:330	Seminar auseinander sprengen half und so viel Schönes über die Zertheilung der Seminare und ihre Verlegung in idyllische Landstädtchen auch zum Zweck der besseren Vorbereitung auf die „ harte Kost und leere Wand “ gedacht und gesagt hat ; derselbe Stiehl , wie seine Herren und Meister , für den christlich-germanischen Staat schwärmt .	0	0:54	Seminar auseinander sprengen helfen und so viel schön über d Zerteilung d Seminar und ihr Verlegung in idyllisch Landstadtchen auch zum Zweck d gut Vorbereitung auf d " hart Kost und leer Wand " gedenken und sagen haben ; dieselbe Stiehl , wie seine Herr und Meister , für d christlich-germanisch Staat schwärmen .	NN ADV VVINF VVFIN KON ADV PIAT ADJA APPR ART NN ART NN KON PPOSAT NN APPR ADJA NN ADV APPRART NN ART ADJA NN APPR ART $( ADJA NN KON ADJA NN $( VVPP KON VVPP VAFIN $. PDAT NE $, PWAV PPOSAT NN KON NN $, APPR ART ADJA NN VVFIN $.	Seminar auseinander sprengen half und so viel Schönes über die Zerteilung der Seminare und ihre Verlegung in idyllische Landstädtchen auch zum Zweck der besseren Vorbereitung auf die " harte Kost und leere Wand " gedacht und gesagt hat ; derselbe Stiehl , wie seine Herren und Meister , für den christlich-germanischen Staat schwärmt .
Seminar	NN	1848	1	nn_nrhz202_1849-175-12	 	Seminar auseinander sprengen half und so viel Schönes über die Zertheilung der Seminare und ihre Verlegung in idyllische Landstädtchen auch zum Zweck der besseren Vorbereitung auf die „harte Kost und leere Wand“ gedacht und gesagt hat; derselbe Stiehl, wie seine Herren und Meister, für den christlich-germanischen Staat schwärmt.	79:87	0:330	Seminar auseinander sprengen half und so viel Schönes über die Zertheilung der Seminare und ihre Verlegung in idyllische Landstädtchen auch zum Zweck der besseren Vorbereitung auf die „ harte Kost und leere Wand “ gedacht und gesagt hat ; derselbe Stiehl , wie seine Herren und Meister , für den christlich-germanischen Staat schwärmt .	12	0:54	Seminar auseinander sprengen helfen und so viel schön über d Zerteilung d Seminar und ihr Verlegung in idyllisch Landstadtchen auch zum Zweck d gut Vorbereitung auf d " hart Kost und leer Wand " gedenken und sagen haben ; dieselbe Stiehl , wie seine Herr und Meister , für d christlich-germanisch Staat schwärmen .	NN ADV VVINF VVFIN KON ADV PIAT ADJA APPR ART NN ART NN KON PPOSAT NN APPR ADJA NN ADV APPRART NN ART ADJA NN APPR ART $( ADJA NN KON ADJA NN $( VVPP KON VVPP VAFIN $. PDAT NE $, PWAV PPOSAT NN KON NN $, APPR ART ADJA NN VVFIN $.	Seminar auseinander sprengen half und so viel Schönes über die Zerteilung der Seminare und ihre Verlegung in idyllische Landstädtchen auch zum Zweck der besseren Vorbereitung auf die " harte Kost und leere Wand " gedacht und gesagt hat ; derselbe Stiehl , wie seine Herren und Meister , für den christlich-germanischen Staat schwärmt .
Seminar	NN	1843	1	nn_turnkunst01_1843-794-1	 	Für Seminare und Bürgerschulen kann dies bald keine Schwierigkeit haben, da in der Regel die geistig entwickeltsten Seminar-Zöglinge jetzt auch gute Turner sind.	4:12	0:161	Für Seminare und Bürgerſchulen kann dies bald keine Schwierigkeit haben , da in der Regel die geiſtig entwickeltſten Seminar-Zöglinge jetzt auch gute Turner ſind .	1	0:25	für Seminar und Bürgerschule können diese bald keine Schwierigkeit haben , da in d Regel d geistig entwickelt Seminar-Zögling jetzt auch gut Turner sein .	APPR NN KON NN VMFIN PDS ADV PIAT NN VAINF $, KOUS APPR ART NN ART ADJD ADJA NN ADV ADV ADJA NN VAFIN $.	Für Seminare und Bürgerschulen kann dies bald keine Schwierigkeit haben , da in der Regel die geistig entwickeltsten Seminar-Zöglinge jetzt auch gute Turner sind .
Seminar	NN	1839	1	ranke_reformation02_1839-5126-38	 	Luthers Schüler predigten es in Dänemark und Schweden: einer der ersten Inscribirten in Marburg ist der Gründer der schottischen Kirche: im Corpus Christ College zu Oxfort bildete sich 1527 ein Verein Lutherisch-gesinnter, der als ein Seminar der neuen Meinungen angesehen werden kann.	235:242	0:285	Luthers Schüler predigten es in Dänemark und Schweden : einer der erſten Inſcribirten in Marburg iſt der Gründer der ſchottiſchen Kirche : im Corpus Chriſt College zu Oxfort bildete ſich 1527 ein Verein Lutheriſch-geſinnter , der als ein Seminar der neuen Meinungen angeſehen werden kann .	38	0:46	Luther Schüler predigen es in Dänemark und Schweden : eine d erst Inskribierte in Marburg sein d Gründer d schottisch Kirche : im Corpus Christ Kollege zu Oxford bilden sich 1527 eine Verein lutherisch-gesinnt , die als eine Seminar d neu Meinung ansehen werden können .	NE NN VVFIN PPER APPR NE KON NE $. ART ART ADJA NN APPR NE VAFIN ART NN ART ADJA NN $. APPRART NN NE NN APPR NE VVFIN PRF CARD ART NN ADJD $, PRELS KOKOM ART NN ART ADJA NN VVPP VAINF VMFIN $.	Luthers Schüler predigten es in Dänemark und Schweden : einer der ersten Inskribierten in Marburg ist der Gründer der schottischen Kirche : im Corpus Christ Kollege zu Oxford bildete sich 1527 ein Verein Lutherisch-gesinnter , der als ein Seminar der neuen Meinungen angesehen werden kann .
Seminar	NN	1893	1	schmoller_volkswirtschaftslehre_1893-392-8	 	Die deutsche Wissenschaft und die Leiter derjenigen staatswissenschaftlichen Seminare, aus denen seit 30 Jahren überwiegend deskriptive Arbeiten hervorgingen, waren sich bewußt, damit im Einklange zu stehen mit dem Gange, den die Erkenntnistheorie und Wissenschaftslehre überhaupt genommen.	77:85	0:290	Die deutsche Wissenschaft und die Leiter derjenigen staatswissenschaftlichen Seminare , aus denen seit 30 Jahren überwiegend deskriptive Arbeiten hervorgingen , waren sich bewußt , damit im Einklange zu stehen mit dem Gange , den die Erkenntnistheorie und Wissenschaftslehre überhaupt genommen .	8	0:41	d deutsch Wissenschaft und d Leiter diejenige staatswissenschaftlich Seminar , aus die seit 30 Jahr überwiegend deskriptiv Arbeit hervorgehen , sein sich bewußt , damit im Einklang zu stehen mit d Gang , die d Erkenntnistheorie und Wissenschaftslehre überhaupt nehmen .	ART ADJA NN KON ART NN PDS ADJA NN $, APPR PRELS APPR CARD NN ADJD ADJA NN VVFIN $, VAFIN PRF ADJD $, KOUS APPRART NN PTKZU VVINF APPR ART NN $, PRELS ART NN KON NN ADV VVPP $.	Die deutsche Wissenschaft und die Leiter derjenigen staatswissenschaftlichen Seminare , aus denen seit 30 Jahren überwiegend deskriptive Arbeiten hervorgingen , waren sich bewußt , damit im Einklange zu stehen mit dem Gange , den die Erkenntnistheorie und Wissenschaftslehre überhaupt genommen .
Seminar	NN	1894	1	treitschke_geschichte05_1894-3750-33	 	Der anerkannt erste Mann des preußischen Volksschullehrerstandes war Adolf Diesterweg, der in Nassau-Siegen geboren, lange in Süddeutschland, dann in Elberfeld und Mörs erfolgreich gewirkt hatte, und seit 1832 das Seminar für städtische Lehrer in Berlin, die Musterschule des Staates leitete, ein grundehrlicher Idealist, volksthümlich derb, arm, bedürfnißlos, mit vielen Kindern gesegnet, der geborene Schulmeister, mit Leib und Seele bei der Sache, durch keine Wiederholung je zu ermüden.	214:221	0:490	Der anerkannt erſte Mann des preußiſchen Volksſchullehrerſtandes war Adolf Dieſterweg , der in Naſſau-Siegen geboren , lange in Süddeutſchland , dann in Elberfeld und Mörs erfolgreich gewirkt hatte , und ſeit 1832 das Seminar für ſtädtiſche Lehrer in Berlin , die Muſterſchule des Staates leitete , ein grundehrlicher Idealiſt , volksthümlich derb , arm , bedürfnißlos , mit vielen Kindern geſegnet , der geborene Schulmeiſter , mit Leib und Seele bei der Sache , durch keine Wiederholung je zu ermüden .	33	0:81	d anerkennen erst Mann d preußisch Volksschulelehrerstand sein Adolf Diesterweg , die in Naßau-Sieg gebären , lange in SüdDeutschland , dann in Elberfeld und Mors erfolgreich wirken haben , und seit 1832 d Seminar für städtisch Lehrer in Berlin , d Musterschule d Staat leiten , eine grundehrlich Idealist , volkstümlich derb , arm , bedürfnislos , mit viel Kind segnen , d gebären Schulmeister , mit Leib und Seele bei d Sache , durch keine Wiederholung je zu ermüden .	ART VVPP ADJA NN ART ADJA NN VAFIN NE NE $, PRELS APPR NN VVPP $, ADV APPR NE $, ADV APPR NE KON NE ADJD VVPP VAFIN $, KON APPR CARD ART NN APPR ADJA NN APPR NE $, ART NN ART NN VVFIN $, ART ADJA NN $, ADJD ADJD $, ADJD $, ADJD $, APPR PIAT NN VVPP $, ART ADJA NN $, APPR NN KON NN APPR ART NN $, APPR PIAT NN ADV PTKZU VVFIN $.	Der anerkannt erste Mann des preußischen Volksschullehrerstandes war Adolf Diesterweg , der in Nassau-Siegen geboren , lange in Süddeutschland , dann in Elberfeld und Mors erfolgreich gewirkt hatte , und seit 1832 das Seminar für städtische Lehrer in Berlin , die Musterschule des Staates leitete , ein grundehrlicher Idealist , volkstümlich derb , arm , bedürfnislos , mit vielen Kindern gesegnet , der geborene Schulmeister , mit Leib und Seele bei der Sache , durch keine Wiederholung je zu ermüden .
