identifier1	identifier2	annotator	judgment	comment	lemma
2532889X_1946-12-17_01_045.tcf.xml-14-3	2532889X_1949-10-11_01_063.tcf.xml-30-5	inferred	1	 	Fuß
2532889X_1946-12-17_01_045.tcf.xml-14-3	2532889X_1954-08-31_01_050.tcf.xml-20-15	inferred	0	 	Fuß
2532889X_1946-12-17_01_045.tcf.xml-14-3	2532889X_1961-09-20_01_030.tcf.xml-3-7	inferred	0	 	Fuß
2532889X_1946-12-17_01_045.tcf.xml-14-3	2532889X_1963-10-02_01_065.tcf.xml-13-38	inferred	0	 	Fuß
2532889X_1946-12-17_01_045.tcf.xml-14-3	2532889X_1976-01-27_01_037.tcf.xml-0-10	inferred	1	 	Fuß
2532889X_1946-12-17_01_045.tcf.xml-14-3	2532889X_1980-01-29_01_067.tcf.xml-53-2	inferred	0	 	Fuß
2532889X_1946-12-17_01_045.tcf.xml-14-3	2532889X_1981-06-03_01_055.tcf.xml-18-25	inferred	0	 	Fuß
2532889X_1946-12-17_01_045.tcf.xml-14-3	2532889X_1982-07-31_01_468.tcf.xml-75-11	inferred	0	 	Fuß
2532889X_1946-12-17_01_045.tcf.xml-14-3	2532889X_1984-03-27_01_120.tcf.xml-15-18	inferred	0	 	Fuß
2532889X_1946-12-17_01_045.tcf.xml-14-3	26120215_1946_06_28_01_025.tcf.xml-31-46	inferred	1	 	Fuß
2532889X_1946-12-17_01_045.tcf.xml-14-3	26120215_1953_03_08_01_012.tcf.xml-8-1	inferred	0	 	Fuß
2532889X_1946-12-17_01_045.tcf.xml-14-3	26120215_1962_06_19_01_227.tcf.xml-2-7	inferred	1	 	Fuß
2532889X_1946-12-17_01_045.tcf.xml-14-3	26120215_1963_02_15_01_093.tcf.xml-44-22	inferred	1	 	Fuß
2532889X_1946-12-17_01_045.tcf.xml-14-3	26120215_1963_06_16_01_335.tcf.xml-14-33	inferred	0	 	Fuß
2532889X_1946-12-17_01_045.tcf.xml-14-3	26120215_1965_05_18_01_034.tcf.xml-71-12	inferred	0	 	Fuß
2532889X_1946-12-17_01_045.tcf.xml-14-3	26120215_1973_08_09_01_355.tcf.xml-84-20	inferred	0	 	Fuß
2532889X_1946-12-17_01_045.tcf.xml-14-3	26120215_1976_08_21_01_073.tcf.xml-68-9	inferred	1	 	Fuß
2532889X_1946-12-17_01_045.tcf.xml-14-3	26120215_1982_12_09_01_088.tcf.xml-48-31	inferred	1	 	Fuß
2532889X_1946-12-17_01_045.tcf.xml-14-3	beck_eisen02_1895-6868-25	inferred	0	 	Fuß
2532889X_1946-12-17_01_045.tcf.xml-14-3	beck_eisen04_1899-5466-6	inferred	0	 	Fuß
2532889X_1946-12-17_01_045.tcf.xml-14-3	berg_ostasien03_1873-3201-15	inferred	1	 	Fuß
2532889X_1946-12-17_01_045.tcf.xml-14-3	bierbaum_stilpe_1897-2124-11	inferred	1	 	Fuß
2532889X_1946-12-17_01_045.tcf.xml-14-3	blumenbach_naturgeschichte_1815-2075-6	inferred	1	 	Fuß
2532889X_1946-12-17_01_045.tcf.xml-14-3	brehm_thierleben02_1865-13135-24	inferred	0	 	Fuß
2532889X_1946-12-17_01_045.tcf.xml-14-3	brehm_thierleben06_1869-18710-26	inferred	0	 	Fuß
2532889X_1946-12-17_01_045.tcf.xml-14-3	egger_vater_1895-4426-15	inferred	1	 	Fuß
2532889X_1946-12-17_01_045.tcf.xml-14-3	eytelwein_faschinenwerke_1800-516-17	inferred	0	 	Fuß
2532889X_1946-12-17_01_045.tcf.xml-14-3	gerstaecker_schiesswaffen_1848-33-38	inferred	0	 	Fuß
2532889X_1946-12-17_01_045.tcf.xml-14-3	gerstner_mechanik03_1834-10703-3	inferred	0	 	Fuß
2532889X_1946-12-17_01_045.tcf.xml-14-3	grimm_maerchen01_1843-1349-46	inferred	1	 	Fuß
2532889X_1946-12-17_01_045.tcf.xml-14-3	humboldt_kosmos03_1850-5947-11	inferred	0	 	Fuß
2532889X_1946-12-17_01_045.tcf.xml-14-3	humboldt_willdenow_1803-173-3	inferred	0	 	Fuß
2532889X_1946-12-17_01_045.tcf.xml-14-3	immermann_muenchhausen03_1839-527-21	inferred	1	 	Fuß
2532889X_1946-12-17_01_045.tcf.xml-14-3	kleist_kaethchen_1810-143-2	inferred	1	 	Fuß
2532889X_1946-12-17_01_045.tcf.xml-14-3	kuernberger_amerikamuede_1855-8717-43	inferred	1	 	Fuß
2532889X_1946-12-17_01_045.tcf.xml-14-3	nettelbeck_lebensbeschreibung02_1821-1836-37	inferred	0	 	Fuß
2532889X_1946-12-17_01_045.tcf.xml-14-3	poelitz_poetik_1825-5331-20	inferred	1	 	Fuß
2532889X_1946-12-17_01_045.tcf.xml-14-3	steub_tirol_1846-5945-7	inferred	0	 	Fuß
2532889X_1946-12-17_01_045.tcf.xml-14-3	urbanitzky_electricitaet_1885-15105-30	inferred	0	 	Fuß
2532889X_1949-10-11_01_063.tcf.xml-30-5	2532889X_1954-08-31_01_050.tcf.xml-20-15	inferred	0	 	Fuß
2532889X_1949-10-11_01_063.tcf.xml-30-5	2532889X_1961-09-20_01_030.tcf.xml-3-7	inferred	0	 	Fuß
2532889X_1949-10-11_01_063.tcf.xml-30-5	2532889X_1963-10-02_01_065.tcf.xml-13-38	inferred	0	 	Fuß
2532889X_1949-10-11_01_063.tcf.xml-30-5	2532889X_1976-01-27_01_037.tcf.xml-0-10	inferred	1	 	Fuß
2532889X_1949-10-11_01_063.tcf.xml-30-5	2532889X_1980-01-29_01_067.tcf.xml-53-2	inferred	0	 	Fuß
2532889X_1949-10-11_01_063.tcf.xml-30-5	2532889X_1981-06-03_01_055.tcf.xml-18-25	inferred	0	 	Fuß
2532889X_1949-10-11_01_063.tcf.xml-30-5	2532889X_1982-07-31_01_468.tcf.xml-75-11	inferred	0	 	Fuß
2532889X_1949-10-11_01_063.tcf.xml-30-5	2532889X_1984-03-27_01_120.tcf.xml-15-18	inferred	0	 	Fuß
2532889X_1949-10-11_01_063.tcf.xml-30-5	26120215_1946_06_28_01_025.tcf.xml-31-46	inferred	1	 	Fuß
2532889X_1949-10-11_01_063.tcf.xml-30-5	26120215_1953_03_08_01_012.tcf.xml-8-1	inferred	0	 	Fuß
2532889X_1949-10-11_01_063.tcf.xml-30-5	26120215_1962_06_19_01_227.tcf.xml-2-7	inferred	1	 	Fuß
2532889X_1949-10-11_01_063.tcf.xml-30-5	26120215_1963_02_15_01_093.tcf.xml-44-22	inferred	1	 	Fuß
2532889X_1949-10-11_01_063.tcf.xml-30-5	26120215_1963_06_16_01_335.tcf.xml-14-33	inferred	0	 	Fuß
2532889X_1949-10-11_01_063.tcf.xml-30-5	26120215_1965_05_18_01_034.tcf.xml-71-12	inferred	0	 	Fuß
2532889X_1949-10-11_01_063.tcf.xml-30-5	26120215_1973_08_09_01_355.tcf.xml-84-20	inferred	0	 	Fuß
2532889X_1949-10-11_01_063.tcf.xml-30-5	26120215_1976_08_21_01_073.tcf.xml-68-9	inferred	1	 	Fuß
2532889X_1949-10-11_01_063.tcf.xml-30-5	26120215_1982_12_09_01_088.tcf.xml-48-31	inferred	1	 	Fuß
2532889X_1949-10-11_01_063.tcf.xml-30-5	beck_eisen02_1895-6868-25	inferred	0	 	Fuß
2532889X_1949-10-11_01_063.tcf.xml-30-5	beck_eisen04_1899-5466-6	inferred	0	 	Fuß
2532889X_1949-10-11_01_063.tcf.xml-30-5	berg_ostasien03_1873-3201-15	inferred	1	 	Fuß
2532889X_1949-10-11_01_063.tcf.xml-30-5	bierbaum_stilpe_1897-2124-11	inferred	1	 	Fuß
2532889X_1949-10-11_01_063.tcf.xml-30-5	blumenbach_naturgeschichte_1815-2075-6	inferred	1	 	Fuß
2532889X_1949-10-11_01_063.tcf.xml-30-5	brehm_thierleben02_1865-13135-24	inferred	0	 	Fuß
2532889X_1949-10-11_01_063.tcf.xml-30-5	brehm_thierleben06_1869-18710-26	inferred	0	 	Fuß
2532889X_1949-10-11_01_063.tcf.xml-30-5	egger_vater_1895-4426-15	inferred	1	 	Fuß
2532889X_1949-10-11_01_063.tcf.xml-30-5	eytelwein_faschinenwerke_1800-516-17	inferred	0	 	Fuß
2532889X_1949-10-11_01_063.tcf.xml-30-5	gerstaecker_schiesswaffen_1848-33-38	inferred	0	 	Fuß
2532889X_1949-10-11_01_063.tcf.xml-30-5	gerstner_mechanik03_1834-10703-3	inferred	0	 	Fuß
2532889X_1949-10-11_01_063.tcf.xml-30-5	grimm_maerchen01_1843-1349-46	inferred	1	 	Fuß
2532889X_1949-10-11_01_063.tcf.xml-30-5	humboldt_kosmos03_1850-5947-11	inferred	0	 	Fuß
2532889X_1949-10-11_01_063.tcf.xml-30-5	humboldt_willdenow_1803-173-3	inferred	0	 	Fuß
2532889X_1949-10-11_01_063.tcf.xml-30-5	immermann_muenchhausen03_1839-527-21	inferred	1	 	Fuß
2532889X_1949-10-11_01_063.tcf.xml-30-5	kleist_kaethchen_1810-143-2	inferred	1	 	Fuß
2532889X_1949-10-11_01_063.tcf.xml-30-5	kuernberger_amerikamuede_1855-8717-43	inferred	1	 	Fuß
2532889X_1949-10-11_01_063.tcf.xml-30-5	nettelbeck_lebensbeschreibung02_1821-1836-37	inferred	0	 	Fuß
2532889X_1949-10-11_01_063.tcf.xml-30-5	poelitz_poetik_1825-5331-20	inferred	1	 	Fuß
2532889X_1949-10-11_01_063.tcf.xml-30-5	steub_tirol_1846-5945-7	inferred	0	 	Fuß
2532889X_1949-10-11_01_063.tcf.xml-30-5	urbanitzky_electricitaet_1885-15105-30	inferred	0	 	Fuß
2532889X_1954-08-31_01_050.tcf.xml-20-15	2532889X_1961-09-20_01_030.tcf.xml-3-7	inferred	1	 	Fuß
2532889X_1954-08-31_01_050.tcf.xml-20-15	2532889X_1963-10-02_01_065.tcf.xml-13-38	inferred	1	 	Fuß
2532889X_1954-08-31_01_050.tcf.xml-20-15	2532889X_1976-01-27_01_037.tcf.xml-0-10	inferred	0	 	Fuß
2532889X_1954-08-31_01_050.tcf.xml-20-15	2532889X_1980-01-29_01_067.tcf.xml-53-2	inferred	1	 	Fuß
2532889X_1954-08-31_01_050.tcf.xml-20-15	2532889X_1981-06-03_01_055.tcf.xml-18-25	inferred	0	 	Fuß
2532889X_1954-08-31_01_050.tcf.xml-20-15	2532889X_1982-07-31_01_468.tcf.xml-75-11	inferred	0	 	Fuß
2532889X_1954-08-31_01_050.tcf.xml-20-15	2532889X_1984-03-27_01_120.tcf.xml-15-18	inferred	0	 	Fuß
2532889X_1954-08-31_01_050.tcf.xml-20-15	26120215_1946_06_28_01_025.tcf.xml-31-46	inferred	0	 	Fuß
2532889X_1954-08-31_01_050.tcf.xml-20-15	26120215_1953_03_08_01_012.tcf.xml-8-1	inferred	0	 	Fuß
2532889X_1954-08-31_01_050.tcf.xml-20-15	26120215_1962_06_19_01_227.tcf.xml-2-7	inferred	0	 	Fuß
2532889X_1954-08-31_01_050.tcf.xml-20-15	26120215_1963_02_15_01_093.tcf.xml-44-22	inferred	0	 	Fuß
2532889X_1954-08-31_01_050.tcf.xml-20-15	26120215_1963_06_16_01_335.tcf.xml-14-33	inferred	1	 	Fuß
2532889X_1954-08-31_01_050.tcf.xml-20-15	26120215_1965_05_18_01_034.tcf.xml-71-12	inferred	0	 	Fuß
2532889X_1954-08-31_01_050.tcf.xml-20-15	26120215_1973_08_09_01_355.tcf.xml-84-20	inferred	0	 	Fuß
2532889X_1954-08-31_01_050.tcf.xml-20-15	26120215_1976_08_21_01_073.tcf.xml-68-9	inferred	0	 	Fuß
2532889X_1954-08-31_01_050.tcf.xml-20-15	26120215_1982_12_09_01_088.tcf.xml-48-31	inferred	0	 	Fuß
2532889X_1954-08-31_01_050.tcf.xml-20-15	beck_eisen02_1895-6868-25	inferred	0	 	Fuß
2532889X_1954-08-31_01_050.tcf.xml-20-15	beck_eisen04_1899-5466-6	inferred	0	 	Fuß
2532889X_1954-08-31_01_050.tcf.xml-20-15	berg_ostasien03_1873-3201-15	inferred	0	 	Fuß
2532889X_1954-08-31_01_050.tcf.xml-20-15	bierbaum_stilpe_1897-2124-11	inferred	0	 	Fuß
2532889X_1954-08-31_01_050.tcf.xml-20-15	blumenbach_naturgeschichte_1815-2075-6	inferred	0	 	Fuß
2532889X_1954-08-31_01_050.tcf.xml-20-15	brehm_thierleben02_1865-13135-24	inferred	0	 	Fuß
2532889X_1954-08-31_01_050.tcf.xml-20-15	brehm_thierleben06_1869-18710-26	inferred	0	 	Fuß
2532889X_1954-08-31_01_050.tcf.xml-20-15	egger_vater_1895-4426-15	inferred	0	 	Fuß
2532889X_1954-08-31_01_050.tcf.xml-20-15	eytelwein_faschinenwerke_1800-516-17	inferred	0	 	Fuß
2532889X_1954-08-31_01_050.tcf.xml-20-15	gerstaecker_schiesswaffen_1848-33-38	inferred	0	 	Fuß
2532889X_1954-08-31_01_050.tcf.xml-20-15	gerstner_mechanik03_1834-10703-3	inferred	0	 	Fuß
2532889X_1954-08-31_01_050.tcf.xml-20-15	grimm_maerchen01_1843-1349-46	inferred	0	 	Fuß
2532889X_1954-08-31_01_050.tcf.xml-20-15	humboldt_kosmos03_1850-5947-11	inferred	0	 	Fuß
2532889X_1954-08-31_01_050.tcf.xml-20-15	humboldt_willdenow_1803-173-3	inferred	0	 	Fuß
2532889X_1954-08-31_01_050.tcf.xml-20-15	immermann_muenchhausen03_1839-527-21	inferred	0	 	Fuß
2532889X_1954-08-31_01_050.tcf.xml-20-15	kleist_kaethchen_1810-143-2	inferred	0	 	Fuß
2532889X_1954-08-31_01_050.tcf.xml-20-15	kuernberger_amerikamuede_1855-8717-43	inferred	0	 	Fuß
2532889X_1954-08-31_01_050.tcf.xml-20-15	nettelbeck_lebensbeschreibung02_1821-1836-37	inferred	0	 	Fuß
2532889X_1954-08-31_01_050.tcf.xml-20-15	poelitz_poetik_1825-5331-20	inferred	0	 	Fuß
2532889X_1954-08-31_01_050.tcf.xml-20-15	steub_tirol_1846-5945-7	inferred	0	 	Fuß
2532889X_1954-08-31_01_050.tcf.xml-20-15	urbanitzky_electricitaet_1885-15105-30	inferred	0	 	Fuß
2532889X_1961-09-20_01_030.tcf.xml-3-7	2532889X_1963-10-02_01_065.tcf.xml-13-38	inferred	1	 	Fuß
2532889X_1961-09-20_01_030.tcf.xml-3-7	2532889X_1976-01-27_01_037.tcf.xml-0-10	inferred	0	 	Fuß
2532889X_1961-09-20_01_030.tcf.xml-3-7	2532889X_1980-01-29_01_067.tcf.xml-53-2	inferred	1	 	Fuß
2532889X_1961-09-20_01_030.tcf.xml-3-7	2532889X_1981-06-03_01_055.tcf.xml-18-25	inferred	0	 	Fuß
2532889X_1961-09-20_01_030.tcf.xml-3-7	2532889X_1982-07-31_01_468.tcf.xml-75-11	inferred	0	 	Fuß
2532889X_1961-09-20_01_030.tcf.xml-3-7	2532889X_1984-03-27_01_120.tcf.xml-15-18	inferred	0	 	Fuß
2532889X_1961-09-20_01_030.tcf.xml-3-7	26120215_1946_06_28_01_025.tcf.xml-31-46	inferred	0	 	Fuß
2532889X_1961-09-20_01_030.tcf.xml-3-7	26120215_1953_03_08_01_012.tcf.xml-8-1	inferred	0	 	Fuß
2532889X_1961-09-20_01_030.tcf.xml-3-7	26120215_1962_06_19_01_227.tcf.xml-2-7	inferred	0	 	Fuß
2532889X_1961-09-20_01_030.tcf.xml-3-7	26120215_1963_02_15_01_093.tcf.xml-44-22	inferred	0	 	Fuß
2532889X_1961-09-20_01_030.tcf.xml-3-7	26120215_1963_06_16_01_335.tcf.xml-14-33	inferred	1	 	Fuß
2532889X_1961-09-20_01_030.tcf.xml-3-7	26120215_1965_05_18_01_034.tcf.xml-71-12	inferred	0	 	Fuß
2532889X_1961-09-20_01_030.tcf.xml-3-7	26120215_1973_08_09_01_355.tcf.xml-84-20	inferred	0	 	Fuß
2532889X_1961-09-20_01_030.tcf.xml-3-7	26120215_1976_08_21_01_073.tcf.xml-68-9	inferred	0	 	Fuß
2532889X_1961-09-20_01_030.tcf.xml-3-7	26120215_1982_12_09_01_088.tcf.xml-48-31	inferred	0	 	Fuß
2532889X_1961-09-20_01_030.tcf.xml-3-7	beck_eisen02_1895-6868-25	inferred	0	 	Fuß
2532889X_1961-09-20_01_030.tcf.xml-3-7	beck_eisen04_1899-5466-6	inferred	0	 	Fuß
2532889X_1961-09-20_01_030.tcf.xml-3-7	berg_ostasien03_1873-3201-15	inferred	0	 	Fuß
2532889X_1961-09-20_01_030.tcf.xml-3-7	bierbaum_stilpe_1897-2124-11	inferred	0	 	Fuß
2532889X_1961-09-20_01_030.tcf.xml-3-7	blumenbach_naturgeschichte_1815-2075-6	inferred	0	 	Fuß
2532889X_1961-09-20_01_030.tcf.xml-3-7	brehm_thierleben02_1865-13135-24	inferred	0	 	Fuß
2532889X_1961-09-20_01_030.tcf.xml-3-7	brehm_thierleben06_1869-18710-26	inferred	0	 	Fuß
2532889X_1961-09-20_01_030.tcf.xml-3-7	egger_vater_1895-4426-15	inferred	0	 	Fuß
2532889X_1961-09-20_01_030.tcf.xml-3-7	eytelwein_faschinenwerke_1800-516-17	inferred	0	 	Fuß
2532889X_1961-09-20_01_030.tcf.xml-3-7	gerstaecker_schiesswaffen_1848-33-38	inferred	0	 	Fuß
2532889X_1961-09-20_01_030.tcf.xml-3-7	gerstner_mechanik03_1834-10703-3	inferred	0	 	Fuß
2532889X_1961-09-20_01_030.tcf.xml-3-7	grimm_maerchen01_1843-1349-46	inferred	0	 	Fuß
2532889X_1961-09-20_01_030.tcf.xml-3-7	humboldt_kosmos03_1850-5947-11	inferred	0	 	Fuß
2532889X_1961-09-20_01_030.tcf.xml-3-7	humboldt_willdenow_1803-173-3	inferred	0	 	Fuß
2532889X_1961-09-20_01_030.tcf.xml-3-7	immermann_muenchhausen03_1839-527-21	inferred	0	 	Fuß
2532889X_1961-09-20_01_030.tcf.xml-3-7	kleist_kaethchen_1810-143-2	inferred	0	 	Fuß
2532889X_1961-09-20_01_030.tcf.xml-3-7	kuernberger_amerikamuede_1855-8717-43	inferred	0	 	Fuß
2532889X_1961-09-20_01_030.tcf.xml-3-7	nettelbeck_lebensbeschreibung02_1821-1836-37	inferred	0	 	Fuß
2532889X_1961-09-20_01_030.tcf.xml-3-7	poelitz_poetik_1825-5331-20	inferred	0	 	Fuß
2532889X_1961-09-20_01_030.tcf.xml-3-7	steub_tirol_1846-5945-7	inferred	0	 	Fuß
2532889X_1961-09-20_01_030.tcf.xml-3-7	urbanitzky_electricitaet_1885-15105-30	inferred	0	 	Fuß
2532889X_1963-10-02_01_065.tcf.xml-13-38	2532889X_1976-01-27_01_037.tcf.xml-0-10	inferred	0	 	Fuß
2532889X_1963-10-02_01_065.tcf.xml-13-38	2532889X_1980-01-29_01_067.tcf.xml-53-2	inferred	1	 	Fuß
2532889X_1963-10-02_01_065.tcf.xml-13-38	2532889X_1981-06-03_01_055.tcf.xml-18-25	inferred	0	 	Fuß
2532889X_1963-10-02_01_065.tcf.xml-13-38	2532889X_1982-07-31_01_468.tcf.xml-75-11	inferred	0	 	Fuß
2532889X_1963-10-02_01_065.tcf.xml-13-38	2532889X_1984-03-27_01_120.tcf.xml-15-18	inferred	0	 	Fuß
2532889X_1963-10-02_01_065.tcf.xml-13-38	26120215_1946_06_28_01_025.tcf.xml-31-46	inferred	0	 	Fuß
2532889X_1963-10-02_01_065.tcf.xml-13-38	26120215_1953_03_08_01_012.tcf.xml-8-1	inferred	0	 	Fuß
2532889X_1963-10-02_01_065.tcf.xml-13-38	26120215_1962_06_19_01_227.tcf.xml-2-7	inferred	0	 	Fuß
2532889X_1963-10-02_01_065.tcf.xml-13-38	26120215_1963_02_15_01_093.tcf.xml-44-22	inferred	0	 	Fuß
2532889X_1963-10-02_01_065.tcf.xml-13-38	26120215_1963_06_16_01_335.tcf.xml-14-33	inferred	1	 	Fuß
2532889X_1963-10-02_01_065.tcf.xml-13-38	26120215_1965_05_18_01_034.tcf.xml-71-12	inferred	0	 	Fuß
2532889X_1963-10-02_01_065.tcf.xml-13-38	26120215_1973_08_09_01_355.tcf.xml-84-20	inferred	0	 	Fuß
2532889X_1963-10-02_01_065.tcf.xml-13-38	26120215_1976_08_21_01_073.tcf.xml-68-9	inferred	0	 	Fuß
2532889X_1963-10-02_01_065.tcf.xml-13-38	26120215_1982_12_09_01_088.tcf.xml-48-31	inferred	0	 	Fuß
2532889X_1963-10-02_01_065.tcf.xml-13-38	beck_eisen02_1895-6868-25	inferred	0	 	Fuß
2532889X_1963-10-02_01_065.tcf.xml-13-38	beck_eisen04_1899-5466-6	inferred	0	 	Fuß
2532889X_1963-10-02_01_065.tcf.xml-13-38	berg_ostasien03_1873-3201-15	inferred	0	 	Fuß
2532889X_1963-10-02_01_065.tcf.xml-13-38	bierbaum_stilpe_1897-2124-11	inferred	0	 	Fuß
2532889X_1963-10-02_01_065.tcf.xml-13-38	blumenbach_naturgeschichte_1815-2075-6	inferred	0	 	Fuß
2532889X_1963-10-02_01_065.tcf.xml-13-38	brehm_thierleben02_1865-13135-24	inferred	0	 	Fuß
2532889X_1963-10-02_01_065.tcf.xml-13-38	brehm_thierleben06_1869-18710-26	inferred	0	 	Fuß
2532889X_1963-10-02_01_065.tcf.xml-13-38	egger_vater_1895-4426-15	inferred	0	 	Fuß
2532889X_1963-10-02_01_065.tcf.xml-13-38	eytelwein_faschinenwerke_1800-516-17	inferred	0	 	Fuß
2532889X_1963-10-02_01_065.tcf.xml-13-38	gerstaecker_schiesswaffen_1848-33-38	inferred	0	 	Fuß
2532889X_1963-10-02_01_065.tcf.xml-13-38	gerstner_mechanik03_1834-10703-3	inferred	0	 	Fuß
2532889X_1963-10-02_01_065.tcf.xml-13-38	grimm_maerchen01_1843-1349-46	inferred	0	 	Fuß
2532889X_1963-10-02_01_065.tcf.xml-13-38	humboldt_kosmos03_1850-5947-11	inferred	0	 	Fuß
2532889X_1963-10-02_01_065.tcf.xml-13-38	humboldt_willdenow_1803-173-3	inferred	0	 	Fuß
2532889X_1963-10-02_01_065.tcf.xml-13-38	immermann_muenchhausen03_1839-527-21	inferred	0	 	Fuß
2532889X_1963-10-02_01_065.tcf.xml-13-38	kleist_kaethchen_1810-143-2	inferred	0	 	Fuß
2532889X_1963-10-02_01_065.tcf.xml-13-38	kuernberger_amerikamuede_1855-8717-43	inferred	0	 	Fuß
2532889X_1963-10-02_01_065.tcf.xml-13-38	nettelbeck_lebensbeschreibung02_1821-1836-37	inferred	0	 	Fuß
2532889X_1963-10-02_01_065.tcf.xml-13-38	poelitz_poetik_1825-5331-20	inferred	0	 	Fuß
2532889X_1963-10-02_01_065.tcf.xml-13-38	steub_tirol_1846-5945-7	inferred	0	 	Fuß
2532889X_1963-10-02_01_065.tcf.xml-13-38	urbanitzky_electricitaet_1885-15105-30	inferred	0	 	Fuß
2532889X_1976-01-27_01_037.tcf.xml-0-10	2532889X_1980-01-29_01_067.tcf.xml-53-2	inferred	0	 	Fuß
2532889X_1976-01-27_01_037.tcf.xml-0-10	2532889X_1981-06-03_01_055.tcf.xml-18-25	inferred	0	 	Fuß
2532889X_1976-01-27_01_037.tcf.xml-0-10	2532889X_1982-07-31_01_468.tcf.xml-75-11	inferred	0	 	Fuß
2532889X_1976-01-27_01_037.tcf.xml-0-10	2532889X_1984-03-27_01_120.tcf.xml-15-18	inferred	0	 	Fuß
2532889X_1976-01-27_01_037.tcf.xml-0-10	26120215_1946_06_28_01_025.tcf.xml-31-46	inferred	1	 	Fuß
2532889X_1976-01-27_01_037.tcf.xml-0-10	26120215_1953_03_08_01_012.tcf.xml-8-1	inferred	0	 	Fuß
2532889X_1976-01-27_01_037.tcf.xml-0-10	26120215_1962_06_19_01_227.tcf.xml-2-7	inferred	1	 	Fuß
2532889X_1976-01-27_01_037.tcf.xml-0-10	26120215_1963_02_15_01_093.tcf.xml-44-22	inferred	1	 	Fuß
2532889X_1976-01-27_01_037.tcf.xml-0-10	26120215_1963_06_16_01_335.tcf.xml-14-33	inferred	0	 	Fuß
2532889X_1976-01-27_01_037.tcf.xml-0-10	26120215_1965_05_18_01_034.tcf.xml-71-12	inferred	0	 	Fuß
2532889X_1976-01-27_01_037.tcf.xml-0-10	26120215_1973_08_09_01_355.tcf.xml-84-20	inferred	0	 	Fuß
2532889X_1976-01-27_01_037.tcf.xml-0-10	26120215_1976_08_21_01_073.tcf.xml-68-9	inferred	1	 	Fuß
2532889X_1976-01-27_01_037.tcf.xml-0-10	26120215_1982_12_09_01_088.tcf.xml-48-31	inferred	1	 	Fuß
2532889X_1976-01-27_01_037.tcf.xml-0-10	beck_eisen02_1895-6868-25	inferred	0	 	Fuß
2532889X_1976-01-27_01_037.tcf.xml-0-10	beck_eisen04_1899-5466-6	inferred	0	 	Fuß
2532889X_1976-01-27_01_037.tcf.xml-0-10	berg_ostasien03_1873-3201-15	inferred	1	 	Fuß
2532889X_1976-01-27_01_037.tcf.xml-0-10	bierbaum_stilpe_1897-2124-11	inferred	1	 	Fuß
2532889X_1976-01-27_01_037.tcf.xml-0-10	blumenbach_naturgeschichte_1815-2075-6	inferred	1	 	Fuß
2532889X_1976-01-27_01_037.tcf.xml-0-10	brehm_thierleben02_1865-13135-24	inferred	0	 	Fuß
2532889X_1976-01-27_01_037.tcf.xml-0-10	brehm_thierleben06_1869-18710-26	inferred	0	 	Fuß
2532889X_1976-01-27_01_037.tcf.xml-0-10	egger_vater_1895-4426-15	inferred	1	 	Fuß
2532889X_1976-01-27_01_037.tcf.xml-0-10	eytelwein_faschinenwerke_1800-516-17	inferred	0	 	Fuß
2532889X_1976-01-27_01_037.tcf.xml-0-10	gerstaecker_schiesswaffen_1848-33-38	inferred	0	 	Fuß
2532889X_1976-01-27_01_037.tcf.xml-0-10	gerstner_mechanik03_1834-10703-3	inferred	0	 	Fuß
2532889X_1976-01-27_01_037.tcf.xml-0-10	grimm_maerchen01_1843-1349-46	inferred	1	 	Fuß
2532889X_1976-01-27_01_037.tcf.xml-0-10	humboldt_kosmos03_1850-5947-11	inferred	0	 	Fuß
2532889X_1976-01-27_01_037.tcf.xml-0-10	humboldt_willdenow_1803-173-3	inferred	0	 	Fuß
2532889X_1976-01-27_01_037.tcf.xml-0-10	immermann_muenchhausen03_1839-527-21	inferred	1	 	Fuß
2532889X_1976-01-27_01_037.tcf.xml-0-10	kleist_kaethchen_1810-143-2	inferred	1	 	Fuß
2532889X_1976-01-27_01_037.tcf.xml-0-10	kuernberger_amerikamuede_1855-8717-43	inferred	1	 	Fuß
2532889X_1976-01-27_01_037.tcf.xml-0-10	nettelbeck_lebensbeschreibung02_1821-1836-37	inferred	0	 	Fuß
2532889X_1976-01-27_01_037.tcf.xml-0-10	poelitz_poetik_1825-5331-20	inferred	1	 	Fuß
2532889X_1976-01-27_01_037.tcf.xml-0-10	steub_tirol_1846-5945-7	inferred	0	 	Fuß
2532889X_1976-01-27_01_037.tcf.xml-0-10	urbanitzky_electricitaet_1885-15105-30	inferred	0	 	Fuß
2532889X_1980-01-29_01_067.tcf.xml-53-2	2532889X_1981-06-03_01_055.tcf.xml-18-25	inferred	0	 	Fuß
2532889X_1980-01-29_01_067.tcf.xml-53-2	2532889X_1982-07-31_01_468.tcf.xml-75-11	inferred	0	 	Fuß
2532889X_1980-01-29_01_067.tcf.xml-53-2	2532889X_1984-03-27_01_120.tcf.xml-15-18	inferred	0	 	Fuß
2532889X_1980-01-29_01_067.tcf.xml-53-2	26120215_1946_06_28_01_025.tcf.xml-31-46	inferred	0	 	Fuß
2532889X_1980-01-29_01_067.tcf.xml-53-2	26120215_1953_03_08_01_012.tcf.xml-8-1	inferred	0	 	Fuß
2532889X_1980-01-29_01_067.tcf.xml-53-2	26120215_1962_06_19_01_227.tcf.xml-2-7	inferred	0	 	Fuß
2532889X_1980-01-29_01_067.tcf.xml-53-2	26120215_1963_02_15_01_093.tcf.xml-44-22	inferred	0	 	Fuß
2532889X_1980-01-29_01_067.tcf.xml-53-2	26120215_1963_06_16_01_335.tcf.xml-14-33	inferred	1	 	Fuß
2532889X_1980-01-29_01_067.tcf.xml-53-2	26120215_1965_05_18_01_034.tcf.xml-71-12	inferred	0	 	Fuß
2532889X_1980-01-29_01_067.tcf.xml-53-2	26120215_1973_08_09_01_355.tcf.xml-84-20	inferred	0	 	Fuß
2532889X_1980-01-29_01_067.tcf.xml-53-2	26120215_1976_08_21_01_073.tcf.xml-68-9	inferred	0	 	Fuß
2532889X_1980-01-29_01_067.tcf.xml-53-2	26120215_1982_12_09_01_088.tcf.xml-48-31	inferred	0	 	Fuß
2532889X_1980-01-29_01_067.tcf.xml-53-2	beck_eisen02_1895-6868-25	inferred	0	 	Fuß
2532889X_1980-01-29_01_067.tcf.xml-53-2	beck_eisen04_1899-5466-6	inferred	0	 	Fuß
2532889X_1980-01-29_01_067.tcf.xml-53-2	berg_ostasien03_1873-3201-15	inferred	0	 	Fuß
2532889X_1980-01-29_01_067.tcf.xml-53-2	bierbaum_stilpe_1897-2124-11	inferred	0	 	Fuß
2532889X_1980-01-29_01_067.tcf.xml-53-2	blumenbach_naturgeschichte_1815-2075-6	inferred	0	 	Fuß
2532889X_1980-01-29_01_067.tcf.xml-53-2	brehm_thierleben02_1865-13135-24	inferred	0	 	Fuß
2532889X_1980-01-29_01_067.tcf.xml-53-2	brehm_thierleben06_1869-18710-26	inferred	0	 	Fuß
2532889X_1980-01-29_01_067.tcf.xml-53-2	egger_vater_1895-4426-15	inferred	0	 	Fuß
2532889X_1980-01-29_01_067.tcf.xml-53-2	eytelwein_faschinenwerke_1800-516-17	inferred	0	 	Fuß
2532889X_1980-01-29_01_067.tcf.xml-53-2	gerstaecker_schiesswaffen_1848-33-38	inferred	0	 	Fuß
2532889X_1980-01-29_01_067.tcf.xml-53-2	gerstner_mechanik03_1834-10703-3	inferred	0	 	Fuß
2532889X_1980-01-29_01_067.tcf.xml-53-2	grimm_maerchen01_1843-1349-46	inferred	0	 	Fuß
2532889X_1980-01-29_01_067.tcf.xml-53-2	humboldt_kosmos03_1850-5947-11	inferred	0	 	Fuß
2532889X_1980-01-29_01_067.tcf.xml-53-2	humboldt_willdenow_1803-173-3	inferred	0	 	Fuß
2532889X_1980-01-29_01_067.tcf.xml-53-2	immermann_muenchhausen03_1839-527-21	inferred	0	 	Fuß
2532889X_1980-01-29_01_067.tcf.xml-53-2	kleist_kaethchen_1810-143-2	inferred	0	 	Fuß
2532889X_1980-01-29_01_067.tcf.xml-53-2	kuernberger_amerikamuede_1855-8717-43	inferred	0	 	Fuß
2532889X_1980-01-29_01_067.tcf.xml-53-2	nettelbeck_lebensbeschreibung02_1821-1836-37	inferred	0	 	Fuß
2532889X_1980-01-29_01_067.tcf.xml-53-2	poelitz_poetik_1825-5331-20	inferred	0	 	Fuß
2532889X_1980-01-29_01_067.tcf.xml-53-2	steub_tirol_1846-5945-7	inferred	0	 	Fuß
2532889X_1980-01-29_01_067.tcf.xml-53-2	urbanitzky_electricitaet_1885-15105-30	inferred	0	 	Fuß
2532889X_1981-06-03_01_055.tcf.xml-18-25	2532889X_1982-07-31_01_468.tcf.xml-75-11	inferred	0	 	Fuß
2532889X_1981-06-03_01_055.tcf.xml-18-25	2532889X_1984-03-27_01_120.tcf.xml-15-18	inferred	0	 	Fuß
2532889X_1981-06-03_01_055.tcf.xml-18-25	26120215_1946_06_28_01_025.tcf.xml-31-46	inferred	0	 	Fuß
2532889X_1981-06-03_01_055.tcf.xml-18-25	26120215_1953_03_08_01_012.tcf.xml-8-1	inferred	0	 	Fuß
2532889X_1981-06-03_01_055.tcf.xml-18-25	26120215_1962_06_19_01_227.tcf.xml-2-7	inferred	0	 	Fuß
2532889X_1981-06-03_01_055.tcf.xml-18-25	26120215_1963_02_15_01_093.tcf.xml-44-22	inferred	0	 	Fuß
2532889X_1981-06-03_01_055.tcf.xml-18-25	26120215_1963_06_16_01_335.tcf.xml-14-33	inferred	0	 	Fuß
2532889X_1981-06-03_01_055.tcf.xml-18-25	26120215_1965_05_18_01_034.tcf.xml-71-12	inferred	0	 	Fuß
2532889X_1981-06-03_01_055.tcf.xml-18-25	26120215_1973_08_09_01_355.tcf.xml-84-20	inferred	0	 	Fuß
2532889X_1981-06-03_01_055.tcf.xml-18-25	26120215_1976_08_21_01_073.tcf.xml-68-9	inferred	0	 	Fuß
2532889X_1981-06-03_01_055.tcf.xml-18-25	26120215_1982_12_09_01_088.tcf.xml-48-31	inferred	0	 	Fuß
2532889X_1981-06-03_01_055.tcf.xml-18-25	beck_eisen02_1895-6868-25	inferred	0	 	Fuß
2532889X_1981-06-03_01_055.tcf.xml-18-25	beck_eisen04_1899-5466-6	inferred	0	 	Fuß
2532889X_1981-06-03_01_055.tcf.xml-18-25	berg_ostasien03_1873-3201-15	inferred	0	 	Fuß
2532889X_1981-06-03_01_055.tcf.xml-18-25	bierbaum_stilpe_1897-2124-11	inferred	0	 	Fuß
2532889X_1981-06-03_01_055.tcf.xml-18-25	blumenbach_naturgeschichte_1815-2075-6	inferred	0	 	Fuß
2532889X_1981-06-03_01_055.tcf.xml-18-25	brehm_thierleben02_1865-13135-24	inferred	0	 	Fuß
2532889X_1981-06-03_01_055.tcf.xml-18-25	brehm_thierleben06_1869-18710-26	inferred	0	 	Fuß
2532889X_1981-06-03_01_055.tcf.xml-18-25	egger_vater_1895-4426-15	inferred	0	 	Fuß
2532889X_1981-06-03_01_055.tcf.xml-18-25	eytelwein_faschinenwerke_1800-516-17	inferred	0	 	Fuß
2532889X_1981-06-03_01_055.tcf.xml-18-25	gerstaecker_schiesswaffen_1848-33-38	inferred	0	 	Fuß
2532889X_1981-06-03_01_055.tcf.xml-18-25	gerstner_mechanik03_1834-10703-3	inferred	0	 	Fuß
2532889X_1981-06-03_01_055.tcf.xml-18-25	grimm_maerchen01_1843-1349-46	inferred	0	 	Fuß
2532889X_1981-06-03_01_055.tcf.xml-18-25	humboldt_kosmos03_1850-5947-11	inferred	0	 	Fuß
2532889X_1981-06-03_01_055.tcf.xml-18-25	humboldt_willdenow_1803-173-3	inferred	0	 	Fuß
2532889X_1981-06-03_01_055.tcf.xml-18-25	immermann_muenchhausen03_1839-527-21	inferred	0	 	Fuß
2532889X_1981-06-03_01_055.tcf.xml-18-25	kleist_kaethchen_1810-143-2	inferred	0	 	Fuß
2532889X_1981-06-03_01_055.tcf.xml-18-25	kuernberger_amerikamuede_1855-8717-43	inferred	0	 	Fuß
2532889X_1981-06-03_01_055.tcf.xml-18-25	nettelbeck_lebensbeschreibung02_1821-1836-37	inferred	0	 	Fuß
2532889X_1981-06-03_01_055.tcf.xml-18-25	poelitz_poetik_1825-5331-20	inferred	0	 	Fuß
2532889X_1981-06-03_01_055.tcf.xml-18-25	steub_tirol_1846-5945-7	inferred	0	 	Fuß
2532889X_1981-06-03_01_055.tcf.xml-18-25	urbanitzky_electricitaet_1885-15105-30	inferred	0	 	Fuß
2532889X_1982-07-31_01_468.tcf.xml-75-11	2532889X_1984-03-27_01_120.tcf.xml-15-18	inferred	1	 	Fuß
2532889X_1982-07-31_01_468.tcf.xml-75-11	26120215_1946_06_28_01_025.tcf.xml-31-46	inferred	0	 	Fuß
2532889X_1982-07-31_01_468.tcf.xml-75-11	26120215_1953_03_08_01_012.tcf.xml-8-1	inferred	0	 	Fuß
2532889X_1982-07-31_01_468.tcf.xml-75-11	26120215_1962_06_19_01_227.tcf.xml-2-7	inferred	0	 	Fuß
2532889X_1982-07-31_01_468.tcf.xml-75-11	26120215_1963_02_15_01_093.tcf.xml-44-22	inferred	0	 	Fuß
2532889X_1982-07-31_01_468.tcf.xml-75-11	26120215_1963_06_16_01_335.tcf.xml-14-33	inferred	0	 	Fuß
2532889X_1982-07-31_01_468.tcf.xml-75-11	26120215_1965_05_18_01_034.tcf.xml-71-12	inferred	0	 	Fuß
2532889X_1982-07-31_01_468.tcf.xml-75-11	26120215_1973_08_09_01_355.tcf.xml-84-20	inferred	1	 	Fuß
2532889X_1982-07-31_01_468.tcf.xml-75-11	26120215_1976_08_21_01_073.tcf.xml-68-9	inferred	0	 	Fuß
2532889X_1982-07-31_01_468.tcf.xml-75-11	26120215_1982_12_09_01_088.tcf.xml-48-31	inferred	0	 	Fuß
2532889X_1982-07-31_01_468.tcf.xml-75-11	beck_eisen02_1895-6868-25	inferred	0	 	Fuß
2532889X_1982-07-31_01_468.tcf.xml-75-11	beck_eisen04_1899-5466-6	inferred	0	 	Fuß
2532889X_1982-07-31_01_468.tcf.xml-75-11	berg_ostasien03_1873-3201-15	inferred	0	 	Fuß
2532889X_1982-07-31_01_468.tcf.xml-75-11	bierbaum_stilpe_1897-2124-11	inferred	0	 	Fuß
2532889X_1982-07-31_01_468.tcf.xml-75-11	blumenbach_naturgeschichte_1815-2075-6	inferred	0	 	Fuß
2532889X_1982-07-31_01_468.tcf.xml-75-11	brehm_thierleben02_1865-13135-24	inferred	0	 	Fuß
2532889X_1982-07-31_01_468.tcf.xml-75-11	brehm_thierleben06_1869-18710-26	inferred	0	 	Fuß
2532889X_1982-07-31_01_468.tcf.xml-75-11	egger_vater_1895-4426-15	inferred	0	 	Fuß
2532889X_1982-07-31_01_468.tcf.xml-75-11	eytelwein_faschinenwerke_1800-516-17	inferred	0	 	Fuß
2532889X_1982-07-31_01_468.tcf.xml-75-11	gerstaecker_schiesswaffen_1848-33-38	inferred	0	 	Fuß
2532889X_1982-07-31_01_468.tcf.xml-75-11	gerstner_mechanik03_1834-10703-3	inferred	0	 	Fuß
2532889X_1982-07-31_01_468.tcf.xml-75-11	grimm_maerchen01_1843-1349-46	inferred	0	 	Fuß
2532889X_1982-07-31_01_468.tcf.xml-75-11	humboldt_kosmos03_1850-5947-11	inferred	0	 	Fuß
2532889X_1982-07-31_01_468.tcf.xml-75-11	humboldt_willdenow_1803-173-3	inferred	0	 	Fuß
2532889X_1982-07-31_01_468.tcf.xml-75-11	immermann_muenchhausen03_1839-527-21	inferred	0	 	Fuß
2532889X_1982-07-31_01_468.tcf.xml-75-11	kleist_kaethchen_1810-143-2	inferred	0	 	Fuß
2532889X_1982-07-31_01_468.tcf.xml-75-11	kuernberger_amerikamuede_1855-8717-43	inferred	0	 	Fuß
2532889X_1982-07-31_01_468.tcf.xml-75-11	nettelbeck_lebensbeschreibung02_1821-1836-37	inferred	0	 	Fuß
2532889X_1982-07-31_01_468.tcf.xml-75-11	poelitz_poetik_1825-5331-20	inferred	0	 	Fuß
2532889X_1982-07-31_01_468.tcf.xml-75-11	steub_tirol_1846-5945-7	inferred	0	 	Fuß
2532889X_1982-07-31_01_468.tcf.xml-75-11	urbanitzky_electricitaet_1885-15105-30	inferred	0	 	Fuß
2532889X_1984-03-27_01_120.tcf.xml-15-18	26120215_1946_06_28_01_025.tcf.xml-31-46	inferred	0	 	Fuß
2532889X_1984-03-27_01_120.tcf.xml-15-18	26120215_1953_03_08_01_012.tcf.xml-8-1	inferred	0	 	Fuß
2532889X_1984-03-27_01_120.tcf.xml-15-18	26120215_1962_06_19_01_227.tcf.xml-2-7	inferred	0	 	Fuß
2532889X_1984-03-27_01_120.tcf.xml-15-18	26120215_1963_02_15_01_093.tcf.xml-44-22	inferred	0	 	Fuß
2532889X_1984-03-27_01_120.tcf.xml-15-18	26120215_1963_06_16_01_335.tcf.xml-14-33	inferred	0	 	Fuß
2532889X_1984-03-27_01_120.tcf.xml-15-18	26120215_1965_05_18_01_034.tcf.xml-71-12	inferred	0	 	Fuß
2532889X_1984-03-27_01_120.tcf.xml-15-18	26120215_1973_08_09_01_355.tcf.xml-84-20	inferred	1	 	Fuß
2532889X_1984-03-27_01_120.tcf.xml-15-18	26120215_1976_08_21_01_073.tcf.xml-68-9	inferred	0	 	Fuß
2532889X_1984-03-27_01_120.tcf.xml-15-18	26120215_1982_12_09_01_088.tcf.xml-48-31	inferred	0	 	Fuß
2532889X_1984-03-27_01_120.tcf.xml-15-18	beck_eisen02_1895-6868-25	inferred	0	 	Fuß
2532889X_1984-03-27_01_120.tcf.xml-15-18	beck_eisen04_1899-5466-6	inferred	0	 	Fuß
2532889X_1984-03-27_01_120.tcf.xml-15-18	berg_ostasien03_1873-3201-15	inferred	0	 	Fuß
2532889X_1984-03-27_01_120.tcf.xml-15-18	bierbaum_stilpe_1897-2124-11	inferred	0	 	Fuß
2532889X_1984-03-27_01_120.tcf.xml-15-18	blumenbach_naturgeschichte_1815-2075-6	inferred	0	 	Fuß
2532889X_1984-03-27_01_120.tcf.xml-15-18	brehm_thierleben02_1865-13135-24	inferred	0	 	Fuß
2532889X_1984-03-27_01_120.tcf.xml-15-18	brehm_thierleben06_1869-18710-26	inferred	0	 	Fuß
2532889X_1984-03-27_01_120.tcf.xml-15-18	egger_vater_1895-4426-15	inferred	0	 	Fuß
2532889X_1984-03-27_01_120.tcf.xml-15-18	eytelwein_faschinenwerke_1800-516-17	inferred	0	 	Fuß
2532889X_1984-03-27_01_120.tcf.xml-15-18	gerstaecker_schiesswaffen_1848-33-38	inferred	0	 	Fuß
2532889X_1984-03-27_01_120.tcf.xml-15-18	gerstner_mechanik03_1834-10703-3	inferred	0	 	Fuß
2532889X_1984-03-27_01_120.tcf.xml-15-18	grimm_maerchen01_1843-1349-46	inferred	0	 	Fuß
2532889X_1984-03-27_01_120.tcf.xml-15-18	humboldt_kosmos03_1850-5947-11	inferred	0	 	Fuß
2532889X_1984-03-27_01_120.tcf.xml-15-18	humboldt_willdenow_1803-173-3	inferred	0	 	Fuß
2532889X_1984-03-27_01_120.tcf.xml-15-18	immermann_muenchhausen03_1839-527-21	inferred	0	 	Fuß
2532889X_1984-03-27_01_120.tcf.xml-15-18	kleist_kaethchen_1810-143-2	inferred	0	 	Fuß
2532889X_1984-03-27_01_120.tcf.xml-15-18	kuernberger_amerikamuede_1855-8717-43	inferred	0	 	Fuß
2532889X_1984-03-27_01_120.tcf.xml-15-18	nettelbeck_lebensbeschreibung02_1821-1836-37	inferred	0	 	Fuß
2532889X_1984-03-27_01_120.tcf.xml-15-18	poelitz_poetik_1825-5331-20	inferred	0	 	Fuß
2532889X_1984-03-27_01_120.tcf.xml-15-18	steub_tirol_1846-5945-7	inferred	0	 	Fuß
2532889X_1984-03-27_01_120.tcf.xml-15-18	urbanitzky_electricitaet_1885-15105-30	inferred	0	 	Fuß
26120215_1946_06_28_01_025.tcf.xml-31-46	26120215_1953_03_08_01_012.tcf.xml-8-1	inferred	0	 	Fuß
26120215_1946_06_28_01_025.tcf.xml-31-46	26120215_1962_06_19_01_227.tcf.xml-2-7	inferred	1	 	Fuß
26120215_1946_06_28_01_025.tcf.xml-31-46	26120215_1963_02_15_01_093.tcf.xml-44-22	inferred	1	 	Fuß
26120215_1946_06_28_01_025.tcf.xml-31-46	26120215_1963_06_16_01_335.tcf.xml-14-33	inferred	0	 	Fuß
26120215_1946_06_28_01_025.tcf.xml-31-46	26120215_1965_05_18_01_034.tcf.xml-71-12	inferred	0	 	Fuß
26120215_1946_06_28_01_025.tcf.xml-31-46	26120215_1973_08_09_01_355.tcf.xml-84-20	inferred	0	 	Fuß
26120215_1946_06_28_01_025.tcf.xml-31-46	26120215_1976_08_21_01_073.tcf.xml-68-9	inferred	1	 	Fuß
26120215_1946_06_28_01_025.tcf.xml-31-46	26120215_1982_12_09_01_088.tcf.xml-48-31	inferred	1	 	Fuß
26120215_1946_06_28_01_025.tcf.xml-31-46	beck_eisen02_1895-6868-25	inferred	0	 	Fuß
26120215_1946_06_28_01_025.tcf.xml-31-46	beck_eisen04_1899-5466-6	inferred	0	 	Fuß
26120215_1946_06_28_01_025.tcf.xml-31-46	berg_ostasien03_1873-3201-15	inferred	1	 	Fuß
26120215_1946_06_28_01_025.tcf.xml-31-46	bierbaum_stilpe_1897-2124-11	inferred	1	 	Fuß
26120215_1946_06_28_01_025.tcf.xml-31-46	blumenbach_naturgeschichte_1815-2075-6	inferred	1	 	Fuß
26120215_1946_06_28_01_025.tcf.xml-31-46	brehm_thierleben02_1865-13135-24	inferred	0	 	Fuß
26120215_1946_06_28_01_025.tcf.xml-31-46	brehm_thierleben06_1869-18710-26	inferred	0	 	Fuß
26120215_1946_06_28_01_025.tcf.xml-31-46	egger_vater_1895-4426-15	inferred	1	 	Fuß
26120215_1946_06_28_01_025.tcf.xml-31-46	eytelwein_faschinenwerke_1800-516-17	inferred	0	 	Fuß
26120215_1946_06_28_01_025.tcf.xml-31-46	gerstaecker_schiesswaffen_1848-33-38	inferred	0	 	Fuß
26120215_1946_06_28_01_025.tcf.xml-31-46	gerstner_mechanik03_1834-10703-3	inferred	0	 	Fuß
26120215_1946_06_28_01_025.tcf.xml-31-46	grimm_maerchen01_1843-1349-46	inferred	1	 	Fuß
26120215_1946_06_28_01_025.tcf.xml-31-46	humboldt_kosmos03_1850-5947-11	inferred	0	 	Fuß
26120215_1946_06_28_01_025.tcf.xml-31-46	humboldt_willdenow_1803-173-3	inferred	0	 	Fuß
26120215_1946_06_28_01_025.tcf.xml-31-46	immermann_muenchhausen03_1839-527-21	inferred	1	 	Fuß
26120215_1946_06_28_01_025.tcf.xml-31-46	kleist_kaethchen_1810-143-2	inferred	1	 	Fuß
26120215_1946_06_28_01_025.tcf.xml-31-46	kuernberger_amerikamuede_1855-8717-43	inferred	1	 	Fuß
26120215_1946_06_28_01_025.tcf.xml-31-46	nettelbeck_lebensbeschreibung02_1821-1836-37	inferred	0	 	Fuß
26120215_1946_06_28_01_025.tcf.xml-31-46	poelitz_poetik_1825-5331-20	inferred	1	 	Fuß
26120215_1946_06_28_01_025.tcf.xml-31-46	steub_tirol_1846-5945-7	inferred	0	 	Fuß
26120215_1946_06_28_01_025.tcf.xml-31-46	urbanitzky_electricitaet_1885-15105-30	inferred	0	 	Fuß
26120215_1953_03_08_01_012.tcf.xml-8-1	26120215_1962_06_19_01_227.tcf.xml-2-7	inferred	0	 	Fuß
26120215_1953_03_08_01_012.tcf.xml-8-1	26120215_1963_02_15_01_093.tcf.xml-44-22	inferred	0	 	Fuß
26120215_1953_03_08_01_012.tcf.xml-8-1	26120215_1963_06_16_01_335.tcf.xml-14-33	inferred	0	 	Fuß
26120215_1953_03_08_01_012.tcf.xml-8-1	26120215_1965_05_18_01_034.tcf.xml-71-12	inferred	0	 	Fuß
26120215_1953_03_08_01_012.tcf.xml-8-1	26120215_1973_08_09_01_355.tcf.xml-84-20	inferred	0	 	Fuß
26120215_1953_03_08_01_012.tcf.xml-8-1	26120215_1976_08_21_01_073.tcf.xml-68-9	inferred	0	 	Fuß
26120215_1953_03_08_01_012.tcf.xml-8-1	26120215_1982_12_09_01_088.tcf.xml-48-31	inferred	0	 	Fuß
26120215_1953_03_08_01_012.tcf.xml-8-1	beck_eisen02_1895-6868-25	inferred	0	 	Fuß
26120215_1953_03_08_01_012.tcf.xml-8-1	beck_eisen04_1899-5466-6	inferred	0	 	Fuß
26120215_1953_03_08_01_012.tcf.xml-8-1	berg_ostasien03_1873-3201-15	inferred	0	 	Fuß
26120215_1953_03_08_01_012.tcf.xml-8-1	bierbaum_stilpe_1897-2124-11	inferred	0	 	Fuß
26120215_1953_03_08_01_012.tcf.xml-8-1	blumenbach_naturgeschichte_1815-2075-6	inferred	0	 	Fuß
26120215_1953_03_08_01_012.tcf.xml-8-1	brehm_thierleben02_1865-13135-24	inferred	0	 	Fuß
26120215_1953_03_08_01_012.tcf.xml-8-1	brehm_thierleben06_1869-18710-26	inferred	0	 	Fuß
26120215_1953_03_08_01_012.tcf.xml-8-1	egger_vater_1895-4426-15	inferred	0	 	Fuß
26120215_1953_03_08_01_012.tcf.xml-8-1	eytelwein_faschinenwerke_1800-516-17	inferred	0	 	Fuß
26120215_1953_03_08_01_012.tcf.xml-8-1	gerstaecker_schiesswaffen_1848-33-38	inferred	0	 	Fuß
26120215_1953_03_08_01_012.tcf.xml-8-1	gerstner_mechanik03_1834-10703-3	inferred	0	 	Fuß
26120215_1953_03_08_01_012.tcf.xml-8-1	grimm_maerchen01_1843-1349-46	inferred	0	 	Fuß
26120215_1953_03_08_01_012.tcf.xml-8-1	humboldt_kosmos03_1850-5947-11	inferred	0	 	Fuß
26120215_1953_03_08_01_012.tcf.xml-8-1	humboldt_willdenow_1803-173-3	inferred	0	 	Fuß
26120215_1953_03_08_01_012.tcf.xml-8-1	immermann_muenchhausen03_1839-527-21	inferred	0	 	Fuß
26120215_1953_03_08_01_012.tcf.xml-8-1	kleist_kaethchen_1810-143-2	inferred	0	 	Fuß
26120215_1953_03_08_01_012.tcf.xml-8-1	kuernberger_amerikamuede_1855-8717-43	inferred	0	 	Fuß
26120215_1953_03_08_01_012.tcf.xml-8-1	nettelbeck_lebensbeschreibung02_1821-1836-37	inferred	0	 	Fuß
26120215_1953_03_08_01_012.tcf.xml-8-1	poelitz_poetik_1825-5331-20	inferred	0	 	Fuß
26120215_1953_03_08_01_012.tcf.xml-8-1	steub_tirol_1846-5945-7	inferred	0	 	Fuß
26120215_1953_03_08_01_012.tcf.xml-8-1	urbanitzky_electricitaet_1885-15105-30	inferred	0	 	Fuß
26120215_1962_06_19_01_227.tcf.xml-2-7	26120215_1963_02_15_01_093.tcf.xml-44-22	inferred	1	 	Fuß
26120215_1962_06_19_01_227.tcf.xml-2-7	26120215_1963_06_16_01_335.tcf.xml-14-33	inferred	0	 	Fuß
26120215_1962_06_19_01_227.tcf.xml-2-7	26120215_1965_05_18_01_034.tcf.xml-71-12	inferred	0	 	Fuß
26120215_1962_06_19_01_227.tcf.xml-2-7	26120215_1973_08_09_01_355.tcf.xml-84-20	inferred	0	 	Fuß
26120215_1962_06_19_01_227.tcf.xml-2-7	26120215_1976_08_21_01_073.tcf.xml-68-9	inferred	1	 	Fuß
26120215_1962_06_19_01_227.tcf.xml-2-7	26120215_1982_12_09_01_088.tcf.xml-48-31	inferred	1	 	Fuß
26120215_1962_06_19_01_227.tcf.xml-2-7	beck_eisen02_1895-6868-25	inferred	0	 	Fuß
26120215_1962_06_19_01_227.tcf.xml-2-7	beck_eisen04_1899-5466-6	inferred	0	 	Fuß
26120215_1962_06_19_01_227.tcf.xml-2-7	berg_ostasien03_1873-3201-15	inferred	1	 	Fuß
26120215_1962_06_19_01_227.tcf.xml-2-7	bierbaum_stilpe_1897-2124-11	inferred	1	 	Fuß
26120215_1962_06_19_01_227.tcf.xml-2-7	blumenbach_naturgeschichte_1815-2075-6	inferred	1	 	Fuß
26120215_1962_06_19_01_227.tcf.xml-2-7	brehm_thierleben02_1865-13135-24	inferred	0	 	Fuß
26120215_1962_06_19_01_227.tcf.xml-2-7	brehm_thierleben06_1869-18710-26	inferred	0	 	Fuß
26120215_1962_06_19_01_227.tcf.xml-2-7	egger_vater_1895-4426-15	inferred	1	 	Fuß
26120215_1962_06_19_01_227.tcf.xml-2-7	eytelwein_faschinenwerke_1800-516-17	inferred	0	 	Fuß
26120215_1962_06_19_01_227.tcf.xml-2-7	gerstaecker_schiesswaffen_1848-33-38	inferred	0	 	Fuß
26120215_1962_06_19_01_227.tcf.xml-2-7	gerstner_mechanik03_1834-10703-3	inferred	0	 	Fuß
26120215_1962_06_19_01_227.tcf.xml-2-7	grimm_maerchen01_1843-1349-46	inferred	1	 	Fuß
26120215_1962_06_19_01_227.tcf.xml-2-7	humboldt_kosmos03_1850-5947-11	inferred	0	 	Fuß
26120215_1962_06_19_01_227.tcf.xml-2-7	humboldt_willdenow_1803-173-3	inferred	0	 	Fuß
26120215_1962_06_19_01_227.tcf.xml-2-7	immermann_muenchhausen03_1839-527-21	inferred	1	 	Fuß
26120215_1962_06_19_01_227.tcf.xml-2-7	kleist_kaethchen_1810-143-2	inferred	1	 	Fuß
26120215_1962_06_19_01_227.tcf.xml-2-7	kuernberger_amerikamuede_1855-8717-43	inferred	1	 	Fuß
26120215_1962_06_19_01_227.tcf.xml-2-7	nettelbeck_lebensbeschreibung02_1821-1836-37	inferred	0	 	Fuß
26120215_1962_06_19_01_227.tcf.xml-2-7	poelitz_poetik_1825-5331-20	inferred	1	 	Fuß
26120215_1962_06_19_01_227.tcf.xml-2-7	steub_tirol_1846-5945-7	inferred	0	 	Fuß
26120215_1962_06_19_01_227.tcf.xml-2-7	urbanitzky_electricitaet_1885-15105-30	inferred	0	 	Fuß
26120215_1963_02_15_01_093.tcf.xml-44-22	26120215_1963_06_16_01_335.tcf.xml-14-33	inferred	0	 	Fuß
26120215_1963_02_15_01_093.tcf.xml-44-22	26120215_1965_05_18_01_034.tcf.xml-71-12	inferred	0	 	Fuß
26120215_1963_02_15_01_093.tcf.xml-44-22	26120215_1973_08_09_01_355.tcf.xml-84-20	inferred	0	 	Fuß
26120215_1963_02_15_01_093.tcf.xml-44-22	26120215_1976_08_21_01_073.tcf.xml-68-9	inferred	1	 	Fuß
26120215_1963_02_15_01_093.tcf.xml-44-22	26120215_1982_12_09_01_088.tcf.xml-48-31	inferred	1	 	Fuß
26120215_1963_02_15_01_093.tcf.xml-44-22	beck_eisen02_1895-6868-25	inferred	0	 	Fuß
26120215_1963_02_15_01_093.tcf.xml-44-22	beck_eisen04_1899-5466-6	inferred	0	 	Fuß
26120215_1963_02_15_01_093.tcf.xml-44-22	berg_ostasien03_1873-3201-15	inferred	1	 	Fuß
26120215_1963_02_15_01_093.tcf.xml-44-22	bierbaum_stilpe_1897-2124-11	inferred	1	 	Fuß
26120215_1963_02_15_01_093.tcf.xml-44-22	blumenbach_naturgeschichte_1815-2075-6	inferred	1	 	Fuß
26120215_1963_02_15_01_093.tcf.xml-44-22	brehm_thierleben02_1865-13135-24	inferred	0	 	Fuß
26120215_1963_02_15_01_093.tcf.xml-44-22	brehm_thierleben06_1869-18710-26	inferred	0	 	Fuß
26120215_1963_02_15_01_093.tcf.xml-44-22	egger_vater_1895-4426-15	inferred	1	 	Fuß
26120215_1963_02_15_01_093.tcf.xml-44-22	eytelwein_faschinenwerke_1800-516-17	inferred	0	 	Fuß
26120215_1963_02_15_01_093.tcf.xml-44-22	gerstaecker_schiesswaffen_1848-33-38	inferred	0	 	Fuß
26120215_1963_02_15_01_093.tcf.xml-44-22	gerstner_mechanik03_1834-10703-3	inferred	0	 	Fuß
26120215_1963_02_15_01_093.tcf.xml-44-22	grimm_maerchen01_1843-1349-46	inferred	1	 	Fuß
26120215_1963_02_15_01_093.tcf.xml-44-22	humboldt_kosmos03_1850-5947-11	inferred	0	 	Fuß
26120215_1963_02_15_01_093.tcf.xml-44-22	humboldt_willdenow_1803-173-3	inferred	0	 	Fuß
26120215_1963_02_15_01_093.tcf.xml-44-22	immermann_muenchhausen03_1839-527-21	inferred	1	 	Fuß
26120215_1963_02_15_01_093.tcf.xml-44-22	kleist_kaethchen_1810-143-2	inferred	1	 	Fuß
26120215_1963_02_15_01_093.tcf.xml-44-22	kuernberger_amerikamuede_1855-8717-43	inferred	1	 	Fuß
26120215_1963_02_15_01_093.tcf.xml-44-22	nettelbeck_lebensbeschreibung02_1821-1836-37	inferred	0	 	Fuß
26120215_1963_02_15_01_093.tcf.xml-44-22	poelitz_poetik_1825-5331-20	inferred	1	 	Fuß
26120215_1963_02_15_01_093.tcf.xml-44-22	steub_tirol_1846-5945-7	inferred	0	 	Fuß
26120215_1963_02_15_01_093.tcf.xml-44-22	urbanitzky_electricitaet_1885-15105-30	inferred	0	 	Fuß
26120215_1963_06_16_01_335.tcf.xml-14-33	26120215_1965_05_18_01_034.tcf.xml-71-12	inferred	0	 	Fuß
26120215_1963_06_16_01_335.tcf.xml-14-33	26120215_1973_08_09_01_355.tcf.xml-84-20	inferred	0	 	Fuß
26120215_1963_06_16_01_335.tcf.xml-14-33	26120215_1976_08_21_01_073.tcf.xml-68-9	inferred	0	 	Fuß
26120215_1963_06_16_01_335.tcf.xml-14-33	26120215_1982_12_09_01_088.tcf.xml-48-31	inferred	0	 	Fuß
26120215_1963_06_16_01_335.tcf.xml-14-33	beck_eisen02_1895-6868-25	inferred	0	 	Fuß
26120215_1963_06_16_01_335.tcf.xml-14-33	beck_eisen04_1899-5466-6	inferred	0	 	Fuß
26120215_1963_06_16_01_335.tcf.xml-14-33	berg_ostasien03_1873-3201-15	inferred	0	 	Fuß
26120215_1963_06_16_01_335.tcf.xml-14-33	bierbaum_stilpe_1897-2124-11	inferred	0	 	Fuß
26120215_1963_06_16_01_335.tcf.xml-14-33	blumenbach_naturgeschichte_1815-2075-6	inferred	0	 	Fuß
26120215_1963_06_16_01_335.tcf.xml-14-33	brehm_thierleben02_1865-13135-24	inferred	0	 	Fuß
26120215_1963_06_16_01_335.tcf.xml-14-33	brehm_thierleben06_1869-18710-26	inferred	0	 	Fuß
26120215_1963_06_16_01_335.tcf.xml-14-33	egger_vater_1895-4426-15	inferred	0	 	Fuß
26120215_1963_06_16_01_335.tcf.xml-14-33	eytelwein_faschinenwerke_1800-516-17	inferred	0	 	Fuß
26120215_1963_06_16_01_335.tcf.xml-14-33	gerstaecker_schiesswaffen_1848-33-38	inferred	0	 	Fuß
26120215_1963_06_16_01_335.tcf.xml-14-33	gerstner_mechanik03_1834-10703-3	inferred	0	 	Fuß
26120215_1963_06_16_01_335.tcf.xml-14-33	grimm_maerchen01_1843-1349-46	inferred	0	 	Fuß
26120215_1963_06_16_01_335.tcf.xml-14-33	humboldt_kosmos03_1850-5947-11	inferred	0	 	Fuß
26120215_1963_06_16_01_335.tcf.xml-14-33	humboldt_willdenow_1803-173-3	inferred	0	 	Fuß
26120215_1963_06_16_01_335.tcf.xml-14-33	immermann_muenchhausen03_1839-527-21	inferred	0	 	Fuß
26120215_1963_06_16_01_335.tcf.xml-14-33	kleist_kaethchen_1810-143-2	inferred	0	 	Fuß
26120215_1963_06_16_01_335.tcf.xml-14-33	kuernberger_amerikamuede_1855-8717-43	inferred	0	 	Fuß
26120215_1963_06_16_01_335.tcf.xml-14-33	nettelbeck_lebensbeschreibung02_1821-1836-37	inferred	0	 	Fuß
26120215_1963_06_16_01_335.tcf.xml-14-33	poelitz_poetik_1825-5331-20	inferred	0	 	Fuß
26120215_1963_06_16_01_335.tcf.xml-14-33	steub_tirol_1846-5945-7	inferred	0	 	Fuß
26120215_1963_06_16_01_335.tcf.xml-14-33	urbanitzky_electricitaet_1885-15105-30	inferred	0	 	Fuß
26120215_1965_05_18_01_034.tcf.xml-71-12	26120215_1973_08_09_01_355.tcf.xml-84-20	inferred	0	 	Fuß
26120215_1965_05_18_01_034.tcf.xml-71-12	26120215_1976_08_21_01_073.tcf.xml-68-9	inferred	0	 	Fuß
26120215_1965_05_18_01_034.tcf.xml-71-12	26120215_1982_12_09_01_088.tcf.xml-48-31	inferred	0	 	Fuß
26120215_1965_05_18_01_034.tcf.xml-71-12	beck_eisen02_1895-6868-25	inferred	0	 	Fuß
26120215_1965_05_18_01_034.tcf.xml-71-12	beck_eisen04_1899-5466-6	inferred	0	 	Fuß
26120215_1965_05_18_01_034.tcf.xml-71-12	berg_ostasien03_1873-3201-15	inferred	0	 	Fuß
26120215_1965_05_18_01_034.tcf.xml-71-12	bierbaum_stilpe_1897-2124-11	inferred	0	 	Fuß
26120215_1965_05_18_01_034.tcf.xml-71-12	blumenbach_naturgeschichte_1815-2075-6	inferred	0	 	Fuß
26120215_1965_05_18_01_034.tcf.xml-71-12	brehm_thierleben02_1865-13135-24	inferred	0	 	Fuß
26120215_1965_05_18_01_034.tcf.xml-71-12	brehm_thierleben06_1869-18710-26	inferred	0	 	Fuß
26120215_1965_05_18_01_034.tcf.xml-71-12	egger_vater_1895-4426-15	inferred	0	 	Fuß
26120215_1965_05_18_01_034.tcf.xml-71-12	eytelwein_faschinenwerke_1800-516-17	inferred	0	 	Fuß
26120215_1965_05_18_01_034.tcf.xml-71-12	gerstaecker_schiesswaffen_1848-33-38	inferred	0	 	Fuß
26120215_1965_05_18_01_034.tcf.xml-71-12	gerstner_mechanik03_1834-10703-3	inferred	0	 	Fuß
26120215_1965_05_18_01_034.tcf.xml-71-12	grimm_maerchen01_1843-1349-46	inferred	0	 	Fuß
26120215_1965_05_18_01_034.tcf.xml-71-12	humboldt_kosmos03_1850-5947-11	inferred	0	 	Fuß
26120215_1965_05_18_01_034.tcf.xml-71-12	humboldt_willdenow_1803-173-3	inferred	0	 	Fuß
26120215_1965_05_18_01_034.tcf.xml-71-12	immermann_muenchhausen03_1839-527-21	inferred	0	 	Fuß
26120215_1965_05_18_01_034.tcf.xml-71-12	kleist_kaethchen_1810-143-2	inferred	0	 	Fuß
26120215_1965_05_18_01_034.tcf.xml-71-12	kuernberger_amerikamuede_1855-8717-43	inferred	0	 	Fuß
26120215_1965_05_18_01_034.tcf.xml-71-12	nettelbeck_lebensbeschreibung02_1821-1836-37	inferred	0	 	Fuß
26120215_1965_05_18_01_034.tcf.xml-71-12	poelitz_poetik_1825-5331-20	inferred	0	 	Fuß
26120215_1965_05_18_01_034.tcf.xml-71-12	steub_tirol_1846-5945-7	inferred	0	 	Fuß
26120215_1965_05_18_01_034.tcf.xml-71-12	urbanitzky_electricitaet_1885-15105-30	inferred	0	 	Fuß
26120215_1973_08_09_01_355.tcf.xml-84-20	26120215_1976_08_21_01_073.tcf.xml-68-9	inferred	0	 	Fuß
26120215_1973_08_09_01_355.tcf.xml-84-20	26120215_1982_12_09_01_088.tcf.xml-48-31	inferred	0	 	Fuß
26120215_1973_08_09_01_355.tcf.xml-84-20	beck_eisen02_1895-6868-25	inferred	0	 	Fuß
26120215_1973_08_09_01_355.tcf.xml-84-20	beck_eisen04_1899-5466-6	inferred	0	 	Fuß
26120215_1973_08_09_01_355.tcf.xml-84-20	berg_ostasien03_1873-3201-15	inferred	0	 	Fuß
26120215_1973_08_09_01_355.tcf.xml-84-20	bierbaum_stilpe_1897-2124-11	inferred	0	 	Fuß
26120215_1973_08_09_01_355.tcf.xml-84-20	blumenbach_naturgeschichte_1815-2075-6	inferred	0	 	Fuß
26120215_1973_08_09_01_355.tcf.xml-84-20	brehm_thierleben02_1865-13135-24	inferred	0	 	Fuß
26120215_1973_08_09_01_355.tcf.xml-84-20	brehm_thierleben06_1869-18710-26	inferred	0	 	Fuß
26120215_1973_08_09_01_355.tcf.xml-84-20	egger_vater_1895-4426-15	inferred	0	 	Fuß
26120215_1973_08_09_01_355.tcf.xml-84-20	eytelwein_faschinenwerke_1800-516-17	inferred	0	 	Fuß
26120215_1973_08_09_01_355.tcf.xml-84-20	gerstaecker_schiesswaffen_1848-33-38	inferred	0	 	Fuß
26120215_1973_08_09_01_355.tcf.xml-84-20	gerstner_mechanik03_1834-10703-3	inferred	0	 	Fuß
26120215_1973_08_09_01_355.tcf.xml-84-20	grimm_maerchen01_1843-1349-46	inferred	0	 	Fuß
26120215_1973_08_09_01_355.tcf.xml-84-20	humboldt_kosmos03_1850-5947-11	inferred	0	 	Fuß
26120215_1973_08_09_01_355.tcf.xml-84-20	humboldt_willdenow_1803-173-3	inferred	0	 	Fuß
26120215_1973_08_09_01_355.tcf.xml-84-20	immermann_muenchhausen03_1839-527-21	inferred	0	 	Fuß
26120215_1973_08_09_01_355.tcf.xml-84-20	kleist_kaethchen_1810-143-2	inferred	0	 	Fuß
26120215_1973_08_09_01_355.tcf.xml-84-20	kuernberger_amerikamuede_1855-8717-43	inferred	0	 	Fuß
26120215_1973_08_09_01_355.tcf.xml-84-20	nettelbeck_lebensbeschreibung02_1821-1836-37	inferred	0	 	Fuß
26120215_1973_08_09_01_355.tcf.xml-84-20	poelitz_poetik_1825-5331-20	inferred	0	 	Fuß
26120215_1973_08_09_01_355.tcf.xml-84-20	steub_tirol_1846-5945-7	inferred	0	 	Fuß
26120215_1973_08_09_01_355.tcf.xml-84-20	urbanitzky_electricitaet_1885-15105-30	inferred	0	 	Fuß
26120215_1976_08_21_01_073.tcf.xml-68-9	26120215_1982_12_09_01_088.tcf.xml-48-31	inferred	1	 	Fuß
26120215_1976_08_21_01_073.tcf.xml-68-9	beck_eisen02_1895-6868-25	inferred	0	 	Fuß
26120215_1976_08_21_01_073.tcf.xml-68-9	beck_eisen04_1899-5466-6	inferred	0	 	Fuß
26120215_1976_08_21_01_073.tcf.xml-68-9	berg_ostasien03_1873-3201-15	inferred	1	 	Fuß
26120215_1976_08_21_01_073.tcf.xml-68-9	bierbaum_stilpe_1897-2124-11	inferred	1	 	Fuß
26120215_1976_08_21_01_073.tcf.xml-68-9	blumenbach_naturgeschichte_1815-2075-6	inferred	1	 	Fuß
26120215_1976_08_21_01_073.tcf.xml-68-9	brehm_thierleben02_1865-13135-24	inferred	0	 	Fuß
26120215_1976_08_21_01_073.tcf.xml-68-9	brehm_thierleben06_1869-18710-26	inferred	0	 	Fuß
26120215_1976_08_21_01_073.tcf.xml-68-9	egger_vater_1895-4426-15	inferred	1	 	Fuß
26120215_1976_08_21_01_073.tcf.xml-68-9	eytelwein_faschinenwerke_1800-516-17	inferred	0	 	Fuß
26120215_1976_08_21_01_073.tcf.xml-68-9	gerstaecker_schiesswaffen_1848-33-38	inferred	0	 	Fuß
26120215_1976_08_21_01_073.tcf.xml-68-9	gerstner_mechanik03_1834-10703-3	inferred	0	 	Fuß
26120215_1976_08_21_01_073.tcf.xml-68-9	grimm_maerchen01_1843-1349-46	inferred	1	 	Fuß
26120215_1976_08_21_01_073.tcf.xml-68-9	humboldt_kosmos03_1850-5947-11	inferred	0	 	Fuß
26120215_1976_08_21_01_073.tcf.xml-68-9	humboldt_willdenow_1803-173-3	inferred	0	 	Fuß
26120215_1976_08_21_01_073.tcf.xml-68-9	immermann_muenchhausen03_1839-527-21	inferred	1	 	Fuß
26120215_1976_08_21_01_073.tcf.xml-68-9	kleist_kaethchen_1810-143-2	inferred	1	 	Fuß
26120215_1976_08_21_01_073.tcf.xml-68-9	kuernberger_amerikamuede_1855-8717-43	inferred	1	 	Fuß
26120215_1976_08_21_01_073.tcf.xml-68-9	nettelbeck_lebensbeschreibung02_1821-1836-37	inferred	0	 	Fuß
26120215_1976_08_21_01_073.tcf.xml-68-9	poelitz_poetik_1825-5331-20	inferred	1	 	Fuß
26120215_1976_08_21_01_073.tcf.xml-68-9	steub_tirol_1846-5945-7	inferred	0	 	Fuß
26120215_1976_08_21_01_073.tcf.xml-68-9	urbanitzky_electricitaet_1885-15105-30	inferred	0	 	Fuß
26120215_1982_12_09_01_088.tcf.xml-48-31	beck_eisen02_1895-6868-25	inferred	0	 	Fuß
26120215_1982_12_09_01_088.tcf.xml-48-31	beck_eisen04_1899-5466-6	inferred	0	 	Fuß
26120215_1982_12_09_01_088.tcf.xml-48-31	berg_ostasien03_1873-3201-15	inferred	1	 	Fuß
26120215_1982_12_09_01_088.tcf.xml-48-31	bierbaum_stilpe_1897-2124-11	inferred	1	 	Fuß
26120215_1982_12_09_01_088.tcf.xml-48-31	blumenbach_naturgeschichte_1815-2075-6	inferred	1	 	Fuß
26120215_1982_12_09_01_088.tcf.xml-48-31	brehm_thierleben02_1865-13135-24	inferred	0	 	Fuß
26120215_1982_12_09_01_088.tcf.xml-48-31	brehm_thierleben06_1869-18710-26	inferred	0	 	Fuß
26120215_1982_12_09_01_088.tcf.xml-48-31	egger_vater_1895-4426-15	inferred	1	 	Fuß
26120215_1982_12_09_01_088.tcf.xml-48-31	eytelwein_faschinenwerke_1800-516-17	inferred	0	 	Fuß
26120215_1982_12_09_01_088.tcf.xml-48-31	gerstaecker_schiesswaffen_1848-33-38	inferred	0	 	Fuß
26120215_1982_12_09_01_088.tcf.xml-48-31	gerstner_mechanik03_1834-10703-3	inferred	0	 	Fuß
26120215_1982_12_09_01_088.tcf.xml-48-31	grimm_maerchen01_1843-1349-46	inferred	1	 	Fuß
26120215_1982_12_09_01_088.tcf.xml-48-31	humboldt_kosmos03_1850-5947-11	inferred	0	 	Fuß
26120215_1982_12_09_01_088.tcf.xml-48-31	humboldt_willdenow_1803-173-3	inferred	0	 	Fuß
26120215_1982_12_09_01_088.tcf.xml-48-31	immermann_muenchhausen03_1839-527-21	inferred	1	 	Fuß
26120215_1982_12_09_01_088.tcf.xml-48-31	kleist_kaethchen_1810-143-2	inferred	1	 	Fuß
26120215_1982_12_09_01_088.tcf.xml-48-31	kuernberger_amerikamuede_1855-8717-43	inferred	1	 	Fuß
26120215_1982_12_09_01_088.tcf.xml-48-31	nettelbeck_lebensbeschreibung02_1821-1836-37	inferred	0	 	Fuß
26120215_1982_12_09_01_088.tcf.xml-48-31	poelitz_poetik_1825-5331-20	inferred	1	 	Fuß
26120215_1982_12_09_01_088.tcf.xml-48-31	steub_tirol_1846-5945-7	inferred	0	 	Fuß
26120215_1982_12_09_01_088.tcf.xml-48-31	urbanitzky_electricitaet_1885-15105-30	inferred	0	 	Fuß
beck_eisen02_1895-6868-25	beck_eisen04_1899-5466-6	inferred	1	 	Fuß
beck_eisen02_1895-6868-25	berg_ostasien03_1873-3201-15	inferred	0	 	Fuß
beck_eisen02_1895-6868-25	bierbaum_stilpe_1897-2124-11	inferred	0	 	Fuß
beck_eisen02_1895-6868-25	blumenbach_naturgeschichte_1815-2075-6	inferred	0	 	Fuß
beck_eisen02_1895-6868-25	brehm_thierleben02_1865-13135-24	inferred	1	 	Fuß
beck_eisen02_1895-6868-25	brehm_thierleben06_1869-18710-26	inferred	1	 	Fuß
beck_eisen02_1895-6868-25	egger_vater_1895-4426-15	inferred	0	 	Fuß
beck_eisen02_1895-6868-25	eytelwein_faschinenwerke_1800-516-17	inferred	1	 	Fuß
beck_eisen02_1895-6868-25	gerstaecker_schiesswaffen_1848-33-38	inferred	1	 	Fuß
beck_eisen02_1895-6868-25	gerstner_mechanik03_1834-10703-3	inferred	1	 	Fuß
beck_eisen02_1895-6868-25	grimm_maerchen01_1843-1349-46	inferred	0	 	Fuß
beck_eisen02_1895-6868-25	humboldt_kosmos03_1850-5947-11	inferred	1	 	Fuß
beck_eisen02_1895-6868-25	humboldt_willdenow_1803-173-3	inferred	1	 	Fuß
beck_eisen02_1895-6868-25	immermann_muenchhausen03_1839-527-21	inferred	0	 	Fuß
beck_eisen02_1895-6868-25	kleist_kaethchen_1810-143-2	inferred	0	 	Fuß
beck_eisen02_1895-6868-25	kuernberger_amerikamuede_1855-8717-43	inferred	0	 	Fuß
beck_eisen02_1895-6868-25	nettelbeck_lebensbeschreibung02_1821-1836-37	inferred	1	 	Fuß
beck_eisen02_1895-6868-25	poelitz_poetik_1825-5331-20	inferred	0	 	Fuß
beck_eisen02_1895-6868-25	steub_tirol_1846-5945-7	inferred	1	 	Fuß
beck_eisen02_1895-6868-25	urbanitzky_electricitaet_1885-15105-30	inferred	1	 	Fuß
beck_eisen04_1899-5466-6	berg_ostasien03_1873-3201-15	inferred	0	 	Fuß
beck_eisen04_1899-5466-6	bierbaum_stilpe_1897-2124-11	inferred	0	 	Fuß
beck_eisen04_1899-5466-6	blumenbach_naturgeschichte_1815-2075-6	inferred	0	 	Fuß
beck_eisen04_1899-5466-6	brehm_thierleben02_1865-13135-24	inferred	1	 	Fuß
beck_eisen04_1899-5466-6	brehm_thierleben06_1869-18710-26	inferred	1	 	Fuß
beck_eisen04_1899-5466-6	egger_vater_1895-4426-15	inferred	0	 	Fuß
beck_eisen04_1899-5466-6	eytelwein_faschinenwerke_1800-516-17	inferred	1	 	Fuß
beck_eisen04_1899-5466-6	gerstaecker_schiesswaffen_1848-33-38	inferred	1	 	Fuß
beck_eisen04_1899-5466-6	gerstner_mechanik03_1834-10703-3	inferred	1	 	Fuß
beck_eisen04_1899-5466-6	grimm_maerchen01_1843-1349-46	inferred	0	 	Fuß
beck_eisen04_1899-5466-6	humboldt_kosmos03_1850-5947-11	inferred	1	 	Fuß
beck_eisen04_1899-5466-6	humboldt_willdenow_1803-173-3	inferred	1	 	Fuß
beck_eisen04_1899-5466-6	immermann_muenchhausen03_1839-527-21	inferred	0	 	Fuß
beck_eisen04_1899-5466-6	kleist_kaethchen_1810-143-2	inferred	0	 	Fuß
beck_eisen04_1899-5466-6	kuernberger_amerikamuede_1855-8717-43	inferred	0	 	Fuß
beck_eisen04_1899-5466-6	nettelbeck_lebensbeschreibung02_1821-1836-37	inferred	1	 	Fuß
beck_eisen04_1899-5466-6	poelitz_poetik_1825-5331-20	inferred	0	 	Fuß
beck_eisen04_1899-5466-6	steub_tirol_1846-5945-7	inferred	1	 	Fuß
beck_eisen04_1899-5466-6	urbanitzky_electricitaet_1885-15105-30	inferred	1	 	Fuß
berg_ostasien03_1873-3201-15	bierbaum_stilpe_1897-2124-11	inferred	1	 	Fuß
berg_ostasien03_1873-3201-15	blumenbach_naturgeschichte_1815-2075-6	inferred	1	 	Fuß
berg_ostasien03_1873-3201-15	brehm_thierleben02_1865-13135-24	inferred	0	 	Fuß
berg_ostasien03_1873-3201-15	brehm_thierleben06_1869-18710-26	inferred	0	 	Fuß
berg_ostasien03_1873-3201-15	egger_vater_1895-4426-15	inferred	1	 	Fuß
berg_ostasien03_1873-3201-15	eytelwein_faschinenwerke_1800-516-17	inferred	0	 	Fuß
berg_ostasien03_1873-3201-15	gerstaecker_schiesswaffen_1848-33-38	inferred	0	 	Fuß
berg_ostasien03_1873-3201-15	gerstner_mechanik03_1834-10703-3	inferred	0	 	Fuß
berg_ostasien03_1873-3201-15	grimm_maerchen01_1843-1349-46	inferred	1	 	Fuß
berg_ostasien03_1873-3201-15	humboldt_kosmos03_1850-5947-11	inferred	0	 	Fuß
berg_ostasien03_1873-3201-15	humboldt_willdenow_1803-173-3	inferred	0	 	Fuß
berg_ostasien03_1873-3201-15	immermann_muenchhausen03_1839-527-21	inferred	1	 	Fuß
berg_ostasien03_1873-3201-15	kleist_kaethchen_1810-143-2	inferred	1	 	Fuß
berg_ostasien03_1873-3201-15	kuernberger_amerikamuede_1855-8717-43	inferred	1	 	Fuß
berg_ostasien03_1873-3201-15	nettelbeck_lebensbeschreibung02_1821-1836-37	inferred	0	 	Fuß
berg_ostasien03_1873-3201-15	poelitz_poetik_1825-5331-20	inferred	1	 	Fuß
berg_ostasien03_1873-3201-15	steub_tirol_1846-5945-7	inferred	0	 	Fuß
berg_ostasien03_1873-3201-15	urbanitzky_electricitaet_1885-15105-30	inferred	0	 	Fuß
bierbaum_stilpe_1897-2124-11	blumenbach_naturgeschichte_1815-2075-6	inferred	1	 	Fuß
bierbaum_stilpe_1897-2124-11	brehm_thierleben02_1865-13135-24	inferred	0	 	Fuß
bierbaum_stilpe_1897-2124-11	brehm_thierleben06_1869-18710-26	inferred	0	 	Fuß
bierbaum_stilpe_1897-2124-11	egger_vater_1895-4426-15	inferred	1	 	Fuß
bierbaum_stilpe_1897-2124-11	eytelwein_faschinenwerke_1800-516-17	inferred	0	 	Fuß
bierbaum_stilpe_1897-2124-11	gerstaecker_schiesswaffen_1848-33-38	inferred	0	 	Fuß
bierbaum_stilpe_1897-2124-11	gerstner_mechanik03_1834-10703-3	inferred	0	 	Fuß
bierbaum_stilpe_1897-2124-11	grimm_maerchen01_1843-1349-46	inferred	1	 	Fuß
bierbaum_stilpe_1897-2124-11	humboldt_kosmos03_1850-5947-11	inferred	0	 	Fuß
bierbaum_stilpe_1897-2124-11	humboldt_willdenow_1803-173-3	inferred	0	 	Fuß
bierbaum_stilpe_1897-2124-11	immermann_muenchhausen03_1839-527-21	inferred	1	 	Fuß
bierbaum_stilpe_1897-2124-11	kleist_kaethchen_1810-143-2	inferred	1	 	Fuß
bierbaum_stilpe_1897-2124-11	kuernberger_amerikamuede_1855-8717-43	inferred	1	 	Fuß
bierbaum_stilpe_1897-2124-11	nettelbeck_lebensbeschreibung02_1821-1836-37	inferred	0	 	Fuß
bierbaum_stilpe_1897-2124-11	poelitz_poetik_1825-5331-20	inferred	1	 	Fuß
bierbaum_stilpe_1897-2124-11	steub_tirol_1846-5945-7	inferred	0	 	Fuß
bierbaum_stilpe_1897-2124-11	urbanitzky_electricitaet_1885-15105-30	inferred	0	 	Fuß
blumenbach_naturgeschichte_1815-2075-6	brehm_thierleben02_1865-13135-24	inferred	0	 	Fuß
blumenbach_naturgeschichte_1815-2075-6	brehm_thierleben06_1869-18710-26	inferred	0	 	Fuß
blumenbach_naturgeschichte_1815-2075-6	egger_vater_1895-4426-15	inferred	1	 	Fuß
blumenbach_naturgeschichte_1815-2075-6	eytelwein_faschinenwerke_1800-516-17	inferred	0	 	Fuß
blumenbach_naturgeschichte_1815-2075-6	gerstaecker_schiesswaffen_1848-33-38	inferred	0	 	Fuß
blumenbach_naturgeschichte_1815-2075-6	gerstner_mechanik03_1834-10703-3	inferred	0	 	Fuß
blumenbach_naturgeschichte_1815-2075-6	grimm_maerchen01_1843-1349-46	inferred	1	 	Fuß
blumenbach_naturgeschichte_1815-2075-6	humboldt_kosmos03_1850-5947-11	inferred	0	 	Fuß
blumenbach_naturgeschichte_1815-2075-6	humboldt_willdenow_1803-173-3	inferred	0	 	Fuß
blumenbach_naturgeschichte_1815-2075-6	immermann_muenchhausen03_1839-527-21	inferred	1	 	Fuß
blumenbach_naturgeschichte_1815-2075-6	kleist_kaethchen_1810-143-2	inferred	1	 	Fuß
blumenbach_naturgeschichte_1815-2075-6	kuernberger_amerikamuede_1855-8717-43	inferred	1	 	Fuß
blumenbach_naturgeschichte_1815-2075-6	nettelbeck_lebensbeschreibung02_1821-1836-37	inferred	0	 	Fuß
blumenbach_naturgeschichte_1815-2075-6	poelitz_poetik_1825-5331-20	inferred	1	 	Fuß
blumenbach_naturgeschichte_1815-2075-6	steub_tirol_1846-5945-7	inferred	0	 	Fuß
blumenbach_naturgeschichte_1815-2075-6	urbanitzky_electricitaet_1885-15105-30	inferred	0	 	Fuß
brehm_thierleben02_1865-13135-24	brehm_thierleben06_1869-18710-26	inferred	1	 	Fuß
brehm_thierleben02_1865-13135-24	egger_vater_1895-4426-15	inferred	0	 	Fuß
brehm_thierleben02_1865-13135-24	eytelwein_faschinenwerke_1800-516-17	inferred	1	 	Fuß
brehm_thierleben02_1865-13135-24	gerstaecker_schiesswaffen_1848-33-38	inferred	1	 	Fuß
brehm_thierleben02_1865-13135-24	gerstner_mechanik03_1834-10703-3	inferred	1	 	Fuß
brehm_thierleben02_1865-13135-24	grimm_maerchen01_1843-1349-46	inferred	0	 	Fuß
brehm_thierleben02_1865-13135-24	humboldt_kosmos03_1850-5947-11	inferred	1	 	Fuß
brehm_thierleben02_1865-13135-24	humboldt_willdenow_1803-173-3	inferred	1	 	Fuß
brehm_thierleben02_1865-13135-24	immermann_muenchhausen03_1839-527-21	inferred	0	 	Fuß
brehm_thierleben02_1865-13135-24	kleist_kaethchen_1810-143-2	inferred	0	 	Fuß
brehm_thierleben02_1865-13135-24	kuernberger_amerikamuede_1855-8717-43	inferred	0	 	Fuß
brehm_thierleben02_1865-13135-24	nettelbeck_lebensbeschreibung02_1821-1836-37	inferred	1	 	Fuß
brehm_thierleben02_1865-13135-24	poelitz_poetik_1825-5331-20	inferred	0	 	Fuß
brehm_thierleben02_1865-13135-24	steub_tirol_1846-5945-7	inferred	1	 	Fuß
brehm_thierleben02_1865-13135-24	urbanitzky_electricitaet_1885-15105-30	inferred	1	 	Fuß
brehm_thierleben06_1869-18710-26	egger_vater_1895-4426-15	inferred	0	 	Fuß
brehm_thierleben06_1869-18710-26	eytelwein_faschinenwerke_1800-516-17	inferred	1	 	Fuß
brehm_thierleben06_1869-18710-26	gerstaecker_schiesswaffen_1848-33-38	inferred	1	 	Fuß
brehm_thierleben06_1869-18710-26	gerstner_mechanik03_1834-10703-3	inferred	1	 	Fuß
brehm_thierleben06_1869-18710-26	grimm_maerchen01_1843-1349-46	inferred	0	 	Fuß
brehm_thierleben06_1869-18710-26	humboldt_kosmos03_1850-5947-11	inferred	1	 	Fuß
brehm_thierleben06_1869-18710-26	humboldt_willdenow_1803-173-3	inferred	1	 	Fuß
brehm_thierleben06_1869-18710-26	immermann_muenchhausen03_1839-527-21	inferred	0	 	Fuß
brehm_thierleben06_1869-18710-26	kleist_kaethchen_1810-143-2	inferred	0	 	Fuß
brehm_thierleben06_1869-18710-26	kuernberger_amerikamuede_1855-8717-43	inferred	0	 	Fuß
brehm_thierleben06_1869-18710-26	nettelbeck_lebensbeschreibung02_1821-1836-37	inferred	1	 	Fuß
brehm_thierleben06_1869-18710-26	poelitz_poetik_1825-5331-20	inferred	0	 	Fuß
brehm_thierleben06_1869-18710-26	steub_tirol_1846-5945-7	inferred	1	 	Fuß
brehm_thierleben06_1869-18710-26	urbanitzky_electricitaet_1885-15105-30	inferred	1	 	Fuß
egger_vater_1895-4426-15	eytelwein_faschinenwerke_1800-516-17	inferred	0	 	Fuß
egger_vater_1895-4426-15	gerstaecker_schiesswaffen_1848-33-38	inferred	0	 	Fuß
egger_vater_1895-4426-15	gerstner_mechanik03_1834-10703-3	inferred	0	 	Fuß
egger_vater_1895-4426-15	grimm_maerchen01_1843-1349-46	inferred	1	 	Fuß
egger_vater_1895-4426-15	humboldt_kosmos03_1850-5947-11	inferred	0	 	Fuß
egger_vater_1895-4426-15	humboldt_willdenow_1803-173-3	inferred	0	 	Fuß
egger_vater_1895-4426-15	immermann_muenchhausen03_1839-527-21	inferred	1	 	Fuß
egger_vater_1895-4426-15	kleist_kaethchen_1810-143-2	inferred	1	 	Fuß
egger_vater_1895-4426-15	kuernberger_amerikamuede_1855-8717-43	inferred	1	 	Fuß
egger_vater_1895-4426-15	nettelbeck_lebensbeschreibung02_1821-1836-37	inferred	0	 	Fuß
egger_vater_1895-4426-15	poelitz_poetik_1825-5331-20	inferred	1	 	Fuß
egger_vater_1895-4426-15	steub_tirol_1846-5945-7	inferred	0	 	Fuß
egger_vater_1895-4426-15	urbanitzky_electricitaet_1885-15105-30	inferred	0	 	Fuß
eytelwein_faschinenwerke_1800-516-17	gerstaecker_schiesswaffen_1848-33-38	inferred	1	 	Fuß
eytelwein_faschinenwerke_1800-516-17	gerstner_mechanik03_1834-10703-3	inferred	1	 	Fuß
eytelwein_faschinenwerke_1800-516-17	grimm_maerchen01_1843-1349-46	inferred	0	 	Fuß
eytelwein_faschinenwerke_1800-516-17	humboldt_kosmos03_1850-5947-11	inferred	1	 	Fuß
eytelwein_faschinenwerke_1800-516-17	humboldt_willdenow_1803-173-3	inferred	1	 	Fuß
eytelwein_faschinenwerke_1800-516-17	immermann_muenchhausen03_1839-527-21	inferred	0	 	Fuß
eytelwein_faschinenwerke_1800-516-17	kleist_kaethchen_1810-143-2	inferred	0	 	Fuß
eytelwein_faschinenwerke_1800-516-17	kuernberger_amerikamuede_1855-8717-43	inferred	0	 	Fuß
eytelwein_faschinenwerke_1800-516-17	nettelbeck_lebensbeschreibung02_1821-1836-37	inferred	1	 	Fuß
eytelwein_faschinenwerke_1800-516-17	poelitz_poetik_1825-5331-20	inferred	0	 	Fuß
eytelwein_faschinenwerke_1800-516-17	steub_tirol_1846-5945-7	inferred	1	 	Fuß
eytelwein_faschinenwerke_1800-516-17	urbanitzky_electricitaet_1885-15105-30	inferred	1	 	Fuß
gerstaecker_schiesswaffen_1848-33-38	gerstner_mechanik03_1834-10703-3	inferred	1	 	Fuß
gerstaecker_schiesswaffen_1848-33-38	grimm_maerchen01_1843-1349-46	inferred	0	 	Fuß
gerstaecker_schiesswaffen_1848-33-38	humboldt_kosmos03_1850-5947-11	inferred	1	 	Fuß
gerstaecker_schiesswaffen_1848-33-38	humboldt_willdenow_1803-173-3	inferred	1	 	Fuß
gerstaecker_schiesswaffen_1848-33-38	immermann_muenchhausen03_1839-527-21	inferred	0	 	Fuß
gerstaecker_schiesswaffen_1848-33-38	kleist_kaethchen_1810-143-2	inferred	0	 	Fuß
gerstaecker_schiesswaffen_1848-33-38	kuernberger_amerikamuede_1855-8717-43	inferred	0	 	Fuß
gerstaecker_schiesswaffen_1848-33-38	nettelbeck_lebensbeschreibung02_1821-1836-37	inferred	1	 	Fuß
gerstaecker_schiesswaffen_1848-33-38	poelitz_poetik_1825-5331-20	inferred	0	 	Fuß
gerstaecker_schiesswaffen_1848-33-38	steub_tirol_1846-5945-7	inferred	1	 	Fuß
gerstaecker_schiesswaffen_1848-33-38	urbanitzky_electricitaet_1885-15105-30	inferred	1	 	Fuß
gerstner_mechanik03_1834-10703-3	grimm_maerchen01_1843-1349-46	inferred	0	 	Fuß
gerstner_mechanik03_1834-10703-3	humboldt_kosmos03_1850-5947-11	inferred	1	 	Fuß
gerstner_mechanik03_1834-10703-3	humboldt_willdenow_1803-173-3	inferred	1	 	Fuß
gerstner_mechanik03_1834-10703-3	immermann_muenchhausen03_1839-527-21	inferred	0	 	Fuß
gerstner_mechanik03_1834-10703-3	kleist_kaethchen_1810-143-2	inferred	0	 	Fuß
gerstner_mechanik03_1834-10703-3	kuernberger_amerikamuede_1855-8717-43	inferred	0	 	Fuß
gerstner_mechanik03_1834-10703-3	nettelbeck_lebensbeschreibung02_1821-1836-37	inferred	1	 	Fuß
gerstner_mechanik03_1834-10703-3	poelitz_poetik_1825-5331-20	inferred	0	 	Fuß
gerstner_mechanik03_1834-10703-3	steub_tirol_1846-5945-7	inferred	1	 	Fuß
gerstner_mechanik03_1834-10703-3	urbanitzky_electricitaet_1885-15105-30	inferred	1	 	Fuß
grimm_maerchen01_1843-1349-46	humboldt_kosmos03_1850-5947-11	inferred	0	 	Fuß
grimm_maerchen01_1843-1349-46	humboldt_willdenow_1803-173-3	inferred	0	 	Fuß
grimm_maerchen01_1843-1349-46	immermann_muenchhausen03_1839-527-21	inferred	1	 	Fuß
grimm_maerchen01_1843-1349-46	kleist_kaethchen_1810-143-2	inferred	1	 	Fuß
grimm_maerchen01_1843-1349-46	kuernberger_amerikamuede_1855-8717-43	inferred	1	 	Fuß
grimm_maerchen01_1843-1349-46	nettelbeck_lebensbeschreibung02_1821-1836-37	inferred	0	 	Fuß
grimm_maerchen01_1843-1349-46	poelitz_poetik_1825-5331-20	inferred	1	 	Fuß
grimm_maerchen01_1843-1349-46	steub_tirol_1846-5945-7	inferred	0	 	Fuß
grimm_maerchen01_1843-1349-46	urbanitzky_electricitaet_1885-15105-30	inferred	0	 	Fuß
humboldt_kosmos03_1850-5947-11	humboldt_willdenow_1803-173-3	inferred	1	 	Fuß
humboldt_kosmos03_1850-5947-11	immermann_muenchhausen03_1839-527-21	inferred	0	 	Fuß
humboldt_kosmos03_1850-5947-11	kleist_kaethchen_1810-143-2	inferred	0	 	Fuß
humboldt_kosmos03_1850-5947-11	kuernberger_amerikamuede_1855-8717-43	inferred	0	 	Fuß
humboldt_kosmos03_1850-5947-11	nettelbeck_lebensbeschreibung02_1821-1836-37	inferred	1	 	Fuß
humboldt_kosmos03_1850-5947-11	poelitz_poetik_1825-5331-20	inferred	0	 	Fuß
humboldt_kosmos03_1850-5947-11	steub_tirol_1846-5945-7	inferred	1	 	Fuß
humboldt_kosmos03_1850-5947-11	urbanitzky_electricitaet_1885-15105-30	inferred	1	 	Fuß
humboldt_willdenow_1803-173-3	immermann_muenchhausen03_1839-527-21	inferred	0	 	Fuß
humboldt_willdenow_1803-173-3	kleist_kaethchen_1810-143-2	inferred	0	 	Fuß
humboldt_willdenow_1803-173-3	kuernberger_amerikamuede_1855-8717-43	inferred	0	 	Fuß
humboldt_willdenow_1803-173-3	nettelbeck_lebensbeschreibung02_1821-1836-37	inferred	1	 	Fuß
humboldt_willdenow_1803-173-3	poelitz_poetik_1825-5331-20	inferred	0	 	Fuß
humboldt_willdenow_1803-173-3	steub_tirol_1846-5945-7	inferred	1	 	Fuß
humboldt_willdenow_1803-173-3	urbanitzky_electricitaet_1885-15105-30	inferred	1	 	Fuß
immermann_muenchhausen03_1839-527-21	kleist_kaethchen_1810-143-2	inferred	1	 	Fuß
immermann_muenchhausen03_1839-527-21	kuernberger_amerikamuede_1855-8717-43	inferred	1	 	Fuß
immermann_muenchhausen03_1839-527-21	nettelbeck_lebensbeschreibung02_1821-1836-37	inferred	0	 	Fuß
immermann_muenchhausen03_1839-527-21	poelitz_poetik_1825-5331-20	inferred	1	 	Fuß
immermann_muenchhausen03_1839-527-21	steub_tirol_1846-5945-7	inferred	0	 	Fuß
immermann_muenchhausen03_1839-527-21	urbanitzky_electricitaet_1885-15105-30	inferred	0	 	Fuß
kleist_kaethchen_1810-143-2	kuernberger_amerikamuede_1855-8717-43	inferred	1	 	Fuß
kleist_kaethchen_1810-143-2	nettelbeck_lebensbeschreibung02_1821-1836-37	inferred	0	 	Fuß
kleist_kaethchen_1810-143-2	poelitz_poetik_1825-5331-20	inferred	1	 	Fuß
kleist_kaethchen_1810-143-2	steub_tirol_1846-5945-7	inferred	0	 	Fuß
kleist_kaethchen_1810-143-2	urbanitzky_electricitaet_1885-15105-30	inferred	0	 	Fuß
kuernberger_amerikamuede_1855-8717-43	nettelbeck_lebensbeschreibung02_1821-1836-37	inferred	0	 	Fuß
kuernberger_amerikamuede_1855-8717-43	poelitz_poetik_1825-5331-20	inferred	1	 	Fuß
kuernberger_amerikamuede_1855-8717-43	steub_tirol_1846-5945-7	inferred	0	 	Fuß
kuernberger_amerikamuede_1855-8717-43	urbanitzky_electricitaet_1885-15105-30	inferred	0	 	Fuß
nettelbeck_lebensbeschreibung02_1821-1836-37	poelitz_poetik_1825-5331-20	inferred	0	 	Fuß
nettelbeck_lebensbeschreibung02_1821-1836-37	steub_tirol_1846-5945-7	inferred	1	 	Fuß
nettelbeck_lebensbeschreibung02_1821-1836-37	urbanitzky_electricitaet_1885-15105-30	inferred	1	 	Fuß
poelitz_poetik_1825-5331-20	steub_tirol_1846-5945-7	inferred	0	 	Fuß
poelitz_poetik_1825-5331-20	urbanitzky_electricitaet_1885-15105-30	inferred	0	 	Fuß
steub_tirol_1846-5945-7	urbanitzky_electricitaet_1885-15105-30	inferred	1	 	Fuß
