lemma	pos	date	grouping	identifier	description	context	indexes_target_token	indexes_target_sentence	context_tokenized	indexes_target_token_tokenized	indexes_target_sentence_tokenized	context_lemmatized	context_pos	context_normalized
Spielball	NN	1949	2	2532889X_1949-01-28_01_037.tcf.xml-221-14	 	Die durch die Sowjetarmee befreiten Völker hörten auf, fremdländischen, reaktionären Kräften als Spielball zu dienen.	97:106	0:117	Die durch die Sowjetarmee befreiten Völker hörten auf , fremdländischen , reaktionären Kräften als Spielball zu dienen .	14	0:18	d durch d Sowjetarmee befreit Volk hören auf , fremdländisch , reaktionär Kraft als Spielball zu dienen .	ART APPR ART NN ADJA NN VVFIN PTKVZ $, ADJA $, ADJA NN KOUS NN PTKZU VVINF $.	
Spielball	NN	1949	2	2532889X_1949-07-10_01_038.tcf.xml-2-8	 	Der „Parlamentarische. Rat" sei ein Spielball internationaler Interessen gewesen, da er den Weisungen der Westmächte gefolgt sei, einen westdeutschen Sepa-• ratstaat zu errichten.	36:45	0:179	Der „ Parlamentarische . Rat " sei ein Spielball internationaler Interessen gewesen , da er den Weisungen der Westmächte gefolgt sei , einen westdeutschen Sepa- • ratstaat zu errichten .	8	0:30	d „ parlamentarisch . Rat " sein eine Spielball international Interesse sein , da er d Weisung d Westmächte folgen sein , eine westdeutsch sepa- • Ratstaat zu errichten .	ART $( ADJA $. NN $( VAFIN ART NN ADJA NN VAPP $, KOUS PPER ART NN ART NN VVPP VAFIN $, ART ADJA TRUNC $( NN PTKZU VVINF $.	
Spielball	NN	1953	2	2532889X_1953-12-05_01_046.tcf.xml-26-20	 	Die Mitarbeiter des Parteikabinetts lesen Lektionen in den verschiedenen Betriebsabteilungen mit Themen wie „Deutschland — ein souveräner Staat oder Spielball der Imperialisten?" u. a.	149:158	0:184	Die Mitarbeiter des Parteikabinetts lesen Lektionen in den verschiedenen Betriebsabteilungen mit Themen wie „ Deutschland — ein souveräner Staat oder Spielball der Imperialisten ? " u. a .	20	0:28	d Mitarbeiter d Parteikabinett lesen Lektion in d verschieden Betriebsabteilung mit Thema wie „ Deutschland — eine souverän Staat oder Spielball d Imperialist ? " u. A .	ART NN ART NN VVFIN NN APPR ART ADJA NN APPR NN KOKOM $( NE $( ART ADJA NN KON NN ART NN $. $( APPR NE $.	
Spielball	NN	1955	2	2532889X_1955-06-26_01_130.tcf.xml-2-20	 	Der Betrieb, der voi allem chirurgische Artikel herstellt, produziert tür das In-und Ausland auch noch Schwimmtiere, Spielbälle aller Größen.	117:127	0:141	Der Betrieb , der voi allem chirurgische Artikel herstellt , produziert tür das In- und Ausland auch noch Schwimmtiere , Spielbälle aller Größen .	20	0:24	d Betrieb , d Voi alle chirurgisch Artikel herstellen , produzieren Tür d in- und Ausland auch noch Schwimmtier , Spielball alle Größe .	ART NN $, ART NN PIS ADJA NN VVFIN $, VVFIN NE ART TRUNC KON NN ADV ADV NN $, NN PIAT NN $.	
Spielball	NN	1957	2	2532889X_1957-06-07_01_032.tcf.xml-34-22	 	Genosse Kiefert wies darauf hin, etaß sich zum Beispiel in der-Frage Krieg und Frieden noch immer manche Bürger als „Spielball übergeordneter Kräfte" fühlen.	117:126	0:157	Genosse Kiefert wies darauf hin , etaß sich zum Beispiel in der- Frage Krieg und Frieden noch immer manche Bürger als „ Spielball übergeordneter Kräfte " fühlen .	22	0:28	Genosse Kiefert weisen darauf hin , etaß sich zum Beispiel in der- Frage Krieg und Frieden noch immer manche Bürger als „ Spielball übergeordnet Kraft " fühlen .	NN NE VVFIN PAV PTKVZ $, VVFIN PRF APPRART NN APPR TRUNC NN NN KON NN ADV ADV PIAT NN KOUS $( NN ADJA NN $( VVINF $.	
Spielball	NN	1957	2	2532889X_1957-06-27_01_115.tcf.xml-23-7	 	Während Bourges-Maunoury von der Rechten als ein Spielball benutzt wird, der jederzeit weggeworfen werden kann, lehnt das Volk den Algerien-Mörder überhaupt ab.	49:58	0:160	Während Bourges-Maunoury von der Rechten als ein Spielball benutzt wird , der jederzeit weggeworfen werden kann , lehnt das Volk den Algerien-Mörder überhaupt ab .	7	0:25	während Bourges-Maunoury von d Rechte als eine Spielball benutzen werden , die jederzeit wegwerfen werden können , lehnen d Volk d Algerien-Mörder überhaupt ab .	KOUS NE APPR ART NN KOKOM ART NN VVPP VAFIN $, PRELS ADV VVPP VAINF VMFIN $, VVFIN ART NN ART NN ADV PTKVZ $.	
Spielball	NN	1957	2	2532889X_1957-09-26_01_068.tcf.xml-39-11	 	Dadurch wird es möglich sein, daß der Balkan, einst Spielball imperialistischer Interessen und Pulverfaß Europas, zu einem Hort des Friedens und der Völkerfreundschaft wird.	52:61	0:173	Dadurch wird es möglich sein , daß der Balkan , einst Spielball imperialistischer Interessen und Pulverfaß Europas , zu einem Hort des Friedens und der Völkerfreundschaft wird .	11	0:28	dadurch werden es möglich sein , daß d Balkan , einst Spielball imperialistisch Interesse und Pulverfaß Europa , zu eine Hort d Frieden und d Volkerfreundschaft werden .	PAV VAFIN PPER ADJD VAINF $, KOUS ART NE $, ADV NN ADJA NN KON NN NE $, APPR ART NN ART NN KON ART NN VAFIN $.	
Spielball	NN	1968	2	2532889X_1968-03-23_01_340.tcf.xml-35-10	 	So sind unsere Wissenschaftler und alle Lernenden keine ohnmächtigen. Spielbälle der Wissensexplosion, sondern entwickeln sich immer mehr zu leistungsfähigen Beherrschern der modernen Wissenschaft, einer der Hauptproduktivkräfte in unserer Zeit.	70:80	0:245	So sind unsere Wissenschaftler und alle Lernenden keine ohnmächtigen . Spielbälle der Wissensexplosion , sondern entwickeln sich immer mehr zu leistungsfähigen Beherrschern der modernen Wissenschaft , einer der Hauptproduktivkräfte in unserer Zeit .	10	0:33	so sein unsere Wissenschaftler und alle Lernende keine ohnmächtig . Spielball d Wissensexplosion , sondern entwickeln sich immer mehr zu leistungsfähig Beherrscher d modern Wissenschaft , eine d Hauptproduktivkraft in unsere Zeit .	ADV VAFIN PPOSAT NN KON PIAT NN PIAT ADJA $. NN ART NN $, KON VVFIN PRF ADV ADV APPR ADJA NN ART ADJA NN $, ART ART NN APPR PPOSAT NN $.	
Spielball	NN	1978	2	2532889X_1978-03-02_01_073.tcf.xml-9-6	 	Das Volk Zyperns will aber nicht Spielball aggressiver imperialistischer Kräfte sein.	33:42	0:85	Das Volk Zyperns will aber nicht Spielball aggressiver imperialistischer Kräfte sein .	6	0:12	d Volk Zypern wollen aber nicht Spielball aggressiv imperialistisch Kraft sein .	ART NN NE VMFIN ADV PTKNEG NN ADJD ADJA NN VAINF $.	
Spielball	NN	1984	2	2532889X_1984-03-28_01_070.tcf.xml-23-20	 	Er sonnt sich in der Rolle des Drahtziehers, der er zu sein vermeint, und ist doch nur ein Spielball, wenn auch ein zeitweilig unentbehrlicher.	91:100	0:143	Er sonnt sich in der Rolle des Drahtziehers , der er zu sein vermeint , und ist doch nur ein Spielball , wenn auch ein zeitweilig unentbehrlicher .	20	0:28	er sonnen sich in d Rolle d Drahtzieher , die er zu sein vermeinen , und sein doch nur eine Spielball , wenn auch eine zeitweilig unentbehrlich .	PPER VVFIN PRF APPR ART NN ART NN $, PRELS PPER PTKZU VAINF VVFIN $, KON VAFIN ADV ADV ART NN $, KOUS ADV ART ADJD ADJA $.	
Spielball	NN	1989	2	2532889X_1989-12-04_01_155.tcf.xml-7-14	 	Bernd Stange, Jenas Trainer: Brandenburg hat uns in der zweiten Halbzeit zum Spielball gemacht Friti Bohla, Trainer von Energie:	77:86	0:128	Bernd Stange , Jenas Trainer : Brandenburg hat uns in der zweiten Halbzeit zum Spielball gemacht Friti Bohla , Trainer von Energie :	14	0:23	Bernd Stange , Jenas Trainer : Brandenburg haben wir in d zweit Halbzeit zum Spielball machen Friti Bohla , Trainer von Energie :	NE NN $, NE NN $. NE VAFIN PPER APPR ART ADJA NN APPRART NN VVPP NE NE $, NN APPR NN $.	
Spielball	NN	1990	2	2532889X_1990-01-10_01_046.tcf.xml-43-10	 	Die aber dürfen mit unserem Weg nie und nimmer zum Spielball der. reinen Ökonomie ' werden.	51:60	0:91	Die aber dürfen mit unserem Weg nie und nimmer zum Spielball der . reinen Ökonomie ' werden .	10	0:18	d aber dürfen mit unsere Weg nie und nimmer zum Spielball d . rein Ökonomie ' werden .	ART ADV VMFIN APPR PPOSAT NN ADV KON ADV APPRART NN ART $. ADJA NN $( VAINF $.	
Spielball	NN	1949	2	26120215_1949_01_05_01_207.tcf.xml-6-24	 	Diesen Normalverbraucher, der zu Unrecht mit dem Normalberliner gleichgesetzt werden soll, möchte man den Mann ohne Eigenschaften nennen, weiches Wachs und Spielball der feindlichen Umwelt, gegen die er sich mangels Energie nicht zur Wehr setzt.	156:165	0:245	Diesen Normalverbraucher , der zu Unrecht mit dem Normalberliner gleichgesetzt werden soll , möchte man den Mann ohne Eigenschaften nennen , weiches Wachs und Spielball der feindlichen Umwelt , gegen die er sich mangels Energie nicht zur Wehr setzt .	24	0:40	diese Normalverbraucher , die zu Unrecht mit d Normalberliner gleichsetzen werden sollen , mögen man d Mann ohne Eigenschaft nennen , weich Wachs und Spielball d feindlich Umwelt , gegen die er sich mangels Energie nicht zur Wehr setzen .	PDAT NN $, PRELS APPR NN APPR ART NN VVPP VAINF VMFIN $, VMFIN PIS ART NN APPR NN VVINF $, ADJA NN KON NN ART ADJA NN $, APPR PRELS PPER PRF APPR NN PTKNEG APPRART NN VVFIN $.	
Spielball	NN	1949	2	26120215_1949_06_23_01_226.tcf.xml-26-30	 	Sie warten sehnsüchtig auf die Beendigung der unerträglichen Verkehrskalamität, denken sich ihr Teil und haben nur den einen Wunsch, daß auch die beteiligten Eisenbahner, die sich zum-Spielball fremder Interessen hergaben, die Lehren aus der Affäre ziehen.	184:193	0:256	Sie warten sehnsüchtig auf die Beendigung der unerträglichen Verkehrskalamität , denken sich ihr Teil und haben nur den einen Wunsch , daß auch die beteiligten Eisenbahner , die sich zum- Spielball fremder Interessen hergaben , die Lehren aus der Affäre ziehen .	30	0:42	sie warten sehnsüchtig auf d Beendigung d unerträglich Verkehrskalamität , denken sich ihr Teil und haben nur d eine Wunsch , daß auch d beteiligt Eisenbahner , die sich zum- Spielball fremd Interesse hergeben , d Lehre aus d Affäre ziehen .	PPER VVFIN ADJD APPR ART NN ART ADJA NN $, VVFIN PRF PPOSAT NN KON VAFIN ADV ART ART NN $, KOUS ADV ART ADJA NN $, PRELS PRF TRUNC NN ADJA NN VVFIN $, ART NN APPR ART NN VVINF $.	
Spielball	NN	1950	2	26120215_1950_03_15_01_007.tcf.xml-18-15	 	Die Dinge komplizieren sich nur dadurch etwas, daß unterdessen der französische Imperialismus selbst zum Spielball und Werkzeug des amerikanischen wurde.	105:114	0:153	Die Dinge komplizieren sich nur dadurch etwas , daß unterdessen der französische Imperialismus selbst zum Spielball und Werkzeug des amerikanischen wurde .	15	0:22	d Ding komplizieren sich nur dadurch etwas , daß unterdessen d französisch Imperialismus selbst zum Spielball und Werkzeug d amerikanisch werden .	ART NN VVFIN PRF ADV PAV ADV $, KOUS ADV ART ADJA NN ADV APPRART NN KON NN ART ADJA VAFIN $.	
Spielball	NN	1955	2	26120215_1955_08_02_01_203.tcf.xml-8-15	 	Es sei eine Abaage anf eine Politik, die das Saargebiet weiterhin zum Zankapfel und Spielball imperialistischer Interessen und damit zu einem ständigen Konfliktherd machen.	84:93	0:172	Es sei eine Abaage anf eine Politik , die das Saargebiet weiterhin zum Zankapfel und Spielball imperialistischer Interessen und damit zu einem ständigen Konfliktherd machen .	15	0:26	es sein eine Abaage Anf eine Politik , die d Saargebiet weiterhin zum Zankapfel und Spielball imperialistisch Interesse und damit zu eine ständig Konfliktherd machen .	PPER VAFIN ART NE NE ART NN $, PRELS ART NE ADV APPRART NN KON NN ADJA NN KON PAV APPR ART ADJA NN VVINF $.	
Spielball	NN	1957	2	26120215_1957_05_26_02_158.tcf.xml-12-10	 	Ein starkes sozialistisches Lager besteht, dessen Teile » niemals Spielball und Schacher » -Objekt sein werden, weil alle diese Völker eines vereint: die Idee des Sozialismus.	66:75	0:175	Ein starkes sozialistisches Lager besteht , dessen Teile » niemals Spielball und Schacher » - Objekt sein werden , weil alle diese Völker eines vereint : die Idee des Sozialismus .	10	0:31	eine stark sozialistisch Lager bestehen , die Teil » niemals Spielball und Schacher » - Objekt sein werden , weil alle diese Volk eine vereinen : d Idee d Sozialismus .	ART ADJA ADJA NN VVFIN $, PRELAT NN $( ADV NN KON NN $( $( NN VAINF VAFIN $, KOUS PIS PDAT NN PIS VVPP $. ART NN ART NN $.	
Spielball	NN	1965	2	26120215_1965_10_03_01_025.tcf.xml-12-43	 	„Uns will nicht in den Sinn, unser gesunder Menschenverstand, unser Gefühl wehrt sich dagegen, daß die menschlichen Anliegen von Millionen den hartherzigen Milliardären geopfert werden, die an den Schalthebeln der Macht in Westdeutschland sitzen und uns Westberliner zum Spielball ihrer Politik machen wollen.	271:280	0:309	„ Uns will nicht in den Sinn , unser gesunder Menschenverstand , unser Gefühl wehrt sich dagegen , daß die menschlichen Anliegen von Millionen den hartherzigen Milliardären geopfert werden , die an den Schalthebeln der Macht in Westdeutschland sitzen und uns Westberliner zum Spielball ihrer Politik machen wollen .	43	0:49	„ wir wollen nicht in d Sinn , unsere gesund Menschenverstand , unsere Gefühl wehren sich dagegen , daß d menschlich Anliegen von Million d hartherzig Milliardär opfern werden , die an d Schalthebel d Macht in Westdeutschland sitzen und wir Westberliner zum Spielball ihr Politik machen wollen .	$( PPER VMFIN PTKNEG APPR ART NN $, PPOSAT ADJA NN $, PPOSAT NN VVFIN PRF PAV $, KOUS ART ADJA NN APPR NN ART ADJA NN VVPP VAINF $, PRELS APPR ART NN ART NN APPR NE VVINF KON PPER NN APPRART NN PPOSAT NN VVINF VMFIN $.	
Spielball	NN	1974	2	26120215_1974_02_04_01_151.tcf.xml-25-18	 	Ihre Erfahrungen haben die Palästinenser gelehrt, daß man politisch aktiv sein muß. wenn man nicht zum Spielball dunkler politischer Kräfte werden will.	103:112	0:152	Ihre Erfahrungen haben die Palästinenser gelehrt , daß man politisch aktiv sein muß . wenn man nicht zum Spielball dunkler politischer Kräfte werden will .	18	0:25	ihr Erfahrung haben d Palästinenser lehren , daß man politisch aktiv sein müssen . wenn man nicht zum Spielball dunkel politisch Kraft werden wollen .	PPOSAT NN VAFIN ART NN VVPP $, KOUS PIS ADJD ADJD VAINF VMFIN $. KOUS PIS PTKNEG APPRART NN ADJA ADJA NN VAINF VMFIN $.	
Spielball	NN	1974	2	26120215_1974_03_09_01_186.tcf.xml-22-6	 	Dort angekommen wird er bald zum Spielball übler Gauner aller Schattierungen.	33:42	0:77	Dort angekommen wird er bald zum Spielball übler Gauner aller Schattierungen .	6	0:12	dort ankommen werden er bald zum Spielball übel Gauner alle Schattierung .	ADV VVPP VAFIN PPER ADV APPRART NN ADJA NN PIAT NN $.	
Spielball	NN	1976	2	26120215_1976_02_09_01_162.tcf.xml-11-1	 	Zum Spielball des Gastgebers wurde Wismut in keiner Phase.	4:13	0:58	Zum Spielball des Gastgebers wurde Wismut in keiner Phase .	1	0:10	zum Spielball d Gastgeber werden Wismut in keine Phase .	APPRART NN ART NN VAFIN NN APPR PIAT NN $.	
Spielball	NN	1988	2	26120215_1988_11_22_01_078.tcf.xml-14-3	 	Stets Spieler und Spielball zugleich, Täter und Opfer in einem.	18:27	0:63	Stets Spieler und Spielball zugleich , Täter und Opfer in einem .	3	0:12	stets Spieler und Spielball zugleich , Täter und Opfer in eine .	ADV NN KON NN ADV $, NN KON NN APPR ART $.	
Spielball	NN	1989	2	26120215_1989_03_27_01_099.tcf.xml-11-9	 	Wer deshalb erneut gleiches Niveau und die Erfurter als Spielball erwartete, lag zwar im allgemeinen Trend, hatte die Rechnung aber ohne die Grobner-Schutzlinge gemacht.	56:65	0:169	Wer deshalb erneut gleiches Niveau und die Erfurter als Spielball erwartete , lag zwar im allgemeinen Trend , hatte die Rechnung aber ohne die Grobner- Schutzlinge gemacht .	9	0:28	wer deshalb erneut gleich Niveau und d erfurter als Spielball erwarten , liegen zwar im allgemein Trend , haben d Rechnung aber ohne d grobner- Schutzlinge machen .	PWS PAV ADJD ADJA NN KON ART ADJA KOUS NN VVFIN $, VVFIN ADV APPRART ADJA NN $, VAFIN ART NN ADV APPR ART TRUNC NN VVPP $.	
Spielball	NN	1989	2	26120215_1989_07_21_01_211.tcf.xml-11-42	 	Die natürliche Tochter (die uneheliche also), die in ihrer Liebe zum König und zum Vater, seines Zeichens Herzog, und durch den Haß des um ein Erbteil geprellten Halbbruders zwischen alle Mühlen der Macht gerät, wird zum Spielball. Hin-und hergerissen wird sie von der Feudalgesellschaft nach unten durchgereicht und schließlich vom Kloster in die Gosse fallen.	221:230	0:361	Die natürliche Tochter ( die uneheliche also ) , die in ihrer Liebe zum König und zum Vater , seines Zeichens Herzog , und durch den Haß des um ein Erbteil geprellten Halbbruders zwischen alle Mühlen der Macht gerät , wird zum Spielball . Hin- und hergerissen wird sie von der Feudalgesellschaft nach unten durchgereicht und schließlich vom Kloster in die Gosse fallen .	42	0:64	d natürlich Tochter ( d unehelich also ) , die in ihr Liebe zum König und zum Vater , seine Zeichen Herzog , und durch d Haß d um eine Erbeteil geprellt Halbbruder zwischen alle Mühle d Macht geraten , werden zum Spielball . hin- und herreissen werden sie von d Feudalgesellschaft nach unten durchreichen und schließlich vom Kloster in d Gosse fallen .	ART ADJA NN $( ART ADJA ADV $( $, PRELS APPR PPOSAT NN APPRART NN KON APPRART NN $, PPOSAT NN NE $, KON APPR ART NN ART APPR ART NN ADJA NN APPR PIAT NN ART NN VVFIN $, VAFIN APPRART NN $. TRUNC KON VVPP VAFIN PPER APPR ART NN APPR ADV VVPP KON ADV APPRART NN APPR ART NN VVINF $.	
Spielball	NN	1990	2	26120215_1990_08_06_01_330.tcf.xml-15-22	 	Gerade aus der Rolle qekrochen, Objekt einer alles für alle besser wissenden Partei zu sein, ist dieses Volk schon wieder Spielball von Interessen.	122:131	0:147	Gerade aus der Rolle qekrochen , Objekt einer alles für alle besser wissenden Partei zu sein , ist dieses Volk schon wieder Spielball von Interessen .	22	0:26	gerade aus d Rolle Qekrochen , Objekt eine alle für alle gut wißend Partei zu sein , sein diese Volk schon wieder Spielball von Interesse .	ADV APPR ART NN NE $, NN ART PIS APPR PIAT ADJD ADJA NN PTKZU VAINF $, VAFIN PDAT NN ADV ADV NN APPR NN $.	
Spielball	NN	1852	1	alexis_ruhe01_1852-2374-14	 	Es hat keiner gelebt, als Gott Vater auf den Einfall kam, diesen Spielball Erde zu erschaffen, und in das Uhrwerk Universum zu schleudern, damit er zu Ehre des Höchsten seinen Parademarsch um die Sonne kreist.“	65:74	0:210	Es hat keiner gelebt , als Gott Vater auf den Einfall kam , dieſen Spielball Erde zu erſchaffen , und in das Uhrwerk Univerſum zu ſchleudern , damit er zu Ehre des Höchſten ſeinen Parademarſch um die Sonne kreiſt . “	14	0:41	es haben keine leben , als Gott Vater auf d Einfall kommen , diese Spielball Erde zu erschaffen , und in d Uhrwerk Universum zu schleudern , damit er zu Ehre d Hoch seine Parademarsch um d Sonne kreisen . "	PPER VAFIN PIS VVPP $, KOKOM NN NN APPR ART NN VVFIN $, PDAT NN NN PTKZU VVINF $, KON APPR ART NN NN PTKZU VVINF $, KOUS PPER APPR NN ART NN PPOSAT NN APPR ART NN VVFIN $. $(	Es hat keiner gelebt , als Gott Vater auf den Einfall kam , diesen Spielball Erde zu erschaffen , und in das Uhrwerk Universum zu schleudern , damit er zu Ehre des Höchsten seinen Parademarsch um die Sonne kreist . "
Spielball	NN	1864	1	berg_ostasien01_1864-641-40	 	Seitdem Siutok seinen Bruder zu entthronen suchte, war das Kaiserhaus immer in verschiedene Factionen zerspalten und wandte vergebens alle Mittel der Gewalt und Intrigue auf, um die Herrschaft wieder an sich zu reissen; sie wurden seitdem ein Spielball der Grossen, welche sich ihres Ansehns nur zu Erreichung der eigenen selbstsüchtigen Zwecke bedienten.	243:252	0:355	Seitdem Siutok seinen Bruder zu entthronen suchte , war das Kaiserhaus immer in verschiedene Factionen zerspalten und wandte vergebens alle Mittel der Gewalt und Intrigue auf , um die Herrschaft wieder an sich zu reissen ; sie wurden seitdem ein Spielball der Grossen , welche sich ihres Ansehns nur zu Erreichung der eigenen selbstsüchtigen Zwecke bedienten .	40	0:57	seitdem Siutok seine Bruder zu entthronen suchen , sein d Kaiserhaus immer in verschieden Faction zerspalten und wenden vergebens alle Mittel d Gewalt und Intrige auf , um d Herrschaft wieder an sich zu reissen ; sie werden seitdem eine Spielball d Große , welche sich ihr Ansehen nur zu Erreichung d eigen selbstsüchtig Zwecke bedienen .	PAV NE PPOSAT NN PTKZU VVINF VVFIN $, VAFIN ART NN ADV APPR ADJA NN VVPP KON VVFIN ADV PIAT NN ART NN KON NN PTKVZ $, KOUI ART NN ADV APPR PRF PTKZU VVINF $. PPER VAFIN PAV ART NN ART NN $, PRELS PRF PPOSAT NN ADV APPR NN ART ADJA ADJA NN VVFIN $.	Seitdem Siutok seinen Bruder zu entthronen suchte , war das Kaiserhaus immer in verschiedene Factionen zerspalten und wandte vergebens alle Mittel der Gewalt und Intrige auf , um die Herrschaft wieder an sich zu reißen ; sie wurden seitdem ein Spielball der Großen , welche sich ihres Ansehens nur zu Erreichung der eigenen selbstsüchtigen Zwecke bedienten .
Spielball	NN	1864	1	berg_ostasien01_1864-835-8	 	Sie sind, wie die Erbkaiser, ein Spielball der mächtigen Grossen, welche um die Herrschaft streiten.	33:42	0:100	Sie sind , wie die Erbkaiser , ein Spielball der mächtigen Grossen , welche um die Herrschaft streiten .	8	0:19	sie sein , wie d Erbekaiser , eine Spielball d mächtig Große , welche um d Herrschaft streiten .	PPER VAFIN $, PWAV ART NN $, ART NN ART ADJA NN $, PRELS APPR ART NN VVINF $.	Sie sind , wie die Erbkaiser , ein Spielball der mächtigen Großen , welche um die Herrschaft streiten .
Spielball	NN	1875	1	bluntschli_staatslehre_1875-1223-14	 	Konnte man einem groszen Theil der naturrechtlichen Schule vorwerfen, dasz ihre Statsidee ein Spielball der individuellen Willkür sei, so war auch die historische Schule nicht von dem Vorwurf freizusprechen, dasz ihr Statsbegriff noch festgebunden sei an die herkömmlichen Autoritäten und an die überlieferten Vorurtheile.	94:103	0:322	Konnte man einem groszen Theil der naturrechtlichen Schule vorwerfen , dasz ihre Statsidee ein Spielball der individuellen Willkür sei , so war auch die historische Schule nicht von dem Vorwurf freizusprechen , dasz ihr Statsbegriff noch festgebunden sei an die herkömmlichen Autoritäten und an die überlieferten Vorurtheile .	14	0:48	können man eine groß Teil d naturrechtlich Schule vorwerfen , daß ihr Staatsidee eine Spielball d individuell Willkür sein , so sein auch d historisch Schule nicht von d Vorwurf freisprechen , daß ihr Staatsbegriff noch festbinden sein an d herkömmlich Autorität und an d überliefert Vorurteil .	VMFIN PIS ART ADJA NN ART ADJA NN VVINF $, KOUS PPOSAT NN ART NN ART ADJA NN VAFIN $, ADV VAFIN ADV ART ADJA NN PTKNEG APPR ART NN VVIZU $, KOUS PPOSAT NN ADV VVPP VAFIN APPR ART ADJA NN KON APPR ART ADJA NN $.	Konnte man einem großen Teil der naturrechtlichen Schule vorwerfen , daß ihre Staatsidee ein Spielball der individuellen Willkür sei , so war auch die historische Schule nicht von dem Vorwurf freizusprechen , daß ihr Staatsbegriff noch festgebunden sei an die herkömmlichen Autoritäten und an die überlieferten Vorurteile .
Spielball	NN	1875	1	bluntschli_staatslehre_1875-4510-19	 	Mit Recht erscheint den heutigen Menschen eine Politik verächtlich und hassenswerth, welche die Wohlfahrt der Privaten als einen Spielball behandelt, der je nach der Laune der statlichen Gewalthaber hin-und hergeschleudert oder gelegentlich fallen und liegen gelassen wird.	129:138	0:273	Mit Recht erscheint den heutigen Menschen eine Politik verächtlich und hassenswerth , welche die Wohlfahrt der Privaten als einen Spielball behandelt , der je nach der Laune der statlichen Gewalthaber hin- und hergeschleudert oder gelegentlich fallen und liegen gelassen wird .	19	0:41	mit Recht erscheinen d heutig Mensch eine Politik verächtlich und haßenswert , welche d Wohlfahrt d Privaten als eine Spielball behandeln , die je nach d Laune d staatlich Gewalthaber hin- und herschleudern oder gelegentlich fallen und liegen lassen werden .	APPR NN VVFIN ART ADJA NN ART NN ADJD KON ADJD $, PRELS ART NN ART NN KOKOM ART NN VVPP $, PRELS ADV APPR ART NN ART ADJA NN TRUNC KON VVPP KON ADJD VVINF KON VVINF VVPP VAFIN $.	Mit Recht erscheint den heutigen Menschen eine Politik verächtlich und hassenswert , welche die Wohlfahrt der Privaten als einen Spielball behandelt , der je nach der Laune der staatlichen Gewalthaber hin- und hergeschleudert oder gelegentlich fallen und liegen gelassen wird .
Spielball	NN	1899	1	chamberlain_grundlagen01_1899-1531-42	 	Man lese nur immer wieder die Briefe Cicero’s, wenn man durch die naiven Geständnisse eines in den Ideen seiner Zeit befangenen, nicht viel weiter als seine Nase hinausschauenden Mannes lernen will, wie das grosse Rom und seine Geschicke der Spielball eitler Müssiggänger wurden, und mit wie grossem Recht man behaupten kann, dass seine Politiker Rom nicht gemacht, sondern vielmehr es zu Grunde gerichtet haben.	242:251	0:412	Man lese nur immer wieder die Briefe Cicero’s , wenn man durch die naiven Geständnisse eines in den Ideen seiner Zeit befangenen , nicht viel weiter als seine Nase hinausschauenden Mannes lernen will , wie das grosse Rom und seine Geschicke der Spielball eitler Müssiggänger wurden , und mit wie grossem Recht man behaupten kann , dass seine Politiker Rom nicht gemacht , sondern vielmehr es zu Grunde gerichtet haben .	42	0:71	man lesen nur immer wieder d Brief Cicero , wenn man durch d naiv Geständnis eine in d Idee seine Zeit befangen , nicht viel weiter als seine Nase hinausschauend Mann lernen wollen , wie d groß Rom und seine Geschick d Spielball eitel Müßiggänger werden , und mit wie groß Recht man behaupten können , dass seine Politiker Rom nicht machen , sondern vielmehr es zu Grund richten haben .	PIS VVFIN ADV ADV ADV ART NN NE $, KOUS PIS APPR ART ADJA NN ART APPR ART NN PPOSAT NN ADJA $, PTKNEG ADV ADV KOKOM PPOSAT NN ADJA NN VVINF VMFIN $, PWAV ART ADJA NE KON PPOSAT NN ART NN ADJA NN VAFIN $, KON APPR PWAV ADJA NN PIS VVINF VMFIN $, KOUS PPOSAT NN NE PTKNEG VVPP $, KON ADV PPER APPR NN VVPP VAINF $.	Man lese nur immer wieder die Briefe Cicero's , wenn man durch die naiven Geständnisse eines in den Ideen seiner Zeit befangenen , nicht viel weiter als seine Nase hinausschauenden Mannes lernen will , wie das große Rom und seine Geschicke der Spielball eitler Müßiggänger wurden , und mit wie großem Recht man behaupten kann , dass seine Politiker Rom nicht gemacht , sondern vielmehr es zu Grunde gerichtet haben .
Spielball	NN	1845	1	dahlmann_geschichte_1845-2105-18	 	Die Art wie sie zu Stande kamen betrachtete er als charakteristisch für seine Nation, die, ein Spielball ihrer Lebhaftigkeit, die vernünftigsten Dinge auf die tollste Art vollbringe.	95:104	0:182	Die Art wie ſie zu Stande kamen betrachtete er als charakteriſtiſch für ſeine Nation , die , ein Spielball ihrer Lebhaftigkeit , die vernünftigſten Dinge auf die tollſte Art vollbringe .	18	0:31	d Art wie sie zu Stand kommen betrachtet er als charakteristisch für seine Nation , die , eine Spielball ihr Lebhaftigkeit , d vernünftig Ding auf d toll Art vollbringen .	ART NN PWAV PPER APPR NN VVFIN ADJA PPER KOKOM ADJD APPR PPOSAT NN $, PRELS $, ART NN PPOSAT NN $, ART ADJA NN APPR ART ADJA NN VVFIN $.	Die Art wie sie zu Stande kamen betrachtete er als charakteristisch für seine Nation , die , ein Spielball ihrer Lebhaftigkeit , die vernünftigsten Dinge auf die tollste Art vollbringe .
Spielball	NN	1833	1	droysen_alexander_1833-155-51	 	Noch trauriger offenbarte sich Artaxerxes Unfähigkeit zu herrschen im Bereich seines königlichen Hofes; die Kabalen seiner wilden Mutter Parysatis sind das Scheußlichste, was jemals ein Asiatischer Harem gesehen hat; der König, eben so schwach wie gutmüthig, eben so voll Mistrauen wie ohne Character, war ein Spielball in den Händen seiner Sklavinnen und Eunuchen.	310:319	0:365	Noch trauriger offenbarte ſich Artaxerxes Unfähigkeit zu herrſchen im Bereich ſeines königlichen Hofes ; die Kabalen ſeiner wilden Mutter Paryſatis ſind das Scheußlichſte , was jemals ein Aſiatiſcher Harem geſehen hat ; der König , eben ſo ſchwach wie gutmüthig , eben ſo voll Mistrauen wie ohne Character , war ein Spielball in den Händen ſeiner Sklavinnen und Eunuchen .	51	0:60	noch traurig offenbaren sich Artaxerxes Unfähigkeit zu herrschen im Bereich seine königlich Hof ; d Kabale seine wild Mutter Parysatis sein d scheußlich , was jemals eine asiatisch Harem sehen haben ; d König , eben so schwach wie gutmütig , eben so voll Mißtrauen wie ohne Charakter , sein eine Spielball in d Hand seine Sklavin und Eunuch .	ADV ADJD VVFIN PRF NE NN PTKZU VVINF APPRART NN PPOSAT ADJA NN $. ART NN PPOSAT ADJA NN NE VAFIN ART ADJA $, PRELS ADV ART ADJA NN VVPP VAFIN $. ART NN $, ADV ADV ADJD KOKOM ADJD $, ADV ADV ADJD NN KOKOM APPR NN $, VAFIN ART NN APPR ART NN PPOSAT NN KON NN $.	Noch trauriger offenbarte sich Artaxerxes Unfähigkeit zu herrschen im Bereich seines königlichen Hofes ; die Kabalen seiner wilden Mutter Parysatis sind das Scheußlichste , was jemals ein Asiatischer Harem gesehen hat ; der König , eben so schwach wie gutmütig , eben so voll Misstrauen wie ohne Charakter , war ein Spielball in den Händen seiner Sklavinnen und Eunuchen .
Spielball	NN	1864	1	ebers_koenigstochter02_1864-2714-26	 	Hier stand der Mensch vor dem Menschen, hier vergaß der stolze Despot, daß er mit einem Wesen rede, dessen Leben oder Tod ein Spielball seiner Launen sei.	126:135	0:154	Hier ſtand der Menſch vor dem Menſchen , hier vergaß der ſtolze Deſpot , daß er mit einem Weſen rede , deſſen Leben oder Tod ein Spielball ſeiner Launen ſei .	26	0:31	hier stehen d Mensch vor d Mensch , hier vergessen d stolz Despot , daß er mit eine Wesen reden , die Leben oder Tod eine Spielball seine Laune sein .	ADV VVFIN ART NN APPR ART NN $, ADV VVFIN ART ADJA NN $, KOUS PPER APPR ART NN VVFIN $, PRELAT NN KON NN ART NN PPOSAT NN VAFIN $.	Hier stand der Mensch vor dem Menschen , hier vergaß der stolze Despot , daß er mit einem Wesen rede , dessen Leben oder Tod ein Spielball seiner Launen sei .
Spielball	NN	1841	1	feuerbach_christentum_1841-6-33	 	Die speculative Religionsphilosophie opfert die Religion der Philosophie, die christliche Mythologie die Philosophie der Religion auf, jene macht die Religion zu einem Spielball der speculativen Willkühr, diese die Vernunft zum Spielball eines phantastischen religiösen Materialismus, jene läßt die Religion nur sagen, was sie selbst gedacht und weit besser sagt, diese läßt die Religion anstatt der Vernunft reden, jene unfähig, aus sich heraus zu kommen, macht die Bilder der Religion zu ihren eigenen Gedanken, diese, unfähig, zu sich zu kommen, die Bilder zu Sachen.	228:237	0:570	Die ſpeculative Religionsphiloſophie opfert die Religion der Philoſophie , die chriſtliche Mythologie die Philoſophie der Religion auf , jene macht die Religion zu einem Spielball der ſpeculativen Willkühr , dieſe die Vernunft zum Spielball eines phantaſtiſchen religiöſen Materialismus , jene läßt die Religion nur ſagen , was ſie ſelbſt gedacht und weit beſſer ſagt , dieſe läßt die Religion anſtatt der Vernunft reden , jene unfähig , aus ſich heraus zu kommen , macht die Bilder der Religion zu ihren eigenen Gedanken , dieſe , unfähig , zu ſich zu kommen , die Bilder zu Sachen .	33	0:97	d spekulativ Religionsphilosophie opfern d Religion d Philosophie , d christlich Mythologie d Philosophie d Religion auf , jene machen d Religion zu eine Spielball d spekulativ Willkür , diese d Vernunft zum Spielball eine phantastisch religiös Materialismus , jene lassen d Religion nur sagen , was sie selbst gedenken und weit gut sagen , diese lassen d Religion anstatt d Vernunft reden , jene unfähig , aus sich heraus zu kommen , machen d Bild d Religion zu ihr eigen Gedanke , diese , unfähig , zu sich zu kommen , d Bild zu Sache .	ART ADJA NN VVFIN ART NN ART NN $, ART ADJA NN ART NN ART NN PTKVZ $, PDS VVFIN ART NN APPR ART NN ART ADJA NN $, PDS ART NN APPRART NN ART ADJA ADJA NN $, PDS VVFIN ART NN ADV VVINF $, PWS PPER ADV VVPP KON ADJD ADJD VVFIN $, PDS VVFIN ART NN APPR ART NN VVINF $, PDS ADJD $, APPR PRF APZR PTKZU VVINF $, VVFIN ART NN ART NN APPR PPOSAT ADJA NN $, PDS $, ADJD $, APPR PRF PTKZU VVINF $, ART NN APPR NN $.	Die spekulative Religionsphilosophie opfert die Religion der Philosophie , die christliche Mythologie die Philosophie der Religion auf , jene macht die Religion zu einem Spielball der spekulativen Willkür , diese die Vernunft zum Spielball eines phantastischen religiösen Materialismus , jene läßt die Religion nur sagen , was sie selbst gedacht und weit besser sagt , diese läßt die Religion anstatt der Vernunft reden , jene unfähig , aus sich heraus zu kommen , macht die Bilder der Religion zu ihren eigenen Gedanken , diese , unfähig , zu sich zu kommen , die Bilder zu Sachen .
Spielball	NN	1830	1	grillparzer_diener_1830-1927-29	 	Geboren auf der unglücksel’gen Höhe, Wo man nicht Menschen kennt, nur Schmeichler, Sclaven; Emporgetragen von des Haufens Gunst, Aus Hand in Hand, ein Spielball fremder Neigung; Begabt mit Manchem, was sonst Frauen lock’t, Stürzt’ ich mich in des Lebens bunt’ Gewühl.	151:160	0:267	Geboren auf der unglückſel’gen Höhe , Wo man nicht Menſchen kennt , nur Schmeichler , Sclaven ; Emporgetragen von des Haufens Gunſt , Aus Hand in Hand , ein Spielball fremder Neigung ; Begabt mit Manchem , was ſonſt Frauen lock’t , Stürzt’ ich mich in des Lebens bunt’ Gewühl .	29	0:51	gebären auf d unglückselig Höhe , wo man nicht Mensch kennen , nur Schmeichler , Sklave ; emportragen von d Haufen Gunst , aus Hand in Hand , eine Spielball fremd Neigung ; begaben mit manche , was sonst Frau locken , stürzen ich mich in d Leben bunt Gewühl .	VVPP APPR ART ADJA NN $, PWAV PIS PTKNEG NN VVFIN $, ADV NE $, NN $. VVPP APPR ART NN NN $, APPR NN APPR NN $, ART NN ADJA NN $. VVPP APPR PIS $, PRELS ADV NN VVFIN $, VVFIN PPER PRF APPR ART NN ADJD NN $.	Geboren auf der unglückseligen Höhe , Wo man nicht Menschen kennt , nur Schmeichler , Sklaven ; Emporgetragen von des Haufens Gunst , Aus Hand in Hand , ein Spielball fremder Neigung ; Begabt mit Manchem , was sonst Frauen lockt , Stürzte ich mich in des Lebens bunt Gewühl .
Spielball	NN	1835	1	gutzkow_charaktere_1835-1908-7	 	Die feigen, berauschten Sultane waren der Spielball der Intrigue, welchen sich immer drei Parteien, die Favoritinnen, die Mutter und die Eunuchen zuwarfen.	42:51	0:155	Die feigen , berauſchten Sultane waren der Spielball der Intrigue , welchen ſich immer drei Parteien , die Favoritinnen , die Mutter und die Eunuchen zuwarfen .	7	0:27	d feig , berauscht Sultan sein d Spielball d Intrige , welchen sich immer drei Partei , d Favoritin , d Mutter und d Eunuch zuwerfen .	ART ADJA $, ADJA NN VAFIN ART NN ART NN $, PWAT PRF ADV CARD NN $, ART NN $, ART NN KON ART NN VVFIN $.	Die feigen , berauschten Sultane waren der Spielball der Intrige , welchen sich immer drei Parteien , die Favoritinnen , die Mutter und die Eunuchen zuwarfen .
Spielball	NN	1893	1	hobrecht_verkehrsverhaeltnisse_1893-94-10	 	Die öffentliche Meinung war — wie so oft — ein Spielball, den sich Sonderinteresse und Unkenntniss der Dinge lustig zuwarfen.	47:56	0:125	Die öffentliche Meinung war — wie so oft — ein Spielball , den sich Sonderinteresse und Unkenntniſs der Dinge lustig zuwarfen .	10	0:22	d öffentlich Meinung sein -- wie so oft -- eine Spielball , die sich Sonderinteresse und Unkenntnis d Ding lustig zuwerfen .	ART ADJA NN VAFIN $( PWAV ADV ADV $( ART NN $, PRELS PRF NN KON NN ART NN ADJD VVFIN $.	Die öffentliche Meinung war -- wie so oft -- ein Spielball , den sich Sonderinteresse und Unkenntnis der Dinge lustig zuwarfen .
Spielball	NN	1852	1	holtei_vagabunden02_1852-1094-31	 	Ein armer, erbarmungswürdiger Mensch wirst Du sein: ein Mensch, den seine Kunst aufgerieben; der in jungen Jahren ein Greis dahin welkt; ein Mensch, der ein Spielball seiner eigenen Nerven, keine Gewalt mehr hat über sich selbst, keine moralische Kraft sich zu beherrschen; der sich mit Beifall überschüttet hört, wenn er an sich zweifelt; den sie kalt vorübergehen lassen, wenn er den Gott in sich fühlt; der um Beifall buhlen muß, welchen er verachtet, — und ohne welchen er doch nicht leben könnte, weil er nur aus ihm Lebensluft athmet!	157:166	0:540	Ein armer , erbarmungswuͤrdiger Menſch wirſt Du ſein : ein Menſch , den ſeine Kunſt aufgerieben ; der in jungen Jahren ein Greis dahin welkt ; ein Menſch , der ein Spielball ſeiner eigenen Nerven , keine Gewalt mehr hat uͤber ſich ſelbſt , keine moraliſche Kraft ſich zu beherrſchen ; der ſich mit Beifall uͤberſchuͤttet hoͤrt , wenn er an ſich zweifelt ; den ſie kalt voruͤbergehen laſſen , wenn er den Gott in ſich fuͤhlt ; der um Beifall buhlen muß , welchen er verachtet , — und ohne welchen er doch nicht leben koͤnnte , weil er nur aus ihm Lebensluft athmet !	31	0:106	eine arm , erbarmungswürdig Mensch werden du sein : eine Mensch , die seine Kunst aufreiben ; d in jung Jahr eine Greis dahin welken ; eine Mensch , die eine Spielball seine eigen Nerv , keine Gewalt mehr haben über sich selbst , keine moralisch Kraft sich zu beherrschen ; die sich mit Beifall überschütten hören , wenn er an sich zweifeln ; d sie kalt vorübergehen lassen , wenn er d Gott in sich fühlen ; d um Beifall buhlen müssen , welchen er verachten , -- und ohne welchen er doch nicht leben können , weil er nur aus er Lebensluft atmen !	ART ADJA $, ADJA NN VAFIN PPER VAINF $. ART NN $, PRELS PPOSAT NN VVPP $. ART APPR ADJA NN ART NN PAV VVFIN $. ART NN $, PRELS ART NN PPOSAT ADJA NN $, PIAT NN ADV VAFIN APPR PRF ADV $, PIAT ADJA NN PRF PTKZU VVINF $. PRELS PRF APPR NN VVPP VVFIN $, KOUS PPER APPR PRF VVFIN $. ART PPER ADJD VVINF VVINF $, KOUS PPER ART NN APPR PRF VVFIN $. ART APPR NN VVINF VMFIN $, PWAT PPER VVFIN $, $( KON APPR PWAT PPER ADV PTKNEG VVINF VMFIN $, KOUS PPER ADV APPR PPER NN VVFIN $.	Ein armer , erbarmungswürdiger Mensch wirst Du sein : ein Mensch , den seine Kunst aufgerieben ; der in jungen Jahren ein Greis dahin welkt ; ein Mensch , der ein Spielball seiner eigenen Nerven , keine Gewalt mehr hat über sich selbst , keine moralische Kraft sich zu beherrschen ; der sich mit Beifall überschüttet hört , wenn er an sich zweifelt ; den sie kalt vorübergehen lassen , wenn er den Gott in sich fühlt ; der um Beifall buhlen muß , welchen er verachtet , -- und ohne welchen er doch nicht leben könnte , weil er nur aus ihm Lebensluft atmet !
Spielball	NN	1884	1	kraus_professorenroman_1884-200-7	 	Die Sonne und alle Sterne sind wie Spielbälle der Kinder in seiner Hand, die Erde ist seiner Füße Schemel, der Sturmwind sein Athem und das Meer ist vor seinen Augen wie der Tropfen an diesem Halme. ‟	35:45	0:200	Die Sonne und alle Sterne ſind wie Spielbälle der Kinder in ſeiner Hand , die Erde iſt ſeiner Füße Schemel , der Sturmwind ſein Athem und das Meer iſt vor ſeinen Augen wie der Tropfen an dieſem Halme . ‟	7	0:40	d Sonne und alle Stern sein wie Spielball d Kind in seine Hand , d Erde sein seine Fuß Schemel , d Sturmwind sein Atem und d Meer sein vor seine Auge wie d Tropfen an diese Halm . "	ART NN KON PIAT NN VAFIN KOKOM NN ART NN APPR PPOSAT NN $, ART NN VAFIN PPOSAT NN NE $, ART NN PPOSAT NN KON ART NN VAFIN APPR PPOSAT NN KOKOM ART NN APPR PDAT NN $. $(	Die Sonne und alle Sterne sind wie Spielbälle der Kinder in seiner Hand , die Erde ist seiner Füße Schemel , der Sturmwind sein Atem und das Meer ist vor seinen Augen wie der Tropfen an diesem Halme . "
Spielball	NN	1833	1	laube_europa0102_1833-1468-10	 	William ist das Opfer des Absolutismus, Leopold wird der Spielball der Gesetzlosigkeit — er ist im belgischen Heere Compagnie-Chirurgus, wie ich eben erfahren und spielt eine abgerissene kümmerliche Rolle, und nur die ungeheuren, titanenartigen Kräfte erhalten oben auf der Lebenswoge den zügellosen Hyppolit; nur sein riesenhafter Geist läßt ihn bestehen mit seiner unbändigen, die Civilisation überspringenden Freiheit.	57:66	0:421	William iſt das Opfer des Abſolutismus , Leopold wird der Spielball der Geſetzloſigkeit — er iſt im belgiſchen Heere Compagnie-Chirurgus , wie ich eben erfahren und ſpielt eine abgeriſſene kümmerliche Rolle , und nur die ungeheuren , titanenartigen Kräfte erhalten oben auf der Lebenswoge den zügelloſen Hyppolit ; nur ſein rieſenhafter Geiſt läßt ihn beſtehen mit ſeiner unbändigen , die Civiliſation überſpringenden Freiheit .	10	0:64	William sein d Opfer d Absolutismus , Leopold werden d Spielball d Gesetzlosigkeit -- er sein im belgisch Heer Kompanie-Chirurg , wie ich eben erfahren und spielen eine abgereißen kümmerlich Rolle , und nur d ungeheuer , titanenartig Kraft erhalten oben auf d Lebenswoge d zügellos Hippolyt ; nur sein riesenhaft Geist lassen er bestehen mit seine unbändig , d Zivilisation überspringend Freiheit .	NE VAFIN ART NN ART NN $, NE VAFIN ART NN ART NN $( PPER VAFIN APPRART ADJA NN NN $, PWAV PPER ADV VVINF KON VVFIN ART ADJA ADJA NN $, KON ADV ART ADJA $, ADJA NN VVFIN ADV APPR ART NN ART ADJA NE $. ADV PPOSAT ADJA NN VVFIN PPER VVFIN APPR PPOSAT ADJA $, ART NN ADJA NN $.	William ist das Opfer des Absolutismus , Leopold wird der Spielball der Gesetzlosigkeit -- er ist im belgischen Heere Kompanie-Chirurg , wie ich eben erfahren und spielt eine abgerissene kümmerliche Rolle , und nur die ungeheuren , titanenartigen Kräfte erhalten oben auf der Lebenswoge den zügellosen Hippolyt ; nur sein riesenhafter Geist läßt ihn bestehen mit seiner unbändigen , die Zivilisation überspringenden Freiheit .
Spielball	NN	1891	1	lehnert_seehaefen01_1891-5083-13	 	Endlose Verschwörungen und blutiger Zwist, sowie die Kämpfe der Grossmächte, deren Spielball Genua geworden war, beraubten die Stadt jeder ruhigen Entwicklung.	83:92	0:159	Endlose Verschwörungen und blutiger Zwist , sowie die Kämpfe der Grossmächte , deren Spielball Genua geworden war , beraubten die Stadt jeder ruhigen Entwicklung .	13	0:25	endelos Verschwörung und blutig Zwist , sowie d Kampf d Großmacht , die Spielball Genua werden sein , berauben d Stadt jede ruhig Entwicklung .	ADJA NN KON ADJA NN $, KON ART NN ART NN $, PRELAT NN NE VAPP VAFIN $, VVFIN ART NN PIAT ADJA NN $.	Endlose Verschwörungen und blutiger Zwist , sowie die Kämpfe der Grossmächte , deren Spielball Genua geworden war , beraubten die Stadt jeder ruhigen Entwicklung .
Spielball	NN	1878	1	liebknecht_frage_1878-629-25	 	Dann wird auch der Tag der Freiheit und eine Aera menschenwürdigen Daseins für jene unglücklichen Völkerschaften des Ostens anbrechen, die seit anderthalb Jahrhunderten der Spielball einer herz-und gewissenlosen Diplomatie sind.	173:182	0:228	Dann wird auch der Tag der Freiheit und eine Aera menſchenwürdigen Daſeins für jene unglücklichen Völkerſchaften des Oſtens anbrechen , die ſeit anderthalb Jahrhunderten der Spielball einer herz- und gewiſſenloſen Diplomatie ſind .	25	0:33	dann werden auch d Tag d Freiheit und eine Aera menschenwürdig Dasein für jen unglücklich Völkerschaft d Osten anbrechen , die seit anderthalb Jahrhundert d Spielball eine herz- und gewissenlos Diplomatie sein .	ADV VAFIN ADV ART NN ART NN KON ART NE ADJA NN APPR PDAT ADJA NN ART NN VVINF $, PRELS APPR CARD NN ART NN ART TRUNC KON ADJA NN VAFIN $.	Dann wird auch der Tag der Freiheit und eine Aera menschenwürdigen Daseins für jene unglücklichen Völkerschaften des Ostens anbrechen , die seit anderthalb Jahrhunderten der Spielball einer herz- und gewissenlosen Diplomatie sind .
Spielball	NN	1828	1	menzel_literatur02_1828-941-6	 	Er machte den Menschen zu einem Spielball der in ihm selber schlummernden dämonischen Gewalten, des Wahnsinns, der Phantasmorasie, der magnetischen und sympathetischen oder antipathetischen Naturkräfte.	32:41	0:202	Er machte den Menſchen zu einem Spielball der in ihm ſelber ſchlummernden daͤmoniſchen Gewalten , des Wahnſinns , der Phantasmoraſie , der magnetiſchen und ſympathetiſchen oder antipathetiſchen Naturkraͤfte .	6	0:29	er machen d Mensch zu eine Spielball d in er selber schlummernd dämonisch Gewalt , d Wahnsinn , d Phantasmorasie , d magnetisch und sympathetisch oder antipathetisch Naturkraft .	PPER VVFIN ART NN APPR ART NN ART APPR PPER ADV ADJA ADJA NN $, ART NN $, ART NE $, ART ADJA KON ADJA KON ADJA NN $.	Er machte den Menschen zu einem Spielball der in ihm selber schlummernden dämonischen Gewalten , des Wahnsinns , der Phantasmorasie , der magnetischen und sympathetischen oder antipathetischen Naturkräfte .
Spielball	NN	1849	1	michelet_loesung_1849-475-9	 	Sehen wir denn nicht, daß wir nur der Spielball auswärtiger Mächte sind, welche mit den alten, in London gesponnenen Künsten der tückischen Staatsklugheit Metternich’s das Zustandekommen einer starken Macht im Herzen Europa’s um alles verhindern wollen.	38:47	0:253	Sehen wir denn nicht , daß wir nur der Spielball auswärtiger Mächte ſind , welche mit den alten , in London geſponnenen Künſten der tückiſchen Staatsklugheit Metternich’s das Zuſtandekommen einer ſtarken Macht im Herzen Europa’s um alles verhindern wollen .	9	0:40	sehen wir denn nicht , daß wir nur d Spielball auswärtig Macht sein , welche mit d alt , in London gespinnen Kunst d tückisch Staatsklugheit Metternich d Zustandekommen eine stark Macht im Herz Europa um alle verhindern wollen .	VVFIN PPER ADV PTKNEG $, KOUS PPER ADV ART NN ADJA NN VAFIN $, PRELS APPR ART ADJA $, APPR NE ADJA NN ART ADJA NN NE ART NN ART ADJA NN APPRART NN NN APPR PIS VVINF VMINF $.	Sehen wir denn nicht , daß wir nur der Spielball auswärtiger Mächte sind , welche mit den alten , in London gesponnenen Künsten der tückischen Staatsklugheit Metternich's das Zustandekommen einer starken Macht im Herzen Europa's um alles verhindern wollen .
Spielball	NN	1899	1	natorp_sozialpaedagogik_1899-2760-36	 	In solcher Vertiefung streift auch das „Gute“ ganz den weichlichen Sinn des blossen Mitgefühls ab, und enthüllt sich als sein echter Sinn der des Gesetzlichen, darin wurzelnd, dass der Mensch nicht Spielball seiner wogenden Gefühle sein oder bleiben, sondern im gesetzmässigen Grunde des eigenen Selbstbewusstseins sich festgründen will.	198:207	0:337	In solcher Vertiefung streift auch das „ Gute “ ganz den weichlichen Sinn des blossen Mitgefühls ab , und enthüllt sich als sein echter Sinn der des Gesetzlichen , darin wurzelnd , dass der Mensch nicht Spielball seiner wogenden Gefühle sein oder bleiben , sondern im gesetzmässigen Grunde des eigenen Selbstbewusstseins sich festgründen will .	36	0:55	in solch Vertiefung streifen auch d " Gut " ganz d weichlich Sinn d bloß Mitgefühl ab , und enthüllen sich als sein echt Sinn d d gesetzlich , darin wurzeln , dass d Mensch nicht Spielball seine wogend Gefühl sein oder bleiben , sondern im gesetzmässig Grund d eigen Selbstbewußtsein sich Festgrund wollen .	APPR PIAT NN VVFIN ADV ART $( NN $( ADV ART ADJA NN ART ADJA NN PTKVZ $, KON VVFIN PRF KOKOM PPOSAT ADJA NN ART ART ADJA $, PAV VVPP $, KOUS ART NN PTKNEG NN PPOSAT ADJA NN VAINF KON VVINF $, KON APPRART ADJA NN ART ADJA NN PRF NN VMFIN $.	In solcher Vertiefung streift auch das " Gute " ganz den weichlichen Sinn des bloßen Mitgefühls ab , und enthüllt sich als sein echter Sinn der des Gesetzlichen , darin wurzelnd , dass der Mensch nicht Spielball seiner wogenden Gefühle sein oder bleiben , sondern im gesetzmässigen Grunde des eigenen Selbstbewusstseins sich Festgründen will .
Spielball	NN	1848	1	nn_nrhz138_1848-295-5	 	Bis jetzt waren wir der Spielball der Wiener Politiker, den sie nach Gefallen bald hier-, bald dorthin warfen; wir waren das Mäuschen, mit dem der alte Kater Murr tändelte, weil er keine Zähne und Krallen hatte; jetzt haben wir uns ein wenig geändert; denn aus dem sich selbst unbewußten Spielball, aus der verächtlichen Maus sind wir selbstbewußte Hunde geworden, welche die Hand des Herrn lecken, wenn er sie schlägt.	24:33	0:419	Bis jetzt waren wir der Spielball der Wiener Politiker , den sie nach Gefallen bald hier- , bald dorthin warfen ; wir waren das Mäuschen , mit dem der alte Kater Murr tändelte , weil er keine Zähne und Krallen hatte ; jetzt haben wir uns ein wenig geändert ; denn aus dem sich selbst unbewußten Spielball , aus der verächtlichen Maus sind wir selbstbewußte Hunde geworden , welche die Hand des Herrn lecken , wenn er sie schlägt .	5	0:80	bis jetzt sein wir d Spielball d Wiener Politiker , die sie nach Gefallen bald hier- , bald dorthin werfen ; wir sein d Mauschen , mit die d alt Kater Murr tändeln , weil er keine Zahn und Kralle haben ; jetzt haben wir uns eine wenig ändern ; denn aus die sich selbst unbewußt Spielball , aus d verächtlich Maus sein wir selbstbewußt Hund werden , welche d Hand d Herr lecken , wenn er sie schlagen .	APPR ADV VAFIN PPER ART NN ART ADJA NN $, PRELS PPER APPR NN ADV TRUNC $, ADV ADV VVFIN $. PPER VAFIN ART NN $, APPR PRELS ART ADJA NN NE VVFIN $, KOUS PPER PIAT NN KON NN VAFIN $. ADV VAFIN PPER PRF ART PIS VVPP $. KON APPR PRELS PRF ADV ADJA NN $, APPR ART ADJA NN VAFIN PPER ADJA NN VAPP $, PRELS ART NN ART NN VVINF $, KOUS PPER PPER VVFIN $.	Bis jetzt waren wir der Spielball der Wiener Politiker , den sie nach Gefallen bald hier- , bald dorthin warfen ; wir waren das Mäuschen , mit dem der alte Kater Murr tändelte , weil er keine Zähne und Krallen hatte ; jetzt haben wir uns ein wenig geändert ; denn aus dem sich selbst unbewußten Spielball , aus der verächtlichen Maus sind wir selbstbewußte Hunde geworden , welche die Hand des Herrn lecken , wenn er sie schlägt .
Spielball	NN	1848	1	nn_nrhz179_1848-278-35	 	Mit welchem Rechte Ferdinand seinen Neffen zum König ernannte, mit eben demselben Rechte kbnnte er seine Ernennung wieder zurücknehmen, falls ihm ein Sohn geboren würde, und so möchte das Land bloß ein Spielball des östreichischen Hauses sein.	202:211	0:243	Mit welchem Rechte Ferdinand seinen Neffen zum König ernannte , mit eben demselben Rechte kbnnte er seine Ernennung wieder zurücknehmen , falls ihm ein Sohn geboren würde , und so möchte das Land bloß ein Spielball des östreichischen Hauses sein .	35	0:41	mit welchem Rechte Ferdinand seine Neffe zum König ernennen , mit eben demselben Rechte kbnnte er seine Ernennung wieder zurücknehmen , falls er eine Sohn gebären werden , und so mögen d Land bloß eine Spielball d österreichisch Haus sein .	APPR PWAT NN NE PPOSAT NN APPRART NN VVFIN $, APPR ADV PDAT NN VVFIN PPER PPOSAT NN ADV VVINF $, KOUS PPER ART NN VVPP VAFIN $, KON ADV VMFIN ART NN ADV ART NN ART ADJA NN VAINF $.	Mit welchem Rechte Ferdinand seinen Neffen zum König ernannte , mit eben demselben Rechte kbnnte er seine Ernennung wieder zurücknehmen , falls ihm ein Sohn geboren würde , und so möchte das Land bloß ein Spielball des österreichischen Hauses sein .
Spielball	NN	1848	1	nn_nrhz218_1849-205-10	 	Uebrigens sei die Zeit vorüber, wo die Völker ein Spielball der Cabinetsstaatskunst gewesen seien, und sie werde hoffentlich niemals wiederkehren.	50:59	0:146	Uebrigens sei die Zeit vorüber , wo die Völker ein Spielball der Cabinetsstaatskunst gewesen seien , und sie werde hoffentlich niemals wiederkehren .	10	0:23	übrigens sein d Zeit vorüber , wo d Volk eine Spielball d Kabinettsstaatskunst sein sein , und sie werden hoffentlich niemals wiederkehren .	ADV VAFIN ART NN PTKVZ $, PWAV ART NN ART NN ART NN VAPP VAFIN $, KON PPER VAFIN ADV ADV VVINF $.	Übrigens sei die Zeit vorüber , wo die Völker ein Spielball der Kabinettsstaatskunst gewesen seien , und sie werde hoffentlich niemals wiederkehren .
Spielball	NN	1882	1	treitschke_geschichte02_1882-4559-1	 	Der Spielball zweier feindlicher Nationen hatte das anstellige, unermüdlich betriebsame Volk den Unsegen kleinfürstlicher Willkür, wiederholter Religionsverfolgungen, gräßlicher Verwüstungen mit erstaunlicher Lebenskraft überstanden und erst unter den Präfekten des Kaiserreichs wieder eine gesicherte bürgerliche Ordnung erlangt.	4:13	0:330	Der Spielball zweier feindlicher Nationen hatte das anſtellige , unermüdlich betriebſame Volk den Unſegen kleinfürſtlicher Willkür , wiederholter Religionsverfolgungen , gräßlicher Verwüſtungen mit erſtaunlicher Lebenskraft überſtanden und erſt unter den Präfekten des Kaiſerreichs wieder eine geſicherte bürgerliche Ordnung erlangt .	1	0:40	d Spielball zweier feindlich Nation haben d anstellig , unermüdlich betriebsam Volk d Unsegen kleinfürstlich Willkür , wiederholt Religionsverfolgung , gräßlich Verwüstung mit erstaunlich Lebenskraft überstehen und erst unter d Präfekt d Kaiserreich wieder eine gesichert bürgerlich Ordnung erlangen .	ART NN ADJA ADJA NN VAFIN ART ADJA $, ADJD ADJA NN ART NN ADJA NN $, ADJA NN $, ADJA NN APPR ADJA NN VVPP KON ADV APPR ART NN ART NN ADV ART ADJA ADJA NN VVPP $.	Der Spielball zweier feindlicher Nationen hatte das anstellige , unermüdlich betriebsame Volk den Unsegen kleinfürstlicher Willkür , wiederholter Religionsverfolgungen , gräßlicher Verwüstungen mit erstaunlicher Lebenskraft überstanden und erst unter den Präfekten des Kaiserreichs wieder eine gesicherte bürgerliche Ordnung erlangt .
