lemma	pos	date	grouping	identifier	description	context	indexes_target_token	indexes_target_sentence	context_tokenized	indexes_target_token_tokenized	indexes_target_sentence_tokenized	context_lemmatized	context_pos	context_normalized
ausspannen	VVPP	1953	2	2532889X_1953-02-14_01_066.tcf.xml-30-15	 	Das hatte Kumiak jedesmal richtig und empfindlich gespürt, wenn er einmal aus jeder Arbeit ausgespannt war.	91:102	0:107	Das hatte Kumiak jedesmal richtig und empfindlich gespürt , wenn er einmal aus jeder Arbeit ausgespannt war .	15	0:18	die haben Kumiak jedesmal richtig und empfindlich spüren , wenn er einmal aus jede Arbeit ausspannen sein .	PDS VAFIN NE ADV ADJD KON ADJD VVPP $, KOUS PPER ADV APPR PIAT NN VVPP VAFIN $.	
ausspannen	VVPP	1954	2	2532889X_1954-09-12_01_130.tcf.xml-15-16	 	Am Barren ist das eine Auffangvorrichtung, eine Matte, die dicht über dem Boden straff ausgespannt ist und Stürze vom Gerät ungefährlich macht.	87:98	0:143	Am Barren ist das eine Auffangvorrichtung , eine Matte , die dicht über dem Boden straff ausgespannt ist und Stürze vom Gerät ungefährlich macht .	16	0:25	am Barren sein die eine Auffangvorrichtung , eine Matte , die dicht über d Boden straff ausspannen sein und Sturz vom Gerät ungefährlich machen .	APPRART NN VAFIN PDS ART NN $, ART NN $, PRELS ADJD APPR ART NN ADJD VVPP VAFIN KON NN APPRART NN ADJD VVFIN $.	
ausspannen	VVFIN	1959	2	2532889X_1959-08-15_01_134.tcf.xml-39-12	 	Schafft Möglichkeiten sportlicher Betätigung, richtet Erholungsparks ein, damit die Werktätigen ausspannen kön -	96:106	0:112	Schafft Möglichkeiten sportlicher Betätigung , richtet Erholungsparks ein , damit die Werktätigen ausspannen kön -	12	0:15	schaffen Möglichkeit sportlich Betätigung , richten Erholungspark ein , damit d Werktätige ausspannen Kön -	VVFIN NN ADJA NN $, VVFIN NN PTKVZ $, KOUS ART NN VVFIN NE $(	
ausspannen	VVINF	1961	2	2532889X_1961-02-17_01_046.tcf.xml-35-11	 	„Wir wären auch froh, wenn wir einmal einen Tag ausspannen könnten, ergänzte ihn Herbert Vogt.	48:58	0:94	„ Wir wären auch froh , wenn wir einmal einen Tag ausspannen könnten , ergänzte ihn Herbert Vogt .	11	0:19	„ wir sein auch froh , wenn wir einmal eine Tag ausspannen können , ergänzen er Herbert Vogt .	$( PPER VAFIN ADV ADJD $, KOUS PPER ADV ART NN VVINF VMFIN $, VVFIN PPER NE NE $.	
ausspannen	VVIZU	1961	2	2532889X_1961-10-28_01_150.tcf.xml-8-8	 	Jeder schaffende Mensch braucht ein Zuhause, um auszuspannen und neue Kräfte zu sammeln.	48:60	0:88	Jeder schaffende Mensch braucht ein Zuhause , um auszuspannen und neue Kräfte zu sammeln .	8	0:15	jede schaffend Mensch brauchen eine Zuhause , um ausspannen und neu Kraft zu sammeln .	PIAT ADJA NN VVFIN ART NN $, KOUI VVIZU KON ADJA NN PTKZU VVINF $.	
ausspannen	VVIZU	1966	2	2532889X_1966-01-11_01_157.tcf.xml-24-12	 	Seine Ärzte rieten ihm bereits eine Woche nach seinem Amtsantritt. zeitweilig auszuspannen.	78:90	0:91	Seine Ärzte rieten ihm bereits eine Woche nach seinem Amtsantritt . zeitweilig auszuspannen .	12	0:14	seine Arzt raten er bereits eine Woche nach seine Amtsantritt . zeitweilig ausspannen .	PPOSAT NN VVFIN PPER ADV ART NN APPR PPOSAT NN $. ADJD VVIZU $.	
ausspannen	VVPP	1969	2	2532889X_1969-03-19_01_076.tcf.xml-69-7	 	Einem Gemüsehändler wird von Studenten der Karren ausgespannt, auf und um ihn spielen sie Agitationsszenen über eine Arbeiterfamilie, die sich nur sehr mühselig zum Widerstand gegen den Unternehmer bewegen läßt.	50:61	0:211	Einem Gemüsehändler wird von Studenten der Karren ausgespannt , auf und um ihn spielen sie Agitationsszenen über eine Arbeiterfamilie , die sich nur sehr mühselig zum Widerstand gegen den Unternehmer bewegen läßt .	7	0:33	eine Gemüsehändler werden von Student d Karren ausspannen , auf und um er spielen sie Agitationsszene über eine Arbeiterfamilie , die sich nur sehr mühselig zum Widerstand gegen d Unternehmer bewegen lassen .	ART NN VAFIN APPR NN ART NN VVPP $, APPR KON APPR PPER VVFIN PPER NN APPR ART NN $, PRELS PRF ADV ADV ADJD APPRART NN APPR ART NN VVINF VVFIN $.	
ausspannen	VVIZU	1973	2	2532889X_1973-06-04_01_063.tcf.xml-13-23	 	Womacka erweist sich in diesem Genre ebenfalls als begabter Kolorist, der zudem jede Bildfläche mit seiner kraftvollen, oft dekorativen Malerei voll auszuspannen versteht.	149:161	0:171	Womacka erweist sich in diesem Genre ebenfalls als begabter Kolorist , der zudem jede Bildfläche mit seiner kraftvollen , oft dekorativen Malerei voll auszuspannen versteht .	23	0:26	Womacka erweisen sich in diese Genre ebenfalls als begabt Kolorist , die zudem jede Bildfläche mit seine kraftvoll , oft dekorativ Malerei voll ausspannen verstehen .	NE VVFIN PRF APPR PDAT NN ADV KOUS ADJA NN $, PRELS PAV PIAT NN APPR PPOSAT ADJA $, ADV ADJA NN ADJD VVIZU VVFIN $.	
ausspannen	VVPP	1980	2	2532889X_1980-10-18_01_072.tcf.xml-9-15	 	Roselo bekommt seine Julia, Freund Anselmo Dorotea, die zuvor flugs noch Julias Vater ausgespannt wird, und als drittes Paar besiegeln die Diener Celia und Marin ihren Bund.	86:97	0:173	Roselo bekommt seine Julia , Freund Anselmo Dorotea , die zuvor flugs noch Julias Vater ausgespannt wird , und als drittes Paar besiegeln die Diener Celia und Marin ihren Bund .	15	0:31	Roselo bekommen seine Julia , Freund Anselmo Dorotea , die zuvor flugs noch Julias Vater ausspannen werden , und als dritt Paar besiegeln d Diener Celia und Marin ihr Bund .	NE VVFIN PPOSAT NE $, NN NE NE $, PRELS ADV ADV ADV NN NN VVPP VAFIN $, KON KOUS ADJA NN VVFIN ART NN NE KON NE PPOSAT NN $.	
ausspannen	VVINF	1981	2	2532889X_1981-05-02_01_137.tcf.xml-113-29	 	Er weiß, welches Stehvermögen einer haben muß, der wie Angela manchmal pro Schicht 1000 Teile drehen muß, zwei Stück in jeder Minute einspannen, drehen, ausspannen.	153:163	0:164	Er weiß , welches Stehvermögen einer haben muß , der wie Angela manchmal pro Schicht 1000 Teile drehen muß , zwei Stück in jeder Minute einspannen , drehen , ausspannen .	29	0:31	er wissen , welches Stehvermögen eine haben müssen , die wie Angela manchmal pro Schicht 1000 Teil drehen müssen , zwei Stück in jede Minute einspannen , drehen , ausspannen .	PPER VVFIN $, PWAT NN PIS VAINF VMFIN $, PRELS KOKOM NE ADV APPR NN CARD NN VVINF VMFIN $, CARD NN APPR PIAT NN VVINF $, VVFIN $, VVINF $.	
ausspannen	VVPP	1982	2	2532889X_1982-03-23_01_152.tcf.xml-37-11	 	Ozelot mußte versorgt werden, wurde in den Stall gefahren, ausgespannt und abgeschirrt.	59:70	0:87	Ozelot mußte versorgt werden , wurde in den Stall gefahren , ausgespannt und abgeschirrt .	11	0:15	Ozelot müssen versorgen werden , werden in d Stall fahren , ausspannen und abschirren .	NN VMFIN VVPP VAINF $, VAFIN APPR ART NN VVPP $, VVPP KON VVPP $.	
ausspannen	VVINF	1988	2	2532889X_1988-09-29_01_066.tcf.xml-14-10	 	Doch jetzt ist für uns alles vorbei und wir können ausspannen.	51:61	0:62	Doch jetzt ist für uns alles vorbei und wir können ausspannen .	10	0:12	doch jetzt sein für wir alle vorbei und wir können ausspannen .	KON ADV VAFIN APPR PPER PIS PTKVZ KON PPER VMFIN VVINF $.	
ausspannen	VVFIN	1947	2	26120215_1947_10_31_01_042.tcf.xml-21-32	 	Das rote Spieltuch, die pastellzart getönten Kostüme, das prachtvolle Konzert der Figuren-und Gruppjenbewegung und der Zauber dieses späten Strawinsky, der seinen Bogen über drei Jahrhunderte europäischer Mu-•ik ausspannt und doch stets originell bleibt wer hätte sich dieser dichten ruhelosen Faszination entziehen können	212:221	0:322	Das rote Spieltuch , die pastellzart getönten Kostüme , das prachtvolle Konzert der Figuren- und Gruppjenbewegung und der Zauber dieses späten Strawinsky , der seinen Bogen über drei Jahrhunderte europäischer Mu- •ik ausspannt und doch stets originell bleibt wer hätte sich dieser dichten ruhelosen Faszination entziehen können	32	0:47	d rot Spieltuch , die pastellzart getönt Kostüm , d prachtvoll Konzert d figuren- und Gruppjenbewegung und d Zauber diese spät Strawinsky , die seine Bogen über drei Jahrhundert europäisch mu- •ik ausspannen und doch stets originell bleiben wer haben sich diese dicht ruhelos Faszination entziehen können	ART ADJA NN $, PRELS ADJD ADJA NN $, ART ADJA NN ART TRUNC KON NE KON ART NN PDAT ADJA NE $, PRELS PPOSAT NN APPR CARD NN ADJA TRUNC NN VVFIN KON ADV ADV ADJD VVFIN PWS VAFIN PRF PDAT ADJA ADJA NN VVINF VMINF	
ausspannen	VVPP	1954	2	26120215_1954_01_26_01_178.tcf.xml-21-9	 	habe Reinhard Gehlen in den letzten Jahren sein Netz ausgespannt.	53:64	0:65	habe Reinhard Gehlen in den letzten Jahren sein Netz ausgespannt .	9	0:11	haben Reinhard Gehlen in d letzte Jahr sein Netz ausspannen .	VAFIN NE NE APPR ART ADJA NN PPOSAT NN VVPP $.	
ausspannen	VVINF	1955	2	26120215_1955_05_26_01_040.tcf.xml-48-36	 	„Wollen Se'n mia abkoofen?" sagte der Kutscher, der mit philosophischer Ruhe diese Auseinandersetzungen angehört hatte, „For flnf Jroschen jerne" — sagte Onkel KarL „denn können Se 'n jleich ausspannen!	191:201	0:202	„ Wollen Se'n mia abkoofen ? " sagte der Kutscher , der mit philosophischer Ruhe diese Auseinandersetzungen angehört hatte , „ For flnf Jroschen jerne " — sagte Onkel KarL „ denn können Se 'n jleich ausspannen !	36	0:38	„ wollen se'n mia abkoofen ? " sagen d Kutscher , die mit philosophisch Ruhe diese Auseinandersetzung anhören haben , „ for flnf jroschen jerne " — sagen Onkel Karl „ denn können Se eine Jleich ausspannen !	$( FM FM FM FM $. $( VVFIN ART NN $, PRELS APPR ADJA NN PDAT NN VVPP VAFIN $, $( FM FM FM FM $( $( VVFIN NN NE $( ADV VMFIN NE ART NN VVINF $.	
ausspannen	VVINF	1955	2	26120215_1955_12_18_02_208.tcf.xml-34-10	 	Sie haben ahnlich wie Fledermäuse eine Flughaut, die sie ausspannen und sich damit im Gleitflug halten.	57:67	0:103	Sie haben ahnlich wie Fledermäuse eine Flughaut , die sie ausspannen und sich damit im Gleitflug halten .	10	0:18	sie haben ahnelich wie Fledermaus eine Flughaut , die sie ausspannen und sich damit im Gleitflug halten .	PPER VAFIN ADJD KOKOM NN ART NN $, PRELS PPER VVINF KON PRF PAV APPRART NN VVINF $.	
ausspannen	VVINF	1960	2	26120215_1960_04_15_01_377.tcf.xml-13-12	 	„Herbert Wendler, unser eifriger kleiner Soldat, soll mir Ilona ausspannen?!	64:74	0:76	„ Herbert Wendler , unser eifriger kleiner Soldat , soll mir Ilona ausspannen ?!	12	0:14	„ Herbert Wendler , unsere eifrig klein Soldat , sollen ich Ilona ausspannen ?!	$( NE NE $, PPOSAT ADJA ADJA NN $, VMFIN PPER NE VVINF $.	
ausspannen	VVINF	1968	2	26120215_1968_11_17_01_570.tcf.xml-28-9	 	Schließlich müssen die Wasserfahrzeuge auch einmal im Jahr.. ausspannen" und eine Generaldurchsicht über sich ergehen lassen, damit sie für die kommende Saison wieder voll einsatzfähig sind.	61:71	0:190	Schließlich müssen die Wasserfahrzeuge auch einmal im Jahr .. ausspannen " und eine Generaldurchsicht über sich ergehen lassen , damit sie für die kommende Saison wieder voll einsatzfähig sind .	9	0:30	schließlich müssen d Wasserfahrzeug auch einmal im Jahr .. ausspannen " und eine Generaldurchsicht über sich ergehen lassen , damit sie für d kommend Saison wieder voll einsatzfähig sein .	ADV VMFIN ART NN ADV ADV APPRART NN $( VVINF $( KON ART NN APPR PRF VVINF VVINF $, KOUS PPER APPR ART ADJA NN ADV ADJD ADJD VAFIN $.	
ausspannen	VVPP	1970	2	26120215_1970_06_01_01_089.tcf.xml-75-11	 	„Den Garnisonskarzer „Da hätt ich gern mal acht Tage ausgespannt", versetzte Stas giftig.	53:64	0:89	„ Den Garnisonskarzer „ Da hätt ich gern mal acht Tage ausgespannt " , versetzte Stas giftig .	11	0:18	„ d Garnisonskarzer „ da hätt ich gern mal acht Tag ausspannen " , versetzen Stas giftig .	$( ART NN $( ADV VAFIN PPER ADV ADV CARD NN VVPP $( $, VVFIN NE ADJD $.	
ausspannen	VVINF	1973	2	26120215_1973_08_22_01_053.tcf.xml-18-4	 	Nun aber erst mal ausspannen — nichts tun und,.. Heir atspläne schmieden.	18:28	0:73	Nun aber erst mal ausspannen — nichts tun und , . . Heir atspläne schmieden .	4	0:16	nun aber erst mal ausspannen — nichts tun und , . . Heir Atspläne schmieden .	ADV ADV ADV ADV VVINF $( PIS VVINF KON $, $. $. NE NE VVINF $.	
ausspannen	VVFIN	1975	2	26120215_1975_09_02_01_194.tcf.xml-13-12	 	Wer in diesen Wochen in Bansin, Heringsdorf oder Ahlbeck vom Alltag ausspannt, dem empfehlen wir, schöne Ausflüge zu unternehmen.	68:77	0:129	Wer in diesen Wochen in Bansin , Heringsdorf oder Ahlbeck vom Alltag ausspannt , dem empfehlen wir , schöne Ausflüge zu unternehmen .	12	0:23	wer in diese Woche in Bansin , Heringsdorf oder Ahlbeck vom Alltag ausspannen , d empfehlen wir , schön Ausflug zu unternehmen .	PWS APPR PDAT NN APPR NE $, NE KON NE APPRART NN VVFIN $, ART VVFIN PPER $, ADJA NN PTKZU VVINF $.	
ausspannen	VVFIN	1977	2	26120215_1977_10_15_01_409.tcf.xml-12-6	 	Der historische Hof, wo sie ausspannten und in gewölbeartigen Räumlichkeiten übernachteten — ein Motel der Pferdewagenzeit sozusagen—, beherbergt heute hinter gepflegten Fassaden Boutiquen und Antiquitätenläden.	28:39	0:211	Der historische Hof , wo sie ausspannten und in gewölbeartigen Räumlichkeiten übernachteten — ein Motel der Pferdewagenzeit sozusagen— , beherbergt heute hinter gepflegten Fassaden Boutiquen und Antiquitätenläden .	6	0:28	d historisch Hof , wo sie ausspannen und in gewölbeartig Räumlichkeit übernachten — eine Motel d Pferdewagenzeit sozusagen— , beherbergen heute hinter gepflegt Fassade Boutique und Antiquitätenladen .	ART ADJA NN $, PWAV PPER VVFIN KON APPR ADJA NN VVFIN $( ART NN ART NN VVFIN $, VVFIN ADV APPR ADJA NN NN KON NN $.	
ausspannen	VVIZU	1985	2	26120215_1985_09_12_01_093.tcf.xml-45-28	 	Die Indianer beoba chteten die drei Männer, die soeben das Ufer erstiegen, auf der Steilwand das Gebüsch abzuschlagen und eine Möglichkeit zu schaffen, ihre Hangematten auszuspannen und ein Lagerfeuer zu entfachen.	169:181	0:214	Die Indianer beoba chteten die drei Männer , die soeben das Ufer erstiegen , auf der Steilwand das Gebüsch abzuschlagen und eine Möglichkeit zu schaffen , ihre Hangematten auszuspannen und ein Lagerfeuer zu entfachen .	28	0:35	d Indianer Beoba Chteten d drei Mann , die soeben d Ufer ersteigen , auf d Steilewand d Gebüsch abschlagen und eine Möglichkeit zu schaffen , ihr Hangematte ausspannen und eine Lagerfeuer zu entfachen .	ART NN NE NE ART CARD NN $, PRELS ADV ART NN VVPP $, APPR ART NN ART NN VVIZU KON ART NN PTKZU VVINF $, PPOSAT NN VVIZU KON ART NN PTKZU VVINF $.	
ausspannen	VVIZU	1985	2	26120215_1985_11_06_01_226.tcf.xml-36-23	 	Er hielt es für ratsam, den Einbaum an einer günstigen Stelle zu versenken, die steile Böschung zu ersteigen und die Hangematten auszuspannen.	129:141	0:142	Er hielt es für ratsam , den Einbaum an einer günstigen Stelle zu versenken , die steile Böschung zu ersteigen und die Hangematten auszuspannen .	23	0:25	er halten es für ratsam , d Einbaum an eine günstig Stelle zu versenken , d steil Böschung zu ersteigen und d Hangematte ausspannen .	PPER VVFIN PPER APPR ADJD $, ART NN APPR ART ADJA NN PTKZU VVINF $, ART ADJA NN PTKZU VVINF KON ART NN VVIZU $.	
ausspannen	VVPP	1988	2	26120215_1988_12_20_01_113.tcf.xml-11-4	 	Die erschöpften Tiere waren ausgespannt worden, und neue, behauptete der Amtmann steif und fest gegenüber Hardenberg, der sich sogleich eingeschaltet hatte, wären im Dorfe nicht mehr vorhanden.	28:39	0:193	Die erschöpften Tiere waren ausgespannt worden , und neue , behauptete der Amtmann steif und fest gegenüber Hardenberg , der sich sogleich eingeschaltet hatte , wären im Dorfe nicht mehr vorhanden .	4	0:32	die erschöpfen Tier sein ausspannen werden , und neu , behaupten d Amtmann steif und fest gegenüber Hardenberg , die sich sogleich einschalten haben , sein im Dorf nicht mehr vorhanden .	PDS VVFIN NN VAFIN VVPP VAPP $, KON ADJA $, VVFIN ART NN ADJD KON ADJD APPR NE $, PRELS PRF ADV VVPP VAFIN $, VAFIN APPRART NN PTKNEG ADV ADJD $.	
ausspannen	VVIZU	1852	1	alexis_ruhe03_1852-4633-13	 	Anspach konnten wir nicht schützen; um Hannover brauchen wir nur den Arm auszuspannen.“	73:85	0:87	Anſpach konnten wir nicht ſchützen ; um Hannover brauchen wir nur den Arm auszuſpannen . “	13	0:16	Anspach können wir nicht schützen ; um Hannover brauchen wir nur d Arm ausspannen . "	NE VMFIN PPER PTKNEG VVINF $. APPR NE VVFIN PPER ADV ART NN VVIZU $. $(	Anspach konnten wir nicht schützen ; um Hannover brauchen wir nur den Arm auszuspannen . "
ausspannen	VVPP	1852	1	alexis_ruhe04_1852-4102-41	 	Jenes abscheuliche Weib — o sie war noch die Beste, sie wollte mich nur einfach verderben; da war ich unschuldig; wie der Vogel, der aus dem Neste flattert, fiel ich in das Netz, das sie ausgespannt.	187:198	0:199	Jenes abſcheuliche Weib — o ſie war noch die Beſte , ſie wollte mich nur einfach verderben ; da war ich unſchuldig ; wie der Vogel , der aus dem Neſte flattert , fiel ich in das Netz , das ſie ausgeſpannt .	41	0:43	jen abscheulich Weib -- o sie sein noch d Beste , sie wollen ich nur einfach verderben ; da sein ich unschuldig ; wie d Vogel , die aus d Nest flattern , fallen ich in d Netz , die sie ausspannen .	PDAT ADJA NN $( FM PPER VAFIN ADV ART NN $, PPER VMFIN PPER ADV ADJD VVFIN $. ADV VAFIN PPER ADJD $. KOKOM ART NE $, PRELS APPR ART NN VVFIN $, VVFIN PPER APPR ART NN $, PRELS PPER VVPP $.	Jenes abscheuliche Weib -- o sie war noch die Beste , sie wollte mich nur einfach verderben ; da war ich unschuldig ; wie der Vogel , der aus dem Neste flattert , fiel ich in das Netz , das sie ausgespannt .
ausspannen	VVFIN	1835	1	baumstark_encyclopaedie_1835-8093-35	 	Das Andere ist entweder eine mit Tuchlappen behängte ausgespannte Leine, oder ein eben solcher mit Raubvögelkielen versehener Bindfaden, welche man auf Stangen und Stäben, die mit Haken versehen sind, zum Zurückscheuchen ausspannt (dockt).	221:230	0:239	Das Andere iſt entweder eine mit Tuchlappen behängte ausgeſpannte Leine , oder ein eben ſolcher mit Raubvögelkielen verſehener Bindfaden , welche man auf Stangen und Stäben , die mit Haken verſehen ſind , zum Zurückſcheuchen ausſpannt ( dockt ) .	35	0:40	die andere sein entweder eine mit Tuchlappen behängen ausgespannt Leine , oder eine eben solch mit Raubvogelkiel versehen Bindfaden , welche man auf Stange und Stab , die mit Haken versehen sein , zum Zurückscheuchen ausspannen ( docken ) .	PDS PIS VAFIN KON ART APPR NN VVFIN ADJA NN $, KON ART ADV PIAT APPR NN ADJA NN $, PRELS PIS APPR NN KON NN $, PRELS APPR NN VVPP VAFIN $, APPRART NN VVFIN $( VVFIN $( $.	Das Andere ist entweder eine mit Tuchlappen behängte ausgespannte Leine , oder ein eben solcher mit Raubvögelkiele versehener Bindfaden , welche man auf Stangen und Stäben , die mit Haken versehen sind , zum Zurückscheuchen ausspannt ( dockt ) .
ausspannen	VVPP	1807	1	blumenbach_knochen_1807-2733-21	 	Der Zapfen sitzt gleichsam auf einem etwas schmalern Halse, hinter welchem das Querband im ersten Wirbel (§. 226.) ausgespannt ist.	115:126	0:131	Der Zapfen sitzt gleichsam auf einem etwas schmalern Halse , hinter welchem das Querband im ersten Wirbel ( §. 226. ) ausgespannt ist .	21	0:24	d Zapfen sitzen gleichsam auf eine etwas schmal Halse , hinter welche d Querband im erst Wirbel ( §. 226. ) ausspannen sein .	ART NN VVFIN ADJD APPR ART ADV ADJA NN $, APPR PRELS ART NN APPRART ADJA NN $( $( ADJA $( VVPP VAFIN $.	Der Zapfen sitzt gleichsam auf einem etwas schmaleren Halse , hinter welchem das Querband im ersten Wirbel ( §. 226. ) ausgespannt ist .
ausspannen	VVPP	1807	1	blumenbach_knochen_1807-4106-61	 	Diese äußere Seite der Schienbeinröhre wird von der benachbarten hintern durch den zweyten Rand (spina posterior s. exterior) abgesondert, der aber nur einer rauhen schmahlen Linie gleicht, die mit dem vordern scharfen Rande meist parallel von oben nach unten etwas rückwärts steigt, und zur Anlage des ligamenti interossei dienet, das zwischen beyden Röhren hetz Unterschenkels ausgespannt ist.	379:390	0:395	Diese äußere Seite der Schienbeinröhre wird von der benachbarten hintern durch den zweyten Rand ( spina posterior s. exterior ) abgesondert , der aber nur einer rauhen schmahlen Linie gleicht , die mit dem vordern scharfen Rande meist parallel von oben nach unten etwas rückwärts steigt , und zur Anlage des ligamenti interossei dienet , das zwischen beyden Röhren hetz Unterschenkels ausgespannt ist .	61	0:64	diese äußer Seite d Schienbeinröhre werden von d benachbart hinter durch d zweit Rand ( spina posterior s. Exterior ) absondern , die aber nur eine rauh schmal Linie gleichen , die mit d vorder scharf Rand meist parallel von oben nach unten etwas rückwärts steigen , und zur Anlage d ligamenti interossei dienen , die zwischen beide Röhre hetzen Unterschenkel ausspannen sein .	PDAT ADJA NN ART NN VAFIN APPR ART ADJA ADJA APPR ART ADJA NN $( FM FM VVIMP NE $( VVPP $, PRELS ADV ADV ART ADJA ADJA NN VVFIN $, PRELS APPR ART ADJA ADJA NN ADV ADJD APPR ADV APPR ADV ADV ADV VVFIN $, KON APPRART NN ART FM FM VVFIN $, PRELS APPR PIAT NN PTKVZ NN VVPP VAFIN $.	Diese äußere Seite der Schienbeinröhre wird von der benachbarten hinteren durch den zweiten Rand ( spina posterior s. exterior ) abgesondert , der aber nur einer rauhen schmalen Linie gleicht , die mit dem vorderen scharfen Rande meist parallel von oben nach unten etwas rückwärts steigt , und zur Anlage des ligamenti interossei dient , das zwischen beiden Röhren hetz Unterschenkels ausgespannt ist .
ausspannen	VVPP	1807	1	blumenbach_naturgeschichte_1807-823-25	 	Die Finger der Vorderfüße sind, den Daumen ausgenommen, länger als der ganze Körper dieser Thiere; und zwischen denselben ist die zarte Flatterhaut ausgespannt (§. 43.).	148:159	0:169	Die Finger der Vorderfüße sind , den Daumen ausgenommen , länger als der ganze Körper dieser Thiere ; und zwischen denselben ist die zarte Flatterhaut ausgespannt ( §. 43. ) .	25	0:31	d Finger d Vorderfuß sein , d Daumen ausnehmen , lang als d ganz Körper diese Tier ; und zwischen dieselbe sein d zart Flatterhaut ausspannen ( §. 43. ) .	ART NN ART NN VAFIN $, ART NN VVPP $, ADJD KOKOM ART ADJA NN PDAT NN $. KON APPR PDS VAFIN ART ADJA NN VVPP $( $( ADJA $( $.	Die Finger der Vorderfüße sind , den Daumen ausgenommen , länger als der ganze Körper dieser Tiere ; und zwischen denselben ist die zarte Flatterhaut ausgespannt ( §. 43. ) .
ausspannen	VVPP	1816	1	blumenbach_naturgeschichte_1816-481-20	 	Bey den Fledermäusen sind sie an den Vorderfüßen ungemein lang und dünne; und zwischen ihnen ist eine zarte Haut ausgespannt, die zum Flattern dient.	113:124	0:149	Bey den Fledermäusen sind sie an den Vorderfüßen ungemein lang und dünne ; und zwischen ihnen ist eine zarte Haut ausgespannt , die zum Flattern dient .	20	0:27	bei d Fledermaus sein sie an d Vorderfuß ungemein lang und dünne ; und zwischen sie sein eine zart Haut ausspannen , die zum Flattern dienen .	APPR ART NN VAFIN PPER APPR ART NN ADV ADJD KON ADJD $. KON APPR PPER VAFIN ART ADJA NN VVPP $, PRELS APPRART NN VVFIN $.	Bei den Fledermäusen sind sie an den Vorderfüßen ungemein lang und dünne ; und zwischen ihnen ist eine zarte Haut ausgespannt , die zum Flattern dient .
ausspannen	VVINF	1832	1	boerne_paris01_1832-2103-9	 	Daß die Deutschen ihren Fürsten und Sängerinnen die Pferde ausspannen, fällt mir nicht auf.	59:69	0:91	Daß die Deutſchen ihren Fürſten und Sängerinnen die Pferde ausſpannen , fällt mir nicht auf .	9	0:16	daß d Deutsche ihr Fürst und Sängerin d Pferd ausspannen , fällen ich nicht auf .	KOUS ART NN PPOSAT NN KON NN ART NN VVINF $, VVFIN PPER PTKNEG PTKVZ $.	Daß die Deutschen ihren Fürsten und Sängerinnen die Pferde ausspannen , fällt mir nicht auf .
ausspannen	VVFIN	1804	1	clodius_poetik01_1804-3729-19	 	Die Weisheit bey Salomo ist eine Tochter des Weltschöpfers, sie war bey ihm, als er die Himmel ausspannte, als sein Zögling, und freute sich seiner Erde.	95:105	0:153	Die Weisheit bey Salomo ist eine Tochter des Weltschöpfers , sie war bey ihm , als er die Himmel ausspannte , als sein Zögling , und freute sich seiner Erde .	19	0:31	d Weisheit bei Salomo sein eine Tochter d Weltschöpfer , sie sein bei er , als er d Himmel ausspannen , als sein Zögling , und freuen sich seine Erde .	ART NN APPR NE VAFIN ART NN ART NN $, PPER VAFIN APPR PPER $, KOUS PPER ART NN VVFIN $, KOKOM PPOSAT NN $, KON VVFIN PRF PPOSAT NN $.	Die Weisheit bei Salomo ist eine Tochter des Weltschöpfers , sie war bei ihm , als er die Himmel ausspannte , als sein Zögling , und freute sich seiner Erde .
ausspannen	VVINF	1893	1	eckstein_dudler_1893-128-6	 	Hübschen Köchinnen wird man die Pferde ausspannen; verdienstvolle Saucenkünstler werden in Lorbeer ersticken; Pastetenbäcker und Rôtisseurs geben Gastrollen zu tausend Dollars den Abend.	39:49	0:186	Hübschen Köchinnen wird man die Pferde ausspannen ; verdienstvolle Saucenkünstler werden in Lorbeer ersticken ; Pastetenbäcker und Rôtisseurs geben Gastrollen zu tausend Dollars den Abend .	6	0:26	hübsch Kochin werden man d Pferd ausspannen ; verdienstvoll Saucenkünstler werden in Lorbeer ersticken ; Pastetenbäcker und Rotisseur geben Gastrolle zu tausend Dollar d Abend .	ADJA NN VAFIN PIS ART NN VVINF $. ADJA NN VAFIN APPR NN VVINF $. NN KON NN VVFIN NN APPR CARD NN ART NN $.	Hübschen Köchinnen wird man die Pferde ausspannen ; verdienstvolle Saucenkünstler werden in Lorbeer ersticken ; Pastetenbäcker und Rotisseurs geben Gastrollen zu tausend Dollars den Abend .
ausspannen	VVPP	1882	1	fontane_brandenburg04_1882-617-18	 	Es war ganz ersichtlich der Krug, auch ein Schild schimmerte herüber, aber die Pferde waren nicht ausgespannt und fraßen einfach aus einer Stehkrippe.	98:109	0:150	Es war ganz erſichtlich der Krug , auch ein Schild ſchimmerte herüber , aber die Pferde waren nicht ausgeſpannt und fraßen einfach aus einer Stehkrippe .	18	0:26	es sein ganz ersichtlich d Krug , auch eine Schild schimmern herüber , aber d Pferd sein nicht ausspannen und fressen einfach aus eine Stehkrippe .	PPER VAFIN ADV ADJD ART NN $, ADV ART NN VVFIN APZR $, ADV ART NN VAFIN PTKNEG VVPP KON VVFIN ADV APPR ART NN $.	Es war ganz ersichtlich der Krug , auch ein Schild schimmerte herüber , aber die Pferde waren nicht ausgespannt und fraßen einfach aus einer Stehkrippe .
ausspannen	VVPP	1814	1	gottschalck_sagen_1814-2045-46	 	Zwischen Marksuhl und Vach, an der Leipziger Straße nach Frankfurt, giebt es bei dem hessischen Dorfe Dönges einen kleinen See, den man „Hautsee“ nennt, weil ein kleines Insekt, gleich einer Haut, auf seiner Oberfläche in großer Menge wie ausgespannt liegt.	239:250	0:257	Zwischen Marksuhl und Vach , an der Leipziger Straße nach Frankfurt , giebt es bei dem hessischen Dorfe Dönges einen kleinen See , den man „ Hautsee “ nennt , weil ein kleines Insekt , gleich einer Haut , auf seiner Oberfläche in großer Menge wie ausgespannt liegt .	46	0:49	zwischen Marksuhl und Vach , an d Leipziger Straße nach Frankfurt , geben es bei d hessisch Dorf Dönges eine klein See , d man " Hautsee " nennen , weil eine klein Insekt , gleich eine Haut , auf seine Oberfläche in groß Menge wie ausspannen liegen .	APPR NE KON NE $, APPR ART ADJA NN APPR NE $, VVFIN PPER APPR ART ADJA NN NE ART ADJA NN $, ART PIS $( NN $( VVFIN $, KOUS ART ADJA NN $, ADV ART NN $, APPR PPOSAT NN APPR ADJA NN KOKOM VVPP VVFIN $.	Zwischen Marksuhl und Vach , an der Leipziger Straße nach Frankfurt , gibt es bei dem hessischen Dorfe Dönges einen kleinen See , den man " Hautsee " nennt , weil ein kleines Insekt , gleich einer Haut , auf seiner Oberfläche in großer Menge wie ausgespannt liegt .
ausspannen	VVPP	1896	1	hug_familie_1896-6016-3	 	Kreuze also unbarmherzig ausgespannt wurdest, daß man alle Deine Glieder zählen konnte.	25:36	0:87	Kreuze also unbarmherzig ausgespannt wurdest , daß man alle Deine Glieder zählen konnte .	3	0:14	Kreuz also unbarmherzig ausspannen werden , daß man alle deine Glied zählen können .	NN ADV ADJD VVPP VAFIN $, KOUS PIS PIS PPOSAT NN VVINF VMFIN $.	Kreuze also unbarmherzig ausgespannt wurdest , daß man alle Deine Glieder zählen konnte .
ausspannen	VVIZU	1856	1	keller_seldwyla_1856-2820-11	 	Als er des andern Tages hinging, um das Garn abermals auszuspannen, kam eben ein Reiter daher, welcher einen schweren Mantelsack hinter sich hatte; in diesem war ein Loch, aus welchem von Zeit zu Zeit ein Goldstück auf die Erde fiel.	54:66	0:233	Als er des andern Tages hinging , um das Garn abermals auszuſpannen , kam eben ein Reiter daher , welcher einen ſchweren Mantelſack hinter ſich hatte ; in dieſem war ein Loch , aus welchem von Zeit zu Zeit ein Goldſtück auf die Erde fiel .	11	0:46	als er d ander Tag hingehen , um d Garn abermals ausspannen , kommen eben eine Reiter daher , welche eine schwer Mantelsack hinter sich haben ; in diese sein eine Loch , aus welche von Zeit zu Zeit eine Goldstück auf d Erde fallen .	KOUS PPER ART ADJA NN VVFIN $, KOUI ART NN ADV VVIZU $, VVFIN ADV ART NN PAV $, PRELS ART ADJA NN APPR PRF VAFIN $. APPR PDAT VAFIN ART NN $, APPR PRELS APPR NN APPR NN ART NN APPR ART NN VVFIN $.	Als er des anderen Tages hinging , um das Garn abermals auszuspannen , kam eben ein Reiter daher , welcher einen schweren Mantelsack hinter sich hatte ; in diesem war ein Loch , aus welchem von Zeit zu Zeit ein Goldstück auf die Erde fiel .
ausspannen	VVPP	1837	1	laube_europa0201_1837-327-10	 	Manasse und Joël waren schon abgestiegen, die Pferde waren ausgespannt und Thaddäus wartete seiner am Kutschersitze stehend.	59:70	0:124	Manaſſe und Joël waren ſchon abgeſtiegen , die Pferde waren ausgeſpannt und Thaddäus wartete ſeiner am Kutſcherſitze ſtehend .	10	0:19	Manasse und Joel sein schon absteigen , d Pferd sein ausspannen und Thaddäus warten seine am Kutschersitz stehend .	NE KON NE VAFIN ADV VVPP $, ART NN VAFIN VVPP KON NE VVFIN PPOSAT APPRART NN ADJD $.	Manasse und Joel waren schon abgestiegen , die Pferde waren ausgespannt und Thaddäus wartete seiner am Kutschersitze stehend .
ausspannen	VVINF	1839	1	rueckert_brahmane05_1839-2336-9	 	Wo jeder will die Welt mit seiner Spann ' ausspannen, In seiner Formeln Zwang die Kräft ' und Geister bannen.	42:52	0:109	Wo jeder will die Welt mit ſeiner Spann ' ausſpannen , In ſeiner Formeln Zwang die Kraͤft ' und Geiſter bannen .	9	0:22	wo jede wollen d Welt mit seine Spann ' ausspannen , in seine Formel Zwang d Kraft ' und Geist bannen .	PWAV PIS VMFIN ART NN APPR PPOSAT NN $( VVINF $, APPR PPOSAT NN NN ART NN $( KON NN VVINF $.	Wo jeder will die Welt mit seiner Spann ' ausspannen , In seiner Formeln Zwang die Kräfte ' und Geister bannen .
ausspannen	VVPP	1890	1	schroeder_logik01_1890-906-70	 	Speziell führt er an, dass unser „Donner“, „tonerre“, „tonitru“ etc. von derselben Sanscritwurzel „tan“ = strecken, spannen (dehnen?) abstammt, die auch im „Ton“ der gespannten Saite, sowie in „tendre“, lat „tener“ etc. und in „tenuis“, „dünn (ursprünglich = flach ausgespannt) zu finden!	265:276	0:288	Speziell führt er an , dass unser „ Donner “ , „ tonerre “ , „ tonitru “ etc . von derselben Sanscritwurzel „ tan “ = strecken , spannen ( dehnen ? ) abstammt , die auch im „ Ton “ der gespannten Saite , sowie in „ tendre “ , lat „ tener “ etc . und in „ tenuis “ , „ dünn ( ursprünglich = flach ausgespannt ) zu finden !	70	0:75	speziell führen er an , dass unsere " Donner " , " Tonerre " , " tonitru " et_cetera . von dieselbe Sanskritwurzel " tan " = strecken , spannen ( dehnen ? ) abstammen , die auch im " Ton " d gespannt Saite , sowie in " Tendre " , Lat " Tener " et_cetera . und in " tenuis " , " dünn ( ursprünglich = flach ausspannen ) zu finden !	ADJD VVFIN PPER PTKVZ $, KOUS PPOSAT $( NN $( $, $( NN $( $, $( FM $( ADV $. APPR PDAT NN $( XY $( XY VVINF $, VVINF $( VVINF $. $( VVFIN $, PRELS ADV APPRART $( NN $( ART ADJA NN $, KON APPR $( NE $( $, NE $( NE $( ADV $. KON APPR $( FM $( $, $( ADJD $( ADJD XY ADJD VVPP $( PTKZU VVINF $.	Speziell führt er an , dass unser " Donner " , " Tonerre " , " tonitru " etc . von derselben Sanskritwurzel " tan " = strecken , spannen ( dehnen ? ) abstammt , die auch im " Ton " der gespannten Saite , sowie in " tendre " , lat " tener " etc . und in " tenuis " , " dünn ( ursprünglich = flach ausgespannt ) zu finden !
ausspannen	VVPP	1808	1	schubert_naturwissenschaft_1808-1556-30	 	Einige von ihnen nähern sich auch noch dadurch den Vögeln, daß sie durch die lange Haut, welche, wie bey den Fledermäusen von den vordern und hintern Füßen ausgespannt ist, noch vom Baum zu Baum zu flattern vermögen.	156:167	0:216	Einige von ihnen naͤhern ſich auch noch dadurch den Voͤgeln , daß ſie durch die lange Haut , welche , wie bey den Fledermaͤuſen von den vordern und hintern Fuͤßen ausgeſpannt iſt , noch vom Baum zu Baum zu flattern vermoͤgen .	30	0:42	einige von sie nähern sich auch noch dadurch d Vogel , daß sie durch d lang Haut , welche , wie bei d Fledermaus von d vorder und hinter Fuß ausspannen sein , noch vom Baum zu Baum zu flattern vermögen .	PIS APPR PPER VVFIN PRF ADV ADV PAV ART NN $, KOUS PPER APPR ART ADJA NN $, PRELS $, KOKOM APPR ART NN APPR ART ADJA KON ADJA NN VVPP VAFIN $, ADV APPRART NN APPR NE PTKZU VVINF VVFIN $.	Einige von ihnen nähern sich auch noch dadurch den Vögeln , daß sie durch die lange Haut , welche , wie bei den Fledermäusen von den vorderen und hinteren Füßen ausgespannt ist , noch vom Baum zu Baum zu flattern vermögen .
ausspannen	VVIZU	1838	1	schwab_sagen01_1838-3289-48	 	Jetzt aber, als Aegeus seinen Sohn mit so kühnem Stolze sprechen hörte, rüstete er zwar das Schiff noch auf dieselbe Weise aus: doch gab er dem Steuermann ein anderes Segel von weißer Farbe mit, und befahl ihm, wenn Theseus gerettet zurückkehre, dieses auszuspannen: wo nicht, mit dem schwarzen zurückzukehren, und so das Unglück zum Voraus anzukündigen.	253:265	0:354	Jetzt aber , als Aegeus ſeinen Sohn mit ſo kühnem Stolze ſprechen hörte , rüſtete er zwar das Schiff noch auf dieſelbe Weiſe aus : doch gab er dem Steuermann ein anderes Segel von weißer Farbe mit , und befahl ihm , wenn Theſeus gerettet zurückkehre , dieſes auszuſpannen : wo nicht , mit dem ſchwarzen zurückzukehren , und ſo das Unglück zum Voraus anzukündigen .	48	0:66	jetzt aber , als Aegeus seine Sohn mit so kühn stolz sprechen hören , rüsten er zwar d Schiff noch auf dieselbe Weise aus : doch geben er d Steuermann eine ander Segel von weiß Farbe mit , und befehlen er , wenn Theseus retten zurückkehren , diese ausspannen : wo nicht , mit d schwarz zurückkehren , und so d Unglück zum Voraus ankündigen .	ADV ADV $, KOUS NE PPOSAT NN APPR ADV ADJA ADJA VVINF VVFIN $, VVFIN PPER ADV ART NN ADV APPR PDAT NN PTKVZ $. ADV VVFIN PPER ART NN ART ADJA NN APPR ADJA NN PTKVZ $, KON VVFIN PPER $, KOUS NE VVPP VVFIN $, PDS VVIZU $. PWAV PTKNEG $, APPR ART ADJA VVIZU $, KON ADV ART NN APPRART NN VVIZU $.	Jetzt aber , als Aegeus seinen Sohn mit so kühnem Stolze sprechen hörte , rüstete er zwar das Schiff noch auf dieselbe Weise aus : doch gab er dem Steuermann ein anderes Segel von weißer Farbe mit , und befahl ihm , wenn Theseus gerettet zurückkehre , dieses auszuspannen : wo nicht , mit dem schwarzen zurückzukehren , und so das Unglück zum Voraus anzukündigen .
ausspannen	VVPP	1812	1	tieck_phantasus01_1812-2957-35	 	Oben standen wunderliche Gestalten, mit mehligen bestäubten Angesichtern, den widerlichen Häuptern der weißen Eulen nicht unähnlich; sie waren in faltigen Mänteln von zottiger Wolle gekleidet, und hielten Regenschirme von seltsamen Häuten ausgespannt über sich; mit Fledermausflügeln, die abentheuerlich neben dem Rokkelor hervor starrten, wehten und fächelten sie unablässig.	239:250	0:376	Oben ſtanden wunderliche Geſtalten , mit mehligen beſtaͤubten Angeſichtern , den widerlichen Haͤuptern der weißen Eulen nicht unaͤhnlich ; ſie waren in faltigen Maͤnteln von zottiger Wolle gekleidet , und hielten Regenſchirme von ſeltſamen Haͤuten ausgeſpannt uͤber ſich ; mit Fledermausfluͤgeln , die abentheuerlich neben dem Rokkelor hervor ſtarrten , wehten und faͤchelten ſie unablaͤſſig .	35	0:56	oben stehen wunderlich Gestalt , mit mehlig bestäubt Angesicht , d widerlich Haupt d weiß Eule nicht unähnlich ; sie sein in faltig Mantel von zottig Wolle kleiden , und halten Regenschirm von seltsam Haut ausspannen über sich ; mit Fledermausflügel , die abenteuerlich neben d Rockelor hervor starren , wehen und fächeln sie unablässig .	ADV VVFIN ADJA NN $, APPR ADJA ADJA NN $, ART ADJA NN ART ADJA NN PTKNEG ADJD $. PPER VAFIN APPR ADJA NN APPR ADJA NN VVPP $, KON VVFIN NN APPR ADJA NN VVPP APPR PRF $. APPR NN $, PRELS ADJD APPR ART NN PTKVZ VVFIN $, VVFIN KON VVFIN PPER ADJD $.	Oben standen wunderliche Gestalten , mit mehligen bestäubten Angesichtern , den widerlichen Häuptern der weißen Eulen nicht unähnlich ; sie waren in faltigen Mänteln von zottiger Wolle gekleidet , und hielten Regenschirme von seltsamen Häuten ausgespannt über sich ; mit Fledermausflügeln , die abenteuerlich neben dem Rockelor hervor starrten , wehten und fächelten sie unablässig .
ausspannen	VVINF	1834	1	varnhagen_rahel03_1834-2258-33	 	Daran können Sie nun wissen, daß, geschieht ein Loslassen, es kam immer von den Andern; ihr Katholischwerden allein macht es bei mir nicht einmal: sie müssen noch aparte ausspannen *).	170:180	0:184	Daran können Sie nun wiſſen , daß , geſchieht ein Loslaſſen , es kam immer von den Andern ; ihr Katholiſchwerden allein macht es bei mir nicht einmal : ſie müſſen noch aparte ausſpannen * ) .	33	0:37	daran können sie nun wissen , daß , geschehen eine Loslaßen , es kommen immer von d ander ; ihr Katholischwerden allein machen es bei ich nicht einmal : sie müssen noch apart ausspannen * ) .	PAV VMFIN PPER ADV VVINF $, KOUS $, VVFIN ART NN $, PPER VVFIN ADV APPR ART ADJA $. PPOSAT NN ADV VVFIN PPER APPR PPER PTKNEG ADV $. PPER VMFIN ADV ADJA VVINF XY $( $.	Daran können Sie nun wissen , daß , geschieht ein Loslassen , es kam immer von den Anderen ; ihr Katholischwerden allein macht es bei mir nicht einmal : sie müssen noch aparte ausspannen * ) .
ausspannen	VVPP	1851	1	vogt_briefe02_1851-2090-25	 	Bei ausgebildeter Trommelhöhle sieht man auf der Außenfläche des Kopfes gewöhnlich fast unmittelbar hinter dem Auge das runde Trommelfell, welches in einem kreisförmigen Ringe ausgespannt ist und an der inneren Fläche mit drei Gehörknöchelchen in Verbindung steht.	176:187	0:264	Bei ausgebildeter Trommelhöhle ſieht man auf der Außenfläche des Kopfes gewöhnlich faſt unmittelbar hinter dem Auge das runde Trommelfell , welches in einem kreisförmigen Ringe ausgeſpannt iſt und an der inneren Fläche mit drei Gehörknöchelchen in Verbindung ſteht .	25	0:39	bei ausgebildet Trommelhöhle sehen man auf d Außenfläche d Kopf gewöhnlich fast unmittelbar hinter d Auge d rund Trommelfell , welche in eine kreisförmig Ring ausspannen sein und an d inner Fläche mit drei Gehörknöchelchen in Verbindung stehen .	APPR ADJA NN VVFIN PIS APPR ART NN ART NN ADJD ADV ADJD APPR ART NN ART ADJA NN $, PRELS APPR ART ADJA NN VVPP VAFIN KON APPR ART ADJA NN APPR CARD NN APPR NN VVFIN $.	Bei ausgebildeter Trommelhöhle sieht man auf der Außenfläche des Kopfes gewöhnlich fast unmittelbar hinter dem Auge das runde Trommelfell , welches in einem kreisförmigen Ringe ausgespannt ist und an der inneren Fläche mit drei Gehörknöchelchen in Verbindung steht .
ausspannen	VVPP	1851	1	vogt_briefe02_1851-227-17	 	Es sind diese Flossen stets von Strahlen gestützt, zwischen welchen eine dünne, aber feste Haut ausgespannt werden kann; nur bei einigen Familien findet sich auf dem Rücken eine kleine Flosse, die keine Strahlen besitzt und die Fettflosse (Pinna adiposa) genannt wird.	96:107	0:268	Es ſind dieſe Floſſen ſtets von Strahlen geſtützt , zwiſchen welchen eine dünne , aber feſte Haut ausgeſpannt werden kann ; nur bei einigen Familien findet ſich auf dem Rücken eine kleine Floſſe , die keine Strahlen beſitzt und die Fettfloſſe ( Pinna adiposa ) genannt wird .	17	0:48	es sein diese Flosse stets von Strahl stützen , zwischen welchen eine dünn , aber fest Haut ausspannen werden können ; nur bei einige Familie finden sich auf d Rücken eine klein Flosse , die keine Strahl besitzen und d Fettflosse ( pinna adiposa ) nennen werden .	PPER VAFIN PDAT NN ADV APPR NN VVPP $, APPR PWAT ART ADJA $, ADV ADJA NN VVPP VAINF VMFIN $. ADV APPR PIAT NN VVFIN PRF APPR ART NN ART ADJA NN $, PRELS PIAT NN VVFIN KON ART NN $( FM FM $( VVPP VAFIN $.	Es sind diese Flossen stets von Strahlen gestützt , zwischen welchen eine dünne , aber feste Haut ausgespannt werden kann ; nur bei einigen Familien findet sich auf dem Rücken eine kleine Flosse , die keine Strahlen besitzt und die Fettflosse ( Pinna adiposa ) genannt wird .
ausspannen	VVPP	1898	1	wrangel_luxusfuhrwerk_1898-454-27	 	Denn fährt der Herr selbst, so kann er nur einen Diener neben sich am Bock mitnehmen (unter Umständen — z. B. wenn der Viererzug unterwegs ausgespannt und abgerieben werden soll — eine höchst bedenkliche Sache) und lässt er den Kutscher fahren, so geht ihm ein Platz für Gäste oder Familienmitglieder verloren.	139:150	0:310	Denn fährt der Herr selbst , so kann er nur einen Diener neben sich am Bock mitnehmen ( unter Umständen — z. B. wenn der Viererzug unterwegs ausgespannt und abgerieben werden soll — eine höchst bedenkliche Sache ) und lässt er den Kutscher fahren , so geht ihm ein Platz für Gäste oder Familienmitglieder verloren .	27	0:56	denn fahren d Herr selbst , so können er nur eine Diener neben sich am Bock mitnehmen ( unter Umstand -- z. B. wenn d Viererzug unterwegs ausspannen und abreiben werden sollen -- eine höchst bedenklich Sache ) und lassen er d Kutscher fahren , so gehen er eine Platz für Gast oder Familienmitglied verlieren .	KON VVFIN ART NN ADV $, ADV VMFIN PPER ADV ART NN APPR PRF APPRART NE VVINF $( APPR NN $( APPRART NN KOUS ART NN ADV VVPP KON VVPP VAINF VMFIN $( ART ADV ADJA NN $( KON VVFIN PPER ART NN VVINF $, ADV VVFIN PPER ART NN APPR NN KON NN VVPP $.	Denn fährt der Herr selbst , so kann er nur einen Diener neben sich am Bock mitnehmen ( unter Umständen -- z. B. wenn der Viererzug unterwegs ausgespannt und abgerieben werden soll -- eine höchst bedenkliche Sache ) und lässt er den Kutscher fahren , so geht ihm ein Platz für Gäste oder Familienmitglieder verloren .
ausspannen	VVPP	1867	1	wundt_medizinische_1867-3076-13	 	Dieses einfache Instrument besteht aus einer einzigen Saite, welche über einen Resonanzboden ausgespannt ist, und unter welcher sich ein verschiebbarer Steg befindet, mittelst dessen man die Saite abtheilen und so beliebige Bruchtheile derselben durch Anschlagen in Schwingungen versetzen kann.	93:104	0:294	Dieses einfache Instrument besteht aus einer einzigen Saite , welche über einen Resonanzboden ausgespannt ist , und unter welcher sich ein verschiebbarer Steg befindet , mittelst dessen man die Saite abtheilen und so beliebige Bruchtheile derselben durch Anschlagen in Schwingungen versetzen kann .	13	0:43	diese einfach Instrument bestehen aus eine einzig Saite , welche über eine Resonanzboden ausspannen sein , und unter welche sich eine verschiebbar Steg befinden , mittels die man d Saite abteilen und so beliebig Bruchteil dieselbe durch Anschlagen in Schwingung versetzen können .	PDAT ADJA NN VVFIN APPR ART ADJA NN $, PRELS APPR ART NN VVPP VAFIN $, KON APPR PRELS PRF ART ADJA NN VVFIN $, APPR PRELAT PIS ART NN VVINF KON ADV ADJA NN PDAT APPR NN APPR NN VVINF VMFIN $.	Dieses einfache Instrument besteht aus einer einzigen Saite , welche über einen Resonanzboden ausgespannt ist , und unter welcher sich ein verschiebbarer Steg befindet , mittels dessen man die Saite abteilen und so beliebige Bruchteile derselben durch Anschlagen in Schwingungen versetzen kann .
