lemma	pos	date	grouping	identifier	description	context	indexes_target_token	indexes_target_sentence	context_tokenized	indexes_target_token_tokenized	indexes_target_sentence_tokenized	context_lemmatized	context_pos	context_normalized
Dynamik	NN	1966	2	2532889X_1966-03-29_01_056.tcf.xml-3-9	 	In einer Entwicklung « --Phase von so gewaltiger Dynamik kommt es für einen Industriestaat vom Hange der Deutschen Demokratischen Republik entscheidend darauf an, daß alle bestehenden Möglichkeiten ausgeschöpft werden, um dem Neuen, dort wo es sich wirtschaftlich lohnt, schnell zum Durchbrach zu verhelfen.	49:56	0:307	In einer Entwicklung « -- Phase von so gewaltiger Dynamik kommt es für einen Industriestaat vom Hange der Deutschen Demokratischen Republik entscheidend darauf an , daß alle bestehenden Möglichkeiten ausgeschöpft werden , um dem Neuen , dort wo es sich wirtschaftlich lohnt , schnell zum Durchbrach zu verhelfen .	9	0:49	in eine Entwicklung « -- Phase von so gewaltig Dynamik kommen es für eine Industriestaat vom Hang d deutsch demokratisch Republik entscheidend darauf an , daß alle bestehend Möglichkeit ausschöpfen werden , um d neu , dort wo es sich wirtschaftlich lohnen , schnell zum durchbrechen zu verhelfen .	APPR ART NN $( $( NN APPR ADV ADJA NN VVFIN PPER APPR ART NN APPRART NN ART ADJA ADJA NN ADJD PAV PTKVZ $, KOUS PIAT ADJA NN VVPP VAINF $, KOUI ART ADJA $, ADV PWAV PPER PRF ADJD VVFIN $, ADJD APPRART VVFIN PTKZU VVINF $.	
Dynamik	NN	1969	2	2532889X_1969-09-03_01_021.tcf.xml-31-16	 	sozialistischen Eigentümerbewußtseins und demokratischer Masseninitiative, noch fester zu einer untrennbaren Einheit zusammenzufügen, um der Dynamik unserer Entwicklung gerecht zu werden.	141:148	0:187	sozialistischen Eigentümerbewußtseins und demokratischer Masseninitiative , noch fester zu einer untrennbaren Einheit zusammenzufügen , um der Dynamik unserer Entwicklung gerecht zu werden .	16	0:23	sozialistisch Eigentümerbewußtsein und demokratisch Masseninitiative , noch fest zu eine untrennbar Einheit zusammenfügen , um d Dynamik unsere Entwicklung gerecht zu werden .	ADJA NN KON ADJA NN $, ADV ADJD APPR ART ADJA NN VVIZU $, KOUI ART NN PPOSAT NN ADJD PTKZU VAINF $.	
Dynamik	NN	1974	2	2532889X_1974-12-15_01_163.tcf.xml-76-16	 	Die wirtschaftliche Entwicklung der DDR werde in diesem Jahr „im allgemeinen von Kontinuität und hoher Dynamik gekennzeichnet*, schreibt das Blatt.	103:110	0:147	Die wirtschaftliche Entwicklung der DDR werde in diesem Jahr „ im allgemeinen von Kontinuität und hoher Dynamik gekennzeichnet* , schreibt das Blatt .	16	0:23	d wirtschaftlich Entwicklung d DDR werden in diese Jahr „ im allgemein von Kontinuität und hoch Dynamik Gekennzeichnet* , schreiben d Blatt .	ART ADJA NN ART NE VAFIN APPR PDAT NN $( APPRART ADJA APPR NN KON ADJA NN NE $, VVFIN ART NN $.	
Dynamik	NN	1976	2	2532889X_1976-05-21_01_087.tcf.xml-148-17	 	ANGOLA Die Zeitung „Diario de Luanda" hebt die Worte Erich Honeckers hervor, Stabilität und Dynamik des sozialistischen Weltsystems bestimmten in engem Zusammenwirken mit der internationalen Arbeiterbewegung und der nationalen Befreiungsbewegung immer mehr den Gang der Dinge iii der Welt.	92:99	0:289	ANGOLA Die Zeitung „ Diario de Luanda " hebt die Worte Erich Honeckers hervor , Stabilität und Dynamik des sozialistischen Weltsystems bestimmten in engem Zusammenwirken mit der internationalen Arbeiterbewegung und der nationalen Befreiungsbewegung immer mehr den Gang der Dinge iii der Welt .	17	0:43	Angola d Zeitung „ diario de luanda " heben d Wort Erich Honecker hervor , Stabilität und Dynamik d sozialistisch Weltsystem bestimmt in eng Zusammenwirken mit d international Arbeiterbewegung und d national Befreiungsbewegung immer mehr d Gang d Ding iii d Welt .	NE ART NN $( FM FM FM $( VVFIN ART NN NE NE PTKVZ $, NN KON NN ART ADJA NN ADJA APPR ADJA NN APPR ART ADJA NN KON ART ADJA NN ADV ADV ART NN ART NN XY ART NN $.	
Dynamik	NN	1976	2	2532889X_1976-07-01_01_039.tcf.xml-9-12	 	Es kann für uns keinen Zweifel daran geben, daß die außerordentliche Dynamik dieser Entwicklung, deren positive Auswirkungen auf das Leben unserer Völker mit jedem Tag stärker werden, vor allem dem einigen Vorgehen der kommunistischen und Arbeiterparteien zuzuschreiben ist, die ihren Kampf und ihre Politik auf die wissenschaftlichen und wahrhaft revolutionären Erkenntnisse des Marxismus-Leninismus begründen.	69:76	0:411	Es kann für uns keinen Zweifel daran geben , daß die außerordentliche Dynamik dieser Entwicklung , deren positive Auswirkungen auf das Leben unserer Völker mit jedem Tag stärker werden , vor allem dem einigen Vorgehen der kommunistischen und Arbeiterparteien zuzuschreiben ist , die ihren Kampf und ihre Politik auf die wissenschaftlichen und wahrhaft revolutionären Erkenntnisse des Marxismus-Leninismus begründen .	12	0:59	es können für wir keine Zweifel daran geben , daß d außerordentlich Dynamik diese Entwicklung , die positiv Auswirkung auf d Leben unsere Volk mit jede Tag stark werden , vor alle d einige Vorgehen d kommunistisch und Arbeiterpartei zuschreiben sein , die ihr Kampf und ihr Politik auf d wissenschaftlich und wahrhaft revolutionär Erkenntnis d Marxismus-Leninismus begründen .	PPER VMFIN APPR PPER PIAT NN PAV VVINF $, KOUS ART ADJA NN PDAT NN $, PRELAT ADJA NN APPR ART NN PPOSAT NN APPR PIAT NN ADJD VAINF $, APPR PIS ART PIAT NN ART ADJA KON NN VVIZU VAFIN $, PRELS PPOSAT NN KON PPOSAT NN APPR ART ADJA KON ADV ADJA NN ART NN VVINF $.	
Dynamik	NN	1980	2	2532889X_1980-01-02_01_075.tcf.xml-13-12	 	„Sie hat auf die anderen Künste vor allem gewirkt durch ihre Dynamik, eine Vielzahl schöpferischer Ideen und hohe technische Qualität.	61:68	0:134	„ Sie hat auf die anderen Künste vor allem gewirkt durch ihre Dynamik , eine Vielzahl schöpferischer Ideen und hohe technische Qualität .	12	0:23	„ sie haben auf d ander Kunst vor alle wirken durch ihr Dynamik , eine Vielzahl schöpferisch Idee und hoch technisch Qualität .	$( PPER VAFIN APPR ART ADJA NN APPR PIS VVPP APPR PPOSAT NN $, ART NN ADJA NN KON ADJA ADJA NN $.	
Dynamik	NN	1984	2	2532889X_1984-05-25_01_041.tcf.xml-218-9	 	Geprägt von dem Bewußtsein, daß politische Stabilität ökonomische Dynamik und kontinuierliche Fortsetzung der Einheit von Wirtschaft »-und Sozialpolitik von entscheidender Bedeutung für den Beitrag unseres Landes zur Sicherung des Friedens sind, wollen sie im 35. Jahr des Bestehens der DDR-die bisher größten Leistungen erreichen.	66:73	0:331	Geprägt von dem Bewußtsein , daß politische Stabilität ökonomische Dynamik und kontinuierliche Fortsetzung der Einheit von Wirtschaft »- und Sozialpolitik von entscheidender Bedeutung für den Beitrag unseres Landes zur Sicherung des Friedens sind , wollen sie im 35. Jahr des Bestehens der DDR- die bisher größten Leistungen erreichen .	9	0:49	prägen von d Bewußtsein , daß politisch Stabilität ökonomisch Dynamik und kontinuierlich Fortsetzung d Einheit von Wirtschaft »- und Sozialpolitik von entscheidend Bedeutung für d Beitrag unsere Land zur Sicherung d Frieden sein , wollen sie im 35. Jahr d Bestehen d Ddr- d bisher groß Leistung erreichen .	VVPP APPR ART NN $, KOUS ADJA NN ADJA NN KON ADJA NN ART NN APPR NN $( KON NN APPR ADJA NN APPR ART NN PPOSAT NN APPRART NN ART NN VAFIN $, VMFIN PPER APPRART ADJA NN ART NN ART NN ART ADV ADJA NN VVINF $.	
Dynamik	NN	1985	2	2532889X_1985-11-30_01_005.tcf.xml-58-8	 	Er unterstrich, daß sich dde von hoher Dynamik und Effektivität gekennzeichnete volkswirtschaftliche Entwicklung der DDR auch 1986 fortsetzen ward.	39:46	0:147	Er unterstrich , daß sich dde von hoher Dynamik und Effektivität gekennzeichnete volkswirtschaftliche Entwicklung der DDR auch 1986 fortsetzen ward .	8	0:21	er unterstreichen , daß sich Dde von hoch Dynamik und Effektivität gekennzeichnet volkswirtschaftlich Entwicklung d DDR auch 1986 fortsetzen ward .	PPER VVFIN $, KOUS PRF NE APPR ADJA NN KON NN ADJA ADJA NN ART NE ADV CARD VVINF VAFIN $.	
Dynamik	NN	1985	2	2532889X_1985-12-21_01_309.tcf.xml-8-9	 	Die Großzügigkeit und Kühnheit im Zugriff auf Wirklichkeit die Dynamik und Freiheit seiner Gestaltungen werden als ein Ausdruck der optimistischen Weltsicht der unmißverständlich bekundeten Zukunftsgewißheit dieses Künstlers und Kommunisten empfunden.	63:70	0:251	Die Großzügigkeit und Kühnheit im Zugriff auf Wirklichkeit die Dynamik und Freiheit seiner Gestaltungen werden als ein Ausdruck der optimistischen Weltsicht der unmißverständlich bekundeten Zukunftsgewißheit dieses Künstlers und Kommunisten empfunden .	9	0:31	d Großzügigkeit und Kühnheit im Zugriff auf Wirklichkeit d Dynamik und Freiheit seine Gestaltung werden als eine Ausdruck d optimistisch Weltsicht d unmißverständlich bekunden Zukunftsgewißheit diese Künstler und Kommunist empfinden .	ART NN KON NN APPRART NN APPR NN ART NN KON NN PPOSAT NN VAFIN KOKOM ART NN ART ADJA NN ART ADJD VVFIN NN PDAT NN KON NN VVPP $.	
Dynamik	NN	1986	2	2532889X_1986-04-19_01_186.tcf.xml-36-16	 	Dabei haben sich das Tempo der Umsetzung neuer Erkenntnisse in den Reproduktionsprozeß, aber auch die Dynamik der Wissenschaftsentwicklung selbst weiter beschleunigt.	102:109	0:166	Dabei haben sich das Tempo der Umsetzung neuer Erkenntnisse in den Reproduktionsprozeß , aber auch die Dynamik der Wissenschaftsentwicklung selbst weiter beschleunigt .	16	0:23	dabei haben sich d Tempo d Umsetzung neu Erkenntnis in d Reproduktionsprozeß , aber auch d Dynamik d Wissenschaftsentwicklung selbst weiter beschleunigen .	PAV VAFIN PRF ART NN ART NN ADJA NN APPR ART NN $, ADV ADV ART NN ART NN ADV ADV VVFIN $.	
Dynamik	NN	1986	2	2532889X_1986-11-07_01_041.tcf.xml-221-12	 	Die DDR verfügt über alle Potenzen, um auch künftig eine hohe Dynamik der gesellschaftlichen Entwicklung zu gewährleisten und die Anforderungen unserer Zeit erfolgreich im Interesse und zum Wohle der Menschen zu bewältigen.	62:69	0:223	Die DDR verfügt über alle Potenzen , um auch künftig eine hohe Dynamik der gesellschaftlichen Entwicklung zu gewährleisten und die Anforderungen unserer Zeit erfolgreich im Interesse und zum Wohle der Menschen zu bewältigen .	12	0:34	d DDR verfügen über alle Potenz , um auch künftig eine hoch Dynamik d gesellschaftlich Entwicklung zu gewährleisten und d Anforderung unsere Zeit erfolgreich im Interesse und zum Wohl d Mensch zu bewältigen .	ART NE VVFIN APPR PIAT NN $, KOUI ADV ADJD ART ADJA NN ART ADJA NN PTKZU VVINF KON ART NN PPOSAT NN ADJD APPRART NN KON APPRART NN ART NN PTKZU VVINF $.	
Dynamik	NN	1986	2	2532889X_1986-11-22_01_058.tcf.xml-151-8	 	Wir lassen uns davon leiten, daß die Dynamik des Wirtschaftswachstums immer mehr von der Beherrschung der Schlüsseltechnologien bestimmt wird.	37:44	0:142	Wir lassen uns davon leiten , daß die Dynamik des Wirtschaftswachstums immer mehr von der Beherrschung der Schlüsseltechnologien bestimmt wird .	8	0:21	wir lassen uns davon leiten , daß d Dynamik d Wirtschaftswachstum immer mehr von d Beherrschung d Schlüsseltechnologie bestimmen werden .	PPER VVFIN PRF PAV VVINF $, KOUS ART NN ART NN ADV ADV APPR ART NN ART NN VVPP VAFIN $.	
Dynamik	NN	1987	2	2532889X_1987-04-08_01_081.tcf.xml-6-0	 	Dynamik gewonnen ' haben, die einen Abschluß noch in diesem Jahr erhoffen läßt.	0:7	0:79	Dynamik gewonnen ' haben , die einen Abschluß noch in diesem Jahr erhoffen läßt .	0	0:15	Dynamik gewinnen ' haben , die eine Abschluß noch in diese Jahr erhoffen lassen .	NN VVPP $( VAINF $, PRELS ART NN ADV APPR PDAT NN VVFIN VVFIN $.	
Dynamik	NN	1987	2	2532889X_1987-12-22_01_038.tcf.xml-30-1	 	der Dynamik der Entwicklung der Produktivkräfte Schritt halten. —	4:11	0:65	der Dynamik der Entwicklung der Produktivkräfte Schritt halten . —	1	0:10	d Dynamik d Entwicklung d Produktivkraft Schritt halten . —	ART NN ART NN ART NN NN VVINF $. $(	
Dynamik	NN	1989	2	2532889X_1989-10-28_01_142.tcf.xml-66-14	 	Die Grenzen des bisherigen Entwicklungsweges müssen durchstoßen werden, damit der Sozialismus eine höhere Dynamik und dadurch auch eine größere Stabilität erlangt, damit er sein ganzes Triebkraftpotential entfalten kann.	106:113	0:220	Die Grenzen des bisherigen Entwicklungsweges müssen durchstoßen werden , damit der Sozialismus eine höhere Dynamik und dadurch auch eine größere Stabilität erlangt , damit er sein ganzes Triebkraftpotential entfalten kann .	14	0:31	d Grenze d bisherig Entwicklungsweg müssen durchstoßen werden , damit d Sozialismus eine hoch Dynamik und dadurch auch eine groß Stabilität erlangen , damit er sein ganz Triebkraftpotential entfalten können .	ART NN ART ADJA NN VMFIN VVPP VAINF $, KOUS ART NN ART ADJA NN KON PAV ADV ART ADJA NN VVPP $, KOUS PPER PPOSAT ADJA NN VVINF VMFIN $.	
Dynamik	NN	1990	2	2532889X_1990-06-14_01_105.tcf.xml-18-11	 	Zügig in den Tempi, akzentuiert und sängerfreundlich in der klangtransparenten Dynamik ging man da zu Werke, ergänzt durch eine sängerische Topbesetzung.	79:86	0:153	Zügig in den Tempi , akzentuiert und sängerfreundlich in der klangtransparenten Dynamik ging man da zu Werke , ergänzt durch eine sängerische Topbesetzung .	11	0:24	zügig in d Tempo , akzentuieren und sängerfreundlich in d klangtransparent Dynamik gehen man da zu Werk , ergänzen durch eine sängerisch Topbesetzung .	ADJD APPR ART NN $, VVPP KON ADJD APPR ART ADJA NN VVFIN PIS ADV APPR NN $, VVPP APPR ART ADJA NN $.	
Dynamik	NN	1946	2	26120215_1946_06_28_01_228.tcf.xml-26-7	 	Im zweiten Teile seines Werkes über die Dynamik findet sich weiter die erstaunliche Erkenntnis, daß die Wärmen (wir sagen heute Temperaturen) im umgekehrten Verhältnis zu den Dichten der Luft stehen.	40:47	0:199	Im zweiten Teile seines Werkes über die Dynamik findet sich weiter die erstaunliche Erkenntnis , daß die Wärmen ( wir sagen heute Temperaturen ) im umgekehrten Verhältnis zu den Dichten der Luft stehen .	7	0:34	im zweit Teil seine Werk über d Dynamik finden sich weiter d erstaunlich Erkenntnis , daß d wärmen ( wir sagen heute Temperatur ) im umgekehrt Verhältnis zu d Dichte d Luft stehen .	APPRART ADJA NN PPOSAT NN APPR ART NN VVFIN PRF ADV ART ADJA NN $, KOUS ART VVINF $( PPER VVFIN ADV NN $( APPRART ADJA NN APPR ART NN ART NN VVFIN $.	
Dynamik	NN	1973	2	26120215_1973_03_11_01_405.tcf.xml-74-15	 	Die Beschlüsse des VI. Parteitaaes der PVAP dienen dem Ziel, dieser Entwicklung noch mehr Dynamik zu verleihen.	90:97	0:111	Die Beschlüsse des VI. Parteitaaes der PVAP dienen dem Ziel , dieser Entwicklung noch mehr Dynamik zu verleihen .	15	0:19	d Beschluß d Vi. Parteitaaes d PVAP dienen d Ziel , diese Entwicklung noch mehr Dynamik zu verleihen .	ART NN ART NE NE ART NE VVFIN ART NN $, PDAT NN ADV PIAT NN PTKZU VVINF $.	
Dynamik	NN	1981	2	26120215_1981_04_07_01_039.tcf.xml-14-24	 	Günter Mittag, Mitglied des Politbüros und Sekretär des Zentralkomitees der SED, weist nach, daß in unserer Republik die sozialistische Planwirtschaft ihre Dynamik auch unter veränderten Bedingungen beweist, weil die marxistisch-leninistische Partei in der Wirtschaftspolitik ihre führende Rolle auf der Grundlage einer richtigen Gesellschaftsstrategie konsequent verwirklicht	156:163	0:376	Günter Mittag , Mitglied des Politbüros und Sekretär des Zentralkomitees der SED , weist nach , daß in unserer Republik die sozialistische Planwirtschaft ihre Dynamik auch unter veränderten Bedingungen beweist , weil die marxistisch-leninistische Partei in der Wirtschaftspolitik ihre führende Rolle auf der Grundlage einer richtigen Gesellschaftsstrategie konsequent verwirklicht	24	0:49	Günter Mittag , Mitglied d Politbüro und Sekretär d Zentralkomitee d Sed , weisen nach , daß in unsere Republik d sozialistisch Planwirtschaft ihr Dynamik auch unter verändert Bedingung beweisen , weil d marxistisch-leninistisch Partei in d Wirtschaftspolitik ihr führend Rolle auf d Grundlage eine richtig Gesellschaftsstrategie konsequent verwirklichen	NE NN $, NN ART NN KON NN ART NN ART NE $, VVFIN PTKVZ $, KOUS APPR PPOSAT NN ART ADJA NN PPOSAT NN ADV APPR ADJA NN VVFIN $, KOUS ART ADJA NN APPR ART NN PPOSAT ADJA NN APPR ART NN ART ADJA NN ADJD VVPP	
Dynamik	NN	1986	2	26120215_1986_03_04_01_009.tcf.xml-16-13	 	Um die großangelegten wirtschaftlichen und sozialen Aufgaben gleichzeitig zu lösen, müsse die Dynamik des Zuwachses an Nationaleinkommen erhöht und die negative Tendenz des nachlas -	94:101	0:182	Um die großangelegten wirtschaftlichen und sozialen Aufgaben gleichzeitig zu lösen , müsse die Dynamik des Zuwachses an Nationaleinkommen erhöht und die negative Tendenz des nachlas -	13	0:26	um d großangelegt wirtschaftlich und sozial Aufgabe gleichzeitig zu lösen , müssen d Dynamik d Zuwachs an Nationaleinkommen erhöhen und d negativ Tendenz d nachlesen -	KOUI ART ADJA ADJA KON ADJA NN ADJD PTKZU VVINF $, VMFIN ART NN ART NN APPR NN VVPP KON ART ADJA NN ART VVFIN $(	
Dynamik	NN	1986	2	26120215_1986_10_11_01_374.tcf.xml-69-17	 	Dennoch schien mir zum Beispiel Schuberts c-Moll -Quartettsatz in seiner inneren Zwiespältigkeit nicht ausgeschöpft, blieb die Dynamik relativ flach, die Artikulation unentschieden.	127:134	0:181	Dennoch schien mir zum Beispiel Schuberts c-Moll -Quartettsatz in seiner inneren Zwiespältigkeit nicht ausgeschöpft , blieb die Dynamik relativ flach , die Artikulation unentschieden .	17	0:25	dennoch scheinen ich zum Beispiel Schubert C-Moll -Quartettsatz in seine inner Zwiespältigkeit nicht ausschöpfen , bleiben d Dynamik relativ flach , d Artikulation unentschieden .	ADV VVFIN PPER APPRART NN NE NE NN APPR PPOSAT ADJA NN PTKNEG VVPP $, VVFIN ART NN ADJD ADJD $, ART NN ADJD $.	
Dynamik	NN	1987	2	26120215_1987_08_01_01_439.tcf.xml-4-3	 	Deren militante exportwirtschaftliche Dynamik hat die Konkurrenz Im letzten Jahrzehnt das Fürchten gelehrt.	38:45	0:107	Deren militante exportwirtschaftliche Dynamik hat die Konkurrenz Im letzten Jahrzehnt das Fürchten gelehrt .	3	0:14	die militant exportwirtschaftlich Dynamik haben d Konkurrenz im letzte Jahrzehnt d Fürchten lehren .	PDS ADJA ADJA NN VAFIN ART NN APPRART ADJA NN ART NN VVPP $.	
Dynamik	NN	1988	2	26120215_1988_12_09_01_025.tcf.xml-43-23	 	In Verwirklichung der Beschlüsse der 7. Tagung des Zentralkomitees gelte es, die Intensivierung der Volkswirtschaft umfassend zu vertiefen, um die ökonomische Dynamik und die wirtschaftliche Leistungskraft unserer Republik weiter auszubauen.	159:166	0:241	In Verwirklichung der Beschlüsse der 7. Tagung des Zentralkomitees gelte es , die Intensivierung der Volkswirtschaft umfassend zu vertiefen , um die ökonomische Dynamik und die wirtschaftliche Leistungskraft unserer Republik weiter auszubauen .	23	0:33	in Verwirklichung d Beschluß d 7. Tagung d Zentralkomitee gelten es , d Intensivierung d Volkswirtschaft umfaßend zu vertiefen , um d ökonomisch Dynamik und d wirtschaftlich Leistungskraft unsere Republik weiter ausbauen .	APPR NN ART NN ART ADJA NN ART NN VVFIN PPER $, ART NN ART NN ADJD PTKZU VVINF $, KOUI ART ADJA NN KON ART ADJA NN PPOSAT NN ADV VVIZU $.	
Dynamik	NN	1989	2	26120215_1989_05_09_01_199.tcf.xml-3-20	 	Der 1. Sekretär der SED-Bezirksleitung, Hans Modrow, informierte die Gäste über die Verantwortung des Elbebezirkes für die weitere Dynamik des Leistungszuwachses in der DDR-Volkswirtschaft.	131:138	0:189	Der 1. Sekretär der SED-Bezirksleitung , Hans Modrow , informierte die Gäste über die Verantwortung des Elbebezirkes für die weitere Dynamik des Leistungszuwachses in der DDR- Volkswirtschaft .	20	0:28	d 1. Sekretär d Sed-Bezirksleitung , Hans Modrow , informieren d Gast über d Verantwortung d Elbebezirkes für d weit Dynamik d Leistungszuwachs in d ddr- Volkswirtschaft .	ART ADJA NN ART NN $, NE NE $, VVFIN ART NN APPR ART NN ART NN APPR ART ADJA NN ART NN APPR ART TRUNC NN $.	
Dynamik	NN	1989	2	26120215_1989_05_19_01_015.tcf.xml-31-35	 	„In diesem Zusammenhang mochte ich betonen, daß wir die Festigung der Zusammenarbeit mit den befreundeten Staaten in Ihrer Region als notwendig erachten und daß es unser Ziel ist, dieser Zusammenarbeit eine neue Dynamik zu verleihen", sagte er weiter.	212:219	0:251	„ In diesem Zusammenhang mochte ich betonen , daß wir die Festigung der Zusammenarbeit mit den befreundeten Staaten in Ihrer Region als notwendig erachten und daß es unser Ziel ist , dieser Zusammenarbeit eine neue Dynamik zu verleihen " , sagte er weiter .	35	0:44	„ in diese Zusammenhang mögen ich betonen , daß wir d Festigung d Zusammenarbeit mit d befreundet Staat in ihr Region als notwendig erachten und daß es unsere Ziel sein , diese Zusammenarbeit eine neu Dynamik zu verleihen " , sagen er weiter .	$( APPR PDAT NN VVFIN PPER VVFIN $, KOUS PPER ART NN ART NN APPR ART ADJA NN APPR PPOSAT NN KOUS ADJD VVINF KON KOUS PPER PPOSAT NN VAFIN $, PDAT NN ART ADJA NN PTKZU VVINF $( $, VVFIN PPER PTKVZ $.	
Dynamik	NN	1898	1	boltzmann_gastheorie02_1898-2150-15	 	Wesentlich gleiche Formeln wurden von Gibbs aus den allgemeinen Principien der Wärmelehre ohne Zuziehung der Dynamik der Moleküle abgeleitet.	109:116	0:141	Wesentlich gleiche Formeln wurden von Gibbs aus den allgemeinen Principien der Wärmelehre ohne Zuziehung der Dynamik der Moleküle abgeleitet .	15	0:20	wesentlich gleich Formel werden von Gibbs aus d allgemein Prinzip d Wärmelehre ohne Zuziehung d Dynamik d Molekül ableiten .	ADJD ADJA NN VAFIN APPR NE APPR ART ADJA NN ART NN APPR NN ART NN ART NN VVPP $.	Wesentlich gleiche Formeln wurden von Gibbs aus den allgemeinen Prinzipien der Wärmelehre ohne Zuziehung der Dynamik der Moleküle abgeleitet .
Dynamik	NN	1898	1	boltzmann_gastheorie02_1898-992-25	 	Entwickelungen, welche denen dieses Paragraphen ganz analog sind, wurden zuerst von Liouville, dann von Jacobi (von letzterem in dessen Vorlesungen über Dynamik behufs Ableitung des Satzes vom letzten Multiplicator) gemacht.	153:160	0:224	Entwickelungen , welche denen dieses Paragraphen ganz analog sind , wurden zuerst von Liouville , dann von Jacobi ( von letzterem in dessen Vorlesungen über Dynamik behufs Ableitung des Satzes vom letzten Multiplicator ) gemacht .	25	0:36	Entwicklung , welche die diese Paragraph ganz analog sein , werden zuerst von Liouville , dann von Jacobi ( von letztere in die Vorlesung über Dynamik behufs Ableitung d Satz vom letzte Multiplicator ) machen .	NN $, PRELS PRELS PDAT NN ADV ADJD VAFIN $, VAFIN ADV APPR NE $, ADV APPR NE $( APPR PIS APPR PDS NN APPR NN APPR NN ART NN APPRART ADJA NE $( VVPP $.	Entwicklungen , welche denen dieses Paragraphen ganz analog sind , wurden zuerst von Liouville , dann von Jacobi ( von letzterem in dessen Vorlesungen über Dynamik behufs Ableitung des Satzes vom letzten Multiplicator ) gemacht .
Dynamik	NN	1895	1	borinski_poetik_1895-983-4	 	Nur auf Metrik oder Dynamik kann sich selbständiger Rhythmus gründen.	20:27	0:69	Nur auf Metrik oder Dynamik kann sich selbständiger Rhythmus gründen .	4	0:11	nur auf Metrik oder Dynamik können sich selbständig Rhythmus gründen .	ADV APPR NN KON NN VMFIN PRF ADJA NN VVINF $.	Nur auf Metrik oder Dynamik kann sich selbständiger Rhythmus gründen .
Dynamik	NN	1834	1	clausewitz_krieg03_1834-1102-43	 	Der kriegerische Akt braucht seine Zeit wie jedes Ding auf Erden; man kann nicht in acht Tagen zu Fuß von Wilna nach Moskau gehen, das versteht sich; aber von einer Wechselwirkung zwischen Zeit und Kraft, wie sie in der Dynamik statt findet, ist hier keine Spur.	220:227	0:262	Der kriegeriſche Akt braucht ſeine Zeit wie jedes Ding auf Erden ; man kann nicht in acht Tagen zu Fuß von Wilna nach Moskau gehen , das verſteht ſich ; aber von einer Wechſelwirkung zwiſchen Zeit und Kraft , wie ſie in der Dynamik ſtatt findet , iſt hier keine Spur .	43	0:52	d kriegerisch Akt brauchen seine Zeit wie jede Ding auf Erde ; man können nicht in acht Tag zu Fuß von Wilna nach Moskau gehen , die verstehen sich ; aber von eine Wechselwirkung zwischen Zeit und Kraft , wie sie in d Dynamik statt finden , sein hier keine Spur .	ART ADJA NN VVFIN PPOSAT NN KOKOM PIAT NN APPR NN $. PIS VMFIN PTKNEG APPR CARD NN APPR NN APPR NE APPR NE VVFIN $, PDS VVFIN PRF $. ADV APPR ART NN APPR NN KON NN $, PWAV PPER APPR ART NN PTKVZ VVFIN $, VAFIN ADV PIAT NN $.	Der kriegerische Akt braucht seine Zeit wie jedes Ding auf Erden ; man kann nicht in acht Tagen zu Fuß von Wilna nach Moskau gehen , das versteht sich ; aber von einer Wechselwirkung zwischen Zeit und Kraft , wie sie in der Dynamik statt findet , ist hier keine Spur .
Dynamik	NN	1877	1	hoff_atome_1877-75-13	 	Aus diesem Grunde herrscht noch Zweifel über alle Fragen der chemischen Statik und Dynamik.	83:90	0:91	Aus diesem Grunde herrscht noch Zweifel über alle Fragen der chemischen Statik und Dynamik .	13	0:15	aus diese Grund herrschen noch Zweifel über alle Frage d chemisch Statik und Dynamik .	APPR PDAT NN VVFIN ADV NN APPR PIAT NN ART ADJA NN KON NN $.	Aus diesem Grunde herrscht noch Zweifel über alle Fragen der chemischen Statik und Dynamik .
Dynamik	NN	1858	1	humboldt_kosmos04_1858-4158-7	 	(S. 219.) Mallet, Dynamics of Earthquakes p. 74, 80 und 82; Hopkins (Meet.	18:26	0:74	( S. 219 . ) Mallet , Dynamics of Earthquakes p. 74 , 80 und 82 ; Hopkins ( Meet .	7	0:21	( S. 219 . ) Mallet , Dynamik Of Earthquakes P. 74 , 80 und 82 ; Hopkins ( Meet .	$( NN CARD $. $( NN $, NN NE NE NE CARD $, CARD KON CARD $. NE $( NE $.	( S. 219 . ) Mallet , Dynamik of Earthquakes p. 74 , 80 und 82 ; Hopkins ( Meet .
Dynamik	NN	1840	1	liebig_agricultur_1840-2252-6	 	Es ist dieß ein Gesetz der Dynamik, beweisbar für alle Fälle, wo der Widerstand (die Kraft, Verwandtschaft, Cohäsion), der sich der Bewegung entgegensetzt, nicht hinreicht, um sie aufzuheben.	27:34	0:191	Es iſt dieß ein Geſetz der Dynamik , beweisbar für alle Fälle , wo der Widerſtand ( die Kraft , Verwandtſchaft , Cohäſion ) , der ſich der Bewegung entgegenſetzt , nicht hinreicht , um ſie aufzuheben .	6	0:38	es sein diese eine Gesetz d Dynamik , beweisbar für alle Fall , wo d Widerstand ( d Kraft , Verwandtschaft , Kohäsion ) , die sich d Bewegung entgegensetzen , nicht hinreichen , um sie aufheben .	PPER VAFIN PDS ART NN ART NN $, ADJD APPR PIAT NN $, PWAV ART NN $( ART NN $, NN $, NN $( $, PRELS PRF ART NN VVFIN $, PTKNEG VVFIN $, KOUI PPER VVIZU $.	Es ist dies ein Gesetz der Dynamik , beweisbar für alle Fälle , wo der Widerstand ( die Kraft , Verwandtschaft , Kohäsion ) , der sich der Bewegung entgegensetzt , nicht hinreicht , um sie aufzuheben .
Dynamik	NN	1845	1	lorinser_branntweinpest_1845-486-29	 	Dies ist geschehen und vermittelt worden durch Priester und Glieder der Kirche, die, fest an der Ueberlieferung und den Verheißungen haltend, im beständigen Besitz jener geistigen Dynamik geblieben ist, deren mächtigste Hebel der Glaube, das Gebet und die Fürbitte sind.	180:187	0:270	Dies ist geschehen und vermittelt worden durch Priester und Glieder der Kirche , die , fest an der Ueberlieferung und den Verheißungen haltend , im beständigen Besitz jener geistigen Dynamik geblieben ist , deren mächtigste Hebel der Glaube , das Gebet und die Fürbitte sind .	29	0:46	diese sein geschehen und vermitteln werden durch Priester und Glied d Kirche , die , fest an d Überlieferung und d Verheißung halten , im beständig Besitz jen geistig Dynamik bleiben sein , die mächtig Hebel d Glaube , d Gebet und d Fürbitte sein .	PDS VAFIN VVPP KON VVPP VAPP APPR NN KON NN ART NN $, PRELS $, ADJD APPR ART NN KON ART NN VVPP $, APPRART ADJA NN PDAT ADJA NN VVPP VAFIN $, PRELAT ADJA NN ART NN $, ART NN KON ART NN VAFIN $.	Dies ist geschehen und vermittelt worden durch Priester und Glieder der Kirche , die , fest an der Überlieferung und den Verheißungen haltend , im beständigen Besitz jener geistigen Dynamik geblieben ist , deren mächtigste Hebel der Glaube , das Gebet und die Fürbitte sind .
Dynamik	NN	1845	1	lorinser_branntweinpest_1845-82-8	 	Nur ein außerordentlicher Hebel, eine höhere geistige Dynamik vermochte hier noch rettend zu wirken, und eine solche, man möge sie Nachahmung, Wunder, Begeisterung oder Fanatismus nennen, hat wider alles Erwarten sich in Bewegung gesetzt, und ohne verhältnißmäßige Anstrengung den Riesenfeind zu Boden geworfen.	54:61	0:311	Nur ein außerordentlicher Hebel , eine höhere geistige Dynamik vermochte hier noch rettend zu wirken , und eine solche , man möge sie Nachahmung , Wunder , Begeisterung oder Fanatismus nennen , hat wider alles Erwarten sich in Bewegung gesetzt , und ohne verhältnißmäßige Anstrengung den Riesenfeind zu Boden geworfen .	8	0:51	nur eine außerordentlich Hebel , eine hoch geistig Dynamik vermögen hier noch retten zu wirken , und eine solch , man mögen sie Nachahmung , Wunder , Begeisterung oder Fanatismus nennen , haben wider alle Erwarten sich in Bewegung setzen , und ohne verhältnismäßig Anstrengung d Riesenfeind zu Boden werfen .	ADV ART ADJA NN $, ART ADJA ADJA NN VVFIN ADV ADV VVPP PTKZU VVINF $, KON ART PIS $, PIS VMFIN PPER NN $, NN $, NN KON NN VVFIN $, VAFIN APPR PIAT NN PRF APPR NN VVPP $, KON APPR ADJA NN ART NN APPR NN VVPP $.	Nur ein außerordentlicher Hebel , eine höhere geistige Dynamik vermochte hier noch rettend zu wirken , und eine solche , man möge sie Nachahmung , Wunder , Begeisterung oder Fanatismus nennen , hat wider alles Erwarten sich in Bewegung gesetzt , und ohne verhältnismäßige Anstrengung den Riesenfeind zu Boden geworfen .
Dynamik	NN	1883	1	mach_mechanik_1883-1089-10	 	Wir werden bemerken, dass auch noch bei Begründung der Dynamik die erwähnte Auffassung eine Rolle spielt.	55:62	0:105	Wir werden bemerken , dass auch noch bei Begründung der Dynamik die erwähnte Auffassung eine Rolle spielt .	10	0:18	wir werden bemerken , dass auch noch bei Begründung d Dynamik d erwähnt Auffaßung eine Rolle spielen .	PPER VAFIN VVINF $, KOUS ADV ADV APPR NN ART NN ART ADJA NN ART NN VVFIN $.	Wir werden bemerken , dass auch noch bei Begründung der Dynamik die erwähnte Auffassung eine Rolle spielt .
Dynamik	NN	1883	1	mach_mechanik_1883-1546-10	 	1. Wir gehen nun an die Besprechung der Grundlagen der Dynamik.	55:62	0:63	1. Wir gehen nun an die Besprechung der Grundlagen der Dynamik .	10	0:12	1. wir gehen nun an d Besprechung d Grundlage d Dynamik .	ADV PPER VVFIN ADV APPR ART NN ART NN ART NN $.	1. Wir gehen nun an die Besprechung der Grundlagen der Dynamik .
Dynamik	NN	1883	1	mach_mechanik_1883-1818-18	 	Huyghens führte die von Galilei begonnenen Untersuchungen nicht nur weiter, sondern löste auch die ersten Aufgaben der Dynamik mehrerer Massen, während sich Galilei durchweg nur auf die Dynamik eines Körpers beschränkt hatte.	119:126	0:225	Huyghens führte die von Galilei begonnenen Untersuchungen nicht nur weiter , sondern löste auch die ersten Aufgaben der Dynamik mehrerer Massen , während sich Galilei durchweg nur auf die Dynamik eines Körpers beschränkt hatte .	18	0:35	Huyghens führen d von Galilei beginnen Untersuchung nicht nur weiter , sondern lösen auch d erst Aufgabe d Dynamik mehrere Masse , während sich Galilei durchweg nur auf d Dynamik eine Körper beschränken haben .	NE VVFIN ART APPR NE ADJA NN PTKNEG ADV ADV $, KON VVFIN ADV ART ADJA NN ART NN PIAT NN $, KOUS PRF NE ADV ADV APPR ART NN ART NN VVPP VAFIN $.	Huyghens führte die von Galilei begonnenen Untersuchungen nicht nur weiter , sondern löste auch die ersten Aufgaben der Dynamik mehrerer Massen , während sich Galilei durchweg nur auf die Dynamik eines Körpers beschränkt hatte .
Dynamik	NN	1883	1	mach_mechanik_1883-2753-6	 	1. Wenn wir die Entwickelungsperiode der Dynamik überblicken, welche durch Galilei eingeleitet, durch Huyghens weiter geführt, durch Newton abgeschlossen wurde, so stellt sich als Hauptergebniss die Erkenntniss dar, dass die Körper gegenseitig aneinander von räumlichen und materiellen Umständen abhängige Beschleunigungen bestimmen, und dass es Massen gibt.	41:48	0:358	1. Wenn wir die Entwickelungsperiode der Dynamik überblicken , welche durch Galilei eingeleitet , durch Huyghens weiter geführt , durch Newton abgeschlossen wurde , so stellt sich als Hauptergebniss die Erkenntniss dar , dass die Körper gegenseitig aneinander von räumlichen und materiellen Umständen abhängige Beschleunigungen bestimmen , und dass es Massen gibt .	6	0:53	1. wenn wir d Entwickelungsperiode d Dynamik überblicken , welche durch Galilei einleiten , durch Huyghens weiter führen , durch Newton abschließen werden , so stellen sich als Hauptergebnis d Erkenntnis dar , dass d Körper gegenseitig aneinander von räumlich und materiell Umstand abhängig Beschleunigung bestimmen , und dass es Masse geben .	ADV KOUS PPER ART NN ART NN VVINF $, PRELS APPR NE VVPP $, APPR NE ADV VVPP $, APPR NN VVPP VAFIN $, ADV VVFIN PRF KOKOM NN ART NN PTKVZ $, KOUS ART NN ADJD ADV APPR ADJA KON ADJA NN ADJA NN VVINF $, KON KOUS PPER NN VVFIN $.	1. Wenn wir die Entwickelungsperiode der Dynamik überblicken , welche durch Galilei eingeleitet , durch Huyghens weiter geführt , durch Newton abgeschlossen wurde , so stellt sich als Hauptergebnis die Erkenntnis dar , dass die Körper gegenseitig aneinander von räumlichen und materiellen Umständen abhängige Beschleunigungen bestimmen , und dass es Massen gibt .
Dynamik	NN	1883	1	mach_mechanik_1883-2785-4	 	Damit würde aber die Dynamik einen wesentlich andern Entwickelungsgang genommen haben.	21:28	0:86	Damit würde aber die Dynamik einen wesentlich andern Entwickelungsgang genommen haben .	4	0:12	damit werden aber d Dynamik eine wesentlich ander Entwickelungsgang nehmen haben .	PAV VAFIN ADV ART NN ART ADJD ADJA NN VVPP VAINF $.	Damit würde aber die Dynamik einen wesentlich anderen Entwickelungsgang genommen haben .
Dynamik	NN	1883	1	mach_mechanik_1883-2854-10	 	7. Wir können also beobachten, dass bei Entwickelung der Dynamik ganz ebenso wie bei der Entwickelung der Statik zu verschiedenen Zeiten der Zusammenhang sehr verschiedener Merkmale der mechanischen Vorgänge die Aufmerksamkeit der Forscher gefesselt hat.	57:64	0:254	7. Wir können also beobachten , dass bei Entwickelung der Dynamik ganz ebenso wie bei der Entwickelung der Statik zu verschiedenen Zeiten der Zusammenhang sehr verschiedener Merkmale der mechanischen Vorgänge die Aufmerksamkeit der Forscher gefesselt hat .	10	0:37	7. wir können also beobachten , dass bei Entwicklung d Dynamik ganz ebenso wie bei d Entwicklung d Statik zu verschieden Zeit d Zusammenhäng sehr verschieden Merkmal d mechanisch Vorgang d Aufmerksamkeit d Forscher fesseln haben .	ADJA PPER VMFIN ADV VVINF $, KOUS APPR NN ART NN ADV ADV KOKOM APPR ART NN ART NN APPR ADJA NN ART NN ADV ADJA NN ART ADJA NN ART NN ART NN VVPP VAFIN $.	7. Wir können also beobachten , dass bei Entwicklung der Dynamik ganz ebenso wie bei der Entwicklung der Statik zu verschiedenen Zeiten der Zusammenhäng sehr verschiedener Merkmale der mechanischen Vorgänge die Aufmerksamkeit der Forscher gefesselt hat .
Dynamik	NN	1883	1	mach_mechanik_1883-2870-26	 	1. Die Newton’schen Principien sind genügend, um ohne Hinzuziehung eines neuen Princips jeden praktisch vorkommenden mechanischen Fall, ob derselbe nun der Statik oder der Dynamik angehört, zu durchschauen.	172:179	0:206	1. Die Newton’schen Principien sind genügend , um ohne Hinzuziehung eines neuen Princips jeden praktisch vorkommenden mechanischen Fall , ob derselbe nun der Statik oder der Dynamik angehört , zu durchschauen .	26	0:32	1. d newton'schen Prinzip sein genügend , um ohne Hinzuziehung eine neu Prinzip jede praktisch vorkommend mechanisch Fall , ob dieselbe nun d Statik oder d Dynamik angehören , zu durchschauen .	ADV ART ADJA NN VAFIN ADJD $, KOUI APPR NN ART ADJA NN PIAT ADJD ADJA ADJA NN $, KOUS PDAT ADV ART NN KON ART NN VVFIN $, PTKZU VVINF $.	1. Die Newton'schen Prinzipien sind genügend , um ohne Hinzuziehung eines neuen Prinzips jeden praktisch vorkommenden mechanischen Fall , ob derselbe nun der Statik oder der Dynamik angehört , zu durchschauen .
Dynamik	NN	1883	1	mach_mechanik_1883-3732-58	 	Er bemerkt, dass bei der Form, welche die Mechanik historisch angenommen hat, die Dynamik sich auf die Statik gründet (wie z. B. der D’Alembert’sche Satz auf das Princip der virtuellen Verschiebungen), während man eigentlich erwarten sollte, dass auf der höchsten Stufe der Wissenschaft die Statik sich als ein specieller Fall der Dynamik darstellen würde.	331:338	0:356	Er bemerkt , dass bei der Form , welche die Mechanik historisch angenommen hat , die Dynamik sich auf die Statik gründet ( wie z. B. der D’Alembert’sche Satz auf das Princip der virtuellen Verschiebungen ) , während man eigentlich erwarten sollte , dass auf der höchsten Stufe der Wissenschaft die Statik sich als ein specieller Fall der Dynamik darstellen würde .	58	0:62	er bemerken , dass bei d Form , welche d Mechanik historisch annehmen haben , d Dynamik sich auf d Statik gründen ( wie z. B. d d'alembert'sche Satz auf d Prinzip d virtuell Verschiebung ) , während man eigentlich erwarten sollen , dass auf d hoch Stufe d Wissenschaft d Statik sich als eine speziell Fall d Dynamik darstellen werden .	PPER VVFIN $, KOUS APPR ART NN $, PRELS ART NN ADJD VVPP VAFIN $, ART NN PRF APPR ART NN VVFIN $( KOKOM APPRART NN ART ADJA NN APPR ART NN ART ADJA NN $( $, KOUS PIS ADV VVINF VMFIN $, KOUS APPR ART ADJA NN ART NN ART NN PRF KOKOM ART ADJA NN ART NN VVINF VAFIN $.	Er bemerkt , dass bei der Form , welche die Mechanik historisch angenommen hat , die Dynamik sich auf die Statik gründet ( wie z. B. der D'Alembert'sche Satz auf das Prinzip der virtuellen Verschiebungen ) , während man eigentlich erwarten sollte , dass auf der höchsten Stufe der Wissenschaft die Statik sich als ein spezieller Fall der Dynamik darstellen würde .
Dynamik	NN	1883	1	mach_mechanik_1883-601-16	 	In der Statik gelangte der Satz zu eigentlicher Geltung auch erst durch Varignon, als die Dynamik, welche direct zu dem Satze führt, bereits so weit fortgeschritten war, dass eine Entlehnung desselben ohne Schwierigkeit stattfinden konnte.	90:97	0:239	In der Statik gelangte der Satz zu eigentlicher Geltung auch erst durch Varignon , als die Dynamik , welche direct zu dem Satze führt , bereits so weit fortgeschritten war , dass eine Entlehnung desselben ohne Schwierigkeit stattfinden konnte .	16	0:40	in d Statik gelangen d Satz zu eigentlich Geltung auch erst durch Varignon , als d Dynamik , welche direkt zu d Satz führen , bereits so weit fortschreiten sein , dass eine Entlehnung dieselbe ohne Schwierigkeit stattfinden können .	APPR ART NN VVFIN ART NN APPR ADJA NN ADV ADV APPR NE $, KOUS ART NN $, PRELS ADJD APPR ART NN VVFIN $, ADV ADV ADJD VVPP VAFIN $, KOUS ART NN PDS APPR NN VVINF VMFIN $.	In der Statik gelangte der Satz zu eigentlicher Geltung auch erst durch Varignon , als die Dynamik , welche direkt zu dem Satze führt , bereits so weit fortgeschritten war , dass eine Entlehnung desselben ohne Schwierigkeit stattfinden konnte .
Dynamik	NN	1883	1	mach_mechanik_1883-718-34	 	Eine solche Ableitung ist nur dann zweckmässig, wenn hierbei schwer unmittelbar zu gewinnende Beobachtungen auf einfachere und leichter zu gewinnende zurückgeführt werden können, wie dies mit dem Princip des Kräftenparallelogramms in der Dynamik geschieht.	238:245	0:256	Eine solche Ableitung ist nur dann zweckmässig , wenn hierbei schwer unmittelbar zu gewinnende Beobachtungen auf einfachere und leichter zu gewinnende zurückgeführt werden können , wie dies mit dem Princip des Kräftenparallelogramms in der Dynamik geschieht .	34	0:37	eine solch Ableitung sein nur dann zweckmässig , wenn hierbei schwer unmittelbar zu gewinnend Beobachtung auf einfach und leicht zu gewinnend zurückführen werden können , wie diese mit d Prinzip d Kraftparallelogramm in d Dynamik geschehen .	ART PIAT NN VAFIN ADV ADV ADJD $, KOUS ADV ADJD ADJD PTKZU ADJA NN APPR ADJA KON ADJD PTKZU ADJA VVPP VAINF VMINF $, PWAV PDS APPR ART NN ART NN APPR ART NN VVFIN $.	Eine solche Ableitung ist nur dann zweckmässig , wenn hierbei schwer unmittelbar zu gewinnende Beobachtungen auf einfachere und leichter zu gewinnende zurückgeführt werden können , wie dies mit dem Prinzip des Kräftparallelogramms in der Dynamik geschieht .
Dynamik	NN	1803	1	reil_curmethode_1803-1290-37	 	Der blosse Seelenarzt trifft schwerlich den rechten Zeitpunkt, wo er mit Vortheil psychisch wirken kann, übersieht die kranke Anlage des Gehirns, die körperlichen Reize, die dasselbe gezwungen erregen und dadurch zuletzt seine normale Dynamik umstürzen.	235:242	0:253	Der bloſse Seelenarzt trifft ſchwerlich den rechten Zeitpunkt , wo er mit Vortheil pſychiſch wirken kann , überſieht die kranke Anlage des Gehirns , die körperlichen Reize , die daſſelbe gezwungen erregen und dadurch zuletzt ſeine normale Dynamik umſtürzen .	37	0:40	d bloß Seelenarzt treffen schwerlich d recht Zeitpunkt , wo er mit Vorteil psychisch wirken können , übersehen d krank Anlage d Gehirn , d körperlich Reiz , die dasselbe zwingen erregen und dadurch zuletzt seine normal Dynamik umstürzen .	ART ADJA NN VVFIN ADJD ART ADJA NN $, PWAV PPER APPR NN ADJD VVINF VMFIN $, VVFIN ART ADJA NN ART NN $, ART ADJA NN $, PRELS PDAT VVPP VVINF KON PAV ADV PPOSAT ADJA NN VVINF $.	Der bloße Seelenarzt trifft schwerlich den rechten Zeitpunkt , wo er mit Vorteil psychisch wirken kann , übersieht die kranke Anlage des Gehirns , die körperlichen Reize , die dasselbe gezwungen erregen und dadurch zuletzt seine normale Dynamik umstürzen .
Dynamik	NN	1803	1	reil_curmethode_1803-2800-7	 	Arten der Geisteszerrüttungen sind specifischeigenthümliche Verletzungen der Dynamick des Gehirns, in Beziehung auf seine Funktion als Seelenorgan, die sich daher durch einen Inbegriff steter Symptome zu erkennen geben müssen.	77:85	0:226	Arten der Geiſteszerrüttungen ſind ſpecifiſcheigenthümliche Verletzungen der Dynamick des Gehirns , in Beziehung auf ſeine Funktion als Seelenorgan , die ſich daher durch einen Inbegriff ſteter Symptome zu erkennen geben müſſen .	7	0:32	Art d Geisteszerrüttung sein spezifischeigentümlich Verletzung d Dynamik d Gehirn , in Beziehung auf seine Funktion als Seelenorgan , die sich daher durch eine Inbegriff stet Symptom zu erkennen geben müssen .	NN ART NN VAFIN ADJA NN ART NN ART NN $, APPR NN APPR PPOSAT NN KOKOM NN $, PRELS PRF PAV APPR ART NN ADJA NN PTKZU VVINF VVINF VMINF $.	Arten der Geisteszerrüttungen sind spezifischeigentümliche Verletzungen der Dynamik des Gehirns , in Beziehung auf seine Funktion als Seelenorgan , die sich daher durch einen Inbegriff steter Symptome zu erkennen geben müssen .
Dynamik	NN	1803	1	reil_curmethode_1803-2996-5	 	Das normale Verhältniss in der Dynamik der Theile des Seelenorgans ist verstimmt.	31:38	0:81	Das normale Verhältniſs in der Dynamik der Theile des Seelenorgans iſt verſtimmt .	5	0:13	d normal Verhältnis in d Dynamik d Teil d Seelenorgan sein verstimmen .	ART ADJA NN APPR ART NN ART NN ART NN VAFIN VVPP $.	Das normale Verhältnis in der Dynamik der Teile des Seelenorgans ist verstimmt .
Dynamik	NN	1857	1	vischer_aesthetik030204_1857-2054-19	 	Es ist dieß zwar ein Mangel der Orgel, daß sie die freie Verfügung wie über die Mittel der Dynamik so über die der Rhythmik nicht hat, aber dieser Mangel ist doch bei ihr selbst kein Widerspruch, sondern er steht in vollkommenem Einklang mit ihrem Charakter, er dient dazu, denselben noch bezeichnender herauszuheben; die Orgel leistet eben auch hier auf die subjective Freiheit beliebig wechselnder Wahl der Tonstärke und beliebig betonender Accentuation, sowie auf die schöne Leichtigkeit des rhythmischen Accentwechsels Verzicht und begnügt sich mit der objectiven Macht der ihr immanenten allgemeinen Gewalt des Tones, mit der imponirenden Kraft der Gesammtwirkung, mit der Großartigkeit und Ruhe des gleichschwebenden, ohne rhythmische Einschnitte und Stöße dahingehenden Fortklingens, welches letztere zugleich auch wiederum dazu beiträgt, dem Orgelspiel eine nur ihm eigene Idealität und Lieblichkeit zu verleihen.	91:98	0:921	Es iſt dieß zwar ein Mangel der Orgel , daß ſie die freie Verfügung wie über die Mittel der Dynamik ſo über die der Rhythmik nicht hat , aber dieſer Mangel iſt doch bei ihr ſelbſt kein Widerſpruch , ſondern er ſteht in vollkommenem Einklang mit ihrem Charakter , er dient dazu , denſelben noch bezeichnender herauszuheben ; die Orgel leiſtet eben auch hier auf die ſubjective Freiheit beliebig wechſelnder Wahl der Tonſtärke und beliebig betonender Accentuation , ſowie auf die ſchöne Leichtigkeit des rhythmiſchen Accentwechſels Verzicht und begnügt ſich mit der objectiven Macht der ihr immanenten allgemeinen Gewalt des Tones , mit der imponirenden Kraft der Geſammtwirkung , mit der Großartigkeit und Ruhe des gleichſchwebenden , ohne rhythmiſche Einſchnitte und Stöße dahingehenden Fortklingens , welches letztere zugleich auch wiederum dazu beiträgt , dem Orgelſpiel eine nur ihm eigene Idealität und Lieblichkeit zu verleihen .	19	0:145	es sein diese zwar eine Mangel d Orgel , daß sie d frei Verfügung wie über d Mittel d Dynamik so über d d Rhythmik nicht haben , aber diese Mangel sein doch bei sie selbst keine Widerspruch , sondern er stehen in vollkommen Einklang mit ihr Charakter , er dienen dazu , dieselbe noch bezeichnend herausheben ; d Orgel leisten eben auch hier auf d subjektiv Freiheit beliebig wechselnd Wahl d Tonstärke und beliebig betonend Accentuation , sowie auf d schön Leichtigkeit d rhythmisch Accentwechsel Verzicht und begnügen sich mit d objektiv Macht d sie immanent allgemein Gewalt d Ton , mit d imponierend Kraft d Gesamtwirkung , mit d Großartigkeit und Ruhe d gleichschwebend , ohne rhythmisch Einschnitt und Stoß dahingehend Fortklingen , welche letztere zugleich auch wiederum dazu beitragen , d Orgelspiel eine nur er eigen Idealität und Lieblichkeit zu verleihen .	PPER VAFIN PDS ADV ART NN ART NN $, KOUS PPER ART ADJA NN KOKOM APPR ART NN ART NN ADV APPR ART ART NN PTKNEG VAFIN $, ADV PDAT NN VAFIN ADV APPR PPER ADV PIAT NN $, KON PPER VVFIN APPR ADJA NN APPR PPOSAT NN $, PPER VVFIN PAV $, PDS ADV ADJD VVIZU $. ART NN VVFIN ADV ADV ADV APPR ART ADJA NN ADJD ADJA NN ART NN KON ADJD ADJA NN $, KON APPR ART ADJA NN ART ADJA NN NN KON VVFIN PRF APPR ART ADJA NN ART PPER ADJA ADJA NN ART NN $, APPR ART ADJA NN ART NN $, APPR ART NN KON NN ART ADJA $, APPR ADJA NN KON NN ADJA NN $, PRELS PIS ADV ADV ADV PAV VVFIN $, ART NN ART ADV PPER ADJA NN KON NN PTKZU VVINF $.	Es ist dies zwar ein Mangel der Orgel , daß sie die freie Verfügung wie über die Mittel der Dynamik so über die der Rhythmik nicht hat , aber dieser Mangel ist doch bei ihr selbst kein Widerspruch , sondern er steht in vollkommenem Einklang mit ihrem Charakter , er dient dazu , denselben noch bezeichnender herauszuheben ; die Orgel leistet eben auch hier auf die subjektive Freiheit beliebig wechselnder Wahl der Tonstärke und beliebig betonender Accentuation , sowie auf die schöne Leichtigkeit des rhythmischen Accentwechsels Verzicht und begnügt sich mit der objektiven Macht der ihr immanenten allgemeinen Gewalt des Tones , mit der imponierenden Kraft der Gesamtwirkung , mit der Großartigkeit und Ruhe des gleichschwebenden , ohne rhythmische Einschnitte und Stöße dahingehenden Fortklingens , welches letztere zugleich auch wiederum dazu beiträgt , dem Orgelspiel eine nur ihm eigene Idealität und Lieblichkeit zu verleihen .
Dynamik	NN	1857	1	vischer_aesthetik030204_1857-2195-4	 	Zu dieser Rhythmik und Dynamik des Tanzes tritt nun die Rhythmik und Dynamik der Musik wie ein Commentar in Tönen hinzu; sie objectivirt das Maaß und Tempo des Tanzrhythmus, sie läßt es fortwährend hören, prägt es ein und bildet es vor, sie belebt es durch die Tonfiguren, die sie so gestaltet, daß auch melodisch immer das Hauptgewicht auf die Taktaccente kommt; sie objectivirt ebenso die Kraft oder Zartheit oder die Abwechslung zwischen Beidem, welche der jedesmaligen Tanzbewegung eigenthümlich ist, sie bildet das Zu-und Abnehmen, das Steigen und Fallen der Energie der Bewegung ab, sie markirt die Puncte, auf welche die höchste Kraftäußerung kommen soll, durch Tonmassen, die sie auf sie wirft, sie schiebt zwischen sie wiederum Perioden ein von gleichförmigerem und beruhigterem Charakter, während welcher die Bewegung in gemessenem Gleichmaaß ihren Gang geht, läßt dann abermals stärkere Klangeffecte hören, welche ihre Energie auf’s Neue beleben, u. s. f. Ohne die Musik könnte die Rhythmik und Dynamik des Tanzes zu so bestimmter Entfaltung gar nicht gelangen, sie erst bringt diese feinern Unterschiede in das Ganze hinein; die Tanzbewegung hat wohl einen innerlichen Bewegungsrhythmus, sie durchläuft wohl an sich diese Stadien des An-und Abschwellens, der Zu-und Abnahme, aber sie kann ihnen, wenn sie nicht zu förmlichem Kunsttanze sich erhebt, keinen concreten Ausdruck geben, diesen übernimmt die Musik und gibt so dem Tanze erst wahres Leben, bestimmte Form und ebendamit auch den geistigern Charakter einer mit Bewußtsein innerhalb einer solchen Form sich bewegenden Thätigkeit.	23:30	0:1598	Zu dieſer Rhythmik und Dynamik des Tanzes tritt nun die Rhythmik und Dynamik der Muſik wie ein Commentar in Tönen hinzu ; ſie objectivirt das Maaß und Tempo des Tanzrhythmus , ſie läßt es fortwährend hören , prägt es ein und bildet es vor , ſie belebt es durch die Tonfiguren , die ſie ſo geſtaltet , daß auch melodiſch immer das Hauptgewicht auf die Taktaccente kommt ; ſie objectivirt ebenſo die Kraft oder Zartheit oder die Abwechslung zwiſchen Beidem , welche der jedesmaligen Tanzbewegung eigenthümlich iſt , ſie bildet das Zu- und Abnehmen , das Steigen und Fallen der Energie der Bewegung ab , ſie markirt die Puncte , auf welche die höchſte Kraftäußerung kommen ſoll , durch Tonmaſſen , die ſie auf ſie wirft , ſie ſchiebt zwiſchen ſie wiederum Perioden ein von gleichförmigerem und beruhigterem Charakter , während welcher die Bewegung in gemeſſenem Gleichmaaß ihren Gang geht , läßt dann abermals ſtärkere Klangeffecte hören , welche ihre Energie auf’s Neue beleben , u. ſ. f. Ohne die Muſik könnte die Rhythmik und Dynamik des Tanzes zu ſo beſtimmter Entfaltung gar nicht gelangen , ſie erſt bringt dieſe feinern Unterſchiede in das Ganze hinein ; die Tanzbewegung hat wohl einen innerlichen Bewegungsrhythmus , ſie durchläuft wohl an ſich dieſe Stadien des An- und Abſchwellens , der Zu- und Abnahme , aber ſie kann ihnen , wenn ſie nicht zu förmlichem Kunſttanze ſich erhebt , keinen concreten Ausdruck geben , dieſen übernimmt die Muſik und gibt ſo dem Tanze erſt wahres Leben , beſtimmte Form und ebendamit auch den geiſtigern Charakter einer mit Bewußtſein innerhalb einer ſolchen Form ſich bewegenden Thätigkeit .	4	0:273	zu diese Rhythmik und Dynamik d Tanz treten nun d Rhythmik und Dynamik d Musik wie eine Kommentar in Ton hinzu ; sie objektivieren d Maß und Tempo d Tanzrhythmus , sie lassen es fortwährend hören , prägen es ein und bilden es vor , sie beleben es durch d Tonfigur , die sie so gestalten , daß auch melodisch immer d Hauptgewicht auf d Taktaccent kommen ; sie objektivieren ebenso d Kraft oder Zartheit oder d Abwechselung zwischen Beidee , welche d jedesmalig Tanzbewegung eigentümlich sein , sie bilden d zu- und Abnehmen , d Steigen und Falle d Energie d Bewegung ab , sie markieren d Punkt , auf welche d hoch Kraftäußerung kommen sollen , durch Tonmasse , die sie auf sie werfen , sie schieben zwischen sie wiederum Periode eine von gleichförmig und beruhigt Charakter , während welche d Bewegung in gemeßen Gleichmaß ihr Gang gehen , lassen dann abermals stark Klangeffekt hören , welche ihr Energie aufs neu beleben , u. s. F. ohne d Musik können d Rhythmik und Dynamik d Tanz zu so bestimmt Entfaltung gar nicht gelangen , sie erst bringen diese fein Unterschied in d Ganze hinein ; d Tanzbewegung haben wohl eine innerlich Bewegungsrhythmus , sie durchlaufen wohl an sich diese Stadion d an- und Abschwellen , d zu- und Abnahme , aber sie können sie , wenn sie nicht zu förmlich Kunsttanz sich erheben , keine konkret Ausdruck geben , diese übernehmen d Musik und geben so d Tanz erst wahr Leben , bestimmt Form und Ebendamit auch d geistig Charakter eine mit Bewußtsein innerhalb eine solch Form sich bewegend Tätigkeit .	APPR PDAT NN KON NN ART NN VVFIN ADV ART NN KON NN ART NN KOKOM ART NN APPR NN PTKVZ $. PPER VVFIN ART NN KON NN ART NN $, PPER VVFIN PPER ADJD VVINF $, VVFIN PPER PTKVZ KON VVFIN PPER PTKVZ $, PPER VVFIN PPER APPR ART NN $, PRELS PPER ADV VVPP $, KOUS ADV ADJD ADV ART NN APPR ART NN VVFIN $. PPER VVFIN ADV ART NN KON NN KON ART NN APPR NN $, PRELS ART ADJA NN ADJD VAFIN $, PPER VVFIN ART TRUNC KON NN $, ART NN KON NN ART NN ART NN PTKVZ $, PPER VVFIN ART NN $, APPR PRELS ART ADJA NN VVINF VMFIN $, APPR NN $, PRELS PPER APPR PPER VVFIN $, PPER VVFIN APPR PPER ADV NN ART APPR ADJA KON ADJA NN $, APPR PRELS ART NN APPR ADJA NN PPOSAT NN VVFIN $, VVFIN ADV ADV ADJA NN VVINF $, PWAT PPOSAT NN APPRART ADJA VVINF $, KON VVIMP NE APPR ART NN VMFIN ART NN KON NN ART NN APPR ADV ADJA NN ADV PTKNEG VVINF $, PPER ADV VVFIN PDAT ADJA NN APPR ART NN PTKVZ $. ART NN VAFIN ADV ART ADJA NN $, PPER VVFIN ADV APPR PRF PDAT NN ART TRUNC KON NN $, ART TRUNC KON NN $, KON PPER VMFIN PPER $, KOUS PPER PTKNEG PTKZU ADJA NN PRF VVFIN $, PIAT ADJA NN VVINF $, PDS VVFIN ART NN KON VVFIN ADV ART NN ADV ADJA NN $, ADJA NN KON NE ADV ART ADJA NN ART APPR NN APPR ART PIAT NN PRF ADJA NN $.	Zu dieser Rhythmik und Dynamik des Tanzes tritt nun die Rhythmik und Dynamik der Musik wie ein Kommentar in Tönen hinzu ; sie objektiviert das Maß und Tempo des Tanzrhythmus , sie läßt es fortwährend hören , prägt es ein und bildet es vor , sie belebt es durch die Tonfiguren , die sie so gestaltet , daß auch melodisch immer das Hauptgewicht auf die Taktaccent kommt ; sie objektiviert ebenso die Kraft oder Zartheit oder die Abwechslung zwischen Beidem , welche der jedesmaligen Tanzbewegung eigentümlich ist , sie bildet das Zu- und Abnehmen , das Steigen und Fallen der Energie der Bewegung ab , sie markiert die Punkte , auf welche die höchste Kraftäußerung kommen soll , durch Tonmassen , die sie auf sie wirft , sie schiebt zwischen sie wiederum Perioden ein von gleichförmigerem und beruhigterem Charakter , während welcher die Bewegung in gemessenem Gleichmaß ihren Gang geht , läßt dann abermals stärkere Klangeffekte hören , welche ihre Energie aufs Neue beleben , u. s. f. Ohne die Musik könnte die Rhythmik und Dynamik des Tanzes zu so bestimmter Entfaltung gar nicht gelangen , sie erst bringt diese feineren Unterschiede in das Ganze hinein ; die Tanzbewegung hat wohl einen innerlichen Bewegungsrhythmus , sie durchläuft wohl an sich diese Stadien des An- und Abschwellens , der Zu- und Abnahme , aber sie kann ihnen , wenn sie nicht zu förmlichem Kunsttanze sich erhebt , keinen konkreten Ausdruck geben , diesen übernimmt die Musik und gibt so dem Tanze erst wahres Leben , bestimmte Form und ebendamit auch den geistigeren Charakter einer mit Bewußtsein innerhalb einer solchen Form sich bewegenden Tätigkeit .
Dynamik	NN	1867	1	wundt_medizinische_1867-1046-1	 	Die Dynamik oder Lehre von der Bewegung hat sodann die Aufgabe aus der Grösse und Richtung der in jedem Augenblick auf einen Punkt oder Körper wirkenden Kräfte die Gesetze zu entwickeln, nach welchen in der Zeit und im Raum die Bewegung erfolgt.	4:11	0:245	Die Dynamik oder Lehre von der Bewegung hat sodann die Aufgabe aus der Grösse und Richtung der in jedem Augenblick auf einen Punkt oder Körper wirkenden Kräfte die Gesetze zu entwickeln , nach welchen in der Zeit und im Raum die Bewegung erfolgt .	1	0:44	d Dynamik oder Lehre von d Bewegung haben sodann d Aufgabe aus d Größe und Richtung d in jede Augenblick auf eine Punkt oder Körper wirkend Kraft d Gesetz zu entwickeln , nach welchen in d Zeit und im Raum d Bewegung erfolgen .	ART NN KON NN APPR ART NN VAFIN ADV ART NN APPR ART NN KON NN ART APPR PIAT NN APPR ART NN KON NN ADJA NN ART NN PTKZU VVINF $, APPR PWAT APPR ART NN KON APPRART NN ART NN VVFIN $.	Die Dynamik oder Lehre von der Bewegung hat sodann die Aufgabe aus der Größe und Richtung der in jedem Augenblick auf einen Punkt oder Körper wirkenden Kräfte die Gesetze zu entwickeln , nach welchen in der Zeit und im Raum die Bewegung erfolgt .
