lemma	pos	date	grouping	identifier	description	context	indexes_target_token	indexes_target_sentence	context_tokenized	indexes_target_token_tokenized	indexes_target_sentence_tokenized	context_lemmatized	context_pos	context_normalized
Mißklang	NN	1946	2	2532889X_1946-07-26_01_006.tcf.xml-71-13	 	Auf der gesamten Reise und auf allen Kundgebungen gab es nirgends den geringsten Mißklang.	81:89	0:90	Auf der gesamten Reise und auf allen Kundgebungen gab es nirgends den geringsten Mißklang .	13	0:15	auf d gesamt Reise und auf alle Kundgebung geben es nirgends d gering Mißklang .	APPR ART ADJA NN KON APPR PIAT NN VVFIN PPER ADV ART ADJA NN $.	
Mißklang	NN	1947	2	2532889X_1947-07-15_01_052.tcf.xml-21-12	 	Ein Sonntag-Morgen in der Neuen Scala, « ber nicht ohne erheblichen Mißklang!	68:76	0:77	Ein Sonntag-Morgen in der Neuen Scala , « ber nicht ohne erheblichen Mißklang !	12	0:14	eine Sonntag-Morgen in d neu Scala , « ber nicht ohne erheblich Mißklang !	ART NN APPR ART ADJA NN $, $( XY PTKNEG APPR ADJA NN $.	
Mißklang	NN	1948	2	2532889X_1948-11-04_01_149.tcf.xml-3-7	 	Dabei entschlüpften ihm Tone, die einen Mißklang in die » westdeutsche Propagandamelodie hineinbringen.	40:48	0:103	Dabei entschlüpften ihm Tone , die einen Mißklang in die » westdeutsche Propagandamelodie hineinbringen .	7	0:15	dabei entschlüpfen er Ton , die eine Mißklang in d » westdeutsch Propagandamelodie hineinbringen .	PAV VVFIN PPER NN $, PRELS ART NN APPR ART $( ADJA NN VVINF $.	
Mißklang	NN	1958	2	2532889X_1958-02-05_01_028.tcf.xml-11-16	 	oder eine „gemischte Bekanntschaft Ausdruck eines mangelnden Urteilsvermögens seien, das Leid, Unruhe und Mißklang nach sich ziehe.	106:114	0:131	oder eine „ gemischte Bekanntschaft Ausdruck eines mangelnden Urteilsvermögens seien , das Leid , Unruhe und Mißklang nach sich ziehe .	16	0:21	oder eine „ gemischt Bekanntschaft Ausdruck eine mangelnd Urteilsvermögen sein , d Leid , Unruhe und Mißklang nach sich ziehen .	KON ART $( ADJA NN NN ART ADJA NN VAFIN $, ART NN $, NN KON NN APPR PRF VVFIN $.	
Mißklang	NN	1961	2	2532889X_1961-08-16_01_120.tcf.xml-7-11	 	Doch der Ton, den man angab, war ein arger Mißklang.	43:51	0:52	Doch der Ton , den man angab , war ein arger Mißklang .	11	0:13	doch d Ton , d man angeben , sein eine arg Mißklang .	KON ART NN $, ART PIS VVFIN $, VAFIN ART ADJA NN $.	
Mißklang	NN	1964	2	2532889X_1964-02-01_01_127.tcf.xml-45-1	 	Ein Mißklang zwischen den Signalglocken war nicht zu überhören: die Noten der Kampfrichter.	4:12	0:91	Ein Mißklang zwischen den Signalglocken war nicht zu überhören : die Noten der Kampfrichter .	1	0:15	eine Mißklang zwischen d Signalglocke sein nicht zu überhören : d Note d Kampfrichter .	ART NN APPR ART NN VAFIN PTKNEG PTKZU VVINF $. ART NN ART NN $.	
Mißklang	NN	1964	2	2532889X_1964-10-04_01_105.tcf.xml-25-11	 	Es wäre den Tokioer Spielen zu gönnen, daß ihnen der Mißklang eines solchen Boykotts erspart bliebe.	53:61	0:100	Es wäre den Tokioer Spielen zu gönnen , daß ihnen der Mißklang eines solchen Boykotts erspart bliebe .	11	0:18	es sein d Tokioer Spiel zu gönnen , daß sie d Mißklang eine solch Boykott ersparen bleiben .	PPER VAFIN ART ADJA NN PTKZU VVINF $, KOUS PPER ART NN ART PIAT NN VVPP VVFIN $.	
Mißklang	NN	1965	2	2532889X_1965-04-26_01_156.tcf.xml-23-15	 	Daß sich jedoch die eigentlich zur Neutralität verpflichtete österreichische Regierung zur „Obertragung" dieses Mißklangs hergabi stimmte schon bedenklicher.	112:121	0:157	Daß sich jedoch die eigentlich zur Neutralität verpflichtete österreichische Regierung zur „ Obertragung " dieses Mißklangs hergabi stimmte schon bedenklicher .	15	0:21	daß sich jedoch d eigentlich zur Neutralität verpflichten österreichisch Regierung zur „ Obertragung " diese Mißklang Hergabi stimmen schon bedenklich .	KOUS PRF ADV ART ADV APPRART NN VVFIN ADJA NN APPRART $( NN $( PDAT NN NE VVFIN ADV ADJD $.	
Mißklang	NN	1966	2	2532889X_1966-09-02_01_023.tcf.xml-4-3	 	Dann schrillte ein Mißklang in diese Harmonie, der zunächst nicht anders als ein böser Scherz beurteilt wurde.	19:27	0:110	Dann schrillte ein Mißklang in diese Harmonie , der zunächst nicht anders als ein böser Scherz beurteilt wurde .	3	0:19	dann schrillen eine Mißklang in diese Harmonie , die zunächst nicht anders als eine böse Scherz beurteilen werden .	ADV VVFIN ART NN APPR PDAT NN $, PRELS ADV PTKNEG ADV KOKOM ART ADJA NN VVPP VAFIN $.	
Mißklang	NN	1970	2	2532889X_1970-02-12_01_061.tcf.xml-12-31	 	Doch das ist selbstverständlich Zukunftsmusik, deren Akkorde erst in späteren Jahren in voller Harmonie erklingen können, und bis dahin sind viele Proben zu bestehen, bei denen sich noch Mißklänge einstellen können.	187:196	0:215	Doch das ist selbstverständlich Zukunftsmusik , deren Akkorde erst in späteren Jahren in voller Harmonie erklingen können , und bis dahin sind viele Proben zu bestehen , bei denen sich noch Mißklänge einstellen können .	31	0:35	doch die sein selbstverständlich Zukunftsmusik , die Akkord erst in spät Jahr in voll Harmonie erklingen können , und bis dahin sein viel Probe zu bestehen , bei die sich noch Mißklang einstellen können .	KON PDS VAFIN ADJD NN $, PRELAT NN ADV APPR ADJA NN APPR ADJA NN VVINF VMINF $, KON APPR PAV VAFIN PIAT NN PTKZU VVINF $, APPR PRELS PRF ADV NN VVINF VMINF $.	
Mißklang	NN	1972	2	2532889X_1972-01-08_01_052.tcf.xml-35-13	 	Als er schließlich in tänzerische Bahnen gelenkt wurde, quälte mich bald der Mißklang zwischen dem, was mir als das Ideal von Tanz vorschwebte, und-dem, was als Tanz gelehrt wurde.	77:85	0:180	Als er schließlich in tänzerische Bahnen gelenkt wurde , quälte mich bald der Mißklang zwischen dem , was mir als das Ideal von Tanz vorschwebte , und- dem , was als Tanz gelehrt wurde .	13	0:35	als er schließlich in tänzerisch Bahn lenken werden , quälen ich bald d Mißklang zwischen d , was ich als d Ideal von Tanz vorschweben , und- d , was als Tanz lehren werden .	KOUS PPER ADV APPR ADJA NN VVPP VAFIN $, VVFIN PPER ADV ART NN APPR ART $, PRELS PPER KOUS ART NN APPR NN VVFIN $, TRUNC ART $, PRELS KOUS NN VVPP VAFIN $.	
Mißklang	NN	1981	2	2532889X_1981-11-14_01_331.tcf.xml-73-2	 	Der schrille Mißklang im festlichen Ensemble der Galerie ist als notwendige Warnung zu verstehen.	13:21	0:97	Der schrille Mißklang im festlichen Ensemble der Galerie ist als notwendige Warnung zu verstehen .	2	0:15	d schrill Mißklang im festlich Ensemble d Galerie sein als notwendig Warnung zu verstehen .	ART ADJA NN APPRART ADJA NN ART NN VAFIN KOUS ADJA NN PTKZU VVINF $.	
Mißklang	NN	1982	2	2532889X_1982-07-03_01_255.tcf.xml-27-7	 	In der 84. Minute allerdings trübte ein Mißklang den ausgezeichneten Eindruck:	40:48	0:78	In der 84. Minute allerdings trübte ein Mißklang den ausgezeichneten Eindruck :	7	0:12	in d 84. Minute allerdings trüben eine Mißklang d ausgezeichnet Eindruck :	APPR ART ADJA NN ADV VVFIN ART NN ART ADJA NN $.	
Mißklang	NN	1987	2	2532889X_1987-03-24_01_052.tcf.xml-34-17	 	Da kommen Liebesaffären ins Bild, der musikalische. Triumph bei der Weltausstellung in Paris, die Mißklänge seiner zweiten Ehe mit der Soubrette Lili, die Scheidung, Luis Rache, als sie in Berlin die Uraufführung der „Nacht in Venedig" stören ließ, die Rankünen seines Bruders Eduard.	98:107	0:284	Da kommen Liebesaffären ins Bild , der musikalische . Triumph bei der Weltausstellung in Paris , die Mißklänge seiner zweiten Ehe mit der Soubrette Lili , die Scheidung , Luis Rache , als sie in Berlin die Uraufführung der „ Nacht in Venedig " stören ließ , die Rankünen seines Bruders Eduard .	17	0:53	da kommen Liebesaffäre ins Bild , d musikalisch . Triumph bei d Weltausstellung in Paris , d Mißklang seine zweit Ehe mit d Soubrette Lili , d Scheidung , Luis Rache , als sie in Berlin d Uraufführung d „ Nacht in Venedig " stören lassen , d Ranküne seine Bruder Eduard .	ADV VVFIN NN APPRART NN $, ART ADJA $. NN APPR ART NN APPR NE $, ART NN PPOSAT ADJA NN APPR ART NN NE $, ART NN $, NE NN $, KOUS PPER APPR NE ART NN ART $( NN APPR NE $( VVINF VVFIN $, ART NN PPOSAT NN NE $.	
Mißklang	NN	1947	2	26120215_1947_03_22_01_039.tcf.xml-23-8	 	Es ist zu hoffen, daß trotz gelegentlicher Mißklänge und Verstimmungen die Universität Berlin nunmehr in ein ruhiges und ziviles Fahrwasser gelangt.	43:52	0:148	Es ist zu hoffen , daß trotz gelegentlicher Mißklänge und Verstimmungen die Universität Berlin nunmehr in ein ruhiges und ziviles Fahrwasser gelangt .	8	0:23	es sein zu hoffen , daß trotz gelegentlich Mißklang und Verstimmung d Universität Berlin nunmehr in eine ruhig und zivil Fahrwasser gelangen .	PPER VAFIN PTKZU VVINF $, KOUS APPR ADJA NN KON NN ART NN NE ADV APPR ART ADJA KON ADJA NN VVPP $.	
Mißklang	NN	1947	2	26120215_1947_09_16_01_212.tcf.xml-4-22	 	Wie Reuter erfahrt, brachte eine offene Beschwerde der latein-amerikanischen Delegierten gegen die Bevorzugung europäischer Staaten im Anleiheprogramm der Internationalen Bank einen Mißklang in die Vormittagssitzung.	182:190	0:216	Wie Reuter erfahrt , brachte eine offene Beschwerde der latein-amerikanischen Delegierten gegen die Bevorzugung europäischer Staaten im Anleiheprogramm der Internationalen Bank einen Mißklang in die Vormittagssitzung .	22	0:27	wie Reuter erfahren , bringen eine offen Beschwerde d latein-amerikanisch Delegierte gegen d Bevorzugung europäisch Staat im Anleiheprogramm d international Bank eine Mißklang in d Vormittagssitzung .	PWAV NE VVFIN $, VVFIN ART ADJA NN ART ADJA NN APPR ART NN ADJA NN APPRART NN ART ADJA NN ART NN APPR ART NN $.	
Mißklang	NN	1947	2	26120215_1947_12_14_01_055.tcf.xml-13-28	 	Wahrend im Washingtoner Kongreß beschlossen wird, daß Kredite nur für „kommunistenfreie" Regierungen in Europa bewilligt werden, hat es in den franzosisch-sowjetischen Beziehungen einen lauten Mißklang gegeben.	193:201	0:210	Wahrend im Washingtoner Kongreß beschlossen wird , daß Kredite nur für „ kommunistenfreie " Regierungen in Europa bewilligt werden , hat es in den franzosisch-sowjetischen Beziehungen einen lauten Mißklang gegeben .	28	0:31	wahren im washingtoner Kongreß beschließen werden , daß Kredit nur für „ kommunistenfrei " Regierung in Europa bewilligen werden , haben es in d franzosisch-sowjetischen Beziehung eine laut Mißklang geben .	VVPP APPRART ADJA NN VVPP VAFIN $, KOUS NN ADV APPR $( ADJA $( NN APPR NE VVPP VAINF $, VAFIN PPER APPR ART ADJA NN ART ADJA NN VVPP $.	
Mißklang	NN	1950	2	26120215_1950_01_26_01_006.tcf.xml-2-10	 	Diese optimistische Stimmung wurde kurz vor Jahresschluß durch einen häßlichen Mißklang gestört.	79:87	0:96	Diese optimistische Stimmung wurde kurz vor Jahresschluß durch einen häßlichen Mißklang gestört .	10	0:13	diese optimistisch Stimmung werden kurz vor Jahresschluß durch eine häßlich Mißklang stören .	PDAT ADJA NN VAFIN ADJD APPR NN APPR ART ADJA NN VVPP $.	
Mißklang	NN	1952	2	26120215_1952_10_19_01_050.tcf.xml-118-40	 	Der mitreißende Schwung, die leidenschaftliche Begeisterung der Kumpel für ihr Kombinat, für ihre SDZialistische Stadt, die ergreifende Würde, mit der sie ihre Meinungen vortrugen, machte diese Versammlung, die durch ihre Enthüllungen leicht mit einem Mißklang hätte enden können, zu einem äußert positiven Erlebnis, aus dem jeder Anwesende neue Kraft und neuen Glauben für unser Aufbauwerk mit nach Hause nahm.	252:260	0:411	Der mitreißende Schwung , die leidenschaftliche Begeisterung der Kumpel für ihr Kombinat , für ihre SDZialistische Stadt , die ergreifende Würde , mit der sie ihre Meinungen vortrugen , machte diese Versammlung , die durch ihre Enthüllungen leicht mit einem Mißklang hätte enden können , zu einem äußert positiven Erlebnis , aus dem jeder Anwesende neue Kraft und neuen Glauben für unser Aufbauwerk mit nach Hause nahm .	40	0:68	d mitreißend Schwung , d leidenschaftlich Begeisterung d Kumpel für ihr Kombinat , für ihr sdzialistische Stadt , d ergreifend Würde , mit die sie ihr Meinung vortragen , machen diese Versammlung , die durch ihr Enthüllung leicht mit eine Mißklang haben enden können , zu eine äußern positiv Erlebnis , aus die jede Anwesende neu Kraft und neu Glauben für unsere Aufbauwerk mit nach Haus nehmen .	ART ADJA NN $, ART ADJA NN ART NN APPR PPOSAT NN $, APPR PPOSAT ADJA NN $, ART ADJA NN $, APPR PRELS PPER PPOSAT NN VVFIN $, VVFIN PDAT NN $, PRELS APPR PPOSAT NN ADJD APPR ART NN VAFIN VVINF VMINF $, APPR ART VVFIN ADJA NN $, APPR PRELS PIAT NN ADJA NN KON ADJA NN APPR PPOSAT NN APPR APPR NN VVFIN $.	
Mißklang	NN	1958	2	26120215_1958_12_20_01_214.tcf.xml-24-4	 	Sieht man von diesem Mißklang ab, so können wir feststellen, daß die diesjährigen Verkaufsausstellungen ein erfreuliches Niveau halten und unser Kunstleben bereichern.	21:29	0:167	Sieht man von diesem Mißklang ab , so können wir feststellen , daß die diesjährigen Verkaufsausstellungen ein erfreuliches Niveau halten und unser Kunstleben bereichern .	4	0:25	sehen man von diese Mißklang ab , so können wir feststellen , daß d diesjährig Verkaufsausstellung eine erfreulich Niveau halten und unsere Kunstleben bereichern .	VVFIN PIS APPR PDAT NN PTKVZ $, ADV VMFIN PPER VVINF $, KOUS ART ADJA NN ART ADJA NN VVINF KON PPOSAT NN VVINF $.	
Mißklang	NN	1964	2	26120215_1964_07_05_01_083.tcf.xml-10-6	 	Gleich zu Besuchsbeginn hatte es einen Mißklang gegeben: de Gaulle ließ Erhard längere Zeit warten, um ein Gespräch mit CDU-Chef Adenauer zu beenden.	39:47	0:149	Gleich zu Besuchsbeginn hatte es einen Mißklang gegeben : de Gaulle ließ Erhard längere Zeit warten , um ein Gespräch mit CDU-Chef Adenauer zu beenden .	6	0:26	gleich zu Besuchsbeginn haben es eine Mißklang geben : De Gaulle lassen Erhard lang Zeit warten , um eine Gespräch mit Cdu-Chef Adenauer zu beenden .	ADV APPR NN VAFIN PPER ART NN VVPP $. NE NE VVFIN NE ADJA NN VVINF $, KOUI ART NN APPR NN NE PTKZU VVINF $.	
Mißklang	NN	1966	2	26120215_1966_08_12_01_264.tcf.xml-74-19	 	Doch sie gaben ihr Bestes, damit das Passierscheinabkommen zwischen der Regierung der DDR und dem Westberliner Senat ohne Mißklang erfüllt wurde.	122:130	0:145	Doch sie gaben ihr Bestes , damit das Passierscheinabkommen zwischen der Regierung der DDR und dem Westberliner Senat ohne Mißklang erfüllt wurde .	19	0:23	doch sie geben ihr Beste , damit d Passierscheinabkommen zwischen d Regierung d DDR und d westberliner Senat ohne Mißklang erfüllen werden .	KON PPER VVFIN PPOSAT NN $, KOUS ART NN APPR ART NN ART NE KON ART ADJA NN APPR NN VVPP VAFIN $.	
Mißklang	NN	1975	2	26120215_1975_09_20_01_447.tcf.xml-24-13	 	Im Unterricht ist Deine Lehrerin Dirigent, der dafür sorgt, daß kein Mißklang aufkommt.	69:77	0:87	Im Unterricht ist Deine Lehrerin Dirigent , der dafür sorgt , daß kein Mißklang aufkommt .	13	0:16	im Unterricht sein deine Lehrerin Dirigent , die dafür sorgen , daß keine Mißklang aufkommen .	APPRART NN VAFIN PPOSAT NN NN $, PRELS PAV VVFIN $, KOUS PIAT NN VVFIN $.	
Mißklang	NN	1977	2	26120215_1977_02_24_01_074.tcf.xml-4-11	 	Das Objektiv versagte und mein Urlaub hätte gewiß mit einem kleinen Mißklang geendet.	68:76	0:85	Das Objektiv versagte und mein Urlaub hätte gewiß mit einem kleinen Mißklang geendet .	11	0:14	d objektiv versagt und mein Urlaub haben gewiß mit eine klein Mißklang enden .	ART ADJD ADJA KON PPOSAT NN VAFIN ADV APPR ART ADJA NN VVPP $.	
Mißklang	NN	1990	2	26120215_1990_05_14_01_201.tcf.xml-5-1	 	Ein Mißklang: „Jahrestag" vom VE Rennstall Müggelsee mit Karin Tomzik startete, wurde Zweiter, obwohl von Mariendorf für den Hengst ein Vierteljahr Startverbot und für Trainerin/Fahrerin Karin Tomzik vier Wochen Fahrverbot verfügt wurden.	4:12	0:238	Ein Mißklang : „ Jahrestag " vom VE Rennstall Müggelsee mit Karin Tomzik startete , wurde Zweiter , obwohl von Mariendorf für den Hengst ein Vierteljahr Startverbot und für Trainerin/Fahrerin Karin Tomzik vier Wochen Fahrverbot verfügt wurden .	1	0:38	eine Mißklang : „ Jahrestag " vom Ve Rennstall Müggelsee mit Karin Tomzik starten , werden Zweiter , obwohl von Mariendorf für d Hengst eine Vierteljahr Startverbot und für Trainerin/fahrerin Karin Tomzik vier Woche Fahrverbot verfügen werden .	ART NN $. $( NN $( APPRART NE NN NE APPR NE NE VVFIN $, VAFIN NN $, KOUS APPR NN APPR ART NN ART NN NN KON APPR NE NE NE CARD NN NN VVPP VAFIN $.	
Mißklang	NN	1847	1	aston_leben_1847-601-55	 	Gerade die liebenswürdige Kindlichkeit, vereinigt mit einem tiefsinnigen Zug, der Zauber einer seltenen Harmonie, der, alle Gegensätze versöhnend, über ihr ganzes Wesen ausgebreitet war, mußten einen Mann fesseln, den Denken und Leben in allen Widersprüchen herumgeworfen; der gerade nach einer Harmonie suchte, in der die schreienden Mißklänge aufgelöst würden.	335:344	0:362	Gerade die liebenswürdige Kindlichkeit , vereinigt mit einem tiefsinnigen Zug , der Zauber einer seltenen Harmonie , der , alle Gegensätze versöhnend , über ihr ganzes Wesen ausgebreitet war , mußten einen Mann fesseln , den Denken und Leben in allen Widersprüchen herumgeworfen ; der gerade nach einer Harmonie suchte , in der die schreienden Mißklänge aufgelöst würden .	55	0:59	gerade d liebenswürdig Kindlichkeit , vereinigen mit eine tiefsinnig Zug , d Zauber eine selten Harmonie , die , alle Gegensatz versöhnend , über ihr ganz Wesen ausbreiten sein , müssen eine Mann fesseln , d Denken und Leben in alle Widerspruch herumwerfen ; d gerade nach eine Harmonie suchen , in die d schreiend Mißklang auflösen werden .	ADV ART ADJA NN $, VVPP APPR ART ADJA NN $, ART NN ART ADJA NN $, PRELS $, PIAT NN ADJD $, APPR PPOSAT ADJA NN VVPP VAFIN $, VMFIN ART NN VVINF $, ART NN KON NN APPR PIAT NN VVPP $. ART ADV APPR ART NN VVFIN $, APPR PRELS ART ADJA NN VVPP VAFIN $.	Gerade die liebenswürdige Kindlichkeit , vereinigt mit einem tiefsinnigen Zug , der Zauber einer seltenen Harmonie , der , alle Gegensätze versöhnend , über ihr ganzes Wesen ausgebreitet war , mußten einen Mann fesseln , den Denken und Leben in allen Widersprüchen herumgeworfen ; der gerade nach einer Harmonie suchte , in der die schreienden Mißklänge aufgelöst würden .
Mißklang	NN	1882	1	beyer_poetik01_1882-4784-9	 	Ebenso führt die zu häufige Wiederholung desselben Vokals zum Mißklang (== Kakophonie), z. B.:	62:70	0:94	Ebenso führt die zu häufige Wiederholung desselben Vokals zum Mißklang (== Kakophonie ) , z. B. :	9	0:17	ebenso führen d zu häufig Wiederholung desselben Vokal zum Mißklang (== Kakophonie ) , z. B. :	ADV VVFIN ART PTKZU ADJA NN PDAT NN APPRART NN $( NN $( $, APPRART NN $.	Ebenso führt die zu häufige Wiederholung desselben Vokals zum Mißklang (== Kakophonie ) , z. B. :
Mißklang	NN	1882	1	beyer_poetik01_1882-7723-51	 	Früher waren wohl die meisten Nebensilben selbst betonte Wurzeln; sie lehnen sich aber mit der Zeit an bedeutungsvolle Wurzeln an, verloren ihre Selbständigkeit und wurden Vor-oder Nachsilben, die vom Stamm getrennt nunmehr tot sind, z. B. Verhör, Heimat, Heirat, Trübsal, Unsterblichkeit, Mißklang.	290:298	0:299	Früher waren wohl die meisten Nebensilben selbst betonte Wurzeln ; sie lehnen sich aber mit der Zeit an bedeutungsvolle Wurzeln an , verloren ihre Selbständigkeit und wurden Vor- oder Nachsilben , die vom Stamm getrennt nunmehr tot sind , z. B. Verhör , Heimat , Heirat , Trübsal , Unsterblichkeit , Mißklang .	51	0:53	früh sein wohl d meiste Nebensilbe selbst betonen Wurzel ; sie lehnen sich aber mit d Zeit an bedeutungsvoll Wurzel an , verlieren ihr Selbständigkeit und werden vor- oder Nachsilbe , die vom Stamm getrennt nunmehr tot sein , z. B. Verhör , Heimat , Heirat , Trübsal , Unsterblichkeit , Mißklang .	ADJD VAFIN ADV ART PIAT NN ADV VVFIN NN $. PPER VVFIN PRF ADV APPR ART NN APPR ADJA NN PTKVZ $, VVFIN PPOSAT NN KON VAFIN TRUNC KON NN $, PRELS APPRART NN ADJD ADV ADJD VAFIN $, APPRART NN NN $, NN $, NN $, NN $, NN $, NN $.	Der Akzent ruht auf dem Wortstamm , auf der Wurzel .
Mißklang	NN	1898	1	bismarck_erinnerungen01_1898-2580-27	 	In den Streit wohlthuender Gefühle für junge Auerhühner einerseits und Wiedersehn von Frau und Kindern andrerseits tönte Ihr Commando:, an die Pferde ‘ mit schrillem Mißklang.	166:174	0:175	In den Streit wohlthuender Gefühle für junge Auerhühner einerſeits und Wiederſehn von Frau und Kindern andrerſeits tönte Ihr Commando : , an die Pferde ‘ mit ſchrillem Mißklang .	27	0:29	in d Streit wohltuend Gefühl für jung Auerhuhn einerseits und Wiedersehen von Frau und Kind andererseits tönen ihr Kommando : , an d Pferd ' mit schrill Mißklang .	APPR ART NN ADJA NN APPR ADJA NN ADV KON NN APPR NN KON NN ADV VVFIN PPOSAT NN $. $, APPR ART NN $( APPR ADJA NN $.	In den Streit wohltuender Gefühle für junge Auerhühner einerseits und Wiedersehen von Frau und Kindern andererseits tönte Ihr Kommando : , an die Pferde ' mit schrillem Mißklang .
Mißklang	NN	1865	1	brehm_thierleben02_1865-16828-2	 	Zuerst sollten Mißklänge aller Art ihn aus seiner Ruhe schrecken.	15:24	0:65	Zuerſt ſollten Mißklänge aller Art ihn aus ſeiner Ruhe ſchrecken .	2	0:11	zuerst sollen Mißklang alle Art er aus seine Ruhe schrecken .	ADV VMFIN NN PIAT NN PPER APPR PPOSAT NN VVFIN $.	Zuerst sollten Mißklänge aller Art ihn aus seiner Ruhe schrecken .
Mißklang	NN	1869	1	brehm_thierleben06_1869-14813-64	 	Jndem wir diesen reichhaltigen Abschnitt schließen, hegen wir die Hoffnung, daß diejenigen Leser, welche sich nicht durch die Ueberschriften und den an sich nicht einladenden Gegenstand haben abschrecken lassen, durch das spannende Jnteresse an der Verkettung der Thatsachen volle Entschädigung für den Abgang des poetisch oder gemüthlich Anziehenden gefunden haben, möchten aber überhaupt daran mahnen, daß die vermeintlichen Mißklänge in der Natur ausgeglichen werden, wenn man auf einer höheren Warte sich einen erweiterten Gesichtskreis verschafft hat.	427:436	0:556	Jndem wir dieſen reichhaltigen Abſchnitt ſchließen , hegen wir die Hoffnung , daß diejenigen Leſer , welche ſich nicht durch die Ueberſchriften und den an ſich nicht einladenden Gegenſtand haben abſchrecken laſſen , durch das ſpannende Jntereſſe an der Verkettung der Thatſachen volle Entſchädigung für den Abgang des poetiſch oder gemüthlich Anziehenden gefunden haben , möchten aber überhaupt daran mahnen , daß die vermeintlichen Mißklänge in der Natur ausgeglichen werden , wenn man auf einer höheren Warte ſich einen erweiterten Geſichtskreis verſchafft hat .	64	0:84	indem wir diese reichhaltig Abschnitt schließen , hegen wir d Hoffnung , daß diejenige Leser , welche sich nicht durch d Überschrift und d an sich nicht einladend Gegenstand haben abschrecken lassen , durch d spannend Interesse an d Verkettung d Tatsache voll Entschädigung für d Abgang d poetisch oder gemütlich Anziehende finden haben , mögen aber überhaupt daran mahnen , daß d vermeintlich Mißklang in d Natur ausgleichen werden , wenn man auf eine hoch Warte sich eine erweitert Gesichtskreis verschaffen haben .	KOUS PPER PDAT ADJA NN VVINF $, VVFIN PPER ART NN $, KOUS PDS NN $, PRELS PRF PTKNEG APPR ART NN KON ART APPR PRF PTKNEG ADJA NN VAFIN VVINF VVINF $, APPR ART ADJA NN APPR ART NN ART NN ADJA NN APPR ART NN ART ADJD KON ADJD NN VVPP VAFIN $, VMFIN ADV ADV PAV VVFIN $, KOUS ART ADJA NN APPR ART NN VVPP VAINF $, KOUS PIS APPR ART ADJA NN PRF ART ADJA NN VVPP VAFIN $.	Indem wir diesen reichhaltigen Abschnitt schließen , hegen wir die Hoffnung , daß diejenigen Leser , welche sich nicht durch die Überschriften und den an sich nicht einladenden Gegenstand haben abschrecken lassen , durch das spannende Interesse an der Verkettung der Tatsachen volle Entschädigung für den Abgang des poetisch oder gemütlich Anziehenden gefunden haben , möchten aber überhaupt daran mahnen , daß die vermeintlichen Mißklänge in der Natur ausgeglichen werden , wenn man auf einer höheren Warte sich einen erweiterten Gesichtskreis verschafft hat .
Mißklang	NN	1875	1	curtius_alterthum01_1875-1087-51	 	Wer Sold giebt, macht auch Ansprüche, denen sich der Empfangende nicht entziehen kann, und da, wo die lockende Aussicht auf Gewinn poetische Tafelrunden bildete, welche sich um freigebige Fürsten, wie Pisistratos und Hiero, sammelten, da traten auch mancherlei Schäden höfischer Kunst und mancherlei Mißklänge, selbst bei so hervorragenden Geistern, wie Pindar, Simonides, Ibykos zu Tage.	300:309	0:388	Wer Sold giebt , macht auch Anſprüche , denen ſich der Empfangende nicht entziehen kann , und da , wo die lockende Ausſicht auf Gewinn poetiſche Tafelrunden bildete , welche ſich um freigebige Fürſten , wie Piſiſtratos und Hiero , ſammelten , da traten auch mancherlei Schäden höfiſcher Kunſt und mancherlei Mißklänge , ſelbſt bei ſo hervorragenden Geiſtern , wie Pindar , Simonides , Ibykos zu Tage .	51	0:68	wer Sold geben , machen auch Anspruch , die sich d Empfangende nicht entziehen können , und da , wo d lockend Aussicht auf Gewinn poetisch Tafelrunde bilden , welche sich um freigebig Fürst , wie Pisistratos und hier , sammeln , da treten auch mancherlei Schaden höfisch Kunst und mancherlei Mißklang , selbst bei so hervorragend Geist , wie Pindar , Simonides , Ibykos zu Tag .	PWS NN VVFIN $, VVFIN ADV NN $, PRELS PRF ART NN PTKNEG VVINF VMFIN $, KON KOUS $, PWAV ART ADJA NN APPR NN ADJA NN VVFIN $, PRELS PRF APPR ADJA NN $, PWAV NE KON ADV $, VVFIN $, ADV VVFIN ADV PIAT NN ADJA NN KON PIAT NN $, ADV APPR ADV ADJA NN $, PWAV NE $, NE $, NE APPR NN $.	Wer Sold gibt , macht auch Ansprüche , denen sich der Empfangende nicht entziehen kann , und da , wo die lockende Aussicht auf Gewinn poetische Tafelrunden bildete , welche sich um freigebige Fürsten , wie Pisistratos und Hier , sammelten , da traten auch mancherlei Schäden höfischer Kunst und mancherlei Mißklänge , selbst bei so hervorragenden Geistern , wie Pindar , Simonides , Ibykos zu Tage .
Mißklang	NN	1864	1	ebers_koenigstochter03_1864-2998-2	 	„Kein Mißklang stört die Ruhe meines Gemüths, kein Augenblick der Unzufriedenheit drängt sich in den scheinbar einförmigen Lauf eines Lebens, welches jetzt, nach vielen Jrrungen und Jrrfahrten, einzig der Betrachtung Gottes, der Wissenschaft, und somit der Vorbereitung der Seele auf das Leben nach dem Tode gewidmet ist.	6:14	0:321	„ Kein Mißklang ſtört die Ruhe meines Gemüths , kein Augenblick der Unzufriedenheit drängt ſich in den ſcheinbar einförmigen Lauf eines Lebens , welches jetzt , nach vielen Jrrungen und Jrrfahrten , einzig der Betrachtung Gottes , der Wiſſenſchaft , und ſomit der Vorbereitung der Seele auf das Leben nach dem Tode gewidmet iſt .	2	0:55	" Kein Mißklang stören d Ruhe meine Gemüt , keine Augenblick d Unzufriedenheit drängen sich in d scheinbar einförmig Lauf eine Leben , welche jetzt , nach viel Irrung und Irrfahrt , einzig d Betrachtung Gott , d Wissenschaft , und somit d Vorbereitung d Seele auf d Leben nach d Tod widmen sein .	$( PIAT NN VVFIN ART NN PPOSAT NN $, PIAT NN ART NN VVFIN PRF APPR ART ADJD ADJA NN ART NN $, PRELS ADV $, APPR PIAT NN KON NN $, ADJD ART NN NN $, ART NN $, KON ADV ART NN ART NN APPR ART NN APPR ART NN VVPP VAFIN $.	" Kein Mißklang stört die Ruhe meines Gemüts , kein Augenblick der Unzufriedenheit drängt sich in den scheinbar einförmigen Lauf eines Lebens , welches jetzt , nach vielen Irrungen und Irrfahrten , einzig der Betrachtung Gottes , der Wissenschaft , und somit der Vorbereitung der Seele auf das Leben nach dem Tode gewidmet ist .
Mißklang	NN	1806	1	engel_poetik_1806-1411-18	 	Der Wohllaut hört im Zwist des Guten und des Bösen; Vermag der auch, in sich den Mißklang aufzulösen?	81:89	0:101	Der Wohllaut hört im Zwist des Guten und des Bösen ; Vermag der auch , in sich den Mißklang aufzulösen ?	18	0:21	d Wohllaut hören im Zwist d Gute und d Böse ; vermögen d auch , in sich d Mißklang auflösen ?	ART NN VVFIN APPRART NN ART NN KON ART NN $. VVFIN ART ADV $, APPR PRF ART NN VVIZU $.	Der Wohllaut hört im Zwist des Guten und des Bösen ; Vermag der auch , in sich den Mißklang aufzulösen ?
Mißklang	NN	1858	1	falke_trachten01_1858-1911-42	 	Indeß dürfen wir ihrem Geschmack wohl mehr Feinheit zutrauen, als den Klosterkünstlern, die, in ihrer einsamen Zelle dem Leben der großen Welt und dem Anblick feiner Damen fern bleibend, keineswegs einen gebildeten Farbensinn verrathen und grelle und schreiende Mißklänge, wie z. B. Grün und Blau, in den Anzügen vornehmer Frauen unvermittelt zusammenstellen.	262:271	0:359	Indeß dürfen wir ihrem Geſchmack wohl mehr Feinheit zutrauen , als den Kloſterkünſtlern , die , in ihrer einſamen Zelle dem Leben der großen Welt und dem Anblick feiner Damen fern bleibend , keineswegs einen gebildeten Farbenſinn verrathen und grelle und ſchreiende Mißklänge , wie z. B. Grün und Blau , in den Anzügen vornehmer Frauen unvermittelt zuſammenſtellen .	42	0:59	Inde dürfen wir ihr Geschmack wohl mehr Feinheit zutrauen , als d Klosterkünstler , die , in ihr einsam Zelle d Leben d groß Welt und d Anblick fein Dame fern bleibend , keineswegs eine gebildet Farbensinn verraten und grell und schreiend Mißklang , wie z. B. Grün und Blau , in d Anzug vornehm Frau unvermittelt zusammenstellen .	NN VMFIN PPER PPOSAT NN ADV PIAT NN VVFIN $, KOUS ART NN $, PRELS $, APPR PPOSAT ADJA NN ART NN ART ADJA NN KON ART NN ADJA NN ADJD ADJD $, ADV ART ADJA NN VVPP KON ADJA KON ADJA NN $, PWAV APPRART NN NN KON NN $, APPR ART NN ADJA NN ADJD VVINF $.	Indes dürfen wir ihrem Geschmack wohl mehr Feinheit zutrauen , als den Klosterkünstlern , die , in ihrer einsamen Zelle dem Leben der großen Welt und dem Anblick feiner Damen fern bleibend , keineswegs einen gebildeten Farbensinn verraten und grelle und schreiende Mißklänge , wie z. B. Grün und Blau , in den Anzügen vornehmer Frauen unvermittelt zusammenstellen .
Mißklang	NN	1863	1	fontane_brandenburg02_1863-2886-11	 	Das Wesen dieser Art von Existenzen ist die Disharmonie, der Mißklang, der Widerstreit.	61:69	0:87	Das Weſen dieſer Art von Exiſtenzen iſt die Disharmonie , der Mißklang , der Widerſtreit .	11	0:16	d Wesen diese Art von Existenz sein d Disharmonie , d Mißklang , d Widerstreit .	ART NN PDAT NN APPR NN VAFIN ART NN $, ART NN $, ART NN $.	Das Wesen dieser Art von Existenzen ist die Disharmonie , der Mißklang , der Widerstreit .
Mißklang	NN	1814	1	goethe_leben03_1814-447-24	 	Das was ich hier gedrängt und in einigem Zusammenhange vortrage, tönte zu jener Zeit, als Ruf des Augenblicks, als ewig zwiespältiger Misklang, unzusammenhängend und unbelehrend in unseren Ohren.	134:142	0:195	Das was ich hier gedraͤngt und in einigem Zuſammenhange vortrage , toͤnte zu jener Zeit , als Ruf des Augenblicks , als ewig zwieſpaͤltiger Misklang , unzuſammenhaͤngend und unbelehrend in unſeren Ohren .	24	0:33	die was ich hier drängen und in einige Zusammenhang vortragen , tönen zu jen Zeit , als Ruf d Augenblick , als ewig zwiespältig Mißklang , unzusammenhängend und unbelehrend in unsere Ohr .	PDS PRELS PPER ADV VVPP KON APPR PIAT NN VVFIN $, VVFIN APPR PDAT NN $, KOKOM NN ART NN $, KOKOM ADJD ADJA NN $, ADJD KON ADJD APPR PPOSAT NN $.	Das was ich hier gedrängt und in einigem Zusammenhänge vortrage , tönte zu jener Zeit , als Ruf des Augenblicks , als ewig zwiespältiger Missklang , unzusammenhängend und unbelehrend in unseren Ohren .
Mißklang	NN	1858	1	gottschall_poetik_1858-3181-12	 	Doch ist Achtsamkeit auf den Hiatus unerläßlich, da ein mit seinen Mißklängen und außerdem mit harten Elisionen ausgestattetes Gedicht einen durchaus unkorrekten und schülerhaften Eindruck macht.	67:77	0:195	Doch ist Achtsamkeit auf den Hiatus unerläßlich , da ein mit seinen Mißklängen und außerdem mit harten Elisionen ausgestattetes Gedicht einen durchaus unkorrekten und schülerhaften Eindruck macht .	12	0:28	doch sein Achtsamkeit auf d Hiatus unerläßlich , da eine mit seine Mißklang und außerdem mit hart Elisionen ausgestattet Gedicht eine durchaus unkorrekt und schülerhaft Eindruck machen .	KON VAFIN NN APPR ART NN ADJD $, KOUS ART APPR PPOSAT NN KON PAV APPR ADJA NN ADJA NN ART ADV ADJA KON ADJA NN VVFIN $.	Doch ist Achtsamkeit auf den Hiatus unerläßlich , da ein mit seinen Mißklängen und außerdem mit harten Elisionen ausgestattetes Gedicht einen durchaus unkorrekten und schülerhaften Eindruck macht .
Mißklang	NN	1847	1	heckert_schulgesetzgebung_1847-1650-43	 	Der Schullehrer muß allen Fleiß daran wenden, daß sowohl bei dem Vorsprechen, als bei dem Nachsprechen sämmtlicher Kinder, Ton und Nachdruck auf die Worte gelegt werden, auf welche es ankommt; damit der äußerst widrige, singende und einförmige Mißklang, mit welchem die Kinder gewöhnlich eine biblische Stelle hersagen, sich aus den Schulen verliere.	244:252	0:350	Der Schullehrer muß allen Fleiß daran wenden , daß ſowohl bei dem Vorſprechen , als bei dem Nachſprechen ſämmtlicher Kinder , Ton und Nachdruck auf die Worte gelegt werden , auf welche es ankommt ; damit der äußerſt widrige , ſingende und einförmige Mißklang , mit welchem die Kinder gewöhnlich eine bibliſche Stelle herſagen , ſich aus den Schulen verliere .	43	0:61	d Schullehrer müssen alle Fleiß daran wenden , daß sowohl bei d Vorsprechen , als bei d Nachsprechen sämtlich Kind , Ton und Nachdruck auf d Wort legen werden , auf welche es ankommen ; damit d äußerst widrig , singend und einförmig Mißklang , mit welche d Kind gewöhnlich eine biblisch Stelle hersagen , sich aus d Schule verlieren .	ART NN VMFIN PIAT NN PAV VVINF $, KOUS KON APPR ART NN $, KOKOM APPR ART NN ADJA NN $, NN KON NN APPR ART NN VVPP VAINF $, APPR PRELS PPER VVFIN $. PAV ART ADV ADJA $, ADJA KON ADJA NN $, APPR PRELS ART NN ADJD ART ADJA NN VVINF $, PRF APPR ART NN VVFIN $.	Der Schullehrer muß allen Fleiß daran wenden , daß sowohl bei dem Vorsprechen , als bei dem Nachsprechen sämtlicher Kinder , Ton und Nachdruck auf die Worte gelegt werden , auf welche es ankommt ; damit der äußerst widrige , singende und einförmige Mißklang , mit welchem die Kinder gewöhnlich eine biblische Stelle hersagen , sich aus den Schulen verliere .
Mißklang	NN	1869	1	michelis_reiseschule_1869-2106-36	 	Sind zwei Menschen, die sich vorher nicht kannten, erst einmal mehre Tage lang von früh bis spät zusammen gewesen, in belebtem, traulichem Zwiegespräch intim geworden, und es findet sich ein leiser Mißklang, oder nur Einer von Beiden fühlt das Bedürfniß zeitweiliger Veränderung, so ist in der Regel ein völliger Bruch oder eine dauernde Erkaltung die Folge, während die junge Freundschaft, wenn man ihr Zeit zum Wachsthum gelassen und sie nicht künstlich getrieben hätte, ein kräftiger, tiefgewurzelter Baum geworden wäre.	198:206	0:523	Sind zwei Menſchen , die ſich vorher nicht kannten , erſt einmal mehre Tage lang von früh bis ſpät zuſammen geweſen , in belebtem , traulichem Zwiegeſpräch intim geworden , und es findet ſich ein leiſer Mißklang , oder nur Einer von Beiden fühlt das Bedürfniß zeitweiliger Veränderung , ſo iſt in der Regel ein völliger Bruch oder eine dauernde Erkaltung die Folge , während die junge Freundſchaft , wenn man ihr Zeit zum Wachsthum gelaſſen und ſie nicht künſtlich getrieben hätte , ein kräftiger , tiefgewurzelter Baum geworden wäre .	36	0:91	sein zwei Mensch , die sich vorher nicht kennen , erst einmal mehrere Tag lang von früh bis spät zusammen sein , in belebt , traulich Zwiegespräch intim werden , und es finden sich eine leise Mißklang , oder nur eine von beide fühlen d Bedürfnis zeitweilig Veränderung , so sein in d Regel eine völlig Bruch oder eine dauernd Erkaltung d Folge , während d jung Freundschaft , wenn man ihr Zeit zum Wachstum lassen und sie nicht künstlich treiben haben , eine kräftig , tiefgewurzelt Baum werden sein .	VAFIN CARD NN $, PRELS PRF ADV PTKNEG VVFIN $, ADV ADV PIAT NN ADJD APPR ADJD KON ADJD ADV VAPP $, APPR ADJA $, ADJA NN ADJD VAPP $, KON PPER VVFIN PRF ART ADJA NN $, KON ADV PIS APPR PIS VVFIN ART NN ADJA NN $, ADV VAFIN APPR ART NN ART ADJA NN KON ART ADJA NN ART NN $, KOUS ART ADJA NN $, KOUS PIS PPOSAT NN APPRART NN VVPP KON PPER PTKNEG ADJD VVPP VAFIN $, ART ADJA $, ADJA NN VAPP VAFIN $.	Sind zwei Menschen , die sich vorher nicht kannten , erst einmal mehrere Tage lang von früh bis spät zusammen gewesen , in belebtem , traulichem Zwiegespräch intim geworden , und es findet sich ein leiser Mißklang , oder nur Einer von Beiden fühlt das Bedürfnis zeitweiliger Veränderung , so ist in der Regel ein völliger Bruch oder eine dauernde Erkaltung die Folge , während die junge Freundschaft , wenn man ihr Zeit zum Wachstum gelassen und sie nicht künstlich getrieben hätte , ein kräftiger , tiefgewurzelter Baum geworden wäre .
Mißklang	NN	1892	1	oberwinder_buschoff_1892-119-4	 	Kein religiöser oder sonstiger Mißklang hat je das treffliche Einvernehmen getrübt, in welchem sie mit aller Welt lebten.	31:39	0:121	Kein religiöser oder sonstiger Mißklang hat je das treffliche Einvernehmen getrübt , in welchem sie mit aller Welt lebten .	4	0:20	Kein religiös oder sonstig Mißklang haben je d trefflich Einvernehmen trüben , in welche sie mit alle Welt leben .	PIAT ADJA KON ADJA NN VAFIN ADV ART ADJA NN VVPP $, APPR PRELS PPER APPR PIAT NN VVFIN $.	Kein religiöser oder sonstiger Mißklang hat je das treffliche Einvernehmen getrübt , in welchem sie mit aller Welt lebten .
Mißklang	NN	1899	1	schubin_vollmondzauber01_1899-1107-22	 	Er ärgerte sich über die Glocken, eine von ihnen war gesprungen, das hörte er ganz deutlich, es brachte einen Mißklang in die dröhnende, schwirrende Feierlichkeit.	110:118	0:163	Er ärgerte sich über die Glocken , eine von ihnen war gesprungen , das hörte er ganz deutlich , es brachte einen Mißklang in die dröhnende , schwirrende Feierlichkeit .	22	0:30	er ärgern sich über d Glocke , eine von sie sein springen , die hören er ganz deutlich , es bringen eine Mißklang in d dröhnend , schwirrend Feierlichkeit .	PPER VVFIN PRF APPR ART NN $, ART APPR PPER VAFIN VVPP $, PDS VVFIN PPER ADV ADJD $, PPER VVFIN ART NN APPR ART ADJA $, ADJA NN $.	Er ärgerte sich über die Glocken , eine von ihnen war gesprungen , das hörte er ganz deutlich , es brachte einen Mißklang in die dröhnende , schwirrende Feierlichkeit .
Mißklang	NN	1894	1	treitschke_geschichte05_1894-1224-8	 	Auch der türkische Gesandte Shekib Pascha vermehrte die Mißklänge dieses seltsamen Concerts; er gehorchte blindlings den Rathschlägen des österreichischen Bevollmächtigten Neumann, der ausdrücklich beauftragt war sich seiner zu bemächtigen (s’ emparer).	56:65	0:253	Auch der türkiſche Geſandte Shekib Paſcha vermehrte die Mißklänge dieſes ſeltſamen Concerts ; er gehorchte blindlings den Rathſchlägen des öſterreichiſchen Bevollmächtigten Neumann , der ausdrücklich beauftragt war ſich ſeiner zu bemächtigen ( s’ emparer ) .	8	0:36	auch d türkisch Gesandte Shekib Pascha vermehrt d Mißklang diese seltsam Konzert ; er gehorchen blindlings d Ratschlag d österreichisch Bevollmächtigte Neumann , die ausdrücklich beauftragen sein sich seine zu bemächtigen ( S' Emparer ) .	ADV ART ADJA NN NN NN ADJA ART NN PDAT ADJA NN $. PPER VVFIN ADV ART NN ART ADJA NN NE $, PRELS ADJD VVPP VAFIN PRF PPOSAT PTKZU VVINF $( NE NE $( $.	Auch der türkische Gesandte Shekib Pascha vermehrte die Mißklänge dieses seltsamen Konzerts ; er gehorchte blindlings den Ratschlägen des österreichischen Bevollmächtigten Neumann , der ausdrücklich beauftragt war sich seiner zu bemächtigen ( s' emparer ) .
Mißklang	NN	1847	1	vischer_aesthetik0201_1847-711-31	 	Tritt aber nicht als Farbe ihres Kleids, sondern anderswie ein Gelb in ihre Nähe, so kann durch die verschiedensten anderweitigen Farbentöne, Schatten die sich dazwischen ziehen, der Mißklang sich aufheben.	183:191	0:206	Tritt aber nicht als Farbe ihres Kleids , ſondern anderswie ein Gelb in ihre Nähe , ſo kann durch die verſchiedenſten anderweitigen Farbentöne , Schatten die ſich dazwiſchen ziehen , der Mißklang ſich aufheben .	31	0:35	treten aber nicht als Farbe ihr Kleid , sondern anderswie eine gelb in ihr Nähe , so können durch d verschieden anderweitig Farbenton , Schatten d sich dazwischen ziehen , d Mißklang sich aufheben .	VVFIN ADV PTKNEG KOKOM NN PPOSAT NN $, KON ADV ART ADJD APPR PPOSAT NN $, ADV VMFIN APPR ART ADJA ADJA NN $, NN ART PRF PAV VVINF $, ART NN PRF VVINF $.	Tritt aber nicht als Farbe ihres Kleids , sondern anderswie ein Gelb in ihre Nähe , so kann durch die verschiedensten anderweitigen Farbentöne , Schatten die sich dazwischen ziehen , der Mißklang sich aufheben .
Mißklang	NN	1857	1	vischer_aesthetik030204_1857-1159-100	 	2. Die Musik, obwohl das Gefühl und damit vorzugsweise das Individuelle der Empfindungen, Stimmungen, Affecte, ihr Gebiet ausmacht, steht doch in Beziehung auf die Gesetze der künstlerischen Behandlung und Darstellung wesentlich auf der Seite des directen Idealismus, sie kann nur harmonische oder die Disharmonie sogleich wieder auflösende Tonfolgen und Tonverbindungen dulden, sie kann nichts Häßliches sich fixiren lassen (§. 765), sie fordert, daß das Einzelne und das Ganze schön sei, in Wohlklang und Ebenmaaß sich bewege, sie hat es mit dem Gehör zu thun, das den Mißklang direct als Verletzung fühlt und die Seele ihn als solchen fühlen läßt.	571:579	0:650	2. Die Muſik , obwohl das Gefühl und damit vorzugsweiſe das Individuelle der Empfindungen , Stimmungen , Affecte , ihr Gebiet ausmacht , ſteht doch in Beziehung auf die Geſetze der künſtleriſchen Behandlung und Darſtellung weſentlich auf der Seite des directen Idealiſmus , ſie kann nur harmoniſche oder die Disharmonie ſogleich wieder auflöſende Tonfolgen und Tonverbindungen dulden , ſie kann nichts Häßliches ſich fixiren laſſen ( §. 765 ) , ſie fordert , daß das Einzelne und das Ganze ſchön ſei , in Wohlklang und Ebenmaaß ſich bewege , ſie hat es mit dem Gehör zu thun , das den Mißklang direct als Verletzung fühlt und die Seele ihn als ſolchen fühlen läßt .	100	0:114	2. d Musik , obwohl d Gefühl und damit vorzugsweise d Individuelle d Empfindung , Stimmung , Affekt , ihr Gebiet ausmachen , stehen doch in Beziehung auf d Gesetz d künstlerisch Behandlung und Darstellung wesentlich auf d Seite d direkt Idealismus , sie können nur harmonisch oder d Disharmonie sogleich wieder auflösend Tonfolge und Tonverbindung dulden , sie können nichts häßlich sich fixieren lassen ( §. 765 ) , sie fordern , daß d einzeln und d Ganze schön sein , in Wohlklang und Ebenmaß sich bewegen , sie haben es mit d Gehör zu tun , die d Mißklang direkt als Verletzung fühlen und d Seele er als solch fühlen lassen .	ADV ART NN $, KOUS ART NN KON PAV ADJD ART NN ART NN $, NN $, NN $, PPOSAT NN VVFIN $, VVFIN ADV APPR NN APPR ART NN ART ADJA NN KON NN ADJD APPR ART NN ART ADJA NN $, PPER VMFIN ADV ADJA KON ART NN ADV ADV ADJA NN KON NN VVINF $, PPER VMFIN PIS ADJA PRF VVINF VVINF $( XY CARD $( $, PPER VVFIN $, KOUS ART ADJA KON ART NN ADJD VAFIN $, APPR NN KON NN PRF VVFIN $, PPER VAFIN PPER APPR ART NN PTKZU VVINF $, PRELS ART NN ADJD KOKOM NN VVFIN KON ART NN PPER KOKOM PIS VVINF VVFIN $.	2. Die Musik , obwohl das Gefühl und damit vorzugsweise das Individuelle der Empfindungen , Stimmungen , Affekte , ihr Gebiet ausmacht , steht doch in Beziehung auf die Gesetze der künstlerischen Behandlung und Darstellung wesentlich auf der Seite des direkten Idealismus , sie kann nur harmonische oder die Disharmonie sogleich wieder auflösende Tonfolgen und Tonverbindungen dulden , sie kann nichts Häßliches sich fixieren lassen ( §. 765 ) , sie fordert , daß das Einzelne und das Ganze schön sei , in Wohlklang und Ebenmaß sich bewege , sie hat es mit dem Gehör zu tun , das den Mißklang direkt als Verletzung fühlt und die Seele ihn als solchen fühlen läßt .
Mißklang	NN	1857	1	vischer_aesthetik030205_1857-3107-64	 	Diese Aussicht darf nicht zu entwickelt sein, wenn sie nicht zu einem gemeinen und trivialen Begriffe von Gerechtigkeit führen und überdieß in die Breite des Empirischen, das neben dem idealen Ausschnitte des Drama’s eigentlich nicht existirt, ablenken soll; sie darf nicht fehlen, wie am Schlusse vom Don Carlos und in großen Schicksals-und Effect-Stücken, die mit einem reinen Mißklang endigen.	379:387	0:396	Dieſe Ausſicht darf nicht zu entwickelt ſein , wenn ſie nicht zu einem gemeinen und trivialen Begriffe von Gerechtigkeit führen und überdieß in die Breite des Empiriſchen , das neben dem idealen Ausſchnitte des Drama’s eigentlich nicht exiſtirt , ablenken ſoll ; ſie darf nicht fehlen , wie am Schluſſe vom Don Carlos und in großen Schickſals- und Effect-Stücken , die mit einem reinen Mißklang endigen .	64	0:67	diese Aussicht dürfen nicht zu entwickeln sein , wenn sie nicht zu eine gemein und trivial Begriff von Gerechtigkeit führen und überdies in d Breite d Empirische , die neben d ideal Ausschnitt d Drama eigentlich nicht existieren , ablenken sollen ; sie dürfen nicht fehlen , wie am Schluß vom Don Carlos und in groß schicksals- und Effekt-Stück , die mit eine rein Mißklang endigen .	PDAT NN VMFIN PTKNEG ADV VVPP VAINF $, KOUS PPER PTKNEG APPR ART ADJA KON ADJA NN APPR NN VVINF KON ADV APPR ART NN ART NN $, PRELS APPR ART ADJA NN ART NN ADV PTKNEG VVFIN $, VVINF VMFIN $. PPER VMFIN PTKNEG VVINF $, PWAV APPRART NN APPRART NN NE KON APPR ADJA TRUNC KON NN $, PRELS APPR ART ADJA NN VVINF $.	Diese Aussicht darf nicht zu entwickelt sein , wenn sie nicht zu einem gemeinen und trivialen Begriffe von Gerechtigkeit führen und überdies in die Breite des Empirischen , das neben dem idealen Ausschnitte des Drama's eigentlich nicht existiert , ablenken soll ; sie darf nicht fehlen , wie am Schlusse vom Don Carlos und in großen Schicksals- und Effekt-Stücken , die mit einem reinen Mißklang endigen .
Mißklang	NN	1873	1	wackernagel_poetik_1873-4626-64	 	Denn die Sinne haben auf die Seele, der sie das äusserlich Wahrgenommene und Empfundene mittheilen, eine so entschiedene Einwirkung, und Lust oder Unlust der Sinne befördern oder stören so sehr die Seelenthätigkeit, dass auch eine sprachliche Darstellung, welche dem Gehör wohlgethan hat, leichter verstanden, leichter überschaut, leichter reproduciert wird als eine, die das Gehör durch Missklang verletzt.	388:397	0:407	Denn die Sinne haben auf die Seele , der sie das äusserlich Wahrgenommene und Empfundene mittheilen , eine so entschiedene Einwirkung , und Lust oder Unlust der Sinne befördern oder stören so sehr die Seelenthätigkeit , dass auch eine sprachliche Darstellung , welche dem Gehör wohlgethan hat , leichter verstanden , leichter überschaut , leichter reproduciert wird als eine , die das Gehör durch Missklang verletzt .	64	0:67	denn d Sinn haben auf d Seele , die sie d äußerlich wahrgenehmen und Empfindene mitteilen , eine so entschieden Einwirkung , und Lust oder Unlust d Sinn befördern oder stören so sehr d Seelentätigkeit , dass auch eine sprachlich Darstellung , welche d Gehör wohltuen haben , leicht verstehen , leicht überschauen , leicht reproduzieren werden als eine , die d Gehör durch Mißklang verletzen .	KON ART NN VAFIN APPR ART NN $, PRELS PPER ART ADJD ADJA KON NN VVINF $, ART ADV ADJA NN $, KON NN KON NN ART NN VVINF KON VVFIN ADV ADV ART NN $, KOUS ADV ART ADJA NN $, PRELS ART NN VVPP VAFIN $, ADJD VVPP $, ADJD VVPP $, ADJD VVPP VAFIN KOKOM ART $, PRELS ART NN APPR NN VVPP $.	Denn die Sinne haben auf die Seele , der sie das äußerlich Wahrgenommene und Empfundene mitteilen , eine so entschiedene Einwirkung , und Lust oder Unlust der Sinne befördern oder stören so sehr die Seelentätigkeit , dass auch eine sprachliche Darstellung , welche dem Gehör wohlgetan hat , leichter verstanden , leichter überschaut , leichter reproduziert wird als eine , die das Gehör durch Missklang verletzt .
Mißklang	NN	1823	1	waiblinger_phaeton01_1823-374-12	 	Wer sie aber anrührt mit täppischen Händen, der läßt einen ewigen Mißklang zurück.	66:74	0:82	Wer ſie aber anruͤhrt mit taͤppiſchen Haͤnden , der laͤßt einen ewigen Mißklang zuruͤck .	12	0:15	wer sie aber anrühren mit täppisch Hand , die lassen eine ewig Mißklang zurück .	PWS PPER ADV VVFIN APPR ADJA NN $, PRELS VVFIN ART ADJA NN PTKVZ $.	Wer sie aber anrührt mit täppischen Händen , der läßt einen ewigen Mißklang zurück .
Mißklang	NN	1823	1	waiblinger_phaeton01_1823-608-3	 	Da war aller Mißklang weg aus meiner Seele, und in meinem tiefsten Jnnern klang ’s: nur sie, nur sie!	13:21	0:101	Da war aller Mißklang weg aus meiner Seele , und in meinem tiefſten Jnnern klang ’s : nur ſie , nur ſie !	3	0:23	da sein alle Mißklang weg aus meine Seele , und in meine tief Innere klingen es : nur sie , nur sie !	ADV VAFIN PIAT NN ADV APPR PPOSAT NN $, KON APPR PPOSAT ADJA NN VVFIN PPER $. ADV PPER $, ADV PPER $.	Da war aller Mißklang weg aus meiner Seele , und in meinem tiefsten Inneren klang es : nur sie , nur sie !
Mißklang	NN	1893	1	wilamowitz_aristoteles01_1893-683-28	 	Aber seine grossen taten lebten, und sein über verdienst dankbares volk ruhte nicht, bis es für seine taten einen andern abschluss gefunden hatte als den schrillen misklang der flucht des geächteten oder den schlimmeren der faulen paschaexistenz. da er ihnen das gefürchtete leid nicht antat, erzählten sie, er wäre freiwillig gestorben, als er sich nicht anders der forderung des barbaren entziehen konnte, wider Hellas zu fechten. das glaubten die Athener schon, als Perikles starb. jeder der die zeiten genug kannte, um zu wissen, dass die flucht fünf jahre vor dem tode des Xerxes stattgefunden hatte, und dass Xerxes der letzte gewesen war, der einen zug gegen Hellas unternommen hatte, konnte gar nicht anders als Themistokles zu Xerxes kommen lassen. das ist sogar die verbreitete ansicht geblieben; es war ja auch ungleich wirkungsvoller. wer dagegen auch das wusste, das zwischen der flucht und der belehnung mit Magnesia jahre lagen, der hatte eine leere zeit, in welcher die alten fabeln bequem platz fanden und für jede neue raum blieb. neben der verschönenden liebe schwieg auch der hass nicht. sowol dem philosophischen staatsmanne, der Samos gegen Athen mit erfolg verteidigte, wie dem philosophischen freunde des Perikles hängten die feinde hochverräterische schlechtigkeit an, indem sie erzählten, dass Themistokles mit ihnen beziehungen unterhalten hätte. die oligarchen, die den erbauer des hafens und der flotte als stifter der verfluchten demokratie betrachteten, mochten dem Ephialtes womöglich schon bei lebzeiten vorrücken, dass er gegen den Areopag nur als werkzeug des Themistokles sich erhübe. endlich als der Perser wieder in Lampsakos und Myus gebot, der hafen geschleift war und die demokratie sich mühselig vom tiefsten falle erhob, trat ein ganz neuer bericht über die flucht des Themistokles mit dem entschiedensten anspruch auf wahrheit hervor. was Thukydides erzählt, hat sich im altertum neben der legende behauptet; heut zu tage glaubt man ihm blindlings. darf man das, und wenn man ’s darf, wo hat Thukydides die wahrheit her?	164:172	0:2064	Aber seine groſsen taten lebten , und sein über verdienst dankbares volk ruhte nicht , bis es für seine taten einen andern abschluſs gefunden hatte als den schrillen misklang der flucht des geächteten oder den schlimmeren der faulen paschaexistenz . da er ihnen das gefürchtete leid nicht antat , erzählten sie , er wäre freiwillig gestorben , als er sich nicht anders der forderung des barbaren entziehen konnte , wider Hellas zu fechten . das glaubten die Athener schon , als Perikles starb . jeder der die zeiten genug kannte , um zu wissen , daſs die flucht fünf jahre vor dem tode des Xerxes stattgefunden hatte , und daſs Xerxes der letzte gewesen war , der einen zug gegen Hellas unternommen hatte , konnte gar nicht anders als Themistokles zu Xerxes kommen lassen . das ist sogar die verbreitete ansicht geblieben ; es war ja auch ungleich wirkungsvoller . wer dagegen auch das wuſste , das zwischen der flucht und der belehnung mit Magnesia jahre lagen , der hatte eine leere zeit , in welcher die alten fabeln bequem platz fanden und für jede neue raum blieb . neben der verschönenden liebe schwieg auch der haſs nicht . sowol dem philosophischen staatsmanne , der Samos gegen Athen mit erfolg verteidigte , wie dem philosophischen freunde des Perikles hängten die feinde hochverräterische schlechtigkeit an , indem sie erzählten , daſs Themistokles mit ihnen beziehungen unterhalten hätte . die oligarchen , die den erbauer des hafens und der flotte als stifter der verfluchten demokratie betrachteten , mochten dem Ephialtes womöglich schon bei lebzeiten vorrücken , daſs er gegen den Areopag nur als werkzeug des Themistokles sich erhübe . endlich als der Perser wieder in Lampsakos und Myus gebot , der hafen geschleift war und die demokratie sich mühselig vom tiefsten falle erhob , trat ein ganz neuer bericht über die flucht des Themistokles mit dem entschiedensten anspruch auf wahrheit hervor . was Thukydides erzählt , hat sich im altertum neben der legende behauptet ; heut zu tage glaubt man ihm blindlings . darf man das , und wenn man ’s darf , wo hat Thukydides die wahrheit her ?	28	0:358	aber seine groß tun leben , und sein über verdienen dankbar Volk ruhen nicht , bis es für seine tun eine ander Abschluß finden haben als d schrill Mißklang d fluchen d geächtet oder d schlimm d faul Paschaexistenz . da er sie d gefürchtet leid nicht antuen , erzählt sie , er sein freiwillig sterben , als er sich nicht anders d Forderung d barbar entziehen können , wider Helleas zu fechten . die glauben d athener schon , als Perikles sterben . jede d d Zeit genug kennen , um zu wissen , dass d fluchen fünf Jahr vor d Tod d Xerxes stattfinden haben , und dass Xerxes d letzte sein sein , die eine Zug gegen Hella unternehmen haben , können gar nicht anders als Themistokles zu Xerxes kommen lassen . die sein sogar d verbreitet Ansicht bleiben ; es sein ja auch ungleich wirkungsvoll . wer dagegen auch die wissen , die zwischen d fluchen und d Belehnung mit Magnesia Jahr liegen , die haben eine leer Zeit , in welche d alt fabeln bequem platzen finden und für jede neu Raum bleiben . neben d verschönend lieben schweigen auch d Hassen nicht . sowohl d philosophisch Staatsmann , d Samos gegen Athen mit Erfolgen verteidigen , wie d philosophisch Freund d Perikles hängen d Feind hochverräterisch Schlechtigkeit an , indem sie erzählt , dass Themistokles mit sie Beziehung unterhalten haben . d Oligarch , die d Erbauer d Hafen und d flott als Stifter d verflucht Demokratie betrachten , mögen d Ephialtes womöglich schon bei Lebzeiten vorrücken , dass er gegen d Areopag nur als Werkzeug d Themistokles sich erheben . endlich als d Perser wieder in Lampsakos und Myus gebieten , d Hafen schleifen sein und d Demokratie sich mühselig vom tief fallen erheben , treten eine ganz neu Bericht über d fluchen d Themistokles mit d entschieden Anspruch auf Wahrheit hervor . was Thukydides erzählen , haben sich im Altertum neben d legend behaupten ; heute zu Tag glauben man er blindlings . dürfen man d , und wenn man es dürfen , wo haben Thukydides d Wahrheit her ?	KON PPOSAT ADJA VVFIN VVFIN $, KON PPOSAT ADV VVFIN ADJA NN VVFIN PTKNEG $, KOUS PPER APPR PPOSAT VVFIN ART ADJA NN VVPP VAFIN KOKOM ART ADJA NN ART VVFIN ART ADJA KON ART ADJA ART ADJA NN $. KOUS PPER PPER ART ADJA ADJD PTKNEG VVFIN $, ADJA PPER $, PPER VAFIN ADJD VVPP $, KOUS PPER PRF PTKNEG ADV ART NN ART ADJA VVINF VMFIN $, APPR NN PTKZU VVINF $. PDS VVFIN ART ADJA ADV $, KOKOM NE VVFIN $. PIS ART ART NN ADV VVFIN $, KOUI PTKZU VVINF $, KOUS ART VVFIN CARD NN APPR ART NN ART NE VVPP VAFIN $, KON KOUS NE ART ADJA VAPP VAFIN $, PRELS ART NN APPR NE VVPP VAFIN $, VMFIN ADV PTKNEG ADV KOKOM NE APPR NE VVINF VVINF $. PDS VAFIN ADV ART ADJA NN VVPP $. PPER VAFIN ADV ADV ADJD ADJD $. PWS PAV ADV PDS VVFIN $, PRELS APPR ART VVFIN KON ART NN APPR NN NN VVFIN $, PRELS VAFIN ART ADJA NN $, APPR PRELS ART ADJA VVFIN ADJD PTKVZ VVFIN KON APPR PIAT ADJA NN VVFIN $. APPR ART ADJA VVFIN VVFIN ADV ART NN PTKNEG $. KON ART ADJA NN $, ART NN APPR NE APPR NN VVFIN $, PWAV ART ADJA NN ART NE VVFIN ART NN ADJA NN PTKVZ $, KOUS PPER ADJA $, KOUS NE APPR PPER NN VVPP VAFIN $. ART NN $, PRELS ART NN ART NN KON ART ADJA KOKOM NN ART ADJA NN VVFIN $, VMFIN ART NN ADV ADV APPR NN VVINF $, KOUS PPER APPR ART NN ADV KOKOM NN ART NE PRF VVFIN $. ADV KOKOM ART NN ADV APPR NE KON NE VVFIN $, ART NN VVPP VAFIN KON ART NN PRF ADJD APPRART ADJA VVFIN VVFIN $, VVFIN ART ADV ADJA NN APPR ART VVFIN ART NE APPR ART ADJD NN APPR NN PTKVZ $. PWS NE VVFIN $, VAFIN PRF APPRART NN APPR ART ADJA VVPP $. ADV APPR NN VVFIN PIS PPER ADV $. VMFIN PIS ART $, KON KOUS PIS PPER VMFIN $, PWAV VAFIN NE ART NN PTKVZ $.	Aber seine großen taten lebten , und sein über verdienst dankbares Volk ruhte nicht , bis es für seine taten einen anderen Abschluß gefunden hatte als den schrillen Missklang der flucht des geächteten oder den schlimmeren der faulen Paschaexistenz . da er ihnen das gefürchtete leid nicht antat , erzählten sie , er wäre freiwillig gestorben , als er sich nicht anders der Forderung des barbaren entziehen konnte , wider Hellas zu fechten . das glaubten die Athener schon , als Perikles starb . jeder der die Zeiten genug kannte , um zu wissen , dass die flucht fünf Jahre vor dem Tode des Xerxes stattgefunden hatte , und dass Xerxes der letzte gewesen war , der einen Zug gegen Hellas unternommen hatte , konnte gar nicht anders als Themistokles zu Xerxes kommen lassen . das ist sogar die verbreitete Ansicht geblieben ; es war ja auch ungleich wirkungsvoller . wer dagegen auch das wusste , das zwischen der flucht und der Belehnung mit Magnesia Jahre lagen , der hatte eine leere Zeit , in welcher die alten fabeln bequem platz fanden und für jede neue Raum blieb . neben der verschönenden liebe schwieg auch der hass nicht . sowohl dem philosophischen Staatsmanne , der Samos gegen Athen mit erfolg verteidigte , wie dem philosophischen Freunde des Perikles hängten die Feinde hochverräterische Schlechtigkeit an , indem sie erzählten , dass Themistokles mit ihnen Beziehungen unterhalten hätte . die Oligarchen , die den Erbauer des Hafens und der flotte als Stifter der verfluchten Demokratie betrachteten , mochten dem Ephialtes womöglich schon bei Lebzeiten vorrücken , dass er gegen den Areopag nur als Werkzeug des Themistokles sich erhöbe . endlich als der Perser wieder in Lampsakos und Myus gebot , der Hafen geschleift war und die Demokratie sich mühselig vom tiefsten falle erhob , trat ein ganz neuer Bericht über die flucht des Themistokles mit dem entschiedensten Anspruch auf Wahrheit hervor . was Thukydides erzählt , hat sich im Altertum neben der legende behauptet ; heute zu Tage glaubt man ihm blindlings . darf man das , und wenn man es darf , wo hat Thukydides die Wahrheit her ?
