lemma	pos	date	grouping	identifier	description	context	indexes_target_token	indexes_target_sentence	context_tokenized	indexes_target_token_tokenized	indexes_target_sentence_tokenized	context_lemmatized	context_pos	context_normalized
Eintagsfliege	NN	1953	2	2532889X_1953-11-15_01_044.tcf.xml-9-7	 	Nicht wenige Werke unserer zeitgenössischen Dramatik sind Eintagsfliegen geblieben, da ihnen ein Minimum an künstlerischer Aussagekraft fehlte.	58:72	0:143	Nicht wenige Werke unserer zeitgenössischen Dramatik sind Eintagsfliegen geblieben , da ihnen ein Minimum an künstlerischer Aussagekraft fehlte .	7	0:19	nicht wenige Werk unsere zeitgenössisch Dramatik sein Eintagsfliege bleiben , da sie eine Minimum an künstlerisch Aussagekraft fehlen .	PTKNEG PIAT NN PPOSAT ADJA NN VAFIN NN VVPP $, KOUS PPER ART NN APPR ADJA NN VVFIN $.	
Eintagsfliege	NN	1967	2	2532889X_1967-10-08_01_194.tcf.xml-17-24	 	Zwischen Wachen und Träumen erlebt ein Landstreicher (Ladislav Pesek bestätigte in dieser Rolle seine Meisterschaft) bei Schmetterlingen und Mistkäfern, Raubinsekten und Eintagsfliegen, Grillen und Ameisen allzumensch -	170:184	0:219	Zwischen Wachen und Träumen erlebt ein Landstreicher ( Ladislav Pesek bestätigte in dieser Rolle seine Meisterschaft ) bei Schmetterlingen und Mistkäfern , Raubinsekten und Eintagsfliegen , Grillen und Ameisen allzumensch -	24	0:31	zwischen Wache und Traum erleben eine Landstreicher ( Ladislav Pesek bestätigen in diese Rolle seine Meisterschaft ) bei Schmetterling und Mistkäfer , Raubinsekt und Eintagsfliege , Grille und Ameise Allzumensch -	APPR NN KON NN VVFIN ART NN $( NE NE VVFIN APPR PDAT NN PPOSAT NN $( APPR NN KON NN $, NN KON NN $, NN KON NN NE $(	
Eintagsfliege	NN	1970	2	2532889X_1970-04-05_01_285.tcf.xml-43-13	 	Das „Laager Quartett" soll, was die Aufführung anbelangt, keine Eintagsfliege sein.	64:77	0:83	Das „ Laager Quartett " soll , was die Aufführung anbelangt , keine Eintagsfliege sein .	13	0:16	d „ Laager Quartett " sollen , was d Aufführung anbelangen , keine Eintagsfliege sein .	ART $( ADJA NN $( VMFIN $, PRELS ART NN VVFIN $, PIAT NN VAINF $.	
Eintagsfliege	NN	1970	2	2532889X_1970-06-23_01_052.tcf.xml-8-18	 	setzten wir Prämien für die Übererfüllung der Tagesnorm aus Das wirkte Wunder Aber die ganze Aktion wai eine Eintagsfliege	109:122	0:122	setzten wir Prämien für die Übererfüllung der Tagesnorm aus Das wirkte Wunder Aber die ganze Aktion wai eine Eintagsfliege	18	0:19	setzen wir Prämie für d Übererfüllung d Tagesnorm aus die wirken Wunder aber d ganz Aktion Wai eine Eintagsfliege	VVFIN PPER NN APPR ART NN ART NN APPR PDS VVFIN NN KON ART ADJA NN NE ART NN	
Eintagsfliege	NN	1970	2	2532889X_1970-08-18_01_131.tcf.xml-2-49	 	Die „Spree-Athener '' rutt man sie. die Kollegen des Mähdrescherikamplexes E 512 vom VEG Albertshof Ihr Quartett hai diesen Namen für hervorragend Ernteleistungen im Vorjahr verliehen bekommen in der Senduna..7 bis 10: Sonntagmorgen in Spree-Atihen ' \ Brigadier Petei Pohls kst kein Mann, der Eintagsfliegen liebt, sich auf Lorbeeren etwa ausruht.	294:308	0:348	Die „ Spree-Athener '' rutt man sie . die Kollegen des Mähdrescherikamplexes E 512 vom VEG Albertshof Ihr Quartett hai diesen Namen für hervorragend Ernteleistungen im Vorjahr verliehen bekommen in der Senduna ..7 bis 10 : Sonntagmorgen in Spree-Atihen ' \ Brigadier Petei Pohls kst kein Mann , der Eintagsfliegen liebt , sich auf Lorbeeren etwa ausruht .	49	0:58	d „ spree-athener '' rutt man sie . d Kollege d mähdrescherikamplexes E 512 vom VEG Albertshof ihr Quartett Hai diese Namen für hervorragend Ernteleistung im Vorjahr verleihen bekommen in d Senduna ..7 bis 10 : Sonntagmorgen in Spree-Atihen ' \ Brigadier Petei Pohl Kst keine Mann , d Eintagsfliege lieben , sich auf Lorbeere etwa ausruhen .	ART $( XY $( XY PIS PPER $. ART NN ART ADJA NN CARD APPRART NE NE PPOSAT NN NE PDAT NN APPR ADJD NN APPRART NN VVPP VVINF APPR ART NE NE APPR CARD $. NN APPR NE $( $( NN NE NE NE PIAT NN $, ART NN VVFIN $, PRF APPR NN ADV VVFIN $.	
Eintagsfliege	NN	1970	2	2532889X_1970-12-19_01_110.tcf.xml-29-11	 	Zusammenkünfte, wie wir sie eingangs erwähnten, sind längst keine Eintagsfliegen mehr.	66:80	0:86	Zusammenkünfte , wie wir sie eingangs erwähnten , sind längst keine Eintagsfliegen mehr .	11	0:14	Zusammenkunft , wie wir sie eingangs erwähnt , sein längst keine Eintagsfliege mehr .	NN $, PWAV PPER PPER ADV ADJA $, VAFIN ADV PIAT NN ADV $.	
Eintagsfliege	NN	1980	2	2532889X_1980-08-13_01_045.tcf.xml-63-8	 	Die Initiative zur Substitution von Heizöl ist keine Eintagsfliege in Meißen.	53:66	0:77	Die Initiative zur Substitution von Heizöl ist keine Eintagsfliege in Meißen .	8	0:12	d Initiative zur Substitution von Heizöl sein keine Eintagsfliege in Meißen .	ART NN APPRART NN APPR NN VAFIN PIAT NN APPR NE $.	
Eintagsfliege	NN	1980	2	2532889X_1980-10-10_01_288.tcf.xml-94-4	 	Vom Hochzeitsta z der Eintagsfliege, von neugierigen Pavia nen und der Wunderweh der Korallen.	22:35	0:94	Vom Hochzeitsta z der Eintagsfliege , von neugierigen Pavia nen und der Wunderweh der Korallen .	4	0:16	vom hochzeitsta z d Eintagsfliege , von neugierig Pavia Nen und d Wunderweh d Koralle .	APPRART FM FM ART NN $, APPR ADJA NE NE KON ART NN ART NN $.	
Eintagsfliege	NN	1982	2	2532889X_1982-10-23_01_216.tcf.xml-7-17	 	Die Rede ist von Gebilden aus Worten, die sich verwandeln können, von denen manche eine Eintagsfliege nicht überleben, andere aber Jahrhunderte überdauern.	88:101	0:155	Die Rede ist von Gebilden aus Worten , die sich verwandeln können , von denen manche eine Eintagsfliege nicht überleben , andere aber Jahrhunderte überdauern .	17	0:26	d Rede sein von Gebilde aus Wort , die sich verwandeln können , von die manche eine Eintagsfliege nicht überleben , andere aber Jahrhundert überdauern .	ART NN VAFIN APPR NN APPR NN $, PRELS PRF VVINF VMINF $, APPR PRELS PIS ART NN PTKNEG VVINF $, PIS ADV NN VVINF $.	
Eintagsfliege	NN	1984	2	2532889X_1984-08-25_01_060.tcf.xml-21-5	 	daß dieses Ergebnis keine „Eintagsfliege" bleiben wird.	27:40	0:55	daß dieses Ergebnis keine „ Eintagsfliege " bleiben wird .	5	0:10	daß diese Ergebnis keine „ Eintagsfliege " bleiben werden .	KOUS PDAT NN PIAT $( NN $( VVINF VAFIN $.	
Eintagsfliege	NN	1985	2	2532889X_1985-08-14_01_159.tcf.xml-17-6	 	„Es geht uns nicht um Eintagsfliegen, sondern darum, Weichen für den künftigen Leistungszuwachs zu stellen.	22:36	0:107	„ Es geht uns nicht um Eintagsfliegen , sondern darum , Weichen für den künftigen Leistungszuwachs zu stellen .	6	0:19	„ es gehen wir nicht um Eintagsfliege , sondern darum , Weiche für d künftig Leistungszuwachs zu stellen .	$( PPER VVFIN PPER PTKNEG APPR NN $, KON PAV $, NN APPR ART ADJA NN PTKZU VVINF $.	
Eintagsfliege	NN	1986	2	2532889X_1986-07-14_01_008.tcf.xml-10-14	 	„Das bietet uns gleichzeitig die Gewähr, daß die angestrebten Bestwerte keine. Eintagsfliegen ' bleiben und' das älteste Viertel Berlins zur 750-Jahr-Feier in neuem Glanz erstrahlt", sagte Reiner Rittel, Jugendbrigadier einer Maurerbrigade.	79:93	0:240	„ Das bietet uns gleichzeitig die Gewähr , daß die angestrebten Bestwerte keine . Eintagsfliegen ' bleiben und' das älteste Viertel Berlins zur 750-Jahr-Feier in neuem Glanz erstrahlt " , sagte Reiner Rittel , Jugendbrigadier einer Maurerbrigade .	14	0:38	„ die bieten wir gleichzeitig d Gewähr , daß d angestrebt Bestwert keine . Eintagsfliege ' bleiben Und' d alt Viertel Berlin zur 750-Jahr-Feier in neu Glanz erstrahlen " , sagen Reiner Rittel , Jugendbrigadier eine Maurerbrigade .	$( PDS VVFIN PPER ADJD ART NN $, KOUS ART ADJA NN PIAT $. NN $( VVFIN NE ART ADJA NN NE APPRART NN APPR ADJA NN VVFIN $( $, VVFIN NE NE $, NN ART NN $.	
Eintagsfliege	NN	1958	2	26120215_1958_06_07_01_038.tcf.xml-51-26	 	Sie bedeuten: 1. Nebenfluß Nutria, 16. Spezialitat, 17. Taberne, 18. der Donau, 2. See In der Sowjetunion, Radius, 19. Eintagsfliege, 20. Irmgard 3. deutscher Bildhauer (1831—1911).	119:132	0:181	Sie bedeuten : 1. Nebenfluß Nutria , 16. Spezialitat , 17. Taberne , 18. der Donau , 2. See In der Sowjetunion , Radius , 19. Eintagsfliege , 20. Irmgard 3. deutscher Bildhauer ( 1831—1911 ) .	26	0:37	sie bedeuten : 1. Nebenfluß Nutria , 16. Spezialitat , 17. Taberne , 18. d Donau , 2. See in d Sowjetunion , Radius , 19. Eintagsfliege , 20. Irmgard 3. deutsch Bildhauer ( 1831—1911 ) .	PPER VVFIN $. ADJA NN NN $, ADJA NN $, ADJA NN $, ADJA ART NE $, ADJA NN APPR ART NE $, NN $, ADJA NN $, ADJA NE ADJA ADJA NN $( XY $( $.	
Eintagsfliege	NN	1963	2	26120215_1963_10_20_01_406.tcf.xml-134-1	 	7. Eintagsfliege, 8. Ttmmermans. 9 Aronstab 10. Tangente türmen usw.. 58. Fütterungsverfahren, 11. Nagasaki, li.	3:16	0:112	7. Eintagsfliege , 8. Ttmmermans. 9 Aronstab 10. Tangente türmen usw.. 58. Fütterungsverfahren , 11. Nagasaki , li .	1	0:19	7. Eintagsfliege , 8. Ttmmermans. 9 Aronstab 10. Tangente türmen Usw.. 58. Fütterungsverfahren , 11. Nagasaki , li .	ADJA NN $, ADJA NN CARD NN ADJA NN VVFIN NE ADJA NN $, ADJA NE $, XY $.	
Eintagsfliege	NN	1967	2	26120215_1967_02_22_01_327.tcf.xml-96-4	 	Gemächlich verspeiste sie die Eintagsfliege weiter. ohne sich um den Gelbrandkäfer zu kümmern.	30:43	0:94	Gemächlich verspeiste sie die Eintagsfliege weiter . ohne sich um den Gelbrandkäfer zu kümmern .	4	0:15	gemächlich verspeisen sie d Eintagsfliege weiter . ohne sich um d Gelbrandkäfer zu kümmern .	ADJD VVFIN PPER ART NN PTKVZ $. KOUI PRF APPR ART NN PTKZU VVINF $.	
Eintagsfliege	NN	1969	2	26120215_1969_02_05_01_044.tcf.xml-67-12	 	Nur ein Narr kann heute das sozialistische Deutschland noch für eine historische Eintagsfliege halten.	81:94	0:102	Nur ein Narr kann heute das sozialistische Deutschland noch für eine historische Eintagsfliege halten .	12	0:15	nur eine Narr können heute d sozialistisch Deutschland noch für eine historisch Eintagsfliege halten .	ADV ART NN VMFIN ADV ART ADJA NE ADV APPR ART ADJA NN VVINF $.	
Eintagsfliege	NN	1969	2	26120215_1969_09_16_01_103.tcf.xml-2-38	 	im SpineUenfelder Ernst-Grube-Stadion trafen sich Hunderte Mitarbeiter der Verlage und Druckereien unserer Hauptstadt zu Ihrem alljährlichen traditionellen Betriebssportfest Der Direktor des Berliner Verlages, Rudolf Barbarino, sprach die Hoffnung aus, daß die sportliche Betätigung keine Eintagsfliege sein werde.	289:302	0:314	im SpineUenfelder Ernst-Grube- Stadion trafen sich Hunderte Mitarbeiter der Verlage und Druckereien unserer Hauptstadt zu Ihrem alljährlichen traditionellen Betriebssportfest Der Direktor des Berliner Verlages , Rudolf Barbarino , sprach die Hoffnung aus , daß die sportliche Betätigung keine Eintagsfliege sein werde .	38	0:42	im spineuenfelder ernst-grube- Stadion treffen sich Hundert Mitarbeiter d Verlag und Druckerei unsere Hauptstadt zu ihr alljährlich traditionell Betriebssportfest d Direktor d berliner Verlag , Rudolf Barbarino , sprechen d Hoffnung aus , daß d sportlich Betätigung keine Eintagsfliege sein werden .	APPRART ADJA TRUNC NN VVFIN PRF NN NN ART NN KON NN PPOSAT NN APPR PPOSAT ADJA ADJA NN ART NN ART ADJA NN $, NE NE $, VVFIN ART NN PTKVZ $, KOUS ART ADJA NN PIAT NN VAINF VAFIN $.	
Eintagsfliege	NN	1972	2	26120215_1972_04_07_01_145.tcf.xml-21-6	 	Mit diesem Einsatz, der keine Eintagsfliege sein soll. — schon im letzten Jahr wurde über den Fleiß dieser Hausgemeinschaft berichtet konnte ein Teil des Vertrages, den die Hausgemeinschaftsleitung mit dem Gartenamt abgeschlossen hat, sehr gut realisiert werden.	30:43	0:262	Mit diesem Einsatz , der keine Eintagsfliege sein soll . — schon im letzten Jahr wurde über den Fleiß dieser Hausgemeinschaft berichtet konnte ein Teil des Vertrages , den die Hausgemeinschaftsleitung mit dem Gartenamt abgeschlossen hat , sehr gut realisiert werden .	6	0:42	mit diese Einsatz , die keine Eintagsfliege sein sollen . — schon im letzte Jahr werden über d Fleiß diese Hausgemeinschaft berichten können eine Teil d Vertrag , die d Hausgemeinschaftsleitung mit d Gartenamt abschließen haben , sehr gut realisieren werden .	APPR PDAT NN $, PRELS PIAT NN VAINF VMFIN $. $( ADV APPRART ADJA NN VAFIN APPR ART NN PDAT NN VVFIN VMFIN ART NN ART NN $, PRELS ART NN APPR ART NN VVPP VAFIN $, ADV ADJD VVPP VAINF $.	
Eintagsfliege	NN	1972	2	26120215_1972_04_28_01_134.tcf.xml-4-10	 	In der Geschichte der Straßen-Weltmeisterschaften hat es viele.. Eintagsfliegen"' gegeben.	65:79	0:90	In der Geschichte der Straßen- Weltmeisterschaften hat es viele .. Eintagsfliegen "' gegeben .	10	0:14	in d Geschichte d straßen- Weltmeisterschaft haben es viel .. Eintagsfliege "' geben .	APPR ART NN ART TRUNC NN VAFIN PPER PIAT $( NN $( VVPP $.	
Eintagsfliege	NN	1973	2	26120215_1973_08_31_01_205.tcf.xml-8-16	 	Andererseits brennen die Spieler naturlich darauf zu beweisen daß die hohe Schlappe beim FC Hansa eine Eintagsfliege war. V.'onn das „Nervenkostüm" des BFC in Ordnung ist, dann wird er den Überi aschungs -Tabellenführer Zwick-rj Eewiß auch voll fordern Viel wird vom Abschneiden der Berliner abhangen, ob sie die Kr< Mse des Kontrahenten bereits frühzeitig stören können.	103:116	0:371	Andererseits brennen die Spieler naturlich darauf zu beweisen daß die hohe Schlappe beim FC Hansa eine Eintagsfliege war. V.'onn das „ Nervenkostüm " des BFC in Ordnung ist , dann wird er den Überi aschungs - Tabellenführer Zwick-rj Eewiß auch voll fordern Viel wird vom Abschneiden der Berliner abhangen , ob sie die Kr< Mse des Kontrahenten bereits frühzeitig stören können .	16	0:62	andererseits brennen d Spieler naturlich darauf zu beweisen daß d hoch Schlappe beim FC Hansa eine Eintagsfliege War. V.'onn d „ Nervenkostüm " d BFC in Ordnung sein , dann werden er d Überi Aschungs - Tabellenführer Zwick-Rj Eewiß auch voll fordern viel werden vom Abschneiden d berliner abhangen , ob sie d kr< Mse d Kontrahent bereits frühzeitig stören können .	ADV VVINF ART NN ADJD PAV PTKZU VVINF KOUS ART ADJA NN APPRART NN NE ART NN NE NE ART $( NN $( ART NN APPR NN VAFIN $, ADV VAFIN PPER ART NE NE $( NN NE NE ADV ADJD VVFIN ADV VAFIN APPRART NN ART ADJA VVINF $, KOUS PPER ART ADJA NN ART NN ADV ADJD VVINF VMINF $.	
Eintagsfliege	NN	1975	2	26120215_1975_02_05_01_085.tcf.xml-14-11	 	Auch das Kabarett des Verlages Neues Deutschland", die.. Eintagsfliegen", erntete viel Beifall.	57:71	0:95	Auch das Kabarett des Verlages Neues Deutschland " , die .. Eintagsfliegen " , erntete viel Beifall .	11	0:18	auch d Kabarett d Verlag neu Deutschland " , d .. Eintagsfliege " , ernten viel Beifall .	ADV ART NN ART NN ADJA NE $( $, ART $( NN $( $, VVFIN PIAT NN $.	
Eintagsfliege	NN	1980	2	26120215_1980_04_26_01_066.tcf.xml-10-11	 	Dieser Lauftreff soll weder für uns noch für die Teilnehmer eine Eintagsfliege bleiben.	65:78	0:87	Dieser Lauftreff soll weder für uns noch für die Teilnehmer eine Eintagsfliege bleiben .	11	0:14	diese Lauftreff sollen weder für wir noch für d Teilnehmer eine Eintagsfliege bleiben .	PDAT NN VMFIN KON APPR PPER ADV APPR ART NN ART NN VVINF $.	
Eintagsfliege	NN	1983	2	26120215_1983_03_17_01_194.tcf.xml-5-4	 	Ist das eine „Eintagsfliege Ist Ihnen in der Halle, in der Sie zumeist einkaufen, dergleichen noch nicht aufgefallen?	14:27	0:117	Ist das eine „ Eintagsfliege Ist Ihnen in der Halle , in der Sie zumeist einkaufen , dergleichen noch nicht aufgefallen ?	4	0:22	sein die eine „ Eintagsfliege sein sie in d Halle , in die sie zumeist einkaufen , dergleichen noch nicht auffallen ?	VAFIN PDS ART $( NN VAFIN PPER APPR ART NN $, APPR PRELS PPER ADV VVINF $, PIS ADV PTKNEG VVPP $.	
Eintagsfliege	NN	1983	2	26120215_1983_05_14_01_437.tcf.xml-11-13	 	7. Mittagspause, 8. Seifenblase, 9. Regentropfen, 10. Wiegenfest, 11. Eintagsfliege, 12. Gewissen, 13. Siebenschläfer, 14. Seitensprung, 15. Laban, 16. Seerose, 17. Darmstadt, 18. Anverwandte, 19. Grobian, 20. Wandervogel, 21. Anwalt, 22. Reisebüro, 23. Sandalen, 24. Redewendung, 25. Leseratte, 26. Hiob, 27. Vorgarten.	70:83	0:320	7. Mittagspause , 8. Seifenblase , 9. Regentropfen , 10. Wiegenfest , 11. Eintagsfliege , 12. Gewissen , 13. Siebenschläfer , 14. Seitensprung , 15. Laban , 16. Seerose , 17. Darmstadt , 18. Anverwandte , 19. Grobian , 20. Wandervogel , 21. Anwalt , 22. Reisebüro , 23. Sandalen , 24. Redewendung , 25. Leseratte , 26. Hiob , 27. Vorgarten .	13	0:63	7. Mittagspause , 8. Seifenblase , 9. Regentropfen , 10. Wiegenfest , 11. Eintagsfliege , 12. Gewissen , 13. Siebenschläfer , 14. Seitensprung , 15. Laban , 16. Seerose , 17. Darmstadt , 18. Anverwandte , 19. Grobian , 20. Wandervogel , 21. Anwalt , 22. Reisebüro , 23. Sandale , 24. Redewendung , 25. Leseratte , 26. Hiob , 27. Vorgarten .	ADJA NN $, ADJA NN $, ADJA NN $, ADJA NN $, ADJA NN $, ADJA NN $, ADJA NN $, ADJA NN $, ADJA NN $, ADJA NN $, ADJA NE $, ADJA NN $, ADJA NN $, ADJA NN $, ADJA NN $, ADJA NN $, ADJA NN $, ADJA NN $, ADJA NN $, ADJA NE $, ADJA NN $.	
Eintagsfliege	NN	1986	2	26120215_1986_11_08_01_399.tcf.xml-1-13	 	Wenn 26.... Lg7?! 27. 45. organische Verbindung, 48. spa-16. Eintagsfliege, 17. Redewendung. im ungarischen Szirak.	61:74	0:115	Wenn 26. ... Lg7 ?! 27. 45. organische Verbindung , 48. spa- 16. Eintagsfliege , 17. Redewendung . im ungarischen Szirak .	13	0:22	wenn 26. ... Lg7 ?! 27. 45. organisch Verbindung , 48. Spa- 16. Eintagsfliege , 17. Redewendung . im ungarisch Szirak .	KOUS ADJA $( NE $. ADJA ADJA ADJA NN $, CARD NN ADJA NN $, ADJA NN $. APPRART ADJA NN $.	
Eintagsfliege	NN	1854	1	bechstein_dunkelgraf_1854-1902-25	 	Auch die Folgezeit wird aus ihrem Schlamme die unaustilgbare Brut solchen Gewürms erzeugen, aber sein Loos wird immerdar dasselbe sein, das Loos der Eintagsfliegen, die aus den ekeln Larven im Morast entstehen, heute uns umschwärmen und morgen dahin sind.	149:163	0:255	Auch die Folgezeit wird aus ihrem Schlamme die unaustilgbare Brut solchen Gewürms erzeugen , aber sein Loos wird immerdar dasselbe sein , das Loos der Eintagsfliegen , die aus den ekeln Larven im Morast entstehen , heute uns umschwärmen und morgen dahin sind .	25	0:44	auch d Folgezeit werden aus ihr Schlamm d unaustilgbar Brut solch Gewürm erzeugen , aber sein Los werden immerdar dasselbe sein , d Los d Eintagsfliege , die aus d ekele Larve im Morast entstehen , heute wir umschwärmen und morgen dahin sein .	ADV ART NN VAFIN APPR PPOSAT NN ART ADJA NN PIAT NN VVINF $, KON PPOSAT NN VAFIN ADV PDAT VAINF $, ART NN ART NN $, PRELS APPR ART ADJA NN APPRART NN VVINF $, ADV PPER VVINF KON ADV PAV VAFIN $.	Auch die Folgezeit wird aus ihrem Schlamme die unaustilgbare Brut solchen Gewürms erzeugen , aber sein Los wird immerdar dasselbe sein , das Los der Eintagsfliegen , die aus den ekeln Larven im Morast entstehen , heute uns umschwärmen und morgen dahin sind .
Eintagsfliege	NN	1898	1	boelsche_liebesleben01_1898-301-6	 	Die Kopfleiste S. 10 stellt entsprechend Eintagsfliegen dar, unten im Wasser Larven, rechts und links je ein Exemplar bei der letzten Häutung, oben die fertigen, liebesfähigen Fliegen.	41:55	0:184	Die Kopfleiſte S. 10 ſtellt entſprechend Eintagsfliegen dar , unten im Waſſer Larven , rechts und links je ein Exemplar bei der letzten Häutung , oben die fertigen , liebesfähigen Fliegen .	6	0:32	d Kopfleiste S. 10 stellen entsprechend Eintagsfliege dar , unten im Wasser Larve , rechts und links je eine Exemplar bei d letzte Häutung , oben d fertig , liebesfähig Fliege .	ART NN NN CARD VVFIN APPR NN PTKVZ $, ADV APPRART NN NN $, ADV KON ADV ADV ART NN APPR ART ADJA NN $, ADV ART ADJA $, ADJA NN $.	Die Kopfleiste S. 10 stellt entsprechend Eintagsfliegen dar , unten im Wasser Larven , rechts und links je ein Exemplar bei der letzten Häutung , oben die fertigen , liebsfähigen Fliegen .
Eintagsfliege	NN	1898	1	boelsche_liebesleben01_1898-526-55	 	Und ihr wunderbarer Erdentraum blieb der gleiche, als an Stelle der Palmfarne und Araukarien jener Juraperiode über ihren Strom der Fichtenhain der Tertiärzeit seine Äste hing, Äste, von denen als goldenes Harz niederthränte, was später verhärtet Bernstein geworden ist und dir in seinem Innern noch heute oft den Sylphenleib einer uralten Eintagsfliege zeigt.	340:353	0:360	Und ihr wunderbarer Erdentraum blieb der gleiche , als an Stelle der Palmfarne und Araukarien jener Juraperiode über ihren Strom der Fichtenhain der Tertiärzeit ſeine Äſte hing , Äſte , von denen als goldenes Harz niederthränte , was ſpäter verhärtet Bernſtein geworden iſt und dir in ſeinem Innern noch heute oft den Sylphenleib einer uralten Eintagsfliege zeigt .	55	0:58	und ihr wunderbar Erdentraum bleiben d gleich , als an Stelle d Palmfarn und Araukarie jen Juraperiode über ihr Strom d Fichtenhain d Tertiärzeit seine Ast hangen , Ast , von die als golden Harz niedertrennen , was spät verhärten Bernstein werden sein und du in seine Innere noch heute oft d Sylphenleib eine uralt Eintagsfliege zeigen .	KON PPOSAT ADJA NN VVFIN ART ADJA $, KOKOM APPR NN ART NN KON NN PDAT NN APPR PPOSAT NN ART NN ART NN PPOSAT NN VVFIN $, NN $, APPR PRELS KOKOM ADJA NN VVFIN $, PRELS ADJD VVPP NE VAPP VAFIN KON PPER APPR PPOSAT NN ADV ADV ADV ART NN ART ADJA NN VVFIN $.	Und ihr wunderbarer Erdentraum blieb der gleiche , als an Stelle der Palmfarne und Araukarien jener Juraperiode über ihren Strom der Fichtenhain der Tertiärzeit seine Äste hing , Äste , von denen als goldenes Harz niedertrennte , was später verhärtet Bernstein geworden ist und dir in seinem Inneren noch heute oft den Sylphenleib einer uralten Eintagsfliege zeigt .
Eintagsfliege	NN	1898	1	boelsche_liebesleben01_1898-5496-26	 	Eine solche Gruppe waren die Schmetterlinge, eine waren die Käfer, eine die Fliegen, eine die Wanzen, eine die Heuschrecken, Libellen und Eintagsfliegen.	138:152	0:153	Eine ſolche Gruppe waren die Schmetterlinge , eine waren die Käfer , eine die Fliegen , eine die Wanzen , eine die Heuſchrecken , Libellen und Eintagsfliegen .	26	0:28	eine solch Gruppe sein d Schmetterling , eine sein d Käfer , eine d Fliege , eine d Wanze , eine d Heuschrecke , Libelle und Eintagsfliege .	ART PIAT NN VAFIN ART NN $, ART VAFIN ART NN $, ART ART NN $, ART ART NN $, ART ART NN $, NN KON NN $.	Eine solche Gruppe waren die Schmetterlinge , eine waren die Käfer , eine die Fliegen , eine die Wanzen , eine die Heuschrecken , Libellen und Eintagsfliegen .
Eintagsfliege	NN	1898	1	boelsche_liebesleben01_1898-995-5	 	Licht strömt zurück auf diese Eintagsfliegen am Bach, diese Fische im Ozean.	30:44	0:76	Licht ſtrömt zurück auf dieſe Eintagsfliegen am Bach , dieſe Fiſche im Ozean .	5	0:14	Licht strömen zurück auf diese Eintagsfliege am Bach , diese Fisch im Ozean .	NN VVFIN PTKVZ APPR PDAT NN APPRART NE $, PDAT NN APPRART NN $.	Licht strömt zurück auf diese Eintagsfliegen am Bach , diese Fische im Ozean .
Eintagsfliege	NN	1898	1	boelsche_liebesleben01_1898-998-4	 	Dieser Fisch, diese Eintagsfliege ist Christus, ist Goethe, ist Rafael.	20:33	0:71	Dieſer Fiſch , dieſe Eintagsfliege iſt Chriſtus , iſt Goethe , iſt Rafael .	4	0:14	diese Fisch , diese Eintagsfliege sein Christus , sein Goethe , sein Raffael .	PDAT NN $, PDAT NN VAFIN NE $, VAFIN NE $, VAFIN NE $.	Dieser Fisch , diese Eintagsfliege ist Christus , ist Goethe , ist Raffael .
Eintagsfliege	NN	1833	1	boerne_paris03_1833-290-12	 	Ist der ein Mann des Jahrhunderts, der mit solchem Herzen einer Eintagsfliege die Welt umfaßt?	64:77	0:94	Iſt der ein Mann des Jahrhunderts , der mit ſolchem Herzen einer Eintagsfliege die Welt umfaßt ?	12	0:17	sein d eine Mann d Jahrhundert , die mit solch Herz eine Eintagsfliege d Welt umfassen ?	VAFIN ART ART NN ART NN $, PRELS APPR PIAT NN ART NN ART NN VVFIN $.	Ist der ein Mann des Jahrhunderts , der mit solchem Herzen einer Eintagsfliege die Welt umfaßt ?
Eintagsfliege	NN	1864	1	brehm_thierleben01_1864-5014-20	 	Jhre Nahrung besteht noch immer hauptsächlich in Kerbthieren, zumal Abend-und Nachtschmetterlingen, Käfern, Haften, Mücken, Eintagsfliegen; einzelne fressen auch Früchte.	124:138	0:170	Jhre Nahrung beſteht noch immer hauptſächlich in Kerbthieren , zumal Abend- und Nachtſchmetterlingen , Käfern , Haften , Mücken , Eintagsfliegen ; einzelne freſſen auch Früchte .	20	0:27	ihr Nahrung bestehen noch immer hauptsächlich in Kerbtier , zumal abend- und Nachtschmetterling , Käfer , Haften , Mücke , Eintagsfliege ; einzeln fressen auch Frucht .	PPOSAT NN VVFIN ADV ADV ADJD APPR NN $, KOUS TRUNC KON NN $, NN $, NN $, NN $, NN $. PIS VVFIN ADV NN $.	Ihre Nahrung besteht noch immer hauptsächlich in Kerbtieren , zumal Abend- und Nachtschmetterlingen , Käfern , Haften , Mücken , Eintagsfliegen ; einzelne fressen auch Früchte .
Eintagsfliege	NN	1869	1	brehm_thierleben06_1869-14181-31	 	Daß sie für die zarten Jnsekten übrigens durchaus die Bedeutung der Trichinen haben, ergab sich aus den Fällen, wo nach Einwanderung von etwa 40 jungen Gordien die Larven der Eintagsfliegen zu Grunde gingen.	175:189	0:207	Daß ſie für die zarten Jnſekten übrigens durchaus die Bedeutung der Trichinen haben , ergab ſich aus den Fällen , wo nach Einwanderung von etwa 40 jungen Gordien die Larven der Eintagsfliegen zu Grunde gingen .	31	0:36	daß sie für d zart Insekt übrigens durchaus d Bedeutung d Trichine haben , ergeben sich aus d Fall , wo nach Einwanderung von etwa 40 jung Gordien d Larve d Eintagsfliege zu Grund gehen .	KOUS PPER APPR ART ADJA NN ADV ADV ART NN ART NN VAFIN $, VVFIN PRF APPR ART NN $, PWAV APPR NN APPR ADV CARD ADJA NE ART NN ART NN APPR NN VVFIN $.	Daß sie für die zarten Insekten übrigens durchaus die Bedeutung der Trichinen haben , ergab sich aus den Fällen , wo nach Einwanderung von etwa 40 jungen Gordien die Larven der Eintagsfliegen zu Grunde gingen .
Eintagsfliege	NN	1869	1	brehm_thierleben06_1869-8742-14	 	Man kann diese Tänze bei uns zu Lande am besten beobachten an der gemeinen Eintagsfliege (Ephemera vulgata), weil sie die größte ist, am häufigsten in Deutschland und zwar schon im Mai vorkommt und sich in Folge ihrer dunkeln Färbung am schärfsten gegen den Abendhimmel abgrenzt.	75:88	0:279	Man kann dieſe Tänze bei uns zu Lande am beſten beobachten an der gemeinen Eintagsfliege ( Ephemera vulgata ) , weil ſie die größte iſt , am häufigſten in Deutſchland und zwar ſchon im Mai vorkommt und ſich in Folge ihrer dunkeln Färbung am ſchärfſten gegen den Abendhimmel abgrenzt .	14	0:50	man können diese Tanz bei wir zu Land am gut beobachten an d gemein Eintagsfliege ( ephemera vulgata ) , weil sie d groß sein , am häufig in Deutschland und zwar schon im Mai vorkommen und sich in Folge ihr dunkel Färbung am scharf gegen d Abendhimmel abgrenzen .	PIS VMFIN PDAT NN APPR PPER APPR NN PTKA ADJD VVINF APPR ART ADJA NN $( FM FM $( $, KOUS PPER ART ADJA VAFIN $, APPRART ADJA APPR NE KON ADV ADV APPRART NN VVFIN KON PRF APPR NN PPOSAT ADJA NN APPRART ADJA APPR ART NN VVFIN $.	Man kann diese Tänze bei uns zu Lande am besten beobachten an der gemeinen Eintagsfliege ( Ephemere vulgata ) , weil sie die größte ist , am häufigsten in Deutschland und zwar schon im Mai vorkommt und sich in Folge ihrer dunklen Färbung am schärfsten gegen den Abendhimmel abgrenzt .
Eintagsfliege	NN	1869	1	brehm_thierleben06_1869-8764-52	 	Sie nennen sie „Manna“ und wenn ihre Zeit gekommen ist, so pflegen sie zu sagen: „das Manna fängt an sich zu zeigen; das Manna ist diese Nacht hänfig, im Ueberfluß gefallen“, wodurch sie entweder auf die erstaunliche Menge von Nahrung, welche die Eintagsfliegen den Fischen bieten, oder auf die reiche Fülle ihrer Netze beim Fischfange anspielen wollen.	247:261	0:353	Sie nennen ſie „ Manna “ und wenn ihre Zeit gekommen iſt , ſo pflegen ſie zu ſagen : „ das Manna fängt an ſich zu zeigen ; das Manna iſt dieſe Nacht hänfig , im Ueberfluß gefallen “ , wodurch ſie entweder auf die erſtaunliche Menge von Nahrung , welche die Eintagsfliegen den Fiſchen bieten , oder auf die reiche Fülle ihrer Netze beim Fiſchfange anſpielen wollen .	52	0:69	sie nennen sie " Manna " und wenn ihr Zeit kommen sein , so pflegen sie zu sagen : " d Manna fangen an sich zu zeigen ; d Manna sein diese Nacht Hänfig , im Überfluß gefallen " , wodurch sie entweder auf d erstaunlich Menge von Nahrung , welche d Eintagsfliege d Fisch bieten , oder auf d reich Fülle ihr Netz beim Fischfang anspielen wollen .	PPER VVFIN PPER $( NE $( KON KOUS PPOSAT NN VVPP VAFIN $, ADV VVFIN PPER PTKZU VVINF $. $( ART NN VVFIN APPR PRF PTKZU VVINF $. ART NN VAFIN PDAT NN NE $, APPRART NN VVPP $( $, PWAV PPER ADV APPR ART ADJA NN APPR NN $, PRELS ART NN ART NN VVINF $, KON APPR ART ADJA NN PPOSAT NN APPRART NN VVINF VMFIN $.	Sie nennen sie " Manna " und wenn ihre Zeit gekommen ist , so pflegen sie zu sagen : " das Manna fängt an sich zu zeigen ; das Manna ist diese Nacht hänfig , im Überfluß gefallen " , wodurch sie entweder auf die erstaunliche Menge von Nahrung , welche die Eintagsfliegen den Fischen bieten , oder auf die reiche Fülle ihrer Netze beim Fischfange anspielen wollen .
Eintagsfliege	NN	1895	1	frapan_fluegel_1895-2258-4	 	Aber solch eine arme Eintagsfliege, widerstandslos und zerbrechlich, die goldig schillernden Häutchen zerfetzt, der Glanz abgestreift, die zarten Flügel verbogen und zerknickt, und all’ das durch ihn – schändlich!	21:34	0:213	Aber solch eine arme Eintagsfliege , widerstandslos und zerbrechlich , die goldig schillernden Häutchen zerfetzt , der Glanz abgestreift , die zarten Flügel verbogen und zerknickt , und all’ das durch ihn – schändlich !	4	0:35	aber solch eine arm Eintagsfliege , widerstandslos und zerbrechlich , d goldig schillernd Hautchen zerfetzen , d Glanz abstreifen , d zart Flügel verbiegen und zerknicken , und alle d durch er - schändlich !	KON ADV ART ADJA NN $, ADJD KON ADJD $, ART ADJD ADJA NN VVPP $, ART NN VVPP $, ART ADJA NN VVPP KON VVPP $, KON PIS ART APPR PPER $( ADJD $.	Aber solch eine arme Eintagsfliege , widerstandslos und zerbrechlich , die goldig schillernden Häutchen zerfetzt , der Glanz abgestreift , die zarten Flügel verbogen und zerknickt , und alle das durch ihn - schändlich !
Eintagsfliege	NN	1899	1	haeckel_weltraethsel_1899-3032-40	 	Unser eigenes „Menschenwesen“, welches in seinem anthropistischen Größenwahn sich als „Ebenbild Gottes verherrlicht, sinkt zur Bedeutung eines placentalen Säugethiers hinab, welches nicht mehr Werth für das ganze Universum besitzt als die Ameise und die Eintagsfliege, als das mikroskopische Infusorium und der winzigste Bacillus.	254:267	0:330	Unſer eigenes „ Menſchenweſen “ , welches in ſeinem anthropiſtiſchen Größenwahn ſich als „ Ebenbild Gottes verherrlicht , ſinkt zur Bedeutung eines placentalen Säugethiers hinab , welches nicht mehr Werth für das ganze Univerſum beſitzt als die Ameiſe und die Eintagsfliege , als das mikroſkopiſche Infuſorium und der winzigſte Bacillus .	40	0:51	unsere eigen " Menschenwesen " , welche in seine anthropistischen Größenwahn sich als " Ebenbild Gott verherrlichen , sinken zur Bedeutung eine plazental Säugetier hinab , welche nicht mehr Wert für d ganz Universum besitzen als d Ameise und d Eintagsfliege , als d mikroskopisch Infusorium und d winzig Bacillus .	PPOSAT ADJA $( NN $( $, PRELS APPR PPOSAT ADJA NN PRF KOKOM $( NN NN VVPP $, VVFIN APPRART NN ART ADJA NN PTKVZ $, PRELS PTKNEG PIAT NN APPR ART ADJA NN VVFIN KOKOM ART NN KON ART NN $, KOKOM ART ADJA NN KON ART ADJA NE $.	Unser eigenes " Menschenwesen " , welches in seinem anthropistischen Größenwahn sich als " Ebenbild Gottes verherrlicht , sinkt zur Bedeutung eines plazentalen Säugetiers hinab , welches nicht mehr Wert für das ganze Universum besitzt als die Ameise und die Eintagsfliege , als das mikroskopische Infusorium und der winzigste Bacillus .
Eintagsfliege	NN	1889	1	holz_hamlet_1889-15-15	 	Ein Band Gedichte, der für die damalige Stimmung des jungen Poeten bezeichnend genug „Eintagsfliegen“ betitelt war, mochte wohl die meiste Schuld daran getragen haben.	86:100	0:167	Ein Band Gedichte , der für die damalige Stimmung des jungen Poeten bezeichnend genug „ Eintagsfliegen “ betitelt war , mochte wohl die meiste Schuld daran getragen haben .	15	0:29	eine Band Gedicht , die für d damalig Stimmung d jung Poet bezeichnend genug " Eintagsfliege " betiteln sein , mögen wohl d meiste Schuld daran tragen haben .	ART NN NN $, PRELS APPR ART ADJA NN ART ADJA NN ADJD PIAT $( NN $( VVPP VAFIN $, VMFIN ADV ART ADJA NN PAV VVPP VAINF $.	Ein Band Gedichte , der für die damalige Stimmung des jungen Poeten bezeichnend genug " Eintagsfliegen " betitelt war , mochte wohl die meiste Schuld daran getragen haben .
Eintagsfliege	NN	1889	1	holz_hamlet_1889-16-21	 	Als psychologisch bedeutsam darf uns jedenfalls auch der Umstand gelten, dass der junge Lyriker die weitaus grösste Mehrzahl dieser „Eintagsfliegen“, denen allzugrosse Originalität allerdings nicht nachgerühmt werden kann, in den Sezirsälen der Anatomie verfasst hatte.	133:147	0:269	Als psychologisch bedeutsam darf uns jedenfalls auch der Umstand gelten , dass der junge Lyriker die weitaus grösste Mehrzahl dieser „ Eintagsfliegen “ , denen allzugrosse Originalität allerdings nicht nachgerühmt werden kann , in den Sezirsälen der Anatomie verfasst hatte .	21	0:41	als psychologisch bedeutsam dürfen wir jedenfalls auch d Umstand gelten , dass d jung Lyriker d weitaus groß Mehrzahl diese " Eintagsfliege " , die allzugroß Originalität allerdings nicht nachrühmen werden können , in d Seziersaal d Anatomie verfassen haben .	KOKOM ADJD ADJD VMFIN PPER ADV ADV ART NN VVINF $, KOUS ART ADJA NN ART ADV ADJA NN PDAT $( NN $( $, PRELS ADJA NN ADV PTKNEG VVPP VAINF VMFIN $, APPR ART NN ART NN VVPP VAFIN $.	Als psychologisch bedeutsam darf uns jedenfalls auch der Umstand gelten , dass der junge Lyriker die weitaus größte Mehrzahl dieser " Eintagsfliegen " , denen allzugroße Originalität allerdings nicht nachgerühmt werden kann , in den Seziersälen der Anatomie verfasst hatte .
Eintagsfliege	NN	1889	1	holz_hamlet_1889-18-24	 	Erst die Erfahrung, dass seine „Eintagsfliegen“ das in Wirklichkeit gewesen waren, wofür er sie prophetischen Gemüths ausgegeben hatte, nämlich Eintagsfliegen, deren kläglicher Existenz die Lumpenstampe bald ein jähes Ende bereitet hatte, mochte den Ausschlag gegeben haben.	144:158	0:274	Erst die Erfahrung , dass seine „ Eintagsfliegen “ das in Wirklichkeit gewesen waren , wofür er sie prophetischen Gemüths ausgegeben hatte , nämlich Eintagsfliegen , deren kläglicher Existenz die Lumpenstampe bald ein jähes Ende bereitet hatte , mochte den Ausschlag gegeben haben .	24	0:44	erst d Erfahrung , dass seine " Eintagsfliege " d in Wirklichkeit sein sein , wofür er sie prophetisch Gemüt ausgeben haben , nämlich Eintagsfliege , die kläglich Existenz d Lumpenstamp bald eine jäh Ende bereiten haben , mögen d Ausschlag geben haben .	ADV ART NN $, KOUS PPOSAT $( NN $( ART APPR NN VAPP VAFIN $, PWAV PPER PPER ADJA NN VVPP VAFIN $, ADV NN $, PRELAT ADJA NN ART NN ADV ART ADJA NN VVPP VAFIN $, VMFIN ART NN VVPP VAINF $.	Erst die Erfahrung , dass seine " Eintagsfliegen " das in Wirklichkeit gewesen waren , wofür er sie prophetischen Gemüts ausgegeben hatte , nämlich Eintagsfliegen , deren kläglicher Existenz die Lumpenstampe bald ein jähes Ende bereitet hatte , mochte den Ausschlag gegeben haben .
Eintagsfliege	NN	1805	1	klingemann_nachtwachen_1805-282-16	 	Leider aber kommt für sie die Stunde nur zu früh, in der sie und ihre Eintagsfliegen mit ihnen sterben müssen. —	70:84	0:112	Leider aber kommt fuͤr ſie die Stunde nur zu fruͤh , in der ſie und ihre Eintagsfliegen mit ihnen ſterben muͤſſen . —	16	0:23	leider aber kommen für sie d Stunde nur zu früh , in die sie und ihr Eintagsfliege mit sie sterben müssen . --	ADV ADV VVFIN APPR PPER ART NN ADV PTKA ADJD $, APPR PRELS PPER KON PPOSAT NN APPR PPER VVINF VMFIN $. $(	Leider aber kommt für sie die Stunde nur zu früh , in der sie und ihre Eintagsfliegen mit ihnen sterben müssen . --
Eintagsfliege	NN	1828	1	menzel_literatur02_1828-2676-11	 	Die meisten scheinen es aber zu fühlen, daß sie gleich Eintagsfliegen nur bis zum Sonnenuntergang leben, darum stechen und beißen sie sich lustig herum, so lange sie können.	55:69	0:173	Die meiſten ſcheinen es aber zu fuͤhlen , daß ſie gleich Eintagsfliegen nur bis zum Sonnenuntergang leben , darum ſtechen und beißen ſie ſich luſtig herum , ſo lange ſie koͤnnen .	11	0:32	d meiste scheinen es aber zu fühlen , daß sie gleich Eintagsfliege nur bis zum Sonnenuntergang leben , darum stechen und beissen sie sich lustig herum , so lange sie können .	ART PIS VVFIN PPER ADV PTKZU VVINF $, KOUS PPER ADV NN ADV APPR APPRART NN VVFIN $, PAV VVINF KON VVINF PPER PRF ADJD PTKVZ $, ADV ADV PPER VMFIN $.	Die meisten scheinen es aber zu fühlen , daß sie gleich Eintagsfliegen nur bis zum Sonnenuntergang leben , darum stechen und beißen sie sich lustig herum , so lange sie können .
Eintagsfliege	NN	1848	1	nn_nrhz207i_1849-181-15	 	Die gottbegnadete Partei hält heute unter der Anführung des königl. schwarz-weißen Landraths Schroeder (einer Eintagsfliege des Brandenburger Domklubs) eine amtliche Berathung in Lechenich — worin vielleicht einigen Herren Pastores Gelegenheit gegeben wird, sich in herzbrechendem Lamento über die Verderbtheit des verblendeten Volks abzuquälen und die alte Geschichte vom kreisenden Berg und der Maus aufzuführen; Alles für Gott, König und Junkerschaft!	110:123	0:454	Die gottbegnadete Partei hält heute unter der Anführung des königl. schwarz-weißen Landraths Schroeder ( einer Eintagsfliege des Brandenburger Domklubs ) eine amtliche Berathung in Lechenich — worin vielleicht einigen Herren Pastores Gelegenheit gegeben wird , sich in herzbrechendem Lamento über die Verderbtheit des verblendeten Volks abzuquälen und die alte Geschichte vom kreisenden Berg und der Maus aufzuführen ; Alles für Gott , König und Junkerschaft !	15	0:66	d gottbegnadet Partei halten heute unter d Anführung d Königl. schwarz-weiß Landrat Schröder ( eine Eintagsfliege d Brandenburger Domklub ) eine amtlich Beratung in Lechenich -- worin vielleicht einige Herr Pastores Gelegenheit geben werden , sich in herzbrechend Lamento über d Verderbtheit d verblendet Volk abquälen und d alt Geschichte vom kreisend Berg und d Maus aufführen ; alle für Gott , König und Junkerschaft !	ART ADJA NN VVFIN ADV APPR ART NN ART NN ADJA NN NE $( ART NN ART ADJA NN $( ART ADJA NN APPR NE $( PWAV ADV PIAT NN NE NN VVPP VAFIN $, PRF APPR ADJA NN APPR ART NN ART ADJA NN VVIZU KON ART ADJA NN APPRART ADJA NN KON ART NN VVIZU $. PIS APPR NN $, NN KON NN $.	Die gottbegnadete Partei hält heute unter der Anführung des königl. schwarz-weißen Landrats Schröder ( einer Eintagsfliege des Brandenburger Domklubs ) eine amtliche Beratung in Lechenich -- worin vielleicht einigen Herren Pastores Gelegenheit gegeben wird , sich in herzbrechendem Lamento über die Verderbtheit des verblendeten Volks abzuquälen und die alte Geschichte vom kreisenden Berg und der Maus aufzuführen ; Alles für Gott , König und Junkerschaft !
Eintagsfliege	NN	1848	1	nn_nrhz297b_1849-34-15	 	— Hier einige Titel von Blättern, die während der glücklichen Wahlperiode von 1849 als Eintagsfliegen in Paris auf den Boulevards ausgerufen wurden und meist erklärende Canards sind:	87:101	0:182	— Hier einige Titel von Blättern , die während der glücklichen Wahlperiode von 1849 als Eintagsfliegen in Paris auf den Boulevards ausgerufen wurden und meist erklärende Canards sind :	15	0:29	-- hier einige Titel von Blatt , die während d glücklich Wahlperiode von 1849 als Eintagsfliege in Paris auf d Boulevard ausrufen werden und meist erklärend Canard sein :	$( ADV PIAT NN APPR NN $, PRELS APPR ART ADJA NN APPR CARD KOKOM NN APPR NE APPR ART NN VVPP VAFIN KON ADV ADJA NE VAFIN $.	-- Hier einige Titel von Blättern , die während der glücklichen Wahlperiode von 1849 als Eintagsfliegen in Paris auf den Boulevards ausgerufen wurden und meist erklärende Canards sind :
Eintagsfliege	NN	1857	1	rossmaessler_suesswasseraquarium_1857-638-23	 	3. Larve und 4. 5. Puppen der großen Libelle, Aeschna grandis; die Larve 5 hat ihre Fangmaske nach der Larve einer Eintagsfliege ausgestreckt.	115:128	0:142	3. Larve und 4. 5. Puppen der großen Libelle , Aeschna grandis ; die Larve 5 hat ihre Fangmaske nach der Larve einer Eintagsfliege ausgeſtreckt .	23	0:26	3. Larve und 4. 5. Puppe d groß Libelle , aeschna grandis ; d Larve 5 haben ihr Fangmaske nach d Larve eine Eintagsfliege ausstrecken .	ADJA NN KON ADJA ADJA NN ART ADJA NN $, FM FM $. ART NN CARD VAFIN PPOSAT NN APPR ART NN ART NN VVPP $.	3. Larve und 4. 5. Puppen der großen Libelle , Aeschna grandis ; die Larve 5 hat ihre Fangmaske nach der Larve einer Eintagsfliege ausgestreckt .
Eintagsfliege	NN	1894	1	treitschke_geschichte05_1894-3174-13	 	Scherzbilder und Rebus kamen auch in Deutschland in die Mode, und diese Eintagsfliegen fanden überall unmäßige Beachtung, weil ein ernsthaftes öffentliches Leben sich noch kaum entwickelt hatte.	72:86	0:194	Scherzbilder und Rebus kamen auch in Deutſchland in die Mode , und dieſe Eintagsfliegen fanden überall unmäßige Beachtung , weil ein ernſthaftes öffentliches Leben ſich noch kaum entwickelt hatte .	13	0:30	Scherzbild und Rebus kommen auch in Deutschland in d Mode , und diese Eintagsfliege finden überall unmäßig Beachtung , weil eine ernsthaft öffentlich Leben sich noch kaum entwickeln haben .	NN KON NN VVFIN ADV APPR NE APPR ART NN $, KON PDAT NN VVFIN ADV ADJA NN $, KOUS ART ADJA ADJA NN PRF ADV ADV VVPP VAFIN $.	Scherzbilder und Rebus kamen auch in Deutschland in die Mode , und diese Eintagsfliegen fanden überall unmäßige Beachtung , weil ein ernsthaftes öffentliches Leben sich noch kaum entwickelt hatte .
Eintagsfliege	NN	1851	1	vogt_briefe01_1851-6608-2	 	Skizze einer Eintagsfliege (Ephemera) zur Erläuterung des Blutlaufes.	13:26	0:69	Skizze einer Eintagsfliege ( Ephemera ) zur Erläuterung des Blutlaufes .	2	0:11	Skizze eine Eintagsfliege ( Ephemere ) zur Erläuterung d Blutlauf .	NN ART NN $( NN $( APPRART NN ART NN $.	Skizze einer Eintagsfliege ( Ephemere ) zur Erläuterung des Blutlaufes .
Eintagsfliege	NN	1851	1	vogt_thierstaaten_1851-1326-16	 	Schon sah man hier und da über den Gesträuchen jene auf und ab wogenden Gesellschaften leichter Eintagsfliegen, die wie unbestimmte Rauchwölkchen an den Hecken hinschwebten und im Glanze der Abendsonne vergaßen, daß ein schneller Tod ihrer kurzen Freude ein Ende machen werde.	96:110	0:276	Schon sah man hier und da über den Gesträuchen jene auf und ab wogenden Gesellschaften leichter Eintagsfliegen , die wie unbestimmte Rauchwölkchen an den Hecken hinschwebten und im Glanze der Abendsonne vergaßen , daß ein schneller Tod ihrer kurzen Freude ein Ende machen werde .	16	0:45	schon sehen man hier und da über d Gesträuch jen auf und ab wogend Gesellschaft leicht Eintagsfliege , die wie unbestimmt Rauchwolkechen an d Hecke hinschweben und im Glanz d Abendsonne vergessen , daß eine schnell Tod ihr kurz Freude eine Ende machen werden .	ADV VVFIN PIS ADV KON ADV APPR ART NN PDAT APPR KON APPR ADJA NN ADJD NN $, PRELS KOKOM ADJA NN APPR ART NN VVFIN KON APPRART NN ART NN VVFIN $, KOUS ART ADJD NN PPOSAT ADJA NN ART NN VVINF VAFIN $.	Schon sah man hier und da über den Gesträuchen jene auf und ab wogenden Gesellschaften leichter Eintagsfliegen , die wie unbestimmte Rauchwölkchen an den Hecken hinschwebten und im Glanze der Abendsonne vergaßen , daß ein schneller Tod ihrer kurzen Freude ein Ende machen werde .
Eintagsfliege	NN	1893	1	wilamowitz_aristoteles01_1893-1523-7	 	Platon hat die ganze schar der tragischen eintagsfliegen verachtet:	42:56	0:67	Platon hat die ganze schar der tragischen eintagsfliegen verachtet :	7	0:10	Platon haben d ganz Schar d tragisch Eintagsfliege verachten :	NE VAFIN ART ADJA NN ART ADJA NN VVFIN $.	Platon hat die ganze Schar der tragischen Eintagsfliegen verachtet :
