lemma	pos	date	grouping	identifier	description	context	indexes_target_token	indexes_target_sentence	context_tokenized	indexes_target_token_tokenized	indexes_target_sentence_tokenized	context_lemmatized	context_pos	context_normalized
abbauen	VVIZU	1959	2	2532889X_1959-03-13_01_104.tcf.xml-29-34	 	Eine große, noch nicht erschlossene Re-; serve in der Verbesserung des Berufsverkehrs besteht daher in einer sinnvollen Arbeitszeitstaffelung aller Betriebe in einem Industriegebiet Oft reichen schon wenige Minuten aus, um Verkehrsspitzen abzubauen.	239:248	0:249	Eine große , noch nicht erschlossene Re- ; serve in der Verbesserung des Berufsverkehrs besteht daher in einer sinnvollen Arbeitszeitstaffelung aller Betriebe in einem Industriegebiet Oft reichen schon wenige Minuten aus , um Verkehrsspitzen abzubauen .	34	0:36	eine groß , noch nicht erschließen re- ; Serve in d Verbesserung d Berufsverkehr bestehen daher in eine sinnvoll Arbeitszeitstaffelung alle Betrieb in eine Industriegebiet oft reichen schon wenige Minute aus , um Verkehrsspitze abbauen .	ART ADJA $, ADV PTKNEG ADJA TRUNC $. NE APPR ART NN ART NN VVFIN PAV APPR ART ADJA NN PIAT NN APPR ART NN ADV VVFIN ADV PIAT NN PTKVZ $, KOUI NN VVIZU $.	
abbauen	VVPP	1963	2	2532889X_1963-03-05_01_016.tcf.xml-3-16	 	Das im Januar entstandene Minus bei nahtlosen Rohren wurde durch Übererfüllung im Februar um 470 Tonnen abgebaut.	104:112	0:113	Das im Januar entstandene Minus bei nahtlosen Rohren wurde durch Übererfüllung im Februar um 470 Tonnen abgebaut .	16	0:18	die im Januar entstehen Minus bei nahtlos Rohr werden durch Übererfüllung im Februar um 470 Tonne abbauen .	PDS APPRART NN ADJA NN APPR ADJA NN VAFIN APPR NN APPRART NN APPR CARD NN VVPP $.	
abbauen	VVPP	1964	2	2532889X_1964-01-31_01_179.tcf.xml-239-7	 	Kämpft Ihr darum, daß der Revanchismus abgebaut wird und normale Beziehungen zwischen unseren Staaten entstehen, dann brauchen wir auch keine Minen mehr zu legen.	39:47	0:162	Kämpft Ihr darum , daß der Revanchismus abgebaut wird und normale Beziehungen zwischen unseren Staaten entstehen , dann brauchen wir auch keine Minen mehr zu legen .	7	0:27	kämpfen sie darum , daß d Revanchismus abbauen werden und normal Beziehung zwischen unsere Staat entstehen , dann brauchen wir auch keine Mine mehr zu legen .	VVFIN PPER PAV $, KOUS ART NN VVPP VAFIN KON ADJA NN APPR PPOSAT NN VVINF $, ADV VVFIN PPER ADV PIAT NN ADV PTKZU VVINF $.	
abbauen	VVIZU	1964	2	2532889X_1964-09-02_01_107.tcf.xml-102-33	 	Wie der Vorsitzende des Staatsrates^ Genosse Walter Ulbricht, in seiner heutigen Erklärung nachdrücklich unterstrich. ist es notwendig, die Beziehungen zwischen beiden deutschen Staaten zu normalisieren und den kalten Krieg endlich abzubauen.	232:241	0:242	Wie der Vorsitzende des Staatsrates^ Genosse Walter Ulbricht , in seiner heutigen Erklärung nachdrücklich unterstrich . ist es notwendig , die Beziehungen zwischen beiden deutschen Staaten zu normalisieren und den kalten Krieg endlich abzubauen .	33	0:35	wie d Vorsitzende d staatsrates^ Genosse Walter Ulbricht , in seine heutig Erklärung nachdrücklich unterstreichen . sein es notwendig , d Beziehung zwischen beide deutsch Staat zu normalisieren und d kalt Krieg endlich abbauen .	PWAV ART NN ART ADJA NN NE NE $, APPR PPOSAT ADJA NN ADJD VVFIN $. VAFIN PPER ADJD $, ART NN APPR PIAT ADJA NN PTKZU VVINF KON ART ADJA NN ADV VVIZU $.	
abbauen	VVIZU	1965	2	2532889X_1965-03-07_01_234.tcf.xml-32-9	 	Statt die Hallstein-Doktrin so unauffällig und rasch wie möglich abzubauen, will" dieser sture Flügel im Bundeskabinett sie verschärfen.	65:74	0:136	Statt die Hallstein-Doktrin so unauffällig und rasch wie möglich abzubauen , will " dieser sture Flügel im Bundeskabinett sie verschärfen .	9	0:21	statt d Hallstein-Doktrin so unauffällig und rasch wie möglich abbauen , wollen " diese stur Flügel im Bundeskabinett sie verschärfen .	APPR ART NN ADV ADJD KON ADJD KOKOM ADJD VVIZU $, VMFIN $( PDAT ADJA NN APPRART NN PPER VVINF $.	
abbauen	VVFIN	1968	2	2532889X_1968-04-03_01_171.tcf.xml-21-18	 	Es handelt sich um einen Schritt, der die wenigen dem westdeutschen Volk noch verbliebenen demokratischen Rechte rigoros abbaut.	121:127	0:128	Es handelt sich um einen Schritt , der die wenigen dem westdeutschen Volk noch verbliebenen demokratischen Rechte rigoros abbaut .	18	0:20	es handeln sich um eine Schritt , die d wenige d westdeutsch Volk noch verbleiben demokratisch Rechte rigoros abbauen .	PPER VVFIN PRF APPR ART NN $, PRELS ART PIAT ART ADJA NN ADV ADJA ADJA NN ADJD VVFIN $.	
abbauen	VVIZU	1969	2	2532889X_1969-09-07_01_200.tcf.xml-37-16	 	Neue Konzernstrukturen werden genutzt, um bereits errungene Mltbestimmungsrechte der Betriebsräte und der Gewerkschaften auszuhöhlen oder abzubauen.	138:147	0:148	Neue Konzernstrukturen werden genutzt , um bereits errungene Mltbestimmungsrechte der Betriebsräte und der Gewerkschaften auszuhöhlen oder abzubauen .	16	0:18	neu Konzernstruktur werden nutzen , um bereits erringen Mltbestimmungsrechte d Betriebsrat und d Gewerkschaft aushöhlen oder abbauen .	ADJA NN VAFIN VVPP $, KOUI ADV ADJA NN ART NN KON ART NN VVIZU KON VVIZU $.	
abbauen	VVPP	1972	2	2532889X_1972-11-27_01_085.tcf.xml-12-5	 	So müßten noch bestehende Disproportionen abgebaut, die Arbeitsproduktivität erhöht und die Kosten gesenkt werden.	42:50	0:114	So müßten noch bestehende Disproportionen abgebaut , die Arbeitsproduktivität erhöht und die Kosten gesenkt werden .	5	0:16	so müssen noch bestehend Disproportion abbauen , d Arbeitsproduktivität erhöhen und d Kosten senken werden .	ADV VMFIN ADV ADJA NN VVPP $, ART NN VVPP KON ART NN VVPP VAINF $.	
abbauen	VVIZU	1976	2	2532889X_1976-11-18_01_091.tcf.xml-47-20	 	Wie hier berichtet wurde, mischt Walterscheid im Gegenteil kräftig mit, wenn es darum geht, Arbeitsplätze für Jugendliche abzubauen.	122:131	0:132	Wie hier berichtet wurde , mischt Walterscheid im Gegenteil kräftig mit , wenn es darum geht , Arbeitsplätze für Jugendliche abzubauen .	20	0:22	wie hier berichten werden , mischen Walterscheid im Gegenteil kräftig mit , wenn es darum gehen , Arbeitsplatz für Jugendliche abbauen .	PWAV ADV VVPP VAFIN $, VVFIN NE APPRART NN ADJD PTKVZ $, KOUS PPER PAV VVFIN $, NN APPR NN VVIZU $.	
abbauen	VVIZU	1977	2	2532889X_1977-08-26_01_087.tcf.xml-25-45	 	Allein 17 neue Industriewerke sind geplant, darunter mehrere Zementwerke, eine Schiffswerft, ein Stahlwerk und vor allem mehrere chemische Unternehmen Nicht zuletzt soll durch die damit verbundene Bereitstellung von etwa 164000 neuen Arbeitsplätzen dazu beigetragen werden, die immer noch vorhandene Arbeitslosigkeit weiter abzubauen.	324:333	0:334	Allein 17 neue Industriewerke sind geplant , darunter mehrere Zementwerke , eine Schiffswerft , ein Stahlwerk und vor allem mehrere chemische Unternehmen Nicht zuletzt soll durch die damit verbundene Bereitstellung von etwa 164000 neuen Arbeitsplätzen dazu beigetragen werden , die immer noch vorhandene Arbeitslosigkeit weiter abzubauen .	45	0:47	allein 17 neu Industriewerk sein planen , darunter mehrere Zementwerk , eine Schiffswerft , eine Stahlwerk und vor alle mehrere chemisch Unternehmen nicht zuletzt sollen durch d damit verbinden Bereitstellung von etwa 164000 neu Arbeitsplatz dazu beitragen werden , die immer noch vorhanden Arbeitslosigkeit weiter abbauen .	ADV CARD ADJA NN VAFIN VVPP $, PAV PIAT NN $, ART NN $, ART NN KON APPR PIS PIAT ADJA NN PTKNEG ADV VMFIN APPR ART PAV ADJA NN APPR ADV CARD ADJA NN PAV VVPP VAINF $, PRELS ADV ADV ADJA NN ADV VVIZU $.	
abbauen	VVPP	1978	2	2532889X_1978-06-09_01_083.tcf.xml-2-32	 	Der BRD-Bundestag verabschiedete am Donnerstag in Bonn einen Gesetzentwurf, mit dem das zu erwartende Defizit in den Kassen der Rentenversicherung in Höhe von über 32 Milliarden DM zu Lasten der Rentner abgebaut werden soll.	203:211	0:224	Der BRD-Bundestag verabschiedete am Donnerstag in Bonn einen Gesetzentwurf , mit dem das zu erwartende Defizit in den Kassen der Rentenversicherung in Höhe von über 32 Milliarden DM zu Lasten der Rentner abgebaut werden soll .	32	0:36	d Brd-Bundestag verabschieden am Donnerstag in Bonn eine Gesetzentwurf , mit die d zu erwartend Defizit in d Kasse d Rentenversicherung in Höhe von über 32 Milliarde DM zu Last d Rentner abbauen werden sollen .	ART NN VVFIN APPRART NN APPR NE ART NN $, APPR PRELS ART PTKZU ADJA NN APPR ART NN ART NN APPR NN APPR APPR CARD NN NN APPR NN ART NN VVPP VAINF VMFIN $.	
abbauen	VVPP	1978	2	2532889X_1978-07-21_01_096.tcf.xml-14-30	 	Vor allem aber sieht sich die Großbourgeoisie jedoch mit dem wachsenden Unmut der Werktätigen konfrontiert, die sich nicht länger damit abfinden wallen, daß ihr Lebensstandard Stück für Stück abgebaut wird.	192:200	0:206	Vor allem aber sieht sich die Großbourgeoisie jedoch mit dem wachsenden Unmut der Werktätigen konfrontiert , die sich nicht länger damit abfinden wallen , daß ihr Lebensstandard Stück für Stück abgebaut wird .	30	0:33	vor alle aber sehen sich d Großbourgeoisie jedoch mit d wachsend Unmut d Werktätige konfrontieren , die sich nicht lang damit abfinden wallen , daß ihr Lebensstandard Stück für Stück abbauen werden .	APPR PIS ADV VVFIN PRF ART NN ADV APPR ART ADJA NN ART NN VVPP $, PRELS PRF PTKNEG ADJD PAV VVINF VVINF $, KOUS PPOSAT NN NN APPR NN VVPP VAFIN $.	
abbauen	VVPP	1979	2	2532889X_1979-12-15_01_109.tcf.xml-18-28	 	Die komplexe Anwendung wird möglich, weil wir uns seit Jahren der Prozeßsteuerung von solchen großen Anlagen intensiv widmen, wissenschaftlichen Vorlauf haben und das Risiko der Anwendung abgebaut haben.	188:196	0:203	Die komplexe Anwendung wird möglich , weil wir uns seit Jahren der Prozeßsteuerung von solchen großen Anlagen intensiv widmen , wissenschaftlichen Vorlauf haben und das Risiko der Anwendung abgebaut haben .	28	0:31	d komplex Anwendung werden möglich , weil wir uns seit Jahr d Prozeßsteuerung von solch groß Anlage intensiv widmen , wissenschaftlich Vorlauf haben und d Risiko d Anwendung abbauen haben .	ART ADJA NN VAFIN ADJD $, KOUS PPER PRF APPR NN ART NN APPR PIAT ADJA NN ADJD VVINF $, ADJA NN VAFIN KON ART NN ART NN VVPP VAINF $.	
abbauen	VVPP	1986	2	2532889X_1986-01-14_01_031.tcf.xml-60-15	 	Seit 1981 wurden 16700 Arbeitsplätze neu gestaltet und damit für 2900 Werktätige die Arbeitserschwerr nisse abgebaut.	108:116	0:117	Seit 1981 wurden 16700 Arbeitsplätze neu gestaltet und damit für 2900 Werktätige die Arbeitserschwerr nisse abgebaut .	15	0:17	seit 1981 werden 16700 Arbeitsplatz neu gestalten und damit für 2900 Werktätige d Arbeitserschwerr Nisse abbauen .	APPR CARD VAFIN CARD NN ADJD VVPP KON PAV APPR CARD NN ART NE NE VVPP $.	
abbauen	VVPP	1989	2	2532889X_1989-04-04_01_114.tcf.xml-33-25	 	Die Realitäten des Nuklearzeitalters veranlaßten real denkende Politiker des Westens, nach Wegen zu suchen, die die wachsenden Gefahren aus dem selbst initiierten Wettrüsten abgebaut werden können.	174:182	0:197	Die Realitäten des Nuklearzeitalters veranlaßten real denkende Politiker des Westens , nach Wegen zu suchen , die die wachsenden Gefahren aus dem selbst initiierten Wettrüsten abgebaut werden können .	25	0:29	d Realität d Nuklearzeitalter veranlassen real denkend Politiker d Westen , nach Weg zu suchen , die d wachsend Gefahr aus d selbst initiiert Wettrüsten abbauen werden können .	ART NN ART NN VVFIN ADJD ADJA NN ART NN $, APPR NN PTKZU VVINF $, PRELS ART ADJA NN APPR ART ADV ADJA NN VVPP VAINF VMFIN $.	
abbauen	VVIZU	1990	2	2532889X_1990-04-28_01_305.tcf.xml-4-29	 	Gerade dieser Wirtschaftszweig ist einer der wenigen, in denen die DDR eine führende Rolle in der Welt spielt, und nichts wäre falscher, als das einmal Erreichte abzubauen.	162:171	0:172	Gerade dieser Wirtschaftszweig ist einer der wenigen , in denen die DDR eine führende Rolle in der Welt spielt , und nichts wäre falscher , als das einmal Erreichte abzubauen .	29	0:31	gerade diese Wirtschaftszweig sein eine d wenige , in die d DDR eine führend Rolle in d Welt spielen , und nichts sein falsch , als die einmal Erreichte abbauen .	ADV PDAT NN VAFIN PIS ART PIAT $, APPR PRELS ART NE ART ADJA NN APPR ART NN VVFIN $, KON PIS VAFIN ADJA $, KOUS PDS ADV NN VVIZU $.	
abbauen	VVPP	1963	2	26120215_1963_04_07_01_034.tcf.xml-54-28	 	Gerade in diesen Tagen zeigte sich abermals besonders deutlich, wo nationale Politik und wo antinationale Politik gemacht, wo die Demokratie konsequent entfaltet und wo sie systematisch abgebaut und unterhöhlt wird.	186:194	0:215	Gerade in diesen Tagen zeigte sich abermals besonders deutlich , wo nationale Politik und wo antinationale Politik gemacht , wo die Demokratie konsequent entfaltet und wo sie systematisch abgebaut und unterhöhlt wird .	28	0:33	gerade in diese Tag zeigen sich abermals besonders deutlich , wo national Politik und wo antinational Politik machen , wo d Demokratie konsequent entfalten und wo sie systematisch abbauen und unterhöhlen werden .	ADV APPR PDAT NN VVFIN PRF ADV ADV ADJD $, PWAV ADJA NN KON PWAV ADJA NN VVPP $, PWAV ART NN ADJD VVFIN KON PWAV PPER ADJD VVPP KON VVPP VAFIN $.	
abbauen	VVFIN	1963	2	26120215_1963_11_29_01_007.tcf.xml-13-8	 	in Bonn den von ihr errichteten eisernen Vorhang abbaut und den kalten Krieg gegen die DDR und ihre Bürger einstellt.	49:55	0:117	in Bonn den von ihr errichteten eisernen Vorhang abbaut und den kalten Krieg gegen die DDR und ihre Bürger einstellt .	8	0:21	in Bonn d von ihr errichtet eisern Vorhang abbauen und d kalt Krieg gegen d DDR und ihr Bürger einstellen .	APPR NE ART APPR PPOSAT ADJA ADJA NN VVFIN KON ART ADJA NN APPR ART NE KON PPOSAT NN VVFIN $.	
abbauen	VVPP	1966	2	26120215_1966_04_29_01_295.tcf.xml-3-18	 	Das Autoangebot ist von Jahr zu Jahr gewachsen, aber doch nicht so, daß die übergroße Nachfrage abgebaut werden konnte.	96:104	0:119	Das Autoangebot ist von Jahr zu Jahr gewachsen , aber doch nicht so , daß die übergroße Nachfrage abgebaut werden konnte .	18	0:22	d Autoangebot sein von Jahr zu Jahr wachsen , aber doch nicht so , daß d übergroß Nachfrage abbauen werden können .	ART NN VAFIN APPR NN APPR NN VVPP $, ADV ADV PTKNEG ADV $, KOUS ART ADJA NN VVPP VAINF VMFIN $.	
abbauen	VVPP	1968	2	26120215_1968_09_29_01_271.tcf.xml-44-16	 	Das war seit 1930 so. als mit Notverordnungen die Rechte und Freiheiten der Werktätigen systematisch abgebaut wurden — im Namen der Demokratie	101:109	0:142	Das war seit 1930 so . als mit Notverordnungen die Rechte und Freiheiten der Werktätigen systematisch abgebaut wurden — im Namen der Demokratie	16	0:23	die sein seit 1930 so . als mit Notverordnung d Rechte und Freiheit d Werktätige systematisch abbauen werden — im Namen d Demokratie	PDS VAFIN APPR CARD ADV $. KOUS APPR NN ART NN KON NN ART NN ADJD VVPP VAFIN $( APPRART NN ART NN	
abbauen	VVPP	1970	2	26120215_1970_07_23_01_183.tcf.xml-22-11	 	Bis Ende Juni konnte der Rückstand bis auf etwa eine Viertelmillion abgebaut werden.	68:76	0:84	Bis Ende Juni konnte der Rückstand bis auf etwa eine Viertelmillion abgebaut werden .	11	0:14	bis Ende Juni können d Rückstand bis auf etwa eine Viertelmillion abbauen werden .	APPR NN NN VMFIN ART NN APPR APPR ADV ART NN VVPP VAINF $.	
abbauen	VVPP	1970	2	26120215_1970_09_26_01_179.tcf.xml-10-20	 	Zum gleichen Termin wird auch die Ausstellung „ASSO", Malerei und Plastik, ebenfalls im Alten Museum, abgebaut.	102:110	0:111	Zum gleichen Termin wird auch die Ausstellung „ ASSO " , Malerei und Plastik , ebenfalls im Alten Museum , abgebaut .	20	0:22	zum gleich Termin werden auch d Ausstellung „ Asso " , Malerei und Plastik , ebenfalls im alt Museum , abbauen .	APPRART ADJA NN VAFIN ADV ART NN $( NE $( $, NN KON NN $, ADV APPRART ADJA NN $, VVPP $.	
abbauen	VVINF	1984	2	26120215_1984_08_02_01_043.tcf.xml-10-15	 	Trotz der oft aufwendigen und anstrengenden Auftritte (Rockgruppen müssen z. B. ständig auf-und abbauen, dazu proben) also allemal ein schöner Urlaub.	96:103	0:150	Trotz der oft aufwendigen und anstrengenden Auftritte ( Rockgruppen müssen z. B. ständig auf- und abbauen , dazu proben ) also allemal ein schöner Urlaub .	15	0:26	trotz d oft aufwendig und anstrengend Auftritt ( Rockgruppe müssen z. B. ständig auf- und abbauen , dazu proben ) also allemal eine schön Urlaub .	APPR ART ADV ADJA KON ADJA NN $( NN VMFIN APPRART NN ADJD TRUNC KON VVINF $, PAV VVFIN $( ADV ADV ART ADJA NN $.	
abbauen	VVIZU	1986	2	26120215_1986_10_10_01_075.tcf.xml-7-19	 	Nachkontrollen ergaben, daß mit Unterstützung des Kombinates in Jena große Anstrengungen unternommen wurden, um die angestauten Reparaturen abzubauen und die Wartezeiten zu verkürzen.	140:149	0:183	Nachkontrollen ergaben , daß mit Unterstützung des Kombinates in Jena große Anstrengungen unternommen wurden , um die angestauten Reparaturen abzubauen und die Wartezeiten zu verkürzen .	19	0:26	Nachkontrolle ergeben , daß mit Unterstützung d Kombinat in Jena groß Anstrengung unternehmen werden , um d angestaut Reparatur abbauen und d Wartezeit zu verkürzen .	NN VVFIN $, KOUS APPR NN ART NN APPR NE ADJA NN VVPP VAFIN $, KOUI ART ADJA NN VVIZU KON ART NN PTKZU VVINF $.	
abbauen	VVIZU	1989	2	26120215_1989_07_26_01_156.tcf.xml-20-11	 	Als wichtigste Aufgabe sieht es Andreotti an, die hohe Staatsverschuldung abzubauen und die Wirtschaft seines Landes auf die Einführung des EG-Binnenmarktes Vorzubereiten.	74:83	0:171	Als wichtigste Aufgabe sieht es Andreotti an , die hohe Staatsverschuldung abzubauen und die Wirtschaft seines Landes auf die Einführung des EG-Binnenmarktes Vorzubereiten .	11	0:24	als wichtig Aufgabe sehen es Andreotti an , d hoch Staatsverschuldung abbauen und d Wirtschaft seine Land auf d Einführung d Eg-Binnenmarkt vorbereiten .	KOUS ADJA NN VVFIN PPER NE PTKVZ $, ART ADJA NN VVIZU KON ART NN PPOSAT NN APPR ART NN ART NN VVIZU $.	
abbauen	VVPP	1835	1	baumstark_encyclopaedie_1835-3348-26	 	Ist der Bruch abgebaut, und entsteht für die Oberfläche kein Schaden, dann stürzt man sie am besten zusammen, nachdem man die Pfeiler vollends abgebaut hat.	143:151	0:156	Iſt der Bruch abgebaut , und entſteht für die Oberfläche kein Schaden , dann ſtürzt man ſie am beſten zuſammen , nachdem man die Pfeiler vollends abgebaut hat .	26	0:29	sein d Bruch abbauen , und entstehen für d Oberfläche keine Schaden , dann stürzen man sie am gut zusammen , nachdem man d Pfeiler vollends abbauen haben .	VAFIN ART NN VVPP $, KON VVFIN APPR ART NN PIAT NN $, ADV VVFIN PIS PPER PTKA ADJD PTKVZ $, KOUS PIS ART NN ADV VVPP VAFIN $.	Ist der Bruch abgebaut , und entsteht für die Oberfläche kein Schaden , dann stürzt man sie am besten zusammen , nachdem man die Pfeiler vollends abgebaut hat .
abbauen	VVFIN	1835	1	baumstark_encyclopaedie_1835-3425-29	 	Auch kennt man in der Grafschaft Mark einen sogenannten Stoßbau, indem man 12–15 Lachter hohe Pfeiler mit Strecken unterfährt und ausrichtet und dann in verschiedenen Stößen auf einmal abbaut, oder aber indem man Pfeiler von unbestimmter Höhe von unten nach oben durch Stöße abbaut, welche man wechselweise vor-und rückwärts treibt.	185:191	0:332	Auch kennt man in der Grafſchaft Mark einen ſogenannten Stoßbau , indem man 12–15 Lachter hohe Pfeiler mit Strecken unterfährt und ausrichtet und dann in verſchiedenen Stößen auf einmal abbaut , oder aber indem man Pfeiler von unbeſtimmter Höhe von unten nach oben durch Stöße abbaut , welche man wechſelweiſe vor- und rückwärts treibt .	29	0:55	auch kennen man in d Grafschaft Mark eine sogenannt Stoßbau , indem man 12-15 Lachter hoch Pfeiler mit Strecke unterfahren und ausrichten und dann in verschieden Stoß auf einmal abbauen , oder aber indem man Pfeiler von unbestimmt Höhe von unten nach oben durch Stoß abbauen , welche man wechselweise vor- und rückwärts treiben .	ADV VVFIN PIS APPR ART ADJA NN ART ADJA NN $, KOUS PIS CARD NN ADJA NN APPR NN VVFIN KON VVFIN KON ADV APPR ADJA NN APPR ADV VVFIN $, KON ADV KOUS PIS NN APPR ADJA NN APPR ADV APPR ADV APPR NN VVFIN $, PRELS PIS ADV TRUNC KON ADV VVFIN $.	Auch kennt man in der Grafschaft Mark einen sogenannten Stoßbau , indem man 12-15 Lachter hohe Pfeiler mit Strecken unterfährt und ausrichtet und dann in verschiedenen Stößen auf einmal abbaut , oder aber indem man Pfeiler von unbestimmter Höhe von unten nach oben durch Stöße abbaut , welche man wechselweise vor- und rückwärts treibt .
abbauen	VVFIN	1835	1	baumstark_encyclopaedie_1835-3477-40	 	Hierauf wird jedes Zwischenfeld gerade so abgebaut, nur in der Reihenfolge, daß man von den drei Querfeldern, die das Eine gibt, die beiden äußersten zuerst anlegt, und wenn diese verstürzt sind, das mittlere ebenso abbaut und versetzt.	216:222	0:236	Hierauf wird jedes Zwiſchenfeld gerade ſo abgebaut , nur in der Reihenfolge , daß man von den drei Querfeldern , die das Eine gibt , die beiden äußerſten zuerſt anlegt , und wenn dieſe verſtürzt ſind , das mittlere ebenſo abbaut und verſetzt .	40	0:44	hierauf werden jede Zwischenfeld gerade so abbauen , nur in d Reihenfolge , daß man von d drei Querfeld , die d eine geben , die beide äußerst zuerst anlegen , und wenn diese verstürzen sein , d mittel ebenso abbauen und versetzen .	PAV VAFIN PIAT NN ADV ADV VVPP $, ADV APPR ART NN $, KOUS PIS APPR ART CARD NN $, PRELS ART PIS VVFIN $, PRELS PIAT ADJA ADV VVFIN $, KON KOUS PDS VVPP VAFIN $, ART ADJA ADV VVFIN KON VVPP $.	Hierauf wird jedes Zwischenfeld gerade so abgebaut , nur in der Reihenfolge , daß man von den drei Querfeldern , die das Eine gibt , die beiden äußersten zuerst anlegt , und wenn diese verstürzt sind , das mittlere ebenso abbaut und versetzt .
abbauen	VVIZU	1835	1	baumstark_encyclopaedie_1835-3510-14	 	Ist man mit solchen Abbauen ganz hinauf gekommen, so sucht man die Pfeiler abzubauen, indem man auf einem derselben einen Centralschacht so abteuft, daß man alle andern wo möglich mit Abbaustrecken erreichen kann1).	75:84	0:215	Iſt man mit ſolchen Abbauen ganz hinauf gekommen , ſo ſucht man die Pfeiler abzubauen , indem man auf einem derſelben einen Centralſchacht ſo abteuft , daß man alle andern wo möglich mit Abbauſtrecken erreichen kann1 ) .	14	0:38	sein man mit solch Abbauen ganz hinauf kommen , so suchen man d Pfeiler abbauen , indem man auf eine dieselbe eine Zentralschacht so abteufen , daß man alle ander wo möglich mit Abbaustrecke erreichen Kann1 ) .	VAFIN PIS APPR PIAT NN ADV ADV VVPP $, ADV VVFIN PIS ART NN VVIZU $, KOUS PIS APPR ART PDAT ART NN ADV VVFIN $, KOUS PIS PIAT ADJA PWAV ADJD APPR NN VVINF NE $( $.	Ist man mit solchen Abbauen ganz hinauf gekommen , so sucht man die Pfeiler abzubauen , indem man auf einem derselben einen Zentralschacht so abteuft , daß man alle anderen wo möglich mit Abbaustrecken erreichen kann1 ) .
abbauen	VVPP	1835	1	baumstark_encyclopaedie_1835-3530-19	 	Dieser Bau wird von ihm wegen der Wasser und Wetter bald verlassen und das noch stehende Erz nicht mehr abgebaut.	104:112	0:113	Dieſer Bau wird von ihm wegen der Waſſer und Wetter bald verlaſſen und das noch ſtehende Erz nicht mehr abgebaut .	19	0:21	diese Bau werden von er wegen d Wasser und Wetter bald verlassen und d noch stehend Erz nicht mehr abbauen .	PDAT NN VAFIN APPR PPER APPR ART NN KON NN ADV VVINF KON ART ADV ADJA NN PTKNEG ADV VVPP $.	Dieser Bau wird von ihm wegen der Wasser und Wetter bald verlassen und das noch stehende Erz nicht mehr abgebaut .
abbauen	VVPP	1884	1	beck_eisen01_1884-8131-33	 	Wie an wenigen Plätzen Europas hatte die Natur auf Elba die reichsten Schätze des besten Eisenerzes aufgehäuft, und wir dürfen annehmen, dass kein Eisenerzlager in Europa so früh durch unterirdischen Bergbau abgebaut wurde.	208:216	0:223	Wie an wenigen Plätzen Europas hatte die Natur auf Elba die reichsten Schätze des besten Eisenerzes aufgehäuft , und wir dürfen annehmen , daſs kein Eisenerzlager in Europa so früh durch unterirdischen Bergbau abgebaut wurde .	33	0:36	wie an wenige Platz Europa haben d Natur auf Elba d reich Schatz d gut Eisenerz aufhäufen , und wir dürfen annehmen , dass keine Eisenerzlager in Europa so früh durch unterirdisch Bergbau abbauen werden .	PWAV APPR PIAT NN NE VAFIN ART NN APPR NE ART ADJA NN ART ADJA NN VVPP $, KON PPER VMFIN VVINF $, KOUS PIAT NN APPR NE ADV ADJD APPR ADJA NN VVPP VAFIN $.	Wie an wenigen Plätzen Europas hatte die Natur auf Elba die reichsten Schätze des besten Eisenerzes aufgehäuft , und wir dürfen annehmen , dass kein Eisenerzlager in Europa so früh durch unterirdischen Bergbau abgebaut wurde .
abbauen	VVPP	1895	1	beck_eisen02_1895-1004-17	 	Die reichen Mittel, die über der Thalsohle lagen und durch Stollen aufzuschliessen waren, wurden rasch abgebaut, dann aber verliessen die meisten durch den leichten Erwerb zu Abenteuern geneigten Bergleute die Bergwerke, um an einem andern Orte, wo man „fündig“ geworden war, in gleicher Weise ihr Glück zu versuchen.	103:111	0:317	Die reichen Mittel , die über der Thalsohle lagen und durch Stollen aufzuschlieſsen waren , wurden rasch abgebaut , dann aber verlieſsen die meisten durch den leichten Erwerb zu Abenteuern geneigten Bergleute die Bergwerke , um an einem andern Orte , wo man „ fündig “ geworden war , in gleicher Weise ihr Glück zu versuchen .	17	0:57	d reich Mittel , die über d Talsohle liegen und durch Stollen aufschließen sein , werden rasch abbauen , dann aber verlassen d meiste durch d leicht Erwerb zu Abenteuer geneigt Bergleute d Bergwerk , um an eine ander Ort , wo man " fündig " werden sein , in gleich Weise ihr Glück zu versuchen .	ART ADJA NN $, PRELS APPR ART NN VVFIN KON APPR NN VVIZU VAFIN $, VAFIN ADJD VVPP $, ADV ADV VVFIN ART PIS APPR ART ADJA NN APPR NN ADJA NN ART NN $, KOUI APPR ART ADJA NN $, PWAV PIS $( ADJD $( VAPP VAFIN $, APPR ADJA NN PPOSAT NN PTKZU VVINF $.	Die reichen Mittel , die über der Talsohle lagen und durch Stollen aufzuschließen waren , wurden rasch abgebaut , dann aber verließen die meisten durch den leichten Erwerbe zu Abenteuern geneigten Bergleute die Bergwerke , um an einem anderen Orte , wo man " fündig " geworden war , in gleicher Weise ihr Glück zu versuchen .
abbauen	VVPP	1895	1	beck_eisen02_1895-1009-4	 	Die reichen Erzmittel waren abgebaut, die Ausbeute liess nach, die fahrenden Bergleute sahen sich nach lohnenderer Arbeit um.	28:36	0:125	Die reichen Erzmittel waren abgebaut , die Ausbeute lieſs nach , die fahrenden Bergleute sahen sich nach lohnenderer Arbeit um .	4	0:21	d reich Erzmittel sein abbauen , d Ausbeute lassen nach , d fahrend Bergleute sehen sich nach lohnend Arbeit um .	ART ADJA NN VAFIN VVPP $, ART NN VVFIN PTKVZ $, ART ADJA NN VVFIN PRF APPR ADJA NN PTKVZ $.	Die reichen Erzmittel waren abgebaut , die Ausbeute ließ nach , die fahrenden Bergleute sahen sich nach lohnenderer Arbeit um .
abbauen	VVPP	1895	1	beck_eisen02_1895-13263-28	 	Er streicht aus dem Kamme eines schmalen Bergrückens in einer langen Felsenreihe zu Tage aus und wurde an vielen Stellen ohne einheitlichen Plan, höchst unregelmässig durch Tagebau abgebaut.	181:189	0:190	Er streicht aus dem Kamme eines schmalen Bergrückens in einer langen Felsenreihe zu Tage aus und wurde an vielen Stellen ohne einheitlichen Plan , höchst unregelmäſsig durch Tagebau abgebaut .	28	0:30	er streichen aus d Kam eine schmal Bergrücken in eine lang Felsenreihe zu Tag aus und werden an viel Stelle ohne einheitlich Plan , höchst unregelmässig durch Tagebau abbauen .	PPER VVFIN APPR ART NE ART ADJA NN APPR ART ADJA NN APPR NN PTKVZ KON VAFIN APPR PIAT NN APPR ADJA NN $, ADV ADJD APPR NN VVPP $.	Er streicht aus dem Kam eines schmalen Bergrückens in einer langen Felsenreihe zu Tage aus und wurde an vielen Stellen ohne einheitlichen Plan , höchst unregelmässig durch Tagebau abgebaut .
abbauen	VVPP	1895	1	beck_eisen02_1895-1381-74	 	Wo mächtige Erzlager waren, enstanden grössere Tagebaue, wie schon in ältester Zeit auf der Insel Elba, am Erzberg bei Eisenärz, zu Hüttenberg in Kärnten u. s. w. Aber auch durch regelmässigen Gangbergbau wurden schon im Mittelalter die Eisenlager ausgebeutet, und in der zweiten Hälfte des 15. Jahrhunderts nahm der Bergbau einen so allgemeinen Aufschwung, dass auch viele grössere Eisenerzlager durch regelrechte Stollen, Schächte und Strecken erschlossen und abgebaut wurden.	462:470	0:478	Wo mächtige Erzlager waren , enstanden gröſsere Tagebaue , wie schon in ältester Zeit auf der Insel Elba , am Erzberg bei Eisenärz , zu Hüttenberg in Kärnten u. s. w. Aber auch durch regelmäſsigen Gangbergbau wurden schon im Mittelalter die Eisenlager ausgebeutet , und in der zweiten Hälfte des 15. Jahrhunderts nahm der Bergbau einen so allgemeinen Aufschwung , daſs auch viele gröſsere Eisenerzlager durch regelrechte Stollen , Schächte und Strecken erschlossen und abgebaut wurden .	74	0:77	wo mächtig Erzlager sein , entstehen groß Tagebau , wie schon in alt Zeit auf d Insel Elba , am Erzberg bei Eisenerz , zu Hüttenberg in Kärnten u. s. W. aber auch durch regelmässig Gangbergbau werden schon im Mittelalter d Eisenlager ausbeuten , und in d zweit Hälfte d 15. Jahrhundert nehmen d Bergbau eine so allgemein Aufschwung , dass auch viel groß Eisenerzlager durch regelrecht Stollen , Schacht und Strecke erschließen und abbauen werden .	PWAV ADJA NN VAFIN $, VVFIN ADJA NN $, PWAV ADV APPR ADJA NN APPR ART NN NE $, APPRART NN APPR NN $, APPR NN APPR NE KON VVIMP NE KON ADV APPR ADJA NN VAFIN ADV APPRART NN ART NN VVPP $, KON APPR ART ADJA NN ART ADJA NN VVFIN ART NN ART ADV ADJA NN $, KOUS ADV PIAT ADJA NN APPR ADJA NN $, NN KON NN VVPP KON VVPP VAFIN $.	Wo mächtige Erzlager waren , entstanden größere Tagebaue , wie schon in ältester Zeit auf der Insel Elba , am Erzberg bei Eisenerz , zu Hüttenberg in Kärnten u. s. w. Aber auch durch regelmässigen Gangbergbau wurden schon im Mittelalter die Eisenlager ausgebeutet , und in der zweiten Hälfte des 15. Jahrhunderts nahm der Bergbau einen so allgemeinen Aufschwung , dass auch viele größere Eisenerzlager durch regelrechte Stollen , Schächte und Strecken erschlossen und abgebaut wurden .
abbauen	VVINF	1895	1	beck_eisen02_1895-18933-5	 	4. Sie müssen die Grube abbauen bis auf das Grundwasser (vive eau).	24:31	0:67	4. Sie müssen die Grube abbauen bis auf das Grundwasser ( vive eau ) .	5	0:15	4. sie müssen d Grube abbauen bis auf d Grundwasser ( vive eau ) .	ADV PPER VMFIN ART NN VVINF KON APPR ART NN $( FM FM $( $.	4. Sie müssen die Grube abbauen bis auf das Grundwasser ( vive eau ) .
abbauen	VVPP	1895	1	beck_eisen02_1895-19646-33	 	3. Weil die meisten Kohlenlager in diesen Gegenden, wie auch in Lord Dudleys Besitzungen, 10, 11 bis 12 Ellen mächtig waren und zu Tage ausgingen, wo sie durch Tagebau abgebaut wurden.	168:176	0:184	3. Weil die meisten Kohlenlager in diesen Gegenden , wie auch in Lord Dudleys Besitzungen , 10 , 11 bis 12 Ellen mächtig waren und zu Tage ausgingen , wo sie durch Tagebau abgebaut wurden .	33	0:36	3. weil d meiste Kohlenlager in diese Gegend , wie auch in Lord Dudley Besitzung , 10 , 11 bis 12 Elle mächtig sein und zu Tag ausgehen , wo sie durch Tagebau abbauen werden .	ADV KOUS ART PIAT NN APPR PDAT NN $, PWAV ADV APPR NN NE NN $, CARD $, CARD APPR CARD NN ADJD VAFIN KON APPR NN VVFIN $, PWAV PPER APPR NN VVPP VAFIN $.	3. Weil die meisten Kohlenlager in diesen Gegenden , wie auch in Lord Dudleys Besitzungen , 10 , 11 bis 12 Ellen mächtig waren und zu Tage ausgingen , wo sie durch Tagebau abgebaut wurden .
abbauen	VVPP	1895	1	beck_eisen02_1895-703-21	 	So wird im Harz bei Muckshol, welches etwa 12000 Schritt von Nordhausen entfernt liegt, Eisenstein gegraben, welcher nahezu abgebaut zu sein scheint, und der Mennige ähnlich erscheint.	124:132	0:184	So wird im Harz bei Muckshol , welches etwa 12000 Schritt von Nordhausen entfernt liegt , Eisenstein gegraben , welcher nahezu abgebaut zu sein scheint , und der Mennige ähnlich erscheint .	21	0:32	so werden im Harz bei Muckshol , welche etwa 12000 Schritt von Nordhausen entfernt liegen , Eisenstein graben , welche nahezu abbauen zu sein scheinen , und d Mennige ähnlich erscheinen .	ADV VAFIN APPRART NN APPR NE $, PRELS ADV CARD NN APPR NE ADJD VVFIN $, NN VVPP $, PRELS ADV VVPP PTKZU VAINF VVFIN $, KON ART NN ADJD VVFIN $.	So wird im Harz bei Muckshol , welches etwa 12000 Schritt von Nordhausen entfernt liegt , Eisenstein gegraben , welcher nahezu abgebaut zu sein scheint , und der Mennige ähnlich erscheint .
abbauen	VVPP	1895	1	beck_eisen02_1895-8983-27	 	Seine Oberfläche ist deshalb hier überall von Tagebauen und unterirdischen Abbauen durchwühlt, aber nur erst ein sehr kleiner Teil der vorhandenen kolossalen Erzmasse ist bis jetzt abgebaut.	181:189	0:190	Seine Oberfläche ist deshalb hier überall von Tagebauen und unterirdischen Abbauen durchwühlt , aber nur erst ein sehr kleiner Teil der vorhandenen kolossalen Erzmasse ist bis jetzt abgebaut .	27	0:29	seine Oberfläche sein deshalb hier überall von Tagebau und unterirdisch Abbauen durchwühlen , aber nur erst eine sehr klein Teil d vorhanden kolossal Erzmasse sein bis jetzt abbauen .	PPOSAT NN VAFIN PAV ADV ADV APPR NN KON ADJA NN VVPP $, KON ADV ADV ART ADV ADJA NN ART ADJA ADJA NN VAFIN ADV ADV VVPP $.	Seine Oberfläche ist deshalb hier überall von Tagebauen und unterirdischen Abbauen durchwühlt , aber nur erst ein sehr kleiner Teil der vorhandenen kolossalen Erzmasse ist bis jetzt abgebaut .
abbauen	VVPP	1897	1	beck_eisen03_1897-14128-14	 	Dazu kam, dass das wichtigste Eisensteinlager, der Stahlberg, zum grossen Teil abgebaut war, so dass die Landesregierung durch eine Verordnung vom 14. Nov. 1726 die Förderung beschränken musste.	79:87	0:194	Dazu kam , daſs das wichtigste Eisensteinlager , der Stahlberg , zum groſsen Teil abgebaut war , so daſs die Landesregierung durch eine Verordnung vom 14. Nov. 1726 die Förderung beschränken muſste .	14	0:33	dazu kommen , dass d wichtig Eisensteinlager , d Stahlberg , zum groß Teil abbauen sein , so dass d Landesregierung durch eine Verordnung vom 14. Nov. 1726 d Förderung beschränken müssen .	PAV VVFIN $, KOUS ART ADJA NN $, ART NN $, APPRART ADJA NN VVPP VAFIN $, ADV KOUS ART NN APPR ART NN APPRART ADJA NN CARD ART NN VVINF VMFIN $.	Dazu kam , dass das wichtigste Eisensteinlager , der Stahlberg , zum großen Teil abgebaut war , so dass die Landesregierung durch eine Verordnung vom 14. Nov. 1726 die Förderung beschränken mußte .
abbauen	VVPP	1897	1	beck_eisen03_1897-15224-3	 	Sobald der Lindstein abgebaut war, gingen die Luppenfeuer ein.	21:29	0:62	Sobald der Lindstein abgebaut war , gingen die Luppenfeuer ein .	3	0:11	sobald d Lindstein abbauen sein , gehen d Luppenfeuer ein .	KOUS ART NN VVPP VAFIN $, VVFIN ART NN PTKVZ $.	Sobald der Lindstein abgebaut war , gingen die Luppenfeuer ein .
abbauen	VVPP	1897	1	beck_eisen03_1897-17045-9	 	Sie wurden auf Rechnung der „Madame d’ Hayange abgebaut, die sie auf ihren Hütten zu Sainte-Fontaine und Creutzwald verschmolz.	47:55	0:127	Sie wurden auf Rechnung der „ Madame d’ Hayange abgebaut , die sie auf ihren Hütten zu Sainte-Fontaine und Creutzwald verschmolz .	9	0:22	sie werden auf Rechnung d " madame d' hayange abbauen , die sie auf ihr Hütte zu sainte-fontaine und creutzwald verschmelzen .	PPER VAFIN APPR NN ART $( FM FM FM VVPP $, PRELS PPER APPR PPOSAT NN APPR XY KON XY VVFIN $.	Sie wurden auf Rechnung der " Madame d' Hayange abgebaut , die sie auf ihren Hütten zu Sainte-Fontaine und Creutzwald verschmolz .
abbauen	VVPP	1873	1	berg_ostasien04_1873-4792-15	 	Von der königlichen Admiralität war die Weisung eingetroffen, dass alle für Civilmitglieder bestimmten Kajüten abgebaut werden sollten.	111:119	0:135	Von der königlichen Admiralität war die Weisung eingetroffen , dass alle für Civilmitglieder bestimmten Kajüten abgebaut werden sollten .	15	0:19	von d königlich Admiralität sein d Weisung eintreffen , dass alle für Civilmitglied bestimmt Kajüte abbauen werden sollen .	APPR ART ADJA NN VAFIN ART NN VVPP $, KOUS PIS APPR NN ADJA NN VVPP VAINF VMFIN $.	Von der königlichen Admiralität war die Weisung eingetroffen , dass alle für Civilmitglieder bestimmten Kajüten abgebaut werden sollten .
abbauen	VVFIN	1860	1	humboldt_aequinoktial03_1859-726-26	 	Auch spricht man hier nur von Quadratstangen Eiern, wie wenn man ein Bodenstück, unter dem Mineralien liegen, in Lose teilte und ganz regelmäßig abbaute.	145:152	0:153	Auch ſpricht man hier nur von Quadratſtangen Eiern , wie wenn man ein Bodenſtück , unter dem Mineralien liegen , in Loſe teilte und ganz regelmäßig abbaute .	26	0:28	auch sprechen man hier nur von Quadratstange Ei , wie wenn man eine Bodenstück , unter d Mineral liegen , in Los teilen und ganz regelmäßig abbauen .	ADV VVFIN PIS ADV ADV APPR NN NN $, KOKOM KOUS PIS ART NN $, APPR ART NN VVFIN $, APPR NN VVFIN KON ADV ADJD VVFIN $.	Auch spricht man hier nur von Quadratstangen Eiern , wie wenn man ein Bodenstück , unter dem Mineralien liegen , in Lose teilte und ganz regelmäßig abbaute .
abbauen	VVIZU	1838	1	humboldt_gutachten_1838-60-41	 	Von Meissen bis Munzig wird das noch ganz unbekannte Sienit-und Thonschiefergebirge untersucht, bei Scharfenberg und an andern Punkten setzen reiche Silbergänge darin auf; das Freiberger Gneusgebirge wird in möglichst tiefster Sohle aufgeschlossen, und das Erzmittel so tief abzubauen sein, als es voraussichtlich niedersetzt; über unbekannte Gebirgstheile wird in unbekannten Tiefen Belehrung erhalten, und der bergmännischen Thätigkeit noch auf Jahrhunderte Nahrung auf diesem Zuge gegeben; das Alles leistet das neue Unternehmen.	275:284	0:532	Von Meissen bis Munzig wird das noch ganz unbekannte Sienit- und Thonschiefergebirge untersucht , bei Scharfenberg und an andern Punkten setzen reiche Silbergänge darin auf ; das Freiberger Gneusgebirge wird in möglichst tiefster Sohle aufgeschlossen , und das Erzmittel so tief abzubauen sein , als es voraussichtlich niedersetzt ; über unbekannte Gebirgstheile wird in unbekannten Tiefen Belehrung erhalten , und der bergmännischen Thätigkeit noch auf Jahrhunderte Nahrung auf diesem Zuge gegeben ; das Alles leistet das neue Unternehmen .	41	0:79	von Meißen bis Munzig werden die noch ganz unbekannt sienit- und Thonschiefergebirge untersuchen , bei Scharfenberg und an ander Punkt setzen reich Silbergang darin auf ; d Freiberger Gnusgebirge werden in möglichst tief Sohle aufschließen , und d Erzmittel so tief abbauen sein , als es voraussichtlich niedersetzen ; über unbekannt Gebirgesteile werden in unbekannt Tiefe Belehrung erhalten , und d bergmännisch Tätigkeit noch auf Jahrhundert Nahrung auf diese Zug geben ; d alle leisten d neu Unternehmen .	APPR NE KON NE VAFIN PDS ADV ADV ADJA TRUNC KON NN VVPP $, APPR NN KON APPR ADJA NN VVFIN ADJA NN PAV PTKVZ $. ART ADJA NN VAFIN APPR ADV ADJA NN VVPP $, KON ART NN ADV ADJD VVIZU VAINF $, KOUS PPER ADJD VVFIN $. APPR ADJA NN VAFIN APPR ADJA NN NN VVPP $, KON ART ADJA NN ADV APPR NN NN APPR PDAT NN VVPP $. ART PIS VVFIN ART ADJA NN $.	Von Meißen bis Munzig wird das noch ganz unbekannte Sienit- und Thonschiefergebirge untersucht , bei Scharfenberg und an anderen Punkten setzen reiche Silbergänge darin auf ; das Freiberger Gnusgebirge wird in möglichst tiefster Sohle aufgeschlossen , und das Erzmittel so tief abzubauen sein , als es voraussichtlich niedersetzt ; über unbekannte Gebirgsteile wird in unbekannten Tiefen Belehrung erhalten , und der bergmännischen Tätigkeit noch auf Jahrhunderte Nahrung auf diesem Zuge gegeben ; das Alles leistet das neue Unternehmen .
abbauen	VVPP	1893	1	nn_maehrisches166_1893-368-17	 	Aber wir wünschen sie Herrn Baumann gewiß, ebenso, daß die „Goldgrube der Smetana-Opern bald abgebaut werde.	93:101	0:108	Aber wir wünſchen ſie Herrn Baumann gewiß , ebenſo , daß die „ Goldgrube der Smetana-Opern bald abgebaut werde .	17	0:20	aber wir wünschen sie Herr Baumann gewiß , ebenso , daß d " Goldgrube d Smetana-Oper bald abbauen werden .	KON PPER VVFIN PPER NN NE ADV $, ADV $, KOUS ART $( NN ART NN ADV VVPP VAFIN $.	Aber wir wünschen sie Herrn Baumann gewiß , ebenso , daß die " Goldgrube der Smetana-Opern bald abgebaut werde .
abbauen	VVINF	1855	1	quenstedt_mineralogie_1854-11664-6	 	Man muß daher das ganze Gestein abbauen, was zuweilen nicht mehr als ⅓ p. C. Erz enthält.	32:39	0:89	Man muß daher das ganze Geſtein abbauen , was zuweilen nicht mehr als ⅓ p. C. Erz enthält .	6	0:19	man müssen daher d ganz Gestein abbauen , was zuweilen nicht mehr als 1/3 P. C. Erz enthalten .	PIS VMFIN PAV ART ADJA NN VVINF $, PRELS ADV PTKNEG PIAT KOKOM NE NE NE NN VVFIN $.	Man muß daher das ganze Gestein abbauen , was zuweilen nicht mehr als  1/3  p. C. Erz enthält .
abbauen	VVIZU	1855	1	quenstedt_mineralogie_1854-11683-34	 	In Spanien gedenkt schon Plinius des Vorkommens in Lusitania (Portugal) und Gallaecia (Gallicien, der nordwestlichen Ecke der Halbinsel), auch fing man 1787 im Granit von Monte-del-Ray dieselben wieder abzubauen an, und die Londoner Industrieausstellung 1851 hatte Erzproben aus den Provinzen Orense, Lugo und Zamora.	202:211	0:317	In Spanien gedenkt ſchon Plinius des Vorkommens in Lusitania ( Portugal ) und Gallaecia ( Gallicien , der nordweſtlichen Ecke der Halbinſel ) , auch fing man 1787 im Granit von Monte-del-Ray dieſelben wieder abzubauen an , und die Londoner Induſtrieausſtellung 1851 hatte Erzproben aus den Provinzen Orenſe , Lugo und Zamora .	34	0:53	in Spanien gedenken schon Plinius d Vorkommen in Lusitania ( Portugal ) und Gallaecia ( Gallicien , d nordwestlich Ecke d Halbinsel ) , auch fangen man 1787 im Granit von Monte-Del-Ray dieselbe wieder abbauen an , und d londoner Industrieausstellung 1851 haben Erzprobe aus d Provinz Orense , Lugo und Zamora .	APPR NE VVFIN ADV NE ART NN APPR NE $( NE $( KON NE $( NE $, ART ADJA NN ART NN $( $, ADV VVFIN PIS CARD APPRART NN APPR NE ADJA ADV VVIZU PTKVZ $, KON ART ADJA NN CARD VAFIN NN APPR ART NN NE $, NE KON NE $.	In Spanien gedenkt schon Plinius des Vorkommens in Lusitania ( Portugal ) und Gallaecia ( Gallicien , der nordwestlichen Ecke der Halbinsel ) , auch fing man 1787 im Granit von Monte-del-Ray dieselben wieder abzubauen an , und die Londoner Industrieausstellung 1851 hatte Erzproben aus den Provinzen Orense , Lugo und Zamora .
abbauen	VVPP	1855	1	quenstedt_mineralogie_1854-14077-13	 	77 Flötze von 2′— 14 ′, zusammen 238 ′ mächtig, werden abgebaut.	55:63	0:64	77 Flötze von 2′— 14 ′ , zuſammen 238 ′ mächtig , werden abgebaut .	13	0:15	77 Flöz von 2'-- 14 ' , zusammen 238 ' mächtig , werden abbauen .	CARD NN APPR CARD CARD $( $, ADV CARD $( ADJD $, VAFIN VVPP $.	77 Flöze von 2'-- 14 ' , zusammen 238 ' mächtig , werden abgebaut .
abbauen	VVPP	1855	1	quenstedt_mineralogie_1854-14158-25	 	Geognostisch bekannt sind die Kohlen in der Wälderthonformation, welche zu Preußisch-Minden, am Deister im Bückeburgischen, zu Neustadt am Rübenberge in Hannover rc. abgebaut werden.	166:174	0:182	Geognoſtiſch bekannt ſind die Kohlen in der Wälderthonformation , welche zu Preußiſch-Minden , am Deiſter im Bückeburgiſchen , zu Neuſtadt am Rübenberge in Hannover ꝛc. abgebaut werden .	25	0:28	geognostisch bekannt sein d Kohle in d Walderthonformation , welche zu preußisch-mint , am Teiste im Bückeburgischen , zu Neustadt am Rübenberg in Hannover etc. abbauen werden .	ADJD ADJD VAFIN ART NN APPR ART NN $, PRELS APPR ADJA $, APPRART NN APPRART NE $, APPR NN APPRART NN APPR NE ADV VVPP VAINF $.	Geognostisch bekannt sind die Kohlen in der Wälderthonformation , welche zu Preußisch-minten , am Teiste im Bückeburgischen , zu Neustadt am Rübenberge in Hannover etc. abgebaut werden .
