lemma	pos	date	grouping	identifier	description	context	indexes_target_token	indexes_target_sentence	context_tokenized	indexes_target_token_tokenized	indexes_target_sentence_tokenized	context_lemmatized	context_pos	context_normalized
packen	VVFIN	1947	2	2532889X_1947-03-08_01_058.tcf.xml-22-1	 	Bertha packte ihn und warf ihn wieder aufs Brett; auch ihr war ängstlich zumute, aber sie unterdrückte das.	7:13	0:107	Bertha packte ihn und warf ihn wieder aufs Brett ; auch ihr war ängstlich zumute , aber sie unterdrückte das .	1	0:21	Bertha packen er und werfen er wieder aufs Brett ; auch sie sein ängstlich zumute , aber sie unterdrücken die .	NE VVFIN PPER KON VVFIN PPER ADV APPRART NN $. ADV PPER VAFIN ADJD ADV $, KON PPER VVFIN PDS $.	
packen	VVFIN	1947	2	2532889X_1947-07-22_01_135.tcf.xml-13-2	 	Ein.Geschäftsreisender packt seine über die Zonengrenze geschmuggelte Ware aus und spendiert Schnaps an die umstehenden Mitrtlsenden. tiOOQ Zigaretten und einen Hoffer wA \ Schnaps hil er ohne. aufzujaUmi fübergebrachl '..	23:28	0:222	Ein .Geschäftsreisender packt seine über die Zonengrenze geschmuggelte Ware aus und spendiert Schnaps an die umstehenden Mitrtlsenden . tiOOQ Zigaretten und einen Hoffer wA \ Schnaps hil er ohne . aufzujaUmi fübergebrachl ' . .	2	0:35	eine .geschäftsreisender packen seine über d Zonengrenze geschmuggelt Ware aus und spendieren Schnaps an d umstehend Mitrtlsenden . tiooq Zigarette und eine Hoffer Wa \ Schnaps hil er ohne . Aufzujaumi Fübergebrachl ' . .	ART NE VVFIN PPOSAT APPR ART NN ADJA NN PTKVZ KON VVFIN NN APPR ART ADJA NN $. ADJA NN KON ART NN NE $( NN VVFIN PPER APPR $. NE NE $( $. $.	
packen	VVFIN	1951	2	2532889X_1951-12-20_01_089.tcf.xml-1-62	 	Der Präsident der Deutschen Demokratisch en Republik, Wilhelm Piedc, und der Oberbürgermeister von Groß=Berlin, Friedrich Ebert, begrüßten am Mittwoch im Neuen Stadthaus 175 Kinder aus allen Sektoren Berlins zur alljährlichen Weihnachtsfeier des demokratischen Magistrats.-Waisenkinder aus den Heimen des demokratischen Sektors und Kinder aus Westberlin, deren ' Eltern als Friedenskämpfer von der Reuterverwaltung eingekerkert wurden, packten nach der Bescherung strahlend ihre riesigen.	436:443	0:488	Der Präsident der Deutschen Demokratisch en Republik , Wilhelm Piedc , und der Oberbürgermeister von Groß=Berlin , Friedrich Ebert , begrüßten am Mittwoch im Neuen Stadthaus 175 Kinder aus allen Sektoren Berlins zur alljährlichen Weihnachtsfeier des demokratischen Magistrats .- Waisenkinder aus den Heimen des demokratischen Sektors und Kinder aus Westberlin , deren ' Eltern als Friedenskämpfer von der Reuterverwaltung eingekerkert wurden , packten nach der Bescherung strahlend ihre riesigen .	62	0:70	d Präsident d Deutsche demokratisch en Republik , Wilhelm Piedc , und d Oberbürgermeister von Groß=berlin , Friedrich Ebert , begrüßen am Mittwoch im neu Stadthaus 175 Kind aus alle Sektor Berlin zur alljährlich Weihnachtsfeier d demokratisch Magistrat .- Waisenkind aus d Heim d demokratisch Sektor und Kind aus Westberlin , die ' Eltern als Friedenskämpfer von d Reuterverwaltung einkerkern werden , packen nach d Bescherung strahlend ihr riesig .	ART NN ART NN ADJD FM NN $, NE NE $, KON ART NN APPR NE $, NE NE $, VVFIN APPRART NN APPRART ADJA NN CARD NN APPR PIAT NN NE APPRART ADJA NN ART ADJA NN $( NN APPR ART NN ART ADJA NN KON NN APPR NE $, PRELAT $( NN KOUS NN APPR ART NN VVPP VAFIN $, VVFIN APPR ART NN ADJD PPOSAT ADJA $.	
packen	VVPP	1957	2	2532889X_1957-10-25_01_016.tcf.xml-7-30	 	Die Westberliner Bevölkerung nimmt mit großer Verbitterung und Empörung von -dieser Teuerung Kenntnis, zumal sie weiß, daß im demokratischen Berlin der Preis pro Zentner Briketts frei Keller gepackt lediglich 2,39 DM beträgt -s also fast um zwei Mark niedriger ist Dieser neuen Teuerung in Westberlin sind Preiserhöhungen in Westdeutschland vorausgegangen.	191:198	0:356	Die Westberliner Bevölkerung nimmt mit großer Verbitterung und Empörung von - dieser Teuerung Kenntnis , zumal sie weiß , daß im demokratischen Berlin der Preis pro Zentner Briketts frei Keller gepackt lediglich 2,39 DM beträgt -s also fast um zwei Mark niedriger ist Dieser neuen Teuerung in Westberlin sind Preiserhöhungen in Westdeutschland vorausgegangen .	30	0:54	d Westberliner Bevölkerung nehmen mit groß Verbitterung und Empörung von - diese Teuerung Kenntnis , zumal sie wissen , daß im demokratisch Berlin d Preis pro Zentner Brikett frei Keller packen lediglich 2,39 DM betragen -s also fast um zwei Mark niedrig sein diese neu Teuerung in Westberlin sein Preiserhöhung in Westdeutschland vorausgehen .	ART ADJA NN VVFIN APPR ADJA NN KON NN APPR $( PDAT NN NN $, KOUS PPER VVFIN $, KOUS APPRART ADJA NE ART NN APPR NN NN ADJD NN VVPP ADV CARD NN VVFIN TRUNC ADV ADV APPR CARD NN ADJD VAFIN PDAT ADJA NN APPR NE VAFIN NN APPR NE VVPP $.	
packen	VVFIN	1959	2	2532889X_1959-03-25_01_085.tcf.xml-14-5	 	MIT VIEL EIFER UND LIEBE packen Junge Pionlete der Berliner Wllhelm-Pieck-Sehule Geschenkpakete für westdeutsche Kinder, deren Eltern durch die Krise Im Ruhrkohlebergbau und in der westdeutschen Eisen-und Stahlindustrie.	25:31	0:220	MIT VIEL EIFER UND LIEBE packen Junge Pionlete der Berliner Wllhelm-Pieck-Sehule Geschenkpakete für westdeutsche Kinder , deren Eltern durch die Krise Im Ruhrkohlebergbau und in der westdeutschen Eisen- und Stahlindustrie .	5	0:31	Massachussetts_Institute_Of_Technology VIEL Eifer und Liebe packen jung Pionlete d Berliner wllhelm-pieck-sehule Geschenkpaket für westdeutsch Kind , die Eltern durch d Krise im Ruhrkohlebergbau und in d westdeutsch eisen- und Stahlindustrie .	NE ADJA NN KON NN VVFIN ADJA NN ART ADJA ADJA NN APPR ADJA NN $, PRELAT NN APPR ART NN APPRART NN KON APPR ART ADJA TRUNC KON NN $.	
packen	VVFIN	1959	2	2532889X_1959-06-24_01_096.tcf.xml-61-1	 	Damals packte ich mein Bündel und zog nach Zwickau, wo ich an der Erweiterung des Bahnhofes arbeiten konnte.	7:13	0:108	Damals packte ich mein Bündel und zog nach Zwickau , wo ich an der Erweiterung des Bahnhofes arbeiten konnte .	1	0:20	damals packen ich mein Bündel und ziehen nach Zwickau , wo ich an d Erweiterung d Bahnhof arbeiten können .	ADV VVFIN PPER PPOSAT NN KON VVFIN APPR NE $, PWAV PPER APPR ART NN ART NN VVINF VMFIN $.	
packen	VVFIN	1965	2	2532889X_1965-12-14_01_170.tcf.xml-69-10	 	Dipl.-Ing. Karl Sträube, Stellvertreter des Vorsitzenden des Volkswirtschaftsrates, packte das Thema von einer anderen Seite: Vereinbarungen und enge; Kontakte zwischen den Fachverbänden der KDT und den Industrieabteilungen des Volkswirtschaftsrates-Vereinbarungen zwischen den Industriezweigvorständen und den Leitungen der WB — auf diese Weise lösen wir die Hauptprobleme des Planes am besten.	84:90	0:395	Dipl.-Ing. Karl Sträube , Stellvertreter des Vorsitzenden des Volkswirtschaftsrates , packte das Thema von einer anderen Seite : Vereinbarungen und enge; Kontakte zwischen den Fachverbänden der KDT und den Industrieabteilungen des Volkswirtschaftsrates- Vereinbarungen zwischen den Industriezweigvorständen und den Leitungen der WB — auf diese Weise lösen wir die Hauptprobleme des Planes am besten .	10	0:54	Dipl.-Ing. Karl sträuben , Stellvertreter d Vorsitzende d Volkswirtschaftsrat , packen d Thema von eine ander Seite : Vereinbarung und enge; Kontakt zwischen d Fachverband d KDT und d Industrieabteilung d volkswirtschaftsrates- Vereinbarung zwischen d Industriezweigvorstand und d Leitung d WB — auf diese Weise lösen wir d Hauptproblem d Plan am gut .	NE NE VVFIN $, NN ART NN ART NN $, VVFIN ART NN APPR ART ADJA NN $. NN KON ADJA NN APPR ART NN ART NE KON ART NN ART TRUNC NN APPR ART NN KON ART NN ART NE $( APPR PDAT NN VVFIN PPER ART NN ART NN PTKA ADJD $.	
packen	VVFIN	1966	2	2532889X_1966-07-31_01_255.tcf.xml-18-1	 	Er packte Mr. Quick am Rockärmel und Wies zitternd auf einen Straßenbeleuchtungsmast.	3:9	0:85	Er packte Mr. Quick am Rockärmel und Wies zitternd auf einen Straßenbeleuchtungsmast .	1	0:13	er packen Mr. Quick am Rockärmel und Wies zittern auf eine Straßenbeleuchtungsmast .	PPER VVFIN NN NE APPRART NN KON NN VVPP APPR ART NN $.	
packen	VVFIN	1967	2	2532889X_1967-02-26_01_030.tcf.xml-16-11	 	In Altenkirchen, wo die Schule in Mitleidenschaft gezogen wurde, packen Einwohner tatkräftig zu, damit am Montag der Unterricht weitergehen kann.	65:71	0:145	In Altenkirchen , wo die Schule in Mitleidenschaft gezogen wurde , packen Einwohner tatkräftig zu , damit am Montag der Unterricht weitergehen kann .	11	0:24	in Altenkirchen , wo d Schule in Mitleidenschaft ziehen werden , packen Einwohner tatkräftig zu , damit am Montag d Unterricht weitergehen können .	APPR NE $, PWAV ART NN APPR NN VVPP VAFIN $, VVFIN NN ADJD PTKVZ $, KOUS APPRART NN ART NN VVINF VMFIN $.	
packen	VVPP	1968	2	2532889X_1968-09-30_01_074.tcf.xml-75-0	 	Packend in ihrer unbeugsamen Härte und fanatischen Besessenheit gestaltete Erika Pelikowsky die alte Leßtorff -Bäuerin.	0:7	0:119	Packend in ihrer unbeugsamen Härte und fanatischen Besessenheit gestaltete Erika Pelikowsky die alte Leßtorff -Bäuerin .	0	0:16	packen in ihr unbeugsam Härte und fanatisch Besessenheit gestalten Erika Pelikowsky d alt Leßtorff -bäuerin .	VVPP APPR PPOSAT ADJA NN KON ADJA NN VVFIN NE NE ART ADJA NN TRUNC $.	
packen	VVFIN	1968	2	2532889X_1968-12-30_01_144.tcf.xml-1-3	 	Industriewerker von Halle-Nord packen neue Probleme an Bisher jeder vierte in der Qualifizierung	31:37	0:96	Industriewerker von Halle-Nord packen neue Probleme an Bisher jeder vierte in der Qualifizierung	3	0:13	Industriewerker von Halle-Nord packen neu Problem an bisher jede viert in d Qualifizierung	NN APPR NE VVFIN ADJA NN APPR ADV PIAT ADJA APPR ART NN	
packen	VVFIN	1970	2	2532889X_1970-09-19_01_372.tcf.xml-194-5	 	„Dritte Schicht -da packe ich meine Schecke!" schreit einer laut.	20:25	0:65	„ Dritte Schicht - da packe ich meine Schecke ! " schreit einer laut .	5	0:15	„ dritt Schicht - da packen ich meine Scheck ! " schreien eine laut .	$( ADJA NN $( ADV VVFIN PPER PPOSAT NN $. $( VVFIN PIS ADJD $.	
packen	VVFIN	1971	2	2532889X_1971-02-01_01_131.tcf.xml-11-1	 	Er packte den Sprung und zog ihn weit hinunter.	3:9	0:47	Er packte den Sprung und zog ihn weit hinunter .	1	0:10	er packen d Sprung und ziehen er weit hinunter .	PPER VVFIN ART NN KON VVFIN PPER ADJD PTKVZ $.	
packen	VVFIN	1971	2	2532889X_1971-02-04_01_156.tcf.xml-10-38	 	So intensiv, daß Paula Dufter, vielfache BRD-Meisterin, nach einem unerklärlichen Schwächeanfall -Gerüchten nach soll mit Medikamenten experimentiert worden sein — für mehrere Monate gesperrt werden mußte und die 17jährige Margret Tanz plötzlich die Koffer packte und mit-' teilte, sie habe jedes Interesse am Leistungssport verloren.	257:263	0:334	So intensiv , daß Paula Dufter , vielfache BRD-Meisterin , nach einem unerklärlichen Schwächeanfall - Gerüchten nach soll mit Medikamenten experimentiert worden sein — für mehrere Monate gesperrt werden mußte und die 17jährige Margret Tanz plötzlich die Koffer packte und mit-' teilte , sie habe jedes Interesse am Leistungssport verloren .	38	0:51	so intensiv , daß Paula Dufter , vielfach Brd-Meisterin , nach eine unerklärlich Schwächeanfall - Gerücht nach sollen mit Medikament experimentieren werden sein — für mehrere Monat sperren werden müssen und d 17-Jahrig Margret Tanz plötzlich d Koffer packen und Mit-' teilen , sie haben jede Interesse am Leistungssport verlieren .	ADV ADJD $, KOUS NE NE $, ADJA NN $, APPR ART ADJA NN $( NN APPR VMFIN APPR NN VVFIN VAPP VAINF $( APPR PIAT NN VVPP VAINF VMFIN KON ART NN NE NN ADJD ART NN VVFIN KON NE VVFIN $, PPER VAFIN PIAT NN APPRART NN VVPP $.	
packen	VVFIN	1973	2	2532889X_1973-05-26_01_177.tcf.xml-23-91	 	Genosse Murawenko gönnt sich und uns kaum eine Pause, spricht von den. ersten* --Geologen < und nennt sie „Pioniere der Erschließung des Jahrhunderts", erzähiU von der aus dem Süden vorgetragenen Großoffensive auf das große öl und das große blaue Feuer, verschweigt nicht, daß mancher dabei des großen Geldes wegen kam und nach dem ersten Winter mit minus fünfzig oder dem ersten Sommer mit Wolken von Mücken eilends wieder die Segel strich, berichtet von Kanadiern, die beim Studium sibirischer Bohrtechnologien das große Staunen packte und die sich stehenden Fußes um sowjetische Patente bemühten, verweilt am längsten und liebsten aber bei Aussagen über die Burowiki, die Bohrleute, die, wie er selbst, ein bequemeres Leben in südlicheren Gefilden aufgaben und sich der Taiga zum Kampf stellten — freiwillig, aus Einsicht in die Not -	531:537	0:837	Genosse Murawenko gönnt sich und uns kaum eine Pause , spricht von den . ersten* --Geologen < und nennt sie „ Pioniere der Erschließung des Jahrhunderts " , erzähiU von der aus dem Süden vorgetragenen Großoffensive auf das große öl und das große blaue Feuer , verschweigt nicht , daß mancher dabei des großen Geldes wegen kam und nach dem ersten Winter mit minus fünfzig oder dem ersten Sommer mit Wolken von Mücken eilends wieder die Segel strich , berichtet von Kanadiern , die beim Studium sibirischer Bohrtechnologien das große Staunen packte und die sich stehenden Fußes um sowjetische Patente bemühten , verweilt am längsten und liebsten aber bei Aussagen über die Burowiki , die Bohrleute , die , wie er selbst , ein bequemeres Leben in südlicheren Gefilden aufgaben und sich der Taiga zum Kampf stellten — freiwillig , aus Einsicht in die Not -	91	0:146	Genosse Murawenko gönnen sich und wir kaum eine Pause , sprechen von d . Ersten* --Geologen < und nennen sie „ Pionier d Erschließung d Jahrhundert " , Erzähiu von d aus d Süden vorgetragen Großoffensive auf d groß Ölen und d groß blau Feuer , verschweigen nicht , daß manche dabei d groß Geld wegen kommen und nach d erst Winter mit minus fünfzig oder d erst Sommer mit Wolke von Mücke eilends wieder d Segel streichen , berichten von Kanadier , die beim Studium sibirisch Bohrtechnologie d groß Staunen packen und d sich stehend Fuß um sowjetisch Patent bemühen , verweilen am lang und lieb aber bei Aussage über d Burowiki , d Bohrleute , die , wie er selbst , eine bequem Leben in südlich Gefilde aufgeben und sich d Taiga zum Kampf stellen — freiwillig , aus Einsicht in d Not -	NN NE VVFIN PRF KON PPER ADV ART NN $, VVFIN APPR ART $. NE NE $( KON VVFIN PPER $( NN ART NN ART NN $( $, NE APPR ART APPR ART NN ADJA NN APPR ART ADJA NN KON ART ADJA ADJA NN $, VVFIN PTKNEG $, KOUS PIS PAV ART ADJA NN APPR VVFIN KON APPR ART ADJA NN APPR ADV CARD KON ART ADJA NN APPR NN APPR NN ADV ADV ART NN VVFIN $, VVFIN APPR NN $, PRELS APPRART NN ADJA NN ART ADJA NN VVFIN KON ART PRF ADJA NN APPR ADJA NN VVFIN $, VVFIN APPRART ADJA KON ADJD ADV APPR NN APPR ART NE $, ART NN $, PRELS $, KOKOM PPER ADV $, ART ADJA NN APPR ADJA NN VVFIN KON PRF ART NN APPRART NN VVFIN $( ADJD $, APPR NN APPR ART NN $(	
packen	VVPP	1980	2	2532889X_1980-09-06_01_222.tcf.xml-8-11	 	Jean-Jacques Rousseaus soeben eingetroffenes Buch „Emile" hatte ihn so gepackt, daß er alles vm sich herum vergaß.	71:78	0:114	Jean-Jacques Rousseaus soeben eingetroffenes Buch „ Emile " hatte ihn so gepackt , daß er alles vm sich herum vergaß .	11	0:21	Jean-Jacques Rousseau soeben eingetreffen Buch „ Emile " haben er so packen , daß er alle Vm sich herum vergessen .	NE NE ADV ADJA NN $( NE $( VAFIN PPER ADV VVPP $, KOUS PPER PIAT NN PRF APZR VVFIN $.	
packen	VVFIN	1951	2	26120215_1951_10_11_01_176.tcf.xml-12-11	 	Als Herr P. den Wunsch äußerte, lieber zu stehen, packte ihn der Vorsteher an der Kehle, würgte ihn und zwang ihn, sich auf einen Stuhl zu setzen, den ihm zwei Westpolizisten unterschoben.	50:56	0:188	Als Herr P. den Wunsch äußerte , lieber zu stehen , packte ihn der Vorsteher an der Kehle , würgte ihn und zwang ihn , sich auf einen Stuhl zu setzen , den ihm zwei Westpolizisten unterschoben .	11	0:38	als Herr P. d Wunsch äußern , lieber zu stehen , packen er d Vorsteher an d Kehle , würgen er und zwingen er , sich auf eine Stuhl zu setzen , die er zwei Westenpolizist unterschieben .	KOUS NN NE ART NN VVFIN $, ADV PTKZU VVINF $, VVFIN PPER ART NN APPR ART NN $, VVFIN PPER KON VVFIN PPER $, PRF APPR ART NN PTKZU VVINF $, PRELS PPER CARD NN VVFIN $.	
packen	VVFIN	1952	2	26120215_1952_09_26_01_041.tcf.xml-3-1	 	Wir packten sie munter beim Schopf «, ob alle Nachbarschaft schlief; und lösten sie spielend im Kopfei Wir waren ein Rat-Kollektiv.	4:11	0:131	Wir packten sie munter beim Schopf « , ob alle Nachbarschaft schlief ; und lösten sie spielend im Kopfei Wir waren ein Rat-Kollektiv .	1	0:24	wir packen sie munter beim Schopf « , ob alle Nachbarschaft schlafen ; und lösen sie spielend im Kopfei wir sein eine Rat-Kollektiv .	PPER VVFIN PPER ADJD APPRART NN $( $, KOUS PIAT NN VVFIN $. KON VVFIN PPER ADJD APPRART NN PPER VAFIN ART NN $.	
packen	VVFIN	1953	2	26120215_1953_03_22_01_033.tcf.xml-48-1	 	Sie packte sich mit reiflicher Überlegung eine • chwere Last auf die Schultern: mit Ihren	4:10	0:89	Sie packte sich mit reiflicher Überlegung eine • chwere Last auf die Schultern : mit Ihren	1	0:16	sie packen sich mit reiflich Überlegung eine • chwere Last auf d Schulter : mit ihr	PPER VVFIN PRF APPR ADJA NN ART $( ADJA NN APPR ART NN $. APPR PPOSAT	
packen	VVFIN	1956	2	26120215_1956_02_29_01_004.tcf.xml-18-6	 	Der ist interessiert, überlegt und packt zu, in dem Willen zu helfen.	35:40	0:69	Der ist interessiert , überlegt und packt zu , in dem Willen zu helfen .	6	0:15	die sein interessiert , überlegen und packen zu , in d Willen zu helfen .	PDS VAFIN ADJD $, VVPP KON VVFIN PTKVZ $, APPR ART NN PTKZU VVINF $.	
packen	VVFIN	1963	2	26120215_1963_02_26_01_038.tcf.xml-2-15	 	In den harten Winterwochen, als Frost und Schnee schier unüberwindliche Hindernisse aufzutürmen drohten, packten sie mit an, halfen mit Rat und Tat.	105:112	0:148	In den harten Winterwochen , als Frost und Schnee schier unüberwindliche Hindernisse aufzutürmen drohten , packten sie mit an , halfen mit Rat und Tat .	15	0:26	in d hart Winterwoche , als Frost und Schnee schier unüberwindlich Hindernis auftürmen drohen , packen sie mit an , helfen mit Rat und Tat .	APPR ART ADJA NN $, KOUS NN KON NN ADJD ADJA NN VVIZU VVFIN $, VVFIN PPER APPR PTKVZ $, VVFIN APPR NN KON NN $.	
packen	VVPP	1965	2	26120215_1965_04_09_01_070.tcf.xml-13-6	 	„Dieses Bild war für mich packend und erregend, ich habe es besonders im Gedächtnis behalten.	26:33	0:93	„ Dieses Bild war für mich packend und erregend , ich habe es besonders im Gedächtnis behalten .	6	0:18	„ diese Bild sein für ich packen und erregend , ich haben es besonders im Gedächtnis behalten .	$( PDAT NN VAFIN APPR PPER VVPP KON ADJD $, PPER VAFIN PPER ADV APPRART NN VVINF $.	
packen	VVFIN	1971	2	26120215_1971_07_04_01_404.tcf.xml-16-15	 	weil die Massen „nur aufgewühlt wurden durch eine starke Bewegung, die sie unwiderstehlich packt", und weil das Proletariat seinen Feinden stets das Gesetz des Hände ns vorschreiben müsse.	91:96	0:188	weil die Massen „ nur aufgewühlt wurden durch eine starke Bewegung , die sie unwiderstehlich packt " , und weil das Proletariat seinen Feinden stets das Gesetz des Hände ns vorschreiben müsse .	15	0:33	weil d Masse „ nur aufwühlen werden durch eine stark Bewegung , die sie unwiderstehlich packen " , und weil d Proletariat seine Feind stets d Gesetz d Hand Ns vorschreiben müssen .	KOUS ART NN $( ADV VVPP VAFIN APPR ART ADJA NN $, PRELS PPER ADJD VVFIN $( $, KON KOUS ART NN PPOSAT NN ADV ART NN ART NN NE VVINF VMFIN $.	
packen	VVFIN	1972	2	26120215_1972_10_05_01_152.tcf.xml-4-16	 	Ausreichend sind Kohlra mit Laub zum Preis von 0.05 Stück sowie Möhren lose und ab? packt im Beutel im Handel erhältlic Sellerie mit Laub wird für 0.45 Stück der Sorte I und für 0.35 je Stück der Sorte II angeboten.	84:89	0:215	Ausreichend sind Kohlra mit Laub zum Preis von 0.05 Stück sowie Möhren lose und ab ? packt im Beutel im Handel erhältlic Sellerie mit Laub wird für 0.45 Stück der Sorte I und für 0.35 je Stück der Sorte II angeboten .	16	0:42	ausreichend sein Kohlra mit Laub zum Preis von 0.05 Stück sowie Möhre lose und ab ? packen im Beutel im Handel Erhältlic Sellerie mit Laub werden für 0.45 Stück d sorte i und für 0.35 je Stück d Sorte ii anbieten .	ADJD VAFIN NN APPR NN APPRART NN APPR CARD NN KON NN ADJA KON PTKVZ $. VVFIN APPRART NN APPRART NN NE NE APPR NN VAFIN APPR CARD NN ART FM FM KON APPR CARD APPR NN ART NN CARD VVPP $.	
packen	VVFIN	1988	2	26120215_1988_08_08_01_113.tcf.xml-13-2	 	Zur Demonstration packten die kräftigen Feuerwehrleute in historischer Uniform nochmals zu, um zur Begeisterung der Umstehenden dem Schlauch tatsächlich einen Strahl reinsten Wassers zu entlocken.	18:25	0:196	Zur Demonstration packten die kräftigen Feuerwehrleute in historischer Uniform nochmals zu , um zur Begeisterung der Umstehenden dem Schlauch tatsächlich einen Strahl reinsten Wassers zu entlocken .	2	0:27	zur Demonstration packen d kräftig Feuerwehrleute in historisch Uniform nochmals zu , um zur Begeisterung d Umstehende d Schlauch tatsächlich eine Strahl rein Wasser zu entlocken .	APPRART NN VVFIN ART ADJA NN APPR ADJA NN ADV PTKVZ $, KOUI APPRART NN ART NN ART NN ADJD ART NN ADJA NN PTKZU VVINF $.	
packen	VVFIN	1806	1	arnim_wunderhorn01_1806-826-9	 	Und als ich kam vor Heidelberg hinan, Da packten mich die Bettelvögte gleich hinten und vornen an; Der eine packt mich hinten, der andre packt mich vorn; „Ey ihr verfluchte Bettelvögt, so laßt mich ungeschorn.“	41:48	0:210	Und als ich kam vor Heidelberg hinan , Da packten mich die Bettelvoͤgte gleich hinten und vornen an ; Der eine packt mich hinten , der andre packt mich vorn ; „ Ey ihr verfluchte Bettelvoͤgt , ſo laßt mich ungeſchorn . “	9	0:43	und als ich kommen vor Heidelberg hinan , da packen ich d Bettelvogt gleich hinten und vorne an ; d eine packen ich hinten , die andere packen ich vorn ; " Ei ihr verflucht Bettelvogt , so lassen ich ungeschoren . "	KON KOUS PPER VVFIN APPR NE PTKVZ $, ADV VVFIN PPER ART NN ADV ADV KON ADV PTKVZ $. ART PIS VVFIN PPER ADV $, PRELS PIS VVFIN PPER ADV $. $( NN PPOSAT ADJA NN $, ADV VVIMP PPER ADJD $. $(	Und als ich kam vor Heidelberg hinan , Da packten mich die Bettelvögte gleich hinten und vorne an ; Der eine packt mich hinten , der andere packt mich vorn ; " Ei ihr verfluchte Bettelvögte , so laßt mich ungeschoren . "
packen	VVINF	1871	1	bauer_buehnenleben_1871-3550-8	 	Gleich nach der Vorstellung fing ich an zu packen.	43:49	0:50	Gleich nach der Vorſtellung fing ich an zu packen .	8	0:10	gleich nach d Vorstellung fangen ich an zu packen .	ADV APPR ART NN VVFIN PPER PTKVZ PTKZU VVINF $.	Gleich nach der Vorstellung fing ich an zu packen .
packen	VVFIN	1895	1	beck_eisen02_1895-7571-1	 	So packen sie mit raschen Bissen das rohe Eisen, glätten es zu rundlichem Draht, welcher aus dem Schlangenmaule genommen in tausend Krümmungen gewunden wird.	3:9	0:157	So packen sie mit raschen Bissen das rohe Eisen , glätten es zu rundlichem Draht , welcher aus dem Schlangenmaule genommen in tausend Krümmungen gewunden wird .	1	0:27	so packen sie mit rasch Bissen d roh Eisen , glätten es zu rundlich Draht , welche aus d Schlangenmaul nehmen in tausend Krümmung gewunden werden .	ADV VVFIN PPER APPR ADJA NN ART ADJA NN $, VVFIN PPER APPR ADJA NN $, PRELS APPR ART NN VVPP APPR CARD NN ADJD VAFIN $.	So packen sie mit raschen Bissen das rohe Eisen , glätten es zu rundlichem Draht , welcher aus dem Schlangenmaule genommen in tausend Krümmungen gewunden wird .
packen	VVFIN	1864	1	brehm_thierleben01_1864-5964-17	 	Furchtlos nähert sich der Löwe dem Duar, mit einem gewaltigen Satze überspringt er die Zeltreihe, packt mit den Vordertatzen ein Maulthier oder ein Rind und kehrt auf demselben Wege, Entsetzen und Angst verbreitend, mit seiner Beute zurück.	98:103	0:240	Furchtlos nähert ſich der Löwe dem Duar , mit einem gewaltigen Satze überſpringt er die Zeltreihe , packt mit den Vordertatzen ein Maulthier oder ein Rind und kehrt auf demſelben Wege , Entſetzen und Angſt verbreitend , mit ſeiner Beute zurück .	17	0:42	Furchtlos nähern sich d Löwe d Dur , mit eine gewaltig Satz überspringen er d Zeltreihe , packen mit d Vordertatze eine Maultier oder eine Rind und kehren auf demselben Weg , Entsetzen und Angst verbreiten , mit seine Beute zurück .	NN VVFIN PRF ART NN ART NN $, APPR ART ADJA NN VVFIN PPER ART NN $, VVFIN APPR ART NN ART NN KON ART NN KON VVFIN APPR PDAT NN $, NN KON NN VVPP $, APPR PPOSAT NN PTKVZ $.	Furchtlos nähert sich der Löwe dem Dur , mit einem gewaltigen Satze überspringt er die Zeltreihe , packt mit den Vordertatzen ein Maultier oder ein Rind und kehrt auf demselben Wege , Entsetzen und Angst verbreitend , mit seiner Beute zurück .
packen	VVFIN	1889	1	conradi_adam_1889-6908-36	 	Und dieses Bewußtsein löste ein starkes Gefühl des Aergers und der Entrüstung in Adam aus, er riß mit einem brutalen Rucke ihre eingekrallten Finger von seinem Arme los, schleuderte den Arm von sich, packte ein zerknittertes Papier, das Hedwig ihm immer noch mit der anderen Hand starr entgegenhielt, und warf es auf den Tisch, trat einige Schritte zurück und machte ein sehr wüthendes Gesicht.	200:206	0:394	Und dieſes Bewußtſein löſte ein ſtarkes Gefühl des Aergers und der Entrüſtung in Adam aus , er riß mit einem brutalen Rucke ihre eingekrallten Finger von ſeinem Arme los , ſchleuderte den Arm von ſich , packte ein zerknittertes Papier , das Hedwig ihm immer noch mit der anderen Hand ſtarr entgegenhielt , und warf es auf den Tiſch , trat einige Schritte zurück und machte ein ſehr wüthendes Geſicht .	36	0:71	und diese Bewußtsein lösen eine stark Gefühl d Ärger und d Entrüstung in Adam aus , er reissen mit eine brutal Ruck ihr eingekrallt Finger von seine Arme los , schleudern d Arm von sich , packen eine zerknittert Papier , die Hedwig er immer noch mit d ander Hand starr entgegenhalten , und werfen es auf d Tisch , treten einige Schritt zurück und machen eine sehr wütend Gesicht .	KON PDAT NN VVFIN ART ADJA NN ART NN KON ART NN APPR NE PTKVZ $, PPER VVFIN APPR ART ADJA NN PPOSAT ADJA NN APPR PPOSAT NN PTKVZ $, VVFIN ART NN APPR PRF $, VVFIN ART ADJA NN $, PRELS NE PPER ADV ADV APPR ART ADJA NN ADJD VVFIN $, KON VVFIN PPER APPR ART NN $, VVFIN PIAT NN PTKVZ KON VVFIN ART ADV ADJA NN $.	Und dieses Bewußtsein löste ein starkes Gefühl des Ärgers und der Entrüstung in Adam aus , er riß mit einem brutalen Rucke ihre eingekrallten Finger von seinem Arme los , schleuderte den Arm von sich , packte ein zerknittertes Papier , das Hedwig ihm immer noch mit der anderen Hand starr entgegenhielt , und warf es auf den Tisch , trat einige Schritte zurück und machte ein sehr wütendes Gesicht .
packen	VVFIN	1806	1	engel_poetik_1806-2198-5	 	Zusammenschrak der Rittersmann; Es packt' ihn, wie mit Krallen, an, Und schüttelt' ihn, wie Fieber, Hinüber und herüber.	35:41	0:120	Zusammenschrak der Rittersmann ; Es packt' ihn , wie mit Krallen , an , Und schüttelt' ihn , wie Fieber , Hinüber und herüber .	5	0:25	zusammenschrecken d Rittersmann ; es packen er , wie mit Kralle , an , und schütteln er , wie Fieber , Hinüber und herüber .	VVFIN ART NN $. PPER VVFIN PPER $, PWAV APPR NN $, PTKVZ $, KON VVFIN PPER $, KOKOM NN $, NE KON APZR $.	Zusammenschrak der Rittersmann ; Es packt ihn , wie mit Krallen , an , Und schüttelte ihn , wie Fieber , Hinüber und herüber .
packen	VVFIN	1842	1	erbkam_tagebuch01_1842-2710-1	 	Ich packe meine Betten und meinen Mantelsack zusammen, jetzt werden die Zelte eingerissen, endlich fällt auch das unsrige.	4:9	0:122	Ich packe meine Betten und meinen Mantelsack zusammen , jetzt werden die Zelte eingerissen , endlich fällt auch das unsrige .	1	0:21	ich packen meine Bett und meine Mantelsack zusammen , jetzt werden d Zelt einreissen , endlich fällen auch d unsrige .	PPER VVFIN PPOSAT NN KON PPOSAT NN PTKVZ $, ADV VAFIN ART NN VVPP $, ADV VVFIN ADV ART PPOSS $.	Ich packe meine Betten und meinen Mantelsack zusammen , jetzt werden die Zelte eingerissen , endlich fällt auch das unsrige .
packen	VVPP	1812	1	fouque_magie_1812-910-8	 	Indeß war alles zur Reise angefertigt, Felleisen gepackt, Wagen und Führer gemiethet, Wege und Stationen berechnet, die Richtung östlich über Aosta, den St. Bernhard und die Walliser Gebirge, nach Thun, Bern und Basel zu genommen; und da sie den näheren Weg über Genf wegen der Kriegsunruhen vermeiden mußten, so sahen alle dem späteren Ruhepunkte mit Verlangen entgegen, und eilten nun insgesammt, aus dem natürlichen Triebe das frühere Ungemach erst hinter sich zu haben, schnell zur Abfahrt.	49:56	0:494	Indeß war alles zur Reise angefertigt , Felleisen gepackt , Wagen und Führer gemiethet , Wege und Stationen berechnet , die Richtung östlich über Aosta , den St. Bernhard und die Walliser Gebirge , nach Thun , Bern und Basel zu genommen ; und da sie den näheren Weg über Genf wegen der Kriegsunruhen vermeiden mußten , so sahen alle dem späteren Ruhepunkte mit Verlangen entgegen , und eilten nun insgesammt , aus dem natürlichen Triebe das frühere Ungemach erst hinter sich zu haben , schnell zur Abfahrt .	8	0:89	Inde sein alle zur Reise anfertigen , Felleisen packen , Wagen und Führer mieten , Weg und Station berechnen , d Richtung östlich über Aosta , d St. Bernhard und d Walliser Gebirge , nach Tun , Bern und Basel zu nehmen ; und da sie d nah Weg über Genf wegen d Kriegsunruhen vermeiden müssen , so sehen alle d spät Ruhepunkt mit Verlangen entgegen , und eilen nun insgesamt , aus d natürlich Trieb d früh Ungemach erst hinter sich zu haben , schnell zur Abfahrt .	NN VAFIN PIS APPRART NN VVPP $, NN VVPP $, NN KON NN VVPP $, NN KON NN VVPP $, ART NN ADJD APPR NE $, ART NE NE KON ART ADJA NN $, APPR NN $, NE KON NE PTKZU VVPP $. KON KOUS PPER ART ADJA NN APPR NE APPR ART NN VVINF VMFIN $, ADV VVFIN PIS ART ADJA NN APPR NN PTKVZ $, KON VVFIN ADV ADV $, APPR ART ADJA NN ART ADJA NN ADV APPR PRF PTKZU VAINF $, ADJD APPRART NN $.	Indes war alles zur Reise angefertigt , Felleisen gepackt , Wagen und Führer gemietet , Wege und Stationen berechnet , die Richtung östlich über Aosta , den St. Bernhard und die Walliser Gebirge , nach Tun , Bern und Basel zu genommen ; und da sie den näheren Weg über Genf wegen der Kriegsunruhen vermeiden mußten , so sahen alle dem späteren Ruhepunkte mit Verlangen entgegen , und eilten nun insgesamt , aus dem natürlichen Triebe das frühere Ungemach erst hinter sich zu haben , schnell zur Abfahrt .
packen	VVINF	1895	1	freud_hysterie_1895-2374-18	 	Er lag dabei zu Bett, plötzlich warf er die Decke ab, erhob sich, wollte sie packen und hinwerfen.	77:83	0:98	Er lag dabei zu Bett , plötzlich warf er die Decke ab , erhob sich , wollte sie packen und hinwerfen .	18	0:22	er liegen dabei zu Bett , plötzlich werfen er d Decke ab , erheben sich , wollen sie packen und hinwerfen .	PPER VVFIN PAV APPR NN $, ADJD VVFIN PPER ART NN PTKVZ $, VVFIN PRF $, VMFIN PPER VVINF KON VVINF $.	Er lag dabei zu Bett , plötzlich warf er die Decke ab , erhob sich , wollte sie packen und hinwerfen .
packen	VVFIN	1819	1	grimm_maerchen01_1819-518-8	 	Sie war aber in ihrem Herzen bitterböse, packte ihn mit zwei Fingern und trug ihn hinauf und als sie im Bett lag, statt ihn hinein zu heben, warf sie ihn aus allen Kräften an die Wand: „nun wirst du Ruhe haben, du garstiger Frosch!	41:47	0:231	Sie war aber in ihrem Herzen bitterboͤse , packte ihn mit zwei Fingern und trug ihn hinauf und als sie im Bett lag , statt ihn hinein zu heben , warf sie ihn aus allen Kraͤften an die Wand : „ nun wirst du Ruhe haben , du garstiger Frosch !	8	0:51	sie sein aber in ihr Herz bitterböse , packen er mit zwei Finger und tragen er hinauf und als sie im Bett liegen , statt er hinein zu heben , werfen sie er aus alle Kraft an d Wand : " nun werden du Ruhe haben , du garstig Frosch !	PPER VAFIN ADV APPR PPOSAT NN ADJD $, VVFIN PPER APPR CARD NN KON VVFIN PPER PTKVZ KON KOUS PPER APPRART NN VVFIN $, KOUI PPER ADV PTKZU VVINF $, VVFIN PPER PPER APPR PIAT NN APPR ART NN $. $( ADV VAFIN PPER NN VAINF $, PPER ADJA NN $.	Sie war aber in ihrem Herzen bitterböse , packte ihn mit zwei Fingern und trug ihn hinauf und als sie im Bett lag , statt ihn hinein zu heben , warf sie ihn aus allen Kräften an die Wand : " nun wirst du Ruhe haben , du garstiger Frosch !
packen	VVFIN	1843	1	grimm_maerchen01_1843-2930-41	 	‘ Das hat dir der Teufel gesagt, das hat dir der Teufel gesagt ’ schrie das Männlein, und stieß mit dem rechten Fuß vor Zorn so tief in die Erde daß es bis an den Leib hineinfuhr, dann packte es in seiner Wuth den linken Fuß mit beiden Händen, und riß sich selbst mitten entzwei.	185:191	0:279	‘ Das hat dir der Teufel gesagt , das hat dir der Teufel gesagt ’ schrie das Männlein , und stieß mit dem rechten Fuß vor Zorn so tief in die Erde daß es bis an den Leib hineinfuhr , dann packte es in seiner Wuth den linken Fuß mit beiden Händen , und riß sich selbst mitten entzwei .	41	0:60	' die haben du d Teufel sagen , die haben du d Teufel sagen ' schreien d Männlein , und stoßen mit d recht Fuß vor Zorn so tief in d Erde daß es bis an d Leib hineinfahren , dann packen es in seine Wut d link Fuß mit beide Hand , und reissen sich selbst mitten entzwei .	$( PDS VAFIN PPER ART NN VVPP $, PDS VAFIN PPER ART NN VVPP $( VVFIN ART NN $, KON VVFIN APPR ART ADJA NN APPR NN ADV ADJD APPR ART NN KOUS PPER ADV APPR ART NN VVFIN $, ADV VVFIN PPER APPR PPOSAT NN ART ADJA NN APPR PIAT NN $, KON VVFIN PRF ADV ADV PTKVZ $.	' Das hat dir der Teufel gesagt , das hat dir der Teufel gesagt ' schrie das Männlein , und stieß mit dem rechten Fuß vor Zorn so tief in die Erde daß es bis an den Leib hineinfuhr , dann packte es in seiner Wut den linken Fuß mit beiden Händen , und riß sich selbst mitten entzwei .
packen	VVPP	1850	1	grimm_maerchen01_1850-4604-25	 	‘Bindet den Sack auf, Herr Fuchs, bindet den Sack auf,’ rief ihm die Katze zu, aber die Hunde hatten ihn schon gepackt und hielten ihn fest.	111:118	0:140	‘Bindet den Sack auf , Herr Fuchs , bindet den Sack auf ,’ rief ihm die Katze zu , aber die Hunde hatten ihn schon gepackt und hielten ihn fest .	25	0:31	'bindet d Sack auf , Herr Fuchs , binden d Sack auf ,' rufen er d Katze zu , aber d Hund haben er schon packen und halten er fest .	NE ART NN PTKVZ $, NN NE $, VVFIN ART NN APPR $( VVFIN PPER ART NN PTKVZ $, ADV ART NN VAFIN PPER ADV VVPP KON VVFIN PPER PTKVZ $.	'Bindet den Sack auf , Herr Fuchs , bindet den Sack auf ,' rief ihm die Katze zu , aber die Hunde hatten ihn schon gepackt und hielten ihn fest .
packen	VVFIN	1843	1	grimm_maerchen02_1843-2534-14	 	ihr spürt mich nicht zwischen den Zähnen: da, die beiden gottlosen Mädchen packt, das sind für euch zarte Bissen, fett wie junge Wachteln, die freßt in Gottes Namen. ’ Der Bär kümmerte sich um seine Worte nicht, gab dem boshaften Geschöpf einen einzigen Schlag mit der Tatze, und es regte sich nicht mehr.	75:80	0:305	ihr spürt mich nicht zwischen den Zähnen : da , die beiden gottlosen Mädchen packt , das sind für euch zarte Bissen , fett wie junge Wachteln , die freßt in Gottes Namen . ’ Der Bär kümmerte sich um seine Worte nicht , gab dem boshaften Geschöpf einen einzigen Schlag mit der Tatze , und es regte sich nicht mehr .	14	0:62	sie spüren mich nicht zwischen d Zahn : da , die beide gottlos Mädchen packen , die sein für ihr zart Bissen , fett wie jung Wachtel , die fressen in Gott Name . ' d Bär kümmern sich um seine Wort nicht , geben d boshaft Geschöpf eine einzig Schlag mit d Tatze , und es regen sich nicht mehr .	PPER VVFIN PRF PTKNEG APPR ART NN $. ADV $, PRELS PIAT ADJA NN VVFIN $, PDS VAFIN APPR PPER ADJA NN $, ADJD KOKOM ADJA NN $, PRELS VVFIN APPR NN NN $. $( ART NN VVFIN PRF APPR PPOSAT NN PTKNEG $, VVFIN ART ADJA NN ART ADJA NN APPR ART NN $, KON PPER VVFIN PRF PTKNEG ADV $.	ihr spürt mich nicht zwischen den Zähnen : da , die beiden gottlosen Mädchen packt , das sind für euch zarte Bissen , fett wie junge Wachteln , die freßt in Gottes Namen . ' Der Bär kümmerte sich um seine Worte nicht , gab dem boshaften Geschöpf einen einzigen Schlag mit der Tatze , und es regte sich nicht mehr .
packen	VVPP	1850	1	grimm_maerchen02_1850-3493-14	 	Er wollte weiter reden, aber einer von den Himmelsbewohnern hatte ihn am Kragen gepackt und schob ihn mit unwiderstehlicher Gewalt hinaus.	80:87	0:138	Er wollte weiter reden , aber einer von den Himmelsbewohnern hatte ihn am Kragen gepackt und schob ihn mit unwiderstehlicher Gewalt hinaus .	14	0:23	er wollen weiter reden , aber eine von d Himmelsbewohner haben er am Kragen packen und schieben er mit unwiderstehlich Gewalt hinaus .	PPER VMFIN ADV VVINF $, ADV ART APPR ART NN VAFIN PPER APPRART NN VVPP KON VVFIN PPER APPR ADJA NN PTKVZ $.	Er wollte weiter reden , aber einer von den Himmelsbewohnern hatte ihn am Kragen gepackt und schob ihn mit unwiderstehlicher Gewalt hinaus .
packen	VVINF	1860	1	humboldt_aequinoktial04_1859-1694-22	 	Es ist nicht anzunehmen, daß die Krokodile diese Steine zufällig verschlucken, denn, wenn sie die Fische unten im Strome packen, ruht ihre untere Kinnlade nicht auf dem Boden.	121:127	0:175	Es iſt nicht anzunehmen , daß die Krokodile dieſe Steine zufällig verſchlucken , denn , wenn ſie die Fiſche unten im Strome packen , ruht ihre untere Kinnlade nicht auf dem Boden .	22	0:33	es sein nicht annehmen , daß d Krokodil diese Stein zufällig verschlucken , denn , wenn sie d Fisch unten im Strom packen , ruhen ihr unter Kinnlade nicht auf d Boden .	PPER VAFIN PTKNEG VVIZU $, KOUS ART NN PDAT NN ADJD VVINF $, ADV $, KOUS PPER ART NN ADV APPRART NN VVINF $, VVFIN PPOSAT ADJA NN PTKNEG APPR ART NN $.	Es ist nicht anzunehmen , daß die Krokodile diese Steine zufällig verschlucken , denn , wenn sie die Fische unten im Strome packen , ruht ihre untere Kinnlade nicht auf dem Boden .
packen	VVFIN	1882	1	keller_sinngedicht_1882-2950-36	 	Obgleich Reinhart, der so ausführliche Weiber-und Liebesgeschichten aus dem Stegreife erzählt hatte, die letzteren Worte schon als vorläufige Andeutung eines Abschlages anzusehen geneigt war, sofern er etwa einen solchen herausfordern würde, packte er doch einen Koffer mit allen wünschbaren und kleidsamen Sachen, die in seinem Besitze waren, und fuhr hin.	242:248	0:357	Obgleich Reinhart , der ſo ausführliche Weiber- und Liebesgeſchichten aus dem Stegreife erzählt hatte , die letzteren Worte ſchon als vorläufige Andeutung eines Abſchlages anzuſehen geneigt war , ſofern er etwa einen ſolchen herausfordern würde , packte er doch einen Koffer mit allen wünſchbaren und kleidſamen Sachen , die in ſeinem Beſitze waren , und fuhr hin .	36	0:58	obgleich Reinhart , d so ausführlich weiber- und Liebesgeschichte aus d Stegreife erzählen haben , d letztere Wort schon als vorläufig Andeutung eine Abschlag ansehen geneigt sein , sofern er etwa eine solch herausfordern werden , packen er doch eine Koffer mit alle wünschbar und kleidsam Sache , die in seine Besitz sein , und fahren hin .	KOUS NE $, ART ADV ADJA TRUNC KON NN APPR ART NN VVPP VAFIN $, ART ADJA NN ADV KOKOM ADJA NN ART NN VVIZU ADJD VAFIN $, KOUS PPER ADV ART PIAT VVINF VAFIN $, VVFIN PPER ADV ART NN APPR PIAT ADJA KON ADJA NN $, PRELS APPR PPOSAT NN VAFIN $, KON VVFIN PTKVZ $.	Obgleich Reinhart , der so ausführliche Weiber- und Liebesgeschichten aus dem Stegreife erzählt hatte , die letzteren Worte schon als vorläufige Andeutung eines Abschlages anzusehen geneigt war , sofern er etwa einen solchen herausfordern würde , packte er doch einen Koffer mit allen wünschbaren und kleidsamen Sachen , die in seinem Besitze waren , und fuhr hin .
packen	VVPP	1833	1	laube_europa0102_1833-494-21	 	Eben höre ich mit tiefem Schmerz, daß Camilla bei Ankunft des Fremden außer sich gerathen ist, sich eingeschlossen, gepackt und so eben den Reisewagen bestellt hat.	116:123	0:164	Eben höre ich mit tiefem Schmerz , daß Camilla bei Ankunft des Fremden außer ſich gerathen iſt , ſich eingeſchloſſen , gepackt und ſo eben den Reiſewagen beſtellt hat .	21	0:30	eben hören ich mit tief Schmerz , daß Kamilla bei Ankunft d Fremde außer sich geraten sein , sich einschließen , packen und so eben d Reisewagen bestellen haben .	ADV VVFIN PPER APPR ADJA NN $, KOUS NE APPR NN ART NN APPR PRF VVPP VAFIN $, PRF VVPP $, VVPP KON ADV ADV ART NN VVPP VAFIN $.	Eben höre ich mit tiefem Schmerz , daß Kamilla bei Ankunft des Fremden außer sich geraten ist , sich eingeschlossen , gepackt und so eben den Reisewagen bestellt hat .
packen	VVFIN	1871	1	pocci_komoedienbuechlein04_1871-646-2	 	(Er packt Casperl und wirft ihn heraus.)	4:9	0:40	( Er packt Casperl und wirft ihn heraus . )	2	0:10	( er packen Kasperl und werfen er heraus . )	$( PPER VVFIN NN KON VVFIN PPER PTKVZ $. $(	( Er packt Kasperl und wirft ihn heraus . )
packen	VVFIN	1857	1	raabe_sperlingsgasse_1857-988-13	 	So ausgerüstet betritt der junge Gelehrte den Schauplatz seiner weitern Ausbildung; gewaltig packt ihn anfangs das Heimweh unter der wilden Bande seiner Mitschüler, die ihn hänseln und zum Besten haben in seiner Gutmüthigkeit und Unerfahrenheit.	93:98	0:245	So ausgerüſtet betritt der junge Gelehrte den Schauplatz ſeiner weitern Ausbildung ; gewaltig packt ihn anfangs das Heimweh unter der wilden Bande ſeiner Mitſchüler , die ihn hänſeln und zum Beſten haben in ſeiner Gutmüthigkeit und Unerfahrenheit .	13	0:38	so ausrüsten betreten d jung Gelehrte d Schauplatz seine weit Ausbildung ; gewaltig packen er anfangs d Heimweh unter d wild Bande seine Mitschüler , die er hänseln und zum Besten haben in seine Gutmütigkeit und Unerfahrenheit .	ADV VVPP VVFIN ART ADJA NN ART NN PPOSAT ADJA NN $. ADJD VVFIN PPER ADV ART NN APPR ART ADJA NN PPOSAT NN $, PRELS PPER VVINF KON APPRART NN VAFIN APPR PPOSAT NN KON NN $.	So ausgerüstet betritt der junge Gelehrte den Schauplatz seiner weiteren Ausbildung ; gewaltig packt ihn anfangs das Heimweh unter der wilden Bande seiner Mitschüler , die ihn hänseln und zum Besten haben in seiner Gutmütigkeit und Unerfahrenheit .
packen	VVPP	1853	1	rosenkranz_aesthetik_1853-1058-32	 	Die Sorge aber, daß er von einem übersättigten und abgestumpften Geschlecht übersehen oder überhört werden könnte, läßt nun darauf hinarbeiten, ihn, wie man heut zu Tage sagt, packend zu machen.	176:183	0:194	Die Sorge aber , daß er von einem überſättigten und abgeſtumpften Geſchlecht überſehen oder überhört werden könnte , läßt nun darauf hinarbeiten , ihn , wie man heut zu Tage ſagt , packend zu machen .	32	0:36	d Sorge aber , daß er von eine übersättigt und abgestumpft Geschlecht übersehen oder überhören werden können , lassen nun darauf hinarbeiten , er , wie man heute zu Tag sagen , packen zu machen .	ART NN ADV $, KOUS PPER APPR ART ADJA KON ADJA NN VVPP KON VVPP VAINF VMFIN $, VVFIN ADV PAV VVINF $, PPER $, PWAV PIS ADV APPR NN VVFIN $, VVPP PTKZU VVINF $.	Die Sorge aber , daß er von einem übersättigten und abgestumpften Geschlecht übersehen oder überhört werden könnte , läßt nun darauf hinarbeiten , ihn , wie man heute zu Tage sagt , packend zu machen .
packen	VVFIN	1838	1	schwab_sagen01_1838-2542-7	 	Herkules ging unerschrocken auf sie zu, packte sie kräftig und hielt sie fest.	40:46	0:78	Herkules ging unerſchrocken auf ſie zu , packte ſie kräftig und hielt ſie feſt .	7	0:15	Herkules gehen unerschrocken auf sie zu , packen sie kräftig und halten sie fest .	NE VVFIN ADJD APPR PPER PTKVZ $, VVFIN PPER ADJD KON VVFIN PPER PTKVZ $.	Herkules ging unerschrocken auf sie zu , packte sie kräftig und hielt sie fest .
packen	VVFIN	1857	1	stifter_nachsommer02_1857-1294-2	 	Das Vollendete packte ich ein, um es mit nach Hause zu nehmen.	15:21	0:62	Das Vollendete packte ich ein , um es mit nach Hauſe zu nehmen .	2	0:14	d Vollendete packen ich ein , um es mit nach Haus zu nehmen .	ART NN VVFIN PPER PTKVZ $, KOUI PPER APPR APPR NN PTKZU VVINF $.	Das Vollendete packte ich ein , um es mit nach Hause zu nehmen .
packen	VVPP	1853	1	stifter_steine02_1853-1226-12	 	Da wurde eines Tages der große Wagen heraus geschoben, er wurde gepakt, alles Nöthige hinein gethan, und in Mäntel und warme Kleider gehüllt stiegen der Vater und die Mutter ein, es stiegen die Kinder ein, und fuhren davon.	64:70	0:223	Da wurde eines Tages der große Wagen heraus geſchoben , er wurde gepakt , alles Nöthige hinein gethan , und in Mäntel und warme Kleider gehüllt ſtiegen der Vater und die Mutter ein , es ſtiegen die Kinder ein , und fuhren davon .	12	0:44	da werden eine Tag d groß Wagen heraus schieben , er werden packen , alle Nötige hinein tun , und in Mantel und warm Kleid hüllen steigen d Vater und d Mutter ein , es steigen d Kind ein , und fahren davon .	ADV VAFIN ART NN ART ADJA NN APZR VVPP $, PPER VAFIN VVPP $, PIAT NN APZR VVPP $, KON APPR NN KON ADJA NN VVPP VVFIN ART NN KON ART NN PTKVZ $, PPER VVFIN ART NN PTKVZ $, KON VVFIN PAV $.	Da wurde eines Tages der große Wagen heraus geschoben , er wurde gepackt , alles Nötige hinein getan , und in Mäntel und warme Kleider gehüllt stiegen der Vater und die Mutter ein , es stiegen die Kinder ein , und fuhren davon .
packen	VVFIN	1888	1	storm_schimmelreiter_1888-190-7	 	„Hoiho! ” schrie er und packte ihn noch fester; „wollen sehen, wer's von uns Beiden am längsten aushält! ”	24:30	0:106	„ Hoiho ! ” ſchrie er und packte ihn noch feſter ; „ wollen ſehen , wer 's von uns Beiden am längſten aushält ! ”	7	0:26	" Hoiho ! " schreien er und packen er noch fest ; " wollen sehen , wer es von wir beide am lang aushalten ! "	$( NE $. $( VVFIN PPER KON VVFIN PPER ADV ADJD $. $( VMFIN VVINF $, PWS PPER APPR PPER PIS APPRART ADJA VVFIN $. $(	" Hoiho ! " schrie er und packte ihn noch fester ; " wollen sehen , wer es von uns Beiden am längsten aushält ! "
packen	VVPP	1889	1	treitschke_geschichte04_1889-2227-4	 	Auf Wilhelmshöhe wurde unaufhörlich gepackt; Silberzeug und Kostbarkeiten, selbst Thürschlösser, Oefen und Parketböden verschwanden in großen Frachtwagen, die nach Frankfurt zu der Reichenbach abgingen; zugleich ließ das Hofmarschallamt eine Menge kurfürstlicher Pferde versteigern.	36:43	0:282	Auf Wilhelmshöhe wurde unaufhörlich gepackt ; Silberzeug und Koſtbarkeiten , ſelbſt Thürſchlöſſer , Oefen und Parketböden verſchwanden in großen Frachtwagen , die nach Frankfurt zu der Reichenbach abgingen ; zugleich ließ das Hofmarſchallamt eine Menge kurfürſtlicher Pferde verſteigern .	4	0:39	auf Wilhelmshöhe werden unaufhörlich packen ; Silberzeug und Kostbarkeit , selbst Türschloß , Ofen und Parkettboden verschwinden in groß Frachtwagen , die nach Frankfurt zu d Reichenbach abgehen ; zugleich lassen d Hofmarschallamt eine Menge kurfürstlich Pferd versteigern .	APPR NN VAFIN ADJD VVPP $. NN KON NN $, ADV NN $, NN KON NN VVFIN APPR ADJA NN $, PRELS APPR NE APPR ART NN VVFIN $. ADV VVFIN ART NN ART NN ADJA NN VVINF $.	Auf Wilhelmshöhe wurde unaufhörlich gepackt ; Silberzeug und Kostbarkeiten , selbst Türschlösser , Öfen und Parkettböden verschwanden in großen Frachtwagen , die nach Frankfurt zu der Reichenbach abgingen ; zugleich ließ das Hofmarschallamt eine Menge kurfürstlicher Pferde versteigern .
