lemma	pos	date	grouping	identifier	description	context	indexes_target_token	indexes_target_sentence	context_tokenized	indexes_target_token_tokenized	indexes_target_sentence_tokenized	context_lemmatized	context_pos	context_normalized
Titel	NN	1946	2	2532889X_1946-08-14_01_082.tcf.xml-41-19	 	EIKE N' Et' E FACHZEITSCHRIFT « M'h' lnt ietrt In der Arheiteseme. nschaft meflianiifcher Ver Wpt mit dem Titel..Zeitschrift für Hie « etamte Med, « in nna Ihre Gr «nr « biet «" Herauaeeber:	106:111	0:190	EIKE N' Et' E FACHZEITSCHRIFT « M'h' lnt ietrt In der Arheiteseme . nschaft meflianiifcher Ver Wpt mit dem Titel ..Zeitschrift für Hie « etamte Med , « in nna Ihre Gr «nr « biet « " Herauaeeber :	19	0:39	Eike N' et' e Fachzeitschrift « M'h' Lnt Ietrt in d Arheiteseme . Nschaft Meflianiifcher Ver Wpt mit d Titel ..zeitschrift für hie « etamte med , « in Nna ihr Gr «nr « bieten « " Herauaeeber :	NE NE XY XY NN $( NE NE NE APPR ART NN $. NE NE PTKVZ NE APPR ART NN NE APPR ADV $( FM FM $, $( APPR NE PPOSAT NN NE $( VVIMP $( $( NE $.	
Titel	NN	1950	2	2532889X_1950-04-20_01_079.tcf.xml-36-1	 	(Titel eines im April 1914 geschriebenen Artikels von Lenin über den Bericht Karl Legiens über seine Amerikareise.)	1:6	0:115	( Titel eines im April 1914 geschriebenen Artikels von Lenin über den Bericht Karl Legiens über seine Amerikareise . )	1	0:20	( Titel eine im April 1914 geschreiben Artikel von Lenin über d Bericht Karl Legien über seine Amerikareise . )	$( NN ART APPRART NN CARD ADJA NN APPR NE APPR ART NN NE NE APPR PPOSAT NN $. $(	
Titel	NN	1955	2	2532889X_1955-02-22_01_076.tcf.xml-5-10	 	Die USA-Imperialisten haben ihnen schon seit Jahrzehnten den hochbezahlten Titel -Retter des Kapitalismus verliehen.	75:80	0:116	Die USA- Imperialisten haben ihnen schon seit Jahrzehnten den hochbezahlten Titel -Retter des Kapitalismus verliehen .	10	0:16	d usa- Imperialist haben sie schon seit Jahrzehnt d hochbezahlt Titel -retter d Kapitalismus verleihen .	ART TRUNC NN VAFIN PPER ADV APPR NN ART ADJA NN TRUNC ART NN VVPP $.	
Titel	NN	1961	2	2532889X_1961-03-01_01_115.tcf.xml-19-3	 	Sie werden den Titel kaum mit Erfolg verteidigen können.	15:20	0:56	Sie werden den Titel kaum mit Erfolg verteidigen können .	3	0:10	sie werden d Titel kaum mit Erfolg verteidigen können .	PPER VAFIN ART NN ADV APPR NN VVINF VMINF $.	
Titel	NN	1962	2	2532889X_1962-02-02_01_083.tcf.xml-25-1	 	Ein Titel aber kann in Schmiedefeld nicht verteidigt werden: der der Nordischen. Kombination.	4:9	0:93	Ein Titel aber kann in Schmiedefeld nicht verteidigt werden : der der Nordischen . Kombination .	1	0:16	eine Titel aber können in Schmiedefeld nicht verteidigen werden : d d Nordische . Kombination .	ART NN ADV VMFIN APPR NN PTKNEG VVPP VAINF $. ART ART NN $. NN $.	
Titel	NN	1962	2	2532889X_1962-09-23_01_096.tcf.xml-8-7	 	„Ach du fröhliche" ist der Titel eines neuen DEFA-Films, der am 11. Oktober im „Babylon*^ uraufgeführt wird.	27:32	0:108	„ Ach du fröhliche " ist der Titel eines neuen DEFA-Films , der am 11. Oktober im „ Babylon*^ uraufgeführt wird .	7	0:22	„ ach du fröhlich " sein d Titel eine neu Defa-Film , die am 11. Oktober im „ Babylon*^ uraufführen werden .	$( ITJ PPER ADJA $( VAFIN ART NN ART ADJA NN $, PRELS APPRART ADJA NN APPRART $( NE VVPP VAFIN $.	
Titel	NN	1965	2	2532889X_1965-06-18_01_187.tcf.xml-46-46	 	Während im Abschnitt 1918 bis 1945 immerhin der Versuch einer Analyse des literarischen Prozesses gemacht wird und Ansätze einer theoretisch-ästhetischen Verallgemeinerung sichtbar sind, wird die Darstellung der Literatur nach 1945 (und zwar für beide deutsche Staaten) immer mehr zu einer bloßen Aufzählung von Titeln, Themen und Problemen, die zum Teil nur lose in einen historisch-chronologischen Rahmen gepreßt sind.	312:318	0:420	Während im Abschnitt 1918 bis 1945 immerhin der Versuch einer Analyse des literarischen Prozesses gemacht wird und Ansätze einer theoretisch-ästhetischen Verallgemeinerung sichtbar sind , wird die Darstellung der Literatur nach 1945 ( und zwar für beide deutsche Staaten ) immer mehr zu einer bloßen Aufzählung von Titeln , Themen und Problemen , die zum Teil nur lose in einen historisch-chronologischen Rahmen gepreßt sind .	46	0:64	während im Abschnitt 1918 bis 1945 immerhin d Versuch eine Analyse d literarisch Prozeß machen werden und Ansatz eine theoretisch-ästhetisch Verallgemeinerung sichtbar sein , werden d Darstellung d Literatur nach 1945 ( und zwar für beide deutsch Staat ) immer mehr zu eine bloß Aufzählung von Titel , Thema und Problem , die zum Teil nur lose in eine historisch-chronologisch Rahmen pressen sein .	KOUS APPRART NN CARD APPR CARD ADV ART NN ART NN ART ADJA NN VVPP VAFIN KON NN ART ADJA NN ADJD VAFIN $, VAFIN ART NN ART NN APPR CARD $( KON ADV APPR PIAT ADJA NN $( ADV ADV APPR ART ADJA NN APPR NN $, NN KON NN $, PRELS APPRART NN ADV ADJA APPR ART ADJA NN VVPP VAFIN $.	
Titel	NN	1966	2	2532889X_1966-05-09_01_147.tcf.xml-3-5	 	lr lieben daa Leben dieser Titel der dem 20. Jahrestag unserer Par-33 tei gewidmeten Kunstausstellung in der Neuen Berliner Galerie berührt die Grundfrage unserer Kunst.	27:32	0:169	lr lieben daa Leben dieser Titel der dem 20. Jahrestag unserer Par- 33 tei gewidmeten Kunstausstellung in der Neuen Berliner Galerie berührt die Grundfrage unserer Kunst .	5	0:27	Lr lieben Daa Leben diese Titel d d 20. Jahrestag unsere par- 33 Tei gewidmet Kunstausstellung in d neu Berliner Galerie berühren d Grundfrage unsere Kunst .	NE VVFIN NE NN PDAT NN ART ART ADJA NN PPOSAT TRUNC CARD NN ADJA NN APPR ART ADJA ADJA NN VVFIN ART NN PPOSAT NN $.	
Titel	NN	1970	2	2532889X_1970-04-15_01_146.tcf.xml-2-19	 	Je ein Exemplar einer von einem DDR-Autorenkollektiv verfaßten Darstellung des vietnamesischen Befreiungskampfes in. Geschichte und Gegenwart mit dem Titel „Stärker als die reißenden Flüsse" wurde am Dienstag in Berlin den Repräsentanten des vietnamesischen Volkes in der DDR ü'berreicht.	150:155	0:288	Je ein Exemplar einer von einem DDR-Autorenkollektiv verfaßten Darstellung des vietnamesischen Befreiungskampfes in . Geschichte und Gegenwart mit dem Titel „ Stärker als die reißenden Flüsse " wurde am Dienstag in Berlin den Repräsentanten des vietnamesischen Volkes in der DDR ü'berreicht .	19	0:42	je eine Exemplar eine von eine Ddr-Autorenkollektiv verfaßt Darstellung d vietnamesisch Befreiungskampf in . Geschichte und Gegenwart mit d Titel „ stark als d reißend Fluß " werden am Dienstag in Berlin d Repräsentant d vietnamesisch Volk in d DDR Ü'berreicht .	ADV ART NN ART APPR ART NN ADJA NN ART ADJA NN APPR $. NN KON NN APPR ART NN $( ADJD KOKOM ART ADJA NN $( VAFIN APPRART NN APPR NE ART NN ART ADJA NN APPR ART NE NE $.	
Titel	NN	1980	2	2532889X_1980-08-28_01_138.tcf.xml-4-14	 	16 weitere Anlagen haben gute Aussichten, daß sie bis Ende des Jahres diesen Titel zuerkannt bekommen.	77:82	0:102	16 weitere Anlagen haben gute Aussichten , daß sie bis Ende des Jahres diesen Titel zuerkannt bekommen .	14	0:18	16 weit Anlage haben gut Aussicht , daß sie bis Ende d Jahr diese Titel zuerkennen bekommen .	CARD ADJA NN VAFIN ADJA NN $, KOUS PPER APPR NN ART NN PDAT NN VVPP VVINF $.	
Titel	NN	1983	2	2532889X_1983-05-16_01_206.tcf.xml-2-11	 	DDR-Meisterschaften im Federball in Greifswald. War Erfried Michalowsky mit drei Titeln (Einzel, Mixed, Doppel).	81:87	0:112	DDR-Meisterschaften im Federball in Greifswald . War Erfried Michalowsky mit drei Titeln ( Einzel , Mixed , Doppel ) .	11	0:20	Ddr-Meisterschaft im Federball in Greifswald . war erfried Michalowsky mit drei Titel ( Einzel , Mixed , Doppel ) .	NN APPRART NN APPR NE $. FM FM NE APPR CARD NN $( NN $, NN $, NN $( $.	
Titel	NN	1985	2	2532889X_1985-04-03_01_073.tcf.xml-3-6	 	„DDR-Report 84? ist der Titel einer Fotoausstellung, die gegenwärtig im Prager Kultur-und Informationszentrum der DDR zu sehen ist.	24:29	0:131	„ DDR-Report 84 ? ist der Titel einer Fotoausstellung , die gegenwärtig im Prager Kultur- und Informationszentrum der DDR zu sehen ist .	6	0:23	„ Ddr-Report 84 ? sein d Titel eine Fotoausstellung , die gegenwärtig im Prager kultur- und Informationszentrum d DDR zu sehen sein .	$( NN CARD $. VAFIN ART NN ART NN $, PRELS ADJD APPRART ADJA TRUNC KON NN ART NE PTKZU VVINF VAFIN $.	
Titel	NN	1990	2	2532889X_1990-08-27_01_097.tcf.xml-12-16	 	in Dokumente und Briefe, blättern in Büchern, von denen wir von vielen höchstens den Titel kennen.	85:90	0:98	in Dokumente und Briefe , blättern in Büchern , von denen wir von vielen höchstens den Titel kennen .	16	0:19	in Dokument und Brief , blättern in Buch , von die wir von viel höchstens d Titel kennen .	APPR NN KON NN $, VVINF APPR NN $, APPR PRELS PPER APPR PIS ADV ART NN VVINF $.	
Titel	NN	1959	2	26120215_1959_03_27_01_277.tcf.xml-2-11	 	Der grüße Favorit heißt wieder Japan, das fünt von sieben Titeln zu verteidigen hat.	58:64	0:84	Der grüße Favorit heißt wieder Japan , das fünt von sieben Titeln zu verteidigen hat .	11	0:16	die grüßen Favorit heißen wieder Japan , d Fünt von sieben Titel zu verteidigen haben .	PDS VVFIN NN VVFIN ADV NE $, ART NN APPR CARD NN PTKZU VVINF VAFIN $.	
Titel	NN	1961	2	26120215_1961_06_01_01_180.tcf.xml-28-10	 	Zum 1. Mai wurde die Brigade Fritz Jahns mit dem Titel „Brigade der sozialistischen Arbeit" geehrt.	49:54	0:99	Zum 1. Mai wurde die Brigade Fritz Jahns mit dem Titel „ Brigade der sozialistischen Arbeit " geehrt .	10	0:19	zum 1. Mai werden d Brigade Fritz Jahns mit d Titel „ Brigade d sozialistisch Arbeit " ehren .	APPRART ADJA NN VAFIN ART NN NE NE APPR ART NN $( NN ART ADJA NN $( VVPP $.	
Titel	NN	1963	2	26120215_1963_12_13_01_118.tcf.xml-28-15	 	Die DDR-Kanuten erkämpfen sich bei den Weltmeisterschaften in Spittal/Österreich nicht weniger als sieben von neun Titeln.	115:121	0:122	Die DDR-Kanuten erkämpfen sich bei den Weltmeisterschaften in Spittal/Österreich nicht weniger als sieben von neun Titeln .	15	0:17	d Ddr-Kanute erkämpfen sich bei d Weltmeisterschaft in Spittal/österreich nicht wenige als sieben von neun Titel .	ART NN VVFIN PRF APPR ART NN APPR NE PTKNEG PIAT KOKOM CARD APPR CARD NN $.	
Titel	NN	1966	2	26120215_1966_07_27_01_394.tcf.xml-9-7	 	32. Nebenfluß der Aller. 33. türkischer 31 Titel, 34. Speisewürze, 35. niedere Pflanze.	43:48	0:87	32. Nebenfluß der Aller. 33. türkischer 31 Titel , 34. Speisewürze , 35. niedere Pflanze .	7	0:16	32. Nebenfluß d Aller. 33. türkisch 31 Titel , 34. Speisewürze , 35. nieder Pflanze .	ADJA NN ART NN ADJA ADJA CARD NN $, ADJA NN $, ADJA ADJA NN $.	
Titel	NN	1967	2	26120215_1967_06_13_01_027.tcf.xml-6-18	 	* -9 r 1 ■ _ 1 T.1_ _!._ 1T_T1 ti und fünf Sportlehrer mit dem Titel „Meister des Sports" ausgezeichnet.	63:68	0:104	* -9 r 1 ■ _ 1 T.1_ _ ! ._ 1T_T1 ti und fünf Sportlehrer mit dem Titel „ Meister des Sports " ausgezeichnet .	18	0:26	* -9 r 1 ■ _ 1 t.1_ _ ! ._ 1t_t1 ti und fünf Sportlehrer mit d Titel „ Meister d Sport " auszeichnen .	XY CARD XY CARD $( XY CARD XY XY $. XY CARD XY KON CARD NN APPR ART NN $( NN ART NN $( VVPP $.	
Titel	NN	1968	2	26120215_1968_11_10_01_157.tcf.xml-1-10	 	Sensationell endete der diesjährige Wettkampf der Glasgower Damen um den Titel „Miß Schweigen 68 Siegerin wurde eine Außenseiterin: Gloria McDonald, Hausfrau.	73:78	0:158	Sensationell endete der diesjährige Wettkampf der Glasgower Damen um den Titel „ Miß Schweigen 68 Siegerin wurde eine Außenseiterin : Gloria McDonald , Hausfrau .	10	0:25	sensationell enden d diesjährig Wettkampf d Glasgower Dame um d Titel „ Miß Schweigen 68 Siegerin werden eine Außenseiterin : Gloria Mcdonald , Hausfrau .	ADJD VVFIN ART ADJA NN ART NN NN APPR ART NN $( NN NN CARD NN VAFIN ART NN $. NE NE $, NN $.	
Titel	NN	1969	2	26120215_1969_03_25_01_101.tcf.xml-12-9	 	Mit seinen 168 m scheint ihm nua der inoffizielle Titel eines Skiflug-Weltrekordlers zumindest für die	50:55	0:102	Mit seinen 168 m scheint ihm nua der inoffizielle Titel eines Skiflug- Weltrekordlers zumindest für die	9	0:16	mit seine 168 M scheinen er Nua d inoffiziell Titel eine skiflug- Weltrekordler zumindest für d	APPR PPOSAT CARD NN VVFIN PPER NE ART ADJA NN ART TRUNC NN ADV APPR ART	
Titel	NN	1972	2	26120215_1972_01_25_01_112.tcf.xml-31-12	 	Nach diesen zehn olympischen Tagen beginnt hier eine neue Sendereihe mit dem Titel..10 vor 8", die Rubriken wie..Entdeckungen bei uns zu Hause".	77:82	0:144	Nach diesen zehn olympischen Tagen beginnt hier eine neue Sendereihe mit dem Titel ..10 vor 8 " , die Rubriken wie ..Entdeckungen bei uns zu Hause " .	12	0:28	nach diese zehn olympisch Tag beginnen hier eine neu Sendereihe mit d Titel ..10 vor 8 " , d Rubrik wie ..entdeckungen bei wir zu Haus " .	APPR PDAT CARD ADJA NN VVFIN ADV ART ADJA NN APPR ART NN NE APPR CARD $( $, ART NN KOKOM NE APPR PPER APPR NN $( $.	
Titel	NN	1973	2	26120215_1973_09_02_01_116.tcf.xml-26-19	 	Ihm schüren vor allem Kanuten und Ruderer an. die sich im inicnntion ilen Sport schon zahlreiche Medaillen und Titel holen konnten.	111:116	0:131	Ihm schüren vor allem Kanuten und Ruderer an . die sich im inicnntion ilen Sport schon zahlreiche Medaillen und Titel holen konnten .	19	0:23	er schüren vor alle Kanute und Ruderer an . die sich im Inicnntion Ilen Sport schon zahlreich Medaille und Titel holen können .	PPER VVFIN APPR PIS NN KON NN PTKVZ $. PRELS PRF APPRART NN NE NE ADV ADJA NN KON NN VVINF VMFIN $.	
Titel	NN	1988	2	26120215_1988_04_02_01_393.tcf.xml-1-14	 	Die Herausgeber Heinz Hoff mann und Rainer Knapp gaben ihrem Bildband mit oben genanntem Titel die Unterzeile „Ein Beitrag zur Bildgeschichte".	89:94	0:143	Die Herausgeber Heinz Hoff mann und Rainer Knapp gaben ihrem Bildband mit oben genanntem Titel die Unterzeile „ Ein Beitrag zur Bildgeschichte " .	14	0:24	d Herausgeber Heinz Hoff Mannen und Rainer Knapp geben ihr Bildband mit oben genennt Titel d Unterzeile „ eine Beitrag zur Bildgeschichte " .	ART NN NE NE NE KON NE NE VVFIN PPOSAT NN APPR ADV ADJA NN ART NN $( ART NN APPRART NN $( $.	
Titel	NN	1990	2	26120215_1990_06_14_01_174.tcf.xml-2-10	 	Viel Zeit ist ins Land gegangen seit der Anzeige des Titels „Buchbilder — Klaus Ensikat und seine Illustrationen" von Peter Michel im Börsenblatt.	53:59	0:146	Viel Zeit ist ins Land gegangen seit der Anzeige des Titels „ Buchbilder — Klaus Ensikat und seine Illustrationen " von Peter Michel im Börsenblatt .	10	0:26	viel Zeit sein ins Land gehen seit d Anzeige d Titel „ Buchbild — Klaus Ensikat und seine Illustration " von Peter Michel im Börsenblatt .	PIAT NN VAFIN APPRART NN VVPP APPR ART NN ART NN $( NN $( NE NE KON PPOSAT NN $( APPR NE NE APPRART NN $.	
Titel	NN	1990	2	26120215_1990_07_21_01_183.tcf.xml-3-9	 	Im Sprint der Mädchen machten sogar zwei DDR-Starterinnen den Titel unter sich aus.	62:67	0:83	Im Sprint der Mädchen machten sogar zwei DDR-Starterinnen den Titel unter sich aus .	9	0:14	im Sprint d Mädchen machen sogar zwei Ddr-Starterin d Titel unter sich aus .	APPRART NN ART NN VVFIN ADV CARD NN ART NN APPR PRF PTKVZ $.	
Titel	NN	1879	1	buechner_werke_1879-4191-22	 	Der Titel ist abgeschmackt und mein Name steht darauf, was ich ausdrücklich verboten hatte; er steht außerdem nicht auf dem Titel meines Manuscripts.	124:129	0:149	Der Titel iſt abgeſchmackt und mein Name ſteht darauf , was ich ausdrücklich verboten hatte ; er ſteht außerdem nicht auf dem Titel meines Manuſcripts .	22	0:26	d Titel sein abgeschmackt und mein Name stehen darauf , was ich ausdrücklich verbieten haben ; er stehen außerdem nicht auf d Titel meine Manuskript .	ART NN VAFIN ADJD KON PPOSAT NN VVFIN PAV $, PWS PPER ADJD VVPP VAFIN $. PPER VVFIN PAV PTKNEG APPR ART NN PPOSAT NN $.	Der Titel ist abgeschmackt und mein Name steht darauf , was ich ausdrücklich verboten hatte ; er steht außerdem nicht auf dem Titel meines Manuskripts .
Titel	NN	1872	1	carus_zoologie_1872-8165-26	 	Diesen Plan suchte Müller zunächst für die Wirbelthiere darzulegen und ins Einzelne zu verfolgen in seiner classischen Arbeit über die vergleichende Anatomie der Myxinoiden, deren Titel nicht ahnen läßt, daß sie den Codex der Morphologie der Wirbelthiere enthält.	180:185	0:263	Dieſen Plan ſuchte Müller zunächſt für die Wirbelthiere darzulegen und ins Einzelne zu verfolgen in ſeiner claſſiſchen Arbeit über die vergleichende Anatomie der Myxinoiden , deren Titel nicht ahnen läßt , daß ſie den Codex der Morphologie der Wirbelthiere enthält .	26	0:41	diese Plan suchen Müller zunächst für d Wirbeltier darlegen und ins einzeln zu verfolgen in seine klassisch Arbeit über d vergleichend Anatomie d Myxinoiden , die Titel nicht ahnen lassen , daß sie d Kodex d Morphologie d Wirbeltier enthalten .	PDAT NN VVFIN NE ADV APPR ART NN VVIZU KON APPRART ADJA PTKZU VVINF APPR PPOSAT ADJA NN APPR ART ADJA NN ART NE $, PRELAT NN PTKNEG VVINF VVFIN $, KOUS PPER ART NN ART NN ART NN VVFIN $.	Diesen Plan suchte Müller zunächst für die Wirbeltiere darzulegen und ins Einzelne zu verfolgen in seiner klassischen Arbeit über die vergleichende Anatomie der Myxinoiden , deren Titel nicht ahnen läßt , daß sie den Kodex der Morphologie der Wirbeltiere enthält .
Titel	NN	1895	1	egger_vater_1895-1217-31	 	In diesem Amte, meint der protestantische Professor Riehl, „dem ganzen Hause vorzubeten“, steckt mehr Ehre, Rang und Herrscherrecht, als in einer ganzen Sammlung von Titeln und Orden.	166:172	0:183	In diesem Amte , meint der protestantische Professor Riehl , „ dem ganzen Hause vorzubeten “ , steckt mehr Ehre , Rang und Herrscherrecht , als in einer ganzen Sammlung von Titeln und Orden .	31	0:35	in diese Amt , meinen d protestantisch Professor Riehl , " d ganz Haus vorbeten " , stecken mehr Ehre , Rang und Herrscherrecht , als in eine ganz Sammelung von Titel und Orden .	APPR PDAT NN $, VVFIN ART ADJA NN NE $, $( ART ADJA NN VVIZU $( $, VVFIN PIAT NN $, NN KON NN $, KOKOM APPR ART ADJA NN APPR NN KON NN $.	In diesem Amte , meint der protestantische Professor Riehl , " dem ganzen Hause vorzubeten " , steckt mehr Ehre , Rang und Herrscherrecht , als in einer ganzen Sammlung von Titeln und Orden .
Titel	NN	1819	1	goethe_divan_1819-1436-40	 	Aber auch das Caliphat war von kurzer Dauer; das ungeheure Reich erhielt sich kaum vierhundert Jahre; die entfernteren Statthalter machten sich nach und nach mehr und mehr unabhängig, indem sie den Caliphen, als eine geistliche, Titel und Pfründen spendende Macht, allenfalls gelten liessen.	229:234	0:291	Aber auch das Caliphat war von kurzer Dauer ; das ungeheure Reich erhielt sich kaum vierhundert Jahre ; die entfernteren Statthalter machten sich nach und nach mehr und mehr unabhängig , indem sie den Caliphen , als eine geistliche , Titel und Pfründen spendende Macht , allenfalls gelten lieſsen .	40	0:50	aber auch d Kalifat sein von kurz Dauer ; d ungeheuer Reich erhalten sich kaum vierhundert Jahr ; d entfernt Statthalter machen sich nach und nach mehr und mehr unabhängig , indem sie d Kalif , als eine geistlich , Titel und Pfründe spendend Macht , allenfalls gelten lassen .	KON ADV ART NN VAFIN APPR ADJA NN $. ART ADJA NN VVFIN PRF ADV CARD NN $. ART ADJA NN VVFIN PRF APPR KON APPR ADV KON ADV ADJD $, KOUS PPER ART NN $, KOKOM ART ADJA $, NN KON NN ADJA NN $, ADV VVINF VVFIN $.	Aber auch das Kalifat war von kurzer Dauer ; das ungeheure Reich erhielt sich kaum vierhundert Jahre ; die entfernteren Statthalter machten sich nach und nach mehr und mehr unabhängig , indem sie den Kalifen , als eine geistliche , Titel und Pfründen spendende Macht , allenfalls gelten ließen .
Titel	NN	1823	1	hundtradowsky_judenschule03_1823-927-37	 	Mit den Ministern geht es freilich sehr oft, wie mit ihren Gebietern; ihre Sekretäre, Hausfreunde, Frauen, Mätressen, ja selbst ihre Kammerdiener verwalten häufig das Amt, von welchen jene Herren den Titel führen, und man kann manchen Lakaien mit doppeltem Recht Minister des Ministers, so wie manchen Minister König des Königes nennen.	200:205	0:336	Mit den Miniſtern geht es freilich ſehr oft , wie mit ihren Gebietern ; ihre Sekretaͤre , Hausfreunde , Frauen , Maͤtreſſen , ja ſelbſt ihre Kammerdiener verwalten haͤufig das Amt , von welchen jene Herren den Titel fuͤhren , und man kann manchen Lakaien mit doppeltem Recht Miniſter des Miniſters , ſo wie manchen Miniſter Koͤnig des Koͤniges nennen .	37	0:61	mit d Minister gehen es freilich sehr oft , wie mit ihr Gebieter ; ihr Sekretär , Hausfreund , Frau , Mätresse , ja selbst ihr Kammerdiener verwalten häufig d Amt , von welchen jen Herr d Titel führen , und man können manche Lakai mit doppelt Recht Minister d Minister , so wie manche Minister König d König nennen .	APPR ART NN VVFIN PPER ADV ADV ADV $, PWAV APPR PPOSAT NN $. PPOSAT NN $, NN $, NN $, NN $, ADV ADV PPOSAT NN VVFIN ADJD ART NN $, APPR PWAT PDAT NN ART NN VVINF $, KON PIS VMFIN PIAT NN APPR ADJA NN NN ART NN $, ADV KOKOM PIAT NN NN ART NN VVINF $.	Mit den Ministern geht es freilich sehr oft , wie mit ihren Gebietern ; ihre Sekretäre , Hausfreunde , Frauen , Mätressen , ja selbst ihre Kammerdiener verwalten häufig das Amt , von welchen jene Herren den Titel führen , und man kann manchen Lakaien mit doppeltem Recht Minister des Ministers , so wie manchen Minister König des Königes nennen .
Titel	NN	1817	1	klueber_recht_1817-1265-25	 	J. C. Iünigs collectio nova von der landsässigen Ritterschaft in Teutschland. Frf. u. Lpz. 1730. 2 Th. in fol. (enthält weit mehr als der Titel sagt.	138:143	0:149	J. C. Iünigs collectio nova von der landsässigen Ritterschaft in Teutschland. Frf. u. Lpz. 1730. 2 Th. in fol. ( enthält weit mehr als der Titel sagt .	25	0:28	J. C. iünigs collectio nova von d landsässig Ritterschaft in Teutschland. Frf. u. Lpz. 1730. 2 Th. in Fol. ( enthalten weit mehr als d Titel sagen .	NE NE FM FM FM APPR ART ADJA NN APPR NE NE APPR NE ADJA CARD NN APPR NE $( VVFIN ADJD PIAT KOKOM ART NN VVFIN $.	J. C. Iünigs collectio nova von der landsässigen Ritterschaft in Teutschland. Frf. u. Lpz. 1730. 2 Th. in fol. ( enthält weit mehr als der Titel sagt .
Titel	NN	1803	1	kotzebue_kleinstaedter_1803-2568-10	 	Ein Titel ist hier die Handhabe des Menschen, ohne Titel weiß man gar nicht, wie man ihn anfassen soll.	51:56	0:103	Ein Titel iſt hier die Handhabe des Menſchen , ohne Titel weiß man gar nicht , wie man ihn anfaſſen ſoll .	10	0:22	eine Titel sein hier d Handhabe d Mensch , ohne Titel wissen man gar nicht , wie man er anfassen sollen .	ART NN VAFIN ADV ART NN ART NN $, APPR NN VVFIN PIS ADV PTKNEG $, PWAV PIS PPER VVINF VMFIN $.	Ein Titel ist hier die Handhabe des Menschen , ohne Titel weiß man gar nicht , wie man ihn anfassen soll .
Titel	NN	1855	1	kuernberger_amerikamuede_1855-1854-14	 	Einer abwesenden Person, deren Ankunft eben erwartet wurde, gedachte man unter dem Titel des „Rector magnificus“, — offenbar ein Scherzname gleich dem obigen, wie überhaupt der Geist jenes Humors, welcher mißliche Verhältnisse mit ihrem ironischen Gegenbilde aufzuheitern liebt, der Gesellschaft des grünen Baums nicht gänzlich versiegt zu sein schien.	83:88	0:352	Einer abweſenden Perſon , deren Ankunft eben erwartet wurde , gedachte man unter dem Titel des „ Rector magnificus “ , — offenbar ein Scherzname gleich dem obigen , wie überhaupt der Geiſt jenes Humors , welcher mißliche Verhältniſſe mit ihrem ironiſchen Gegenbilde aufzuheitern liebt , der Geſellſchaft des grünen Baums nicht gänzlich verſiegt zu ſein ſchien .	14	0:58	eine abwesend Person , die Ankunft eben erwarten werden , gedenken man unter d Titel d " Rektor Magnificus " , -- offenbar eine Scherzname gleich d obig , wie überhaupt d Geist jen Humor , welcher mißlich Verhältnis mit ihr ironisch Gegenbild aufheitern lieben , d Gesellschaft d grün Baum nicht gänzlich versiegen zu sein scheinen .	ART ADJA NN $, PRELAT NN ADV VVPP VAFIN $, VVFIN PIS APPR ART NN ART $( NN NE $( $, $( ADJD ART NN ADV ART ADJA $, PWAV ADV ART NN PDAT NN $, PWAT ADJA NN APPR PPOSAT ADJA NN VVIZU VVFIN $, ART NN ART ADJA NN PTKNEG ADJD VVPP PTKZU VAINF VVFIN $.	Einer abwesenden Person , deren Ankunft eben erwartet wurde , gedachte man unter dem Titel des " Rektor magnificus " , -- offenbar ein Scherzname gleich dem obigen , wie überhaupt der Geist jenes Humors , welcher mißliche Verhältnisse mit ihrem ironischen Gegenbilde aufzuheitern liebt , der Gesellschaft des grünen Baums nicht gänzlich versiegt zu sein schien .
Titel	NN	1876	1	laband_staatsrecht01_1876-3007-23	 	Bei dem Erlaß Preußischer Staatsgesetze, Königl. Verordnungen für Preußen, Bestallungs-und Entlassungs-Urkunden für Preuß. Beamte u. s. w. wird demgemäß der Titel „Deutscher Kaiser“ nicht gebraucht.	157:162	0:198	Bei dem Erlaß Preußiſcher Staatsgeſetze , Königl. Verordnungen für Preußen , Beſtallungs- und Entlaſſungs-Urkunden für Preuß. Beamte u. ſ. w. wird demgemäß der Titel „ Deutſcher Kaiſer “ nicht gebraucht .	23	0:31	bei d erlassen preußisch Staatsgesetz , Königl. Verordnung für Preußen , bestallungs- und Entlaßungs-Urkunde für Preuß. Beamte u. s. W. werden demgemäß d Titel " deutsch Kaiser " nicht gebrauchen .	APPR ART VVFIN ADJA NN $, ADJA NN APPR NE $, TRUNC KON NN APPR NE NN APPR VVIMP NE VAFIN PWAV ART NN $( ADJA NN $( PTKNEG VVPP $.	Bei dem Erlaße Preußischer Staatsgesetze , Königl. Verordnungen für Preußen , Bestallungs- und Entlassungs-Urkunden für Preuß. Beamte u. s. w. wird demgemäß der Titel " Deutscher Kaiser " nicht gebraucht .
Titel	NN	1833	1	laube_europa0102_1833-240-14	 	Der Adel selbst aber sei nicht einmal ein Privatrecht, sondern nur ein usurpirter Titel einer alten Gewalt, die Gewalt sei aber gestürzt und ein König ohne Land sei ein Narr, wenn er sich noch König nennen und von Hofceremonien umräuchern lasse.	82:87	0:245	Der Adel ſelbſt aber ſei nicht einmal ein Privatrecht , ſondern nur ein uſurpirter Titel einer alten Gewalt , die Gewalt ſei aber geſtürzt und ein König ohne Land ſei ein Narr , wenn er ſich noch König nennen und von Hofceremonien umräuchern laſſe .	14	0:45	d Adel selbst aber sein nicht einmal eine Privatrecht , sondern nur eine usurpiert Titel eine alt Gewalt , d Gewalt sein aber stürzen und eine König ohne Land sein eine Narr , wenn er sich noch König nennen und von Hofzeremonie umräuchern lassen .	ART NN ADV ADV VAFIN PTKNEG ADV ART NN $, KON ADV ART ADJA NN ART ADJA NN $, ART NN VAFIN ADV VVPP KON ART NN APPR NN VAFIN ART NN $, KOUS PPER PRF ADV NN VVINF KON APPR NN VVINF VVFIN $.	Der Adel selbst aber sei nicht einmal ein Privatrecht , sondern nur ein usurpierter Titel einer alten Gewalt , die Gewalt sei aber gestürzt und ein König ohne Land sei ein Narr , wenn er sich noch König nennen und von Hofzeremonien umräuchern lasse .
Titel	NN	1898	1	munzinger_japaner_1898-4946-19	 	Es ist aber doch nur ein beschränkter Kreis philosophisch interessierter Leute, dem derartige Bücher nicht allein nach dem Titel, sondern auch nach dem Inhalt bekannt sind, während Schiller, Goethe und Lessing, Shakespeare, Longfellow und Tennyson Gemeingut aller mehr oder weniger gebildeten Klassen sind.	123:128	0:306	Es iſt aber doch nur ein beſchränkter Kreis philoſophiſch intereſſierter Leute , dem derartige Bücher nicht allein nach dem Titel , ſondern auch nach dem Inhalt bekannt ſind , während Schiller , Goethe und Leſſing , Shakeſpeare , Longfellow und Tennyſon Gemeingut aller mehr oder weniger gebildeten Klaſſen ſind .	19	0:50	es sein aber doch nur eine beschränkt Kreis philosophisch interessiert Leute , d derartig Buch nicht allein nach d Titel , sondern auch nach d Inhalt bekennen sein , während Schiller , Goethe und Lessing , Shakespeare , Longfellow und Tennyson Gemeingut alle mehr oder wenige gebildet Klasse sein .	PPER VAFIN ADV ADV ADV ART ADJA NN ADJD ADJA NN $, ART ADJA NN PTKNEG ADV APPR ART NN $, KON ADV APPR ART NN VVPP VAFIN $, KOUS NE $, NE KON NE $, NE $, NE KON NE NN PIAT PIAT KON PIAT ADJA NN VAFIN $.	Es ist aber doch nur ein beschränkter Kreis philosophisch interessierter Leute , dem derartige Bücher nicht allein nach dem Titel , sondern auch nach dem Inhalt bekannt sind , während Schiller , Goethe und Lessing , Shakespeare , Longfellow und Tennyson Gemeingut aller mehr oder weniger gebildeten Klassen sind .
Titel	NN	1896	1	nn_maehrisches300_1896-301-19	 	Der Kaiser hat dem Handelsbeisitzer bei dem Landesgerichte in Troppau Ferdinand Quittner für die Dauer dieser Function taxfrei den Titel eines kaiserlichen Rathes verliehen.	131:136	0:173	Der Kaiſer hat dem Handelsbeiſitzer bei dem Landesgerichte in Troppau Ferdinand Quittner für die Dauer dieſer Function taxfrei den Titel eines kaiſerlichen Rathes verliehen .	19	0:25	d Kaiser haben d Handelsbeisitzer bei d Landesgericht in Troppau Ferdinand Quittner für d Dauer diese Funktion taxefrei d Titel eine kaiserlich Rat verleihen .	ART NN VAFIN ART NN APPR ART NN APPR NE NE NE APPR ART NN PDAT NN ADJD ART NN ART ADJA NN VVPP $.	Der Kaiser hat dem Handelsbeisitzer bei dem Landesgerichte in Troppau Ferdinand Quittner für die Dauer dieser Funktion taxfrei den Titel eines kaiserlichen Rates verliehen .
Titel	NN	1889	1	nn_maehrisches40_1889-79-2	 	Unter diesem Titel schreibt man dem „Pester Lloyd“ am 14. d. M. aus Wien:	13:18	0:73	Unter dieſem Titel ſchreibt man dem „ Peſter Lloyd “ am 14. d. M. aus Wien :	2	0:17	unter diese Titel schreiben man d " pesten Lloyd " am 14. d. M. aus Wien :	APPR PDAT NN VVFIN PIS ART $( VVIMP NE $( APPRART ADJA ART NE APPR NE $.	Unter diesem Titel schreibt man dem " Peste Lloyd " am 14. d. M. aus Wien :
Titel	NN	1848	1	nn_nrhz012013_1848-455-21	 	Am Samstag den 24. wird die erste Nammer des von dem verurtheilten Mitchell früher herausgegebenen „United Irishman“ unter dem Titel: „The Frish Jelon“ erscheinen.	127:132	0:163	Am Samstag den 24. wird die erste Nammer des von dem verurtheilten Mitchell früher herausgegebenen „ United Irishman “ unter dem Titel : „ The Frish Jelon “ erscheinen .	21	0:30	am Samstag d 24. werden d erst Nammer d von d verurteilt Mitchell früh herausgegeben " United Irishman " unter d Titel : " the frish jelon " erscheinen .	APPRART NN ART ADJA VAFIN ART ADJA NN ART APPR ART ADJA NE ADJD ADJA $( NE NE $( APPR ART NN $. $( FM FM FM $( VVINF $.	Am Samstag den 24. wird die erste Nammer des von dem verurteilten Mitchell früher herausgegebenen " United Irishman " unter dem Titel : " The Frish Jelon " erscheinen .
Titel	NN	1848	1	nn_nrhz117_1848-663-18	 	Wenn es heißen sollte: „König von Preußen“ so müßte das Potworowsky'sche Amendement: „beim Titel des Königs den Titel Großherzog von Polen beizubehalten“ ebenso verändert werden, und da in Polen auch Deutsche sind, so müßte der Titel heißen: Großherzog der Posener Polen und Deutschen.	91:96	0:285	Wenn es heißen sollte : „ König von Preußen “ so müßte das Potworowsky'sche Amendement : „ beim Titel des Königs den Titel Großherzog von Polen beizubehalten “ ebenso verändert werden , und da in Polen auch Deutsche sind , so müßte der Titel heißen : Großherzog der Posener Polen und Deutschen .	18	0:53	wenn es heißen sollen : " König von Preußen " so müssen d potworowsky'sche Amendement : " beim Titel d König d Titel Großherzog von Polen beibehalten " ebenso verändern werden , und da in Polen auch deutsch sein , so müssen d Titel heißen : Großherzog d Posener Pole und Deutsche .	KOUS PPER VVINF VMFIN $. $( NN APPR NE $( ADV VMFIN ART ADJA NN $. $( APPRART NN ART NN ART NN NN APPR NE VVIZU $( ADV VVPP VAINF $, KON ADV APPR NE ADV ADJA VAFIN $, ADV VMFIN ART NN VVINF $. NN ART ADJA NN KON NN $.	Wenn es heißen sollte : " König von Preußen " so müßte das Potworowsky'sche Amendement : " beim Titel des Königs den Titel Großherzog von Polen beizubehalten " ebenso verändert werden , und da in Polen auch Deutsche sind , so müßte der Titel heißen : Großherzog der Posener Polen und Deutschen .
Titel	NN	1848	1	nn_nrhz133_1848-528-19	 	D' Ester: Ich will nicht mehr darauf zurückgehen, auf den Mißbrauch, der mit den Orden und Titeln getrieben wurde, denn dieser Mißbrauch ist von dem Institute selbst nicht zu trennen.	91:97	0:183	D' Ester : Ich will nicht mehr darauf zurückgehen , auf den Mißbrauch , der mit den Orden und Titeln getrieben wurde , denn dieser Mißbrauch ist von dem Institute selbst nicht zu trennen .	19	0:35	D' Ester : ich wollen nicht mehr darauf zurückgehen , auf d Mißbrauch , die mit d Orden und Titel treiben werden , denn diese Mißbrauch sein von d Institut selbst nicht zu trennen .	NE NE $. PPER VMFIN PTKNEG ADV PAV VVINF $, APPR ART NN $, PRELS APPR ART NN KON NN VVPP VAFIN $, KON PDAT NN VAFIN APPR ART NN ADV PTKNEG PTKZU VVINF $.	D' Ester : Ich will nicht mehr darauf zurückgehen , auf den Mißbrauch , der mit den Orden und Titeln getrieben wurde , denn dieser Mißbrauch ist von dem Institute selbst nicht zu trennen .
Titel	NN	1848	1	nn_nrhz142ii_1848-69-29	 	Es ist die Folge davon, daß die National-Versammlung die Jagdberechtigung der Adligen auf dem Grund und Boden des Bauern als einen Raub aufgehoben, daß sie Adel und Titel abgeschafft hat, und eben im Begriff war die drückendsten Abgaben, welche auf Euch lasten unentgeldlich aufzuheben.	165:170	0:286	Es ist die Folge davon , daß die National-Versammlung die Jagdberechtigung der Adligen auf dem Grund und Boden des Bauern als einen Raub aufgehoben , daß sie Adel und Titel abgeschafft hat , und eben im Begriff war die drückendsten Abgaben , welche auf Euch lasten unentgeldlich aufzuheben .	29	0:49	es sein d Folge davon , daß d National-Versammlung d Jagdberechtigung d Adlige auf d Grund und Boden d Bauer als eine Raub aufheben , daß sie Adel und Titel abschaffen haben , und eben im Begriff sein d drückend Abgabe , welche auf ihr lasten unentgeltlich aufheben .	PPER VAFIN ART NN PAV $, KOUS ART NN ART NN ART NN APPR ART NN KON NN ART NN KOKOM ART NN VVPP $, KOUS PPER NN KON NN VVPP VAFIN $, KON ADV APPRART NN VAFIN ART ADJA NN $, PRELS APPR PPER VVFIN ADJD VVIZU $.	Es ist die Folge davon , daß die National-Versammlung die Jagdberechtigung der Adligen auf dem Grund und Boden des Bauern als einen Raub aufgehoben , daß sie Adel und Titel abgeschafft hat , und eben im Begriff war die drückendsten Abgaben , welche auf Euch lasten unentgeltlich aufzuheben .
Titel	NN	1848	1	nn_nrhz189b_1849-222-76	 	Dieses Blatt, welches die Partei der socialen Demokratie vertritt, erscheint unter Redaktion des Professor Kinkel täglich mit Ausnahme des Montags, und bringt, außer den neusten politischen Nachrichten und deren Besprechung in allgemein verständlichem Tone namentlich Berichte über den Stand der Demokratie im westlichen Deutschland, so wie über alles städtische, ferner ein Feuilleton mit zeitgemäßen Gedichten, Erzählungen und Aufsätzen, und ein Sonntagsblatt für Besprechung der socialen Fragen unter dem Titel: „Spartacus.“	508:513	0:527	Dieses Blatt , welches die Partei der socialen Demokratie vertritt , erscheint unter Redaktion des Professor Kinkel täglich mit Ausnahme des Montags , und bringt , außer den neusten politischen Nachrichten und deren Besprechung in allgemein verständlichem Tone namentlich Berichte über den Stand der Demokratie im westlichen Deutschland , so wie über alles städtische , ferner ein Feuilleton mit zeitgemäßen Gedichten , Erzählungen und Aufsätzen , und ein Sonntagsblatt für Besprechung der socialen Fragen unter dem Titel : „ Spartacus . “	76	0:82	diese Blatt , welche d Partei d sozial Demokratie vertreten , erscheinen unter Redaktion d Professor Kinkel täglich mit Ausnahme d Montag , und bringen , außer d neu politisch Nachricht und die Besprechung in allgemein verständlich Ton namentlich Bericht über d Stand d Demokratie im westlich Deutschland , so wie über alle städtisch , ferner eine Feuilleton mit zeitgemäß Gedicht , Erzählung und Aufsatz , und eine Sonntagsblatt für Besprechung d sozial Frage unter d Titel : " Spartakus . "	PDAT NN $, PRELS ART NN ART ADJA NN VVFIN $, VVFIN APPR NN ART NN NE ADJD APPR NN ART NN $, KON VVFIN $, APPR ART ADJA ADJA NN KON PRELAT NN APPR ADJD ADJA NN ADV NN APPR ART NN ART NN APPRART ADJA NE $, ADV KOKOM APPR PIAT ADJA $, ADV ART NN APPR ADJA NN $, NN KON NN $, KON ART NN APPR NN ART ADJA NN APPR ART NN $. $( NE $. $(	Dieses Blatt , welches die Partei der sozialen Demokratie vertritt , erscheint unter Redaktion des Professor Kinkel täglich mit Ausnahme des Montags , und bringt , außer den neusten politischen Nachrichten und deren Besprechung in allgemein verständlichem Tone namentlich Berichte über den Stand der Demokratie im westlichen Deutschland , so wie über alles städtische , ferner ein Feuilleton mit zeitgemäßen Gedichten , Erzählungen und Aufsätzen , und ein Sonntagsblatt für Besprechung der sozialen Fragen unter dem Titel : " Spartakus . "
Titel	NN	1848	1	nn_nrhz231b_1849-54-4	 	‒ Mazzini hat den Titel eines römischen Bürgers erhalten.	18:23	0:57	‒ Mazzini hat den Titel eines römischen Bürgers erhalten .	4	0:10	- Mazzini haben d Titel eine römisch Bürger erhalten .	$( NE VAFIN ART NN ART ADJA NN VVPP $.	- Mazzini hat den Titel eines römischen Bürgers erhalten .
Titel	NN	1839	1	ranke_reformation01_1839-585-20	 	Man hatte es beinahe in Vergessenheit gerathen lassen, daß es eine königliche Gewalt in Deutschland gebe; auch dieser Titel war abgekommen; schon Heinrich VII hielt es für eine Beleidigung, wenn man ihn König von Deutschland nannte, und nicht, wie er vor aller Krönung genannt zu werden das Recht hatte, König der Römer.	118:123	0:320	Man hatte es beinahe in Vergeſſenheit gerathen laſſen , daß es eine königliche Gewalt in Deutſchland gebe ; auch dieſer Titel war abgekommen ; ſchon Heinrich VII hielt es für eine Beleidigung , wenn man ihn König von Deutſchland nannte , und nicht , wie er vor aller Krönung genannt zu werden das Recht hatte , König der Römer .	20	0:60	man haben es beinahe in Vergeßenheit geraten lassen , daß es eine königlich Gewalt in Deutschland geben ; auch diese Titel sein abkommen ; schon Heinrich Vii halten es für eine Beleidigung , wenn man er König von Deutschland nennen , und nicht , wie er vor alle Krönung nennen zu werden d Recht haben , König d Römer .	PIS VAFIN PPER ADV APPR NN VVPP VVINF $, KOUS PPER ART ADJA NN APPR NE VVFIN $. ADV PDAT NN VAFIN VVPP $. ADV NE NE VVFIN PPER APPR ART NN $, KOUS PIS PPER NN APPR NE VVFIN $, KON PTKNEG $, PWAV PPER APPR PIAT NN VVPP PTKZU VAINF ART NN VAFIN $, NN ART NN $.	Man hatte es beinahe in Vergessenheit geraten lassen , daß es eine königliche Gewalt in Deutschland gebe ; auch dieser Titel war abgekommen ; schon Heinrich VII hielt es für eine Beleidigung , wenn man ihn König von Deutschland nannte , und nicht , wie er vor aller Krönung genannt zu werden das Recht hatte , König der Römer .
Titel	NN	1881	1	rein_japan01_1881-4452-28	 	Er hatte kurz zuvor zu Akuchi einen prächtigen Tempel erbauen, die Idole aller Götter des Landes und in ihrer Mitte eine Statue von sich selbst unter dem Titel Kusanti (erhabener Herrscher) aufstellen und derselben Reverenz erweisen lassen.	154:159	0:240	Er hatte kurz zuvor zu Akuchi einen prächtigen Tempel erbauen , die Idole aller Götter des Landes und in ihrer Mitte eine Statue von sich selbst unter dem Titel Kusanti ( erhabener Herrscher ) aufstellen und derselben Reverenz erweisen lassen .	28	0:41	er haben kurz zuvor zu Akuchi eine prächtig Tempel erbauen , d Idol alle Gott d Land und in ihr Mitte eine Statue von sich selbst unter d Titel Kusanti ( erhaben Herrscher ) aufstellen und dieselbe Reverenz erweisen lassen .	PPER VAFIN ADJD ADV APPR NE ART ADJA NN VVINF $, ART NN PIAT NN ART NN KON APPR PPOSAT NN ART NN APPR PRF ADV APPR ART NN NE $( ADJA NN $( VVINF KON PDAT NN VVINF VVINF $.	Er hatte kurz zuvor zu Akuchi einen prächtigen Tempel erbauen , die Idole aller Götter des Landes und in ihrer Mitte eine Statue von sich selbst unter dem Titel Kusanti ( erhabener Herrscher ) aufstellen und derselben Reverenz erweisen lassen .
Titel	NN	1881	1	robert_griechische_1881-1366-6	 	Darum ist kein Grund, dem Titel einen anderen als den zunächst liegenden und allein bezeugten Sinn zu geben.	26:31	0:108	Darum ist kein Grund , dem Titel einen anderen als den zunächst liegenden und allein bezeugten Sinn zu geben .	6	0:20	darum sein keine Grund , d Titel eine ander als d zunächst liegend und allein bezeugt Sinn zu geben .	PAV VAFIN PIAT NN $, ART NN ART ADJA KOKOM ART ADV ADJA KON ADV ADJA NN PTKZU VVINF $.	Darum ist kein Grund , dem Titel einen anderen als den zunächst liegenden und allein bezeugten Sinn zu geben .
Titel	NN	1840	1	savigny_system01_1840-2586-21	 	Ein ähnliches Mittel der Auslegung könnte man versucht seyn, in der Ordnung zu suchen, worin die einzelnen Stellen eines Titels gegen einander stehen, wenn diese Ordnung durch ihren Inhalt bestimmt würde.	121:127	0:204	Ein ähnliches Mittel der Auslegung könnte man verſucht ſeyn , in der Ordnung zu ſuchen , worin die einzelnen Stellen eines Titels gegen einander ſtehen , wenn dieſe Ordnung durch ihren Inhalt beſtimmt würde .	21	0:35	eine ähnlich Mittel d Auslegung können man versuchen sein , in d Ordnung zu suchen , worin d einzeln Stelle eine Titel gegen einander stehen , wenn diese Ordnung durch ihr Inhalt bestimmen werden .	ART ADJA NN ART NN VMFIN PIS VVPP VAINF $, APPR ART NN PTKZU VVINF $, PWAV ART ADJA NN ART NN APPR PRF VVINF $, KOUS PDAT NN APPR PPOSAT NN VVPP VAFIN $.	Ein ähnliches Mittel der Auslegung könnte man versucht sein , in der Ordnung zu suchen , worin die einzelnen Stellen eines Titels gegen einander stehen , wenn diese Ordnung durch ihren Inhalt bestimmt würde .
Titel	NN	1846	1	steub_tirol_1846-6476-16	 	In Folge dessen hielt er sich berechtigt, später nach dem Tode seiner Frau auf den Titel eines „kurbayrischen verwittweten Hoftirolers“ Anspruch zu machen.	83:88	0:155	In Folge dessen hielt er sich berechtigt , später nach dem Tode seiner Frau auf den Titel eines „ kurbayrischen verwittweten Hoftirolers “ Anspruch zu machen .	16	0:27	in Folge die halten er sich berechtigt , spät nach d Tod seine Frau auf d Titel eine " kurbayrisch verwitwet Hoftiroler " Anspruch zu machen .	APPR NN PDS VVFIN PPER PRF ADJD $, ADJD APPR ART NN PPOSAT NN APPR ART NN ART $( ADJA ADJA NN $( NN PTKZU VVINF $.	In Folge dessen hielt er sich berechtigt , später nach dem Tode seiner Frau auf den Titel eines " kurbayrischen verwitweten Hoftirolers " Anspruch zu machen .
Titel	NN	1894	1	treitschke_geschichte05_1894-2281-17	 	Um sich nicht zu übereilen berief er einige „Doktoren der Rechte“ zu sich — ein Titel, dem er hohen Werth beilegte — und erst als diese sich für die Einleitung eines Strafverfahrens aussprachen, gab er Schön zu wissen, er habe „Jacoby ’s Herausforderung angenommen“.	80:85	0:266	Um ſich nicht zu übereilen berief er einige „ Doktoren der Rechte “ zu ſich — ein Titel , dem er hohen Werth beilegte — und erſt als dieſe ſich für die Einleitung eines Strafverfahrens ausſprachen , gab er Schön zu wiſſen , er habe „ Jacoby ’s Herausforderung angenommen “ .	17	0:52	um sich nicht zu übereilen berufen er einige " Doktor d Rechte " zu sich -- eine Titel , die er hoch Wert beilegen -- und erst als diese sich für d Einleitung eine Strafeverfahren aussprechen , geben er schön zu wissen , er haben " Jacoby es Herausforderung annehmen " .	KOUI PRF PTKNEG PTKZU VVINF VVFIN PPER PIAT $( NN ART NN $( APPR PRF $( ART NN $, PRELS PPER ADJA NN VVFIN $( KON ADV KOKOM PDS PRF APPR ART NN ART NN VVFIN $, VVFIN PPER ADJD PTKZU VVINF $, PPER VAFIN $( NE PPER NN VVPP $( $.	Um sich nicht zu übereilen berief er einige " Doktoren der Rechte " zu sich -- ein Titel , dem er hohen Wert beilegte -- und erst als diese sich für die Einleitung eines Strafverfahrens aussprachen , gab er Schön zu wissen , er habe " Jacoby es Herausforderung angenommen " .
