identifier1	identifier2	annotator	judgment	comment	lemma	round
bib19277330_18951003_0_117_0002_alto.xml-87-15	bib15650814_18950103_146365_2_0003_alto.xml-59-1	annotator2	3.0	 	granskare	3
bib19223423_18270314_145063_21_0001_alto.xml-4-36	bib19277277_18950812_147683_217_0006_alto.xml-43-9	annotator2	1.0	 	granskare	3
bib11653828_18230621_144028_141_0002_alto.xml-10-36	bib19227462_18950424_147640_94_0005_alto.xml-125-6	annotator2	1.0	 	granskare	3
bib15873936_18960910_147385_105_0002_alto.xml-168-10	bib11653828_18281111_144028_259_0001_alto.xml-3-9	annotator2	1.0	 	granskare	3
bib11653828_17990727_144028_169_0001_alto.xml-1-74	bib19225772_18110927_148004_110_0003_alto.xml-1-4	annotator2	0.0	 	granskare	3
bib19277346_18120125_147394_4_0001_alto.xml-2-5	bib19277277_18950228_147683_58_0005_alto.xml-125-2	annotator2	0.0	 	granskare	3
bib11653828_18260710_144028_156_0003_alto.xml-8-11	bib11653830_18950104_146968_2_0003_alto.xml-60-28	annotator2	4.0	 	granskare	3
bib11653828_18281114_144028_262_0004_alto.xml-3-11	bib19223423_18270314_145063_21_0001_alto.xml-4-36	annotator2	4.0	 	granskare	3
bib11653828_18260907_144028_207_0003_alto.xml-6-148	bib19277277_18950726_147683_200_0008_alto.xml-34-5	annotator2	1.0	 	granskare	3
bib11653830_18981222_146968_100_0002_alto.xml-89-20	bib19227462_18951203_147640_282_0003_alto.xml-110-48	annotator2	2.0	 	granskare	3
bib19277277_18950421_147683_107_0002_alto.xml-158-8	bib19277277_18950202_147683_32_0002_alto.xml-52-51	annotator2	4.0	 	granskare	3
bib19225758_18950201_144022_27_0005_alto.xml-104-14	bib19227462_18950925_147640_223_0003_alto.xml-204-0	annotator2	3.0	 	granskare	3
bib15978012_18950923_148361_221_0003_alto.xml-2-24	bib19227462_18951203_147640_282_0003_alto.xml-110-48	annotator2	4.0	 	granskare	3
bib19227462_18950108_147640_6_0003_alto.xml-184-28	bib19227291_18971118_145289_139_0002_alto.xml-28-61	annotator2	4.0	 	granskare	3
bib11653828_18260907_144028_207_0003_alto.xml-6-148	bib19277277_18950726_147683_200_0008_alto.xml-34-5	annotator3	0.0	proper noun	granskare	3
bib11653790_18981118_145648_89_0005_alto.xml-46-27	bib19225772_18120408_148004_38_0002_alto.xml-3-7	annotator3	3.0	 	granskare	3
bib11653828_18260911_144028_210_0001_alto.xml-11-21	bib15978012_18950205_148361_30_0002_alto.xml-59-1	annotator3	3.0	 	granskare	3
bib11653828_18301214_144028_290_0002_alto.xml-16-3	bib11653828_18010122_144028_17_0002_alto.xml-0-66	annotator3	0.0	proper noun	granskare	3
bib11653828_18281114_144028_262_0003_alto.xml-9-63	bib11653811_19000420_145317_59_0003_alto.xml-85-2	annotator3	0.0	proper noun	granskare	3
bib19225758_18951116_144022_268_0006_alto.xml-51-69	bib11653811_18970317_145317_42_0002_alto.xml-77-17	annotator3	4.0	 	granskare	3
bib19225758_18951223_144022_299_0006_alto.xml-58-28	bib11653811_18960817_145317_125_0001_alto.xml-70-27	annotator3	4.0	 	granskare	3
bib19225772_18101116_148004_132_0002_alto.xml-0-55	bib11653790_18981118_145648_89_0005_alto.xml-46-27	annotator3	4.0	 	granskare	3
bib19520388_17990911_147487_37_0020_alto.xml-0-4	bib19277349_18950207_147403_18_0002_alto.xml-71-4	annotator3	0.0	unclear context	granskare	3
bib19223423_18270314_145063_21_0001_alto.xml-4-36	bib19277277_18950812_147683_217_0006_alto.xml-43-9	annotator3	0.0	proper noun	granskare	3
bib13506739_18271224_144030_301_0004_alto.xml-10-3	bib11653828_18281114_144028_262_0004_alto.xml-3-11	annotator3	0.0	proper noun	granskare	3
bib13506739_18201229_144030_302_0004_alto.xml-19-7	bib19277349_18950207_147403_18_0002_alto.xml-71-4	annotator3	0.0	proper noun	granskare	3
bib11653828_18130623_144028_142_0003_alto.xml-10-39	bib11653811_19030715_145317_107_0002_alto.xml-91-21	annotator3	0.0	proper noun	granskare	3
bib19227462_18950108_147640_6_0003_alto.xml-184-28	bib19227291_18971118_145289_139_0002_alto.xml-28-61	annotator3	4.0	 	granskare	3
bib15650837_18951203_146391_282_0002_alto.xml-141-7	bib11653828_17910913_144028_211_0001_alto.xml-1-2	annotator3	4.0	 	granskare	3
bib13506739_18240913_144030_212_0003_alto.xml-1-2	bib19277277_18301217_147682_294_0001_alto.xml-11-16	annotator3	0.0	proper noun	granskare	3
bib19225772_18110814_148004_91_0002_alto.xml-2-19	bib19349359_18950606_148383_66_0003_alto.xml-95-4	annotator3	0.0	proper noun	granskare	3
bib11653828_17910412_144028_84_0002_alto.xml-1-47	bib11653828_18301214_144028_290_0002_alto.xml-16-3	annotator4	0.0	 	granskare	3
bib13506739_18201229_144030_302_0004_alto.xml-19-7	bib19277349_18950207_147403_18_0002_alto.xml-71-4	annotator4	0.0	 	granskare	3
bib19225758_18950201_144022_27_0005_alto.xml-104-14	bib19227462_18950925_147640_223_0003_alto.xml-204-0	annotator4	4.0	 	granskare	3
bib15978012_18950923_148361_221_0003_alto.xml-2-24	bib19227462_18951203_147640_282_0003_alto.xml-110-48	annotator4	2.0	 	granskare	3
bib19225772_18110927_148004_110_0003_alto.xml-1-4	bib19227291_18971118_145289_139_0002_alto.xml-28-61	annotator4	0.0	 	granskare	3
bib11653830_18950109_146968_4_0001_alto.xml-70-5	bib11653828_18281114_144028_262_0003_alto.xml-9-63	annotator4	0.0	 	granskare	3
bib15975090_18960606_148377_70_0003_alto.xml-64-5	bib11653828_18281229_144028_298_0002_alto.xml-3-141	annotator4	0.0	 	granskare	3
bib13506739_18200626_144030_144_0002_alto.xml-8-11	bib11653830_18950109_146968_4_0001_alto.xml-70-5	annotator4	0.0	 	granskare	3
bib11653828_18030309_144028_55_0003_alto.xml-6-59	bib15650814_18950725_146365_171_0002_alto.xml-89-56	annotator4	4.0	 	granskare	3
bib19227462_18951102_147640_256_0005_alto.xml-64-7	bib19520388_18100711_147487_28_0005_alto.xml-0-23	annotator4	4.0	 	granskare	3
bib11653828_18300416_144028_86_0001_alto.xml-0-27	bib13506739_18240918_144030_217_0005_alto.xml-2-2	annotator4	0.0	 	granskare	3
bib19223423_18270314_145063_21_0001_alto.xml-4-36	bib19277277_18950812_147683_217_0006_alto.xml-43-9	annotator4	0.0	 	granskare	3
bib11653828_17920326_144028_72_0004_alto.xml-1-10	bib19277277_18950421_147683_107_0002_alto.xml-158-8	annotator4	0.0	 	granskare	3
bib11653828_18260907_144028_207_0003_alto.xml-6-148	bib19277277_18950726_147683_200_0008_alto.xml-34-5	annotator4	0.0	 	granskare	3
bib15650814_18950308_146365_58_0002_alto.xml-41-37	bib19223423_18270314_145063_21_0001_alto.xml-4-36	annotator4	0.0	 	granskare	3
bib11653828_18230621_144028_141_0002_alto.xml-10-36	bib19227462_18950424_147640_94_0005_alto.xml-125-6	annotator4	0.0	 	granskare	3
bib11653828_18260911_144028_210_0006_alto.xml-4-38	bib11653830_18950109_146968_4_0001_alto.xml-70-5	annotator4	0.0	 	granskare	3
bib11653828_18160105_144028_4_0001_alto.xml-12-9	bib19277277_18951023_147683_289_0004_alto.xml-25-4	annotator4	4.0	 	granskare	3
bib11653811_19030715_145317_107_0002_alto.xml-91-21	bib11653790_18981118_145648_89_0005_alto.xml-46-27	annotator4	0.0	 	granskare	3
bib15650837_18951203_146391_282_0002_alto.xml-141-7	bib11653828_17910913_144028_211_0001_alto.xml-1-2	annotator4	4.0	 	granskare	3
bib11653830_18950109_146968_4_0001_alto.xml-70-5	bib19225772_18110927_148004_110_0003_alto.xml-1-4	annotator4	0.0	 	granskare	3
bib13506739_18200701_144030_149_0003_alto.xml-6-10	bib13506739_18240918_144030_217_0005_alto.xml-2-2	annotator4	0.0	 	granskare	3
bib11653828_18301214_144028_290_0002_alto.xml-16-3	bib11653828_18010122_144028_17_0002_alto.xml-0-66	annotator4	0.0	 	granskare	3
bib11653830_18981027_146968_84_0002_alto.xml-86-34	bib19223423_18010902_145063_71_0004_alto.xml-0-14	annotator4	4.0	 	granskare	3
bib19277277_18950202_147683_32_0002_alto.xml-52-51	bib11653811_19001121_145317_181_0004_alto.xml-32-10	annotator4	4.0	 	granskare	3
bib11653828_18230621_144028_141_0002_alto.xml-10-36	bib19227462_18950424_147640_94_0005_alto.xml-125-6	annotator0	4.0	 	granskare	3
bib19277277_18950812_147683_217_0006_alto.xml-43-9	bib19225772_18101116_148004_132_0002_alto.xml-0-55	annotator0	4.0	 	granskare	3
bib11653830_18950109_146968_4_0001_alto.xml-70-5	bib11653828_18281114_144028_262_0003_alto.xml-9-63	annotator0	4.0	 	granskare	3
bib11653828_18260710_144028_156_0003_alto.xml-8-11	bib11653830_18950104_146968_2_0003_alto.xml-60-28	annotator0	4.0	 	granskare	3
bib11653828_18130623_144028_142_0003_alto.xml-10-39	bib11653811_19030715_145317_107_0002_alto.xml-91-21	annotator0	4.0	 	granskare	3
bib11653828_18260907_144028_207_0003_alto.xml-6-148	bib19277277_18950726_147683_200_0008_alto.xml-34-5	annotator0	4.0	 	granskare	3
bib11653828_18281114_144028_262_0003_alto.xml-10-50	bib19223423_18010902_145063_71_0004_alto.xml-0-14	annotator0	4.0	 	granskare	3
bib11653790_18981118_145648_89_0005_alto.xml-46-27	bib13506739_18271224_144030_301_0004_alto.xml-10-3	annotator0	3.0	 	granskare	3
bib11653828_18281114_144028_262_0004_alto.xml-5-13	bib11653828_18300415_144028_85_0002_alto.xml-7-7	annotator0	3.0	 	granskare	3
bib15650837_18951203_146391_282_0002_alto.xml-141-7	bib11653828_17910913_144028_211_0001_alto.xml-1-2	annotator0	3.0	 	granskare	3
bib19223423_18220206_145063_11_0003_alto.xml-4-21	bib19227462_18950925_147640_223_0003_alto.xml-204-0	annotator0	4.0	 	granskare	3
bib19277330_18951003_0_117_0002_alto.xml-87-15	bib15650814_18950103_146365_2_0003_alto.xml-59-1	annotator0	4.0	 	granskare	3
bib15650814_18950103_146365_2_0003_alto.xml-59-1	bib19225758_18950916_144022_215_0005_alto.xml-152-11	annotator0	4.0	 	granskare	3
bib15761570_18950126_146176_18_0003_alto.xml-129-12	bib19227462_18951102_147640_256_0005_alto.xml-64-7	annotator0	3.0	 	granskare	3
bib15650814_18950308_146365_58_0002_alto.xml-41-37	bib19227462_18950424_147640_94_0005_alto.xml-125-6	annotator0	4.0	 	granskare	3
bib13506739_18300405_144030_78_0001_alto.xml-2-25	bib13506739_18150510_144030_106_0016_alto.xml-4-5	annotator0	4.0	 	granskare	3
bib11653828_18281229_144028_298_0002_alto.xml-3-141	bib19225758_18950111_144022_9_0003_alto.xml-156-3	annotator0	4.0	 	granskare	3
bib11653828_18260828_144028_198_0003_alto.xml-1-42	bib11653828_18200219_144028_41_0001_alto.xml-8-13	annotator0	4.0	 	granskare	3
bib13506739_18201229_144030_302_0004_alto.xml-19-7	bib11653838_19020110_147024_2_0002_alto.xml-99-20	annotator0	4.0	 	granskare	3
bib11653811_18950308_145317_38_0004_alto.xml-31-3	bib15975090_18960606_148377_70_0003_alto.xml-64-5	annotator2	4.0	 	granskare	2
bib19225772_18110313_148004_30_0002_alto.xml-11-12	bib15650837_18951203_146391_282_0002_alto.xml-141-7	annotator2	4.0	 	granskare	2
bib15975087_18951221_145596_198_0003_alto.xml-126-1	bib15975090_18960606_148377_70_0003_alto.xml-64-5	annotator2	4.0	 	granskare	2
bib11653828_18230708_144028_154_0004_alto.xml-2-19	bib19223423_18220206_145063_11_0003_alto.xml-4-21	annotator2	4.0	 	granskare	2
bib11653811_19030627_145317_97_0002_alto.xml-147-39	bib11653811_19000420_145317_59_0003_alto.xml-85-2	annotator2	4.0	 	granskare	2
bib19277277_18950329_147683_86_0004_alto.xml-19-0	bib11653830_18950109_146968_4_0001_alto.xml-70-5	annotator2	4.0	 	granskare	2
bib19277277_18301217_147682_294_0001_alto.xml-11-16	bib13506739_18240913_144030_212_0003_alto.xml-1-2	annotator2	1.0	 	granskare	2
bib19227462_18950424_147640_94_0005_alto.xml-125-6	bib15650814_18950308_146365_58_0002_alto.xml-41-37	annotator2	2.0	 	granskare	2
bib11653828_18281229_144028_298_0002_alto.xml-3-87	bib15650837_18950730_146391_174_0004_alto.xml-105-2	annotator2	4.0	 	granskare	2
bib15650837_18951203_146391_282_0002_alto.xml-142-10	bib15650837_18951203_146391_282_0002_alto.xml-141-7	annotator2	4.0	 	granskare	2
bib11653828_17910913_144028_211_0001_alto.xml-1-2	bib19227462_18951024_147640_248_0003_alto.xml-29-4	annotator2	4.0	 	granskare	2
bib15650814_18951003_146365_231_0003_alto.xml-21-15	bib13506739_18240913_144030_212_0003_alto.xml-1-2	annotator2	4.0	 	granskare	2
bib13506739_18200626_144030_144_0002_alto.xml-8-11	bib11653830_18950109_146968_4_0001_alto.xml-70-5	annotator2	2.0	 	granskare	2
bib15975090_18950604_148377_65_0003_alto.xml-57-8	bib11653811_19000420_145317_59_0003_alto.xml-85-2	annotator2	3.0	 	granskare	2
bib19277277_18951023_147683_289_0004_alto.xml-25-4	bib19223423_18010902_145063_71_0004_alto.xml-0-14	annotator2	4.0	 	granskare	2
bib19225772_18110208_148004_16_0002_alto.xml-8-5	bib19225772_18110927_148004_110_0003_alto.xml-1-4	annotator2	4.0	 	granskare	2
bib11653811_18960817_145317_125_0001_alto.xml-70-27	bib19223423_18010902_145063_71_0004_alto.xml-0-14	annotator2	4.0	 	granskare	2
bib15650814_18951028_146365_252_0004_alto.xml-124-70	bib15650837_18951203_146391_282_0002_alto.xml-141-7	annotator2	4.0	 	granskare	2
bib19227462_18950116_147640_13_0003_alto.xml-26-36	bib13506739_18240913_144030_212_0003_alto.xml-1-2	annotator2	4.0	 	granskare	2
bib19277346_18100714_147394_26_0001_alto.xml-3-20	bib19227291_18971118_145289_139_0002_alto.xml-28-61	annotator2	4.0	 	granskare	2
bib11653828_18241116_144028_267_0001_alto.xml-3-10	bib15650837_18951203_146391_282_0002_alto.xml-141-7	annotator2	2.0	 	granskare	2
bib19225772_18110402_148004_37_0002_alto.xml-2-5	bib15650837_18950730_146391_174_0004_alto.xml-105-2	annotator2	4.0	 	granskare	2
bib11653828_18180619_144028_138_0003_alto.xml-5-31	bib19223423_18220206_145063_11_0003_alto.xml-4-21	annotator2	4.0	 	granskare	2
bib11653828_17920326_144028_72_0004_alto.xml-1-10	bib15650837_18951203_146391_282_0002_alto.xml-141-7	annotator2	3.0	 	granskare	2
bib11653828_18180619_144028_138_0003_alto.xml-2-13	bib19223423_18010902_145063_71_0004_alto.xml-0-14	annotator2	4.0	 	granskare	2
bib11653828_18180312_144028_59_0004_alto.xml-7-17	bib15650837_18950730_146391_174_0004_alto.xml-105-2	annotator2	3.0	 	granskare	2
bib11653828_18281229_144028_298_0002_alto.xml-7-40	bib19227291_18971118_145289_139_0002_alto.xml-28-61	annotator2	3.0	 	granskare	2
bib19277346_18100407_147394_12_0006_alto.xml-6-2	bib19223423_18220206_145063_11_0003_alto.xml-4-21	annotator2	4.0	 	granskare	2
bib19225758_18950129_144022_24_0001_alto.xml-19-9	bib15975090_18960606_148377_70_0003_alto.xml-64-5	annotator2	4.0	 	granskare	2
bib19520388_18120610_147487_24_0006_alto.xml-10-18	bib13506739_18240918_144030_217_0005_alto.xml-2-2	annotator2	4.0	 	granskare	2
bib13506739_18290522_144030_117_0001_alto.xml-19-13	bib11653830_18950109_146968_4_0001_alto.xml-70-5	annotator2	4.0	 	granskare	2
bib19277277_18951219_147683_346_0006_alto.xml-114-13	bib19223423_18010902_145063_71_0004_alto.xml-0-14	annotator2	4.0	 	granskare	2
bib15650814_18950103_146365_2_0003_alto.xml-59-1	bib11653828_18010122_144028_17_0002_alto.xml-0-66	annotator2	3.0	 	granskare	2
bib19227462_18951024_147640_248_0003_alto.xml-54-1	bib19225772_18110927_148004_110_0003_alto.xml-1-4	annotator2	1.0	 	granskare	2
bib13506739_18271224_144030_301_0004_alto.xml-10-3	bib13506739_18240918_144030_217_0005_alto.xml-2-2	annotator2	1.0	 	granskare	2
bib11653830_18950104_146968_2_0003_alto.xml-60-28	bib15975087_18951221_145596_198_0003_alto.xml-121-7	annotator2	4.0	 	granskare	2
bib11653828_17920319_144028_66_0003_alto.xml-21-9	bib19227291_18971118_145289_139_0002_alto.xml-28-61	annotator2	0.0	 	granskare	2
bib19277277_18950301_147683_59_0005_alto.xml-61-15	bib19223423_18010902_145063_71_0004_alto.xml-0-14	annotator2	3.0	 	granskare	2
bib19225758_18950410_144022_84_0006_alto.xml-78-2	bib15650837_18951203_146391_282_0002_alto.xml-141-7	annotator2	4.0	 	granskare	2
bib11653811_18970317_145317_42_0002_alto.xml-77-17	bib19225772_18110927_148004_110_0003_alto.xml-1-4	annotator2	4.0	 	granskare	2
bib11653838_19010913_147024_37_0003_alto.xml-177-9	bib11653828_18010122_144028_17_0002_alto.xml-0-66	annotator2	3.0	 	granskare	2
bib11653828_18281114_144028_262_0004_alto.xml-3-11	bib19223423_18010902_145063_71_0004_alto.xml-0-14	annotator2	2.0	 	granskare	2
bib11653828_18150626_144028_144_0002_alto.xml-3-43	bib13506739_18240918_144030_217_0005_alto.xml-2-2	annotator2	3.0	 	granskare	2
bib15873936_18960206_147385_15_0002_alto.xml-1-88	bib15975090_18960606_148377_70_0003_alto.xml-64-5	annotator2	3.0	 	granskare	2
bib11653828_18281111_144028_259_0001_alto.xml-3-9	bib11653828_18130623_144028_142_0003_alto.xml-10-39	annotator2	4.0	 	granskare	2
bib19520388_18100711_147487_28_0005_alto.xml-0-23	bib11653828_18010122_144028_17_0002_alto.xml-0-66	annotator2	4.0	 	granskare	2
bib11653811_19030715_145317_107_0002_alto.xml-91-21	bib15650814_18950308_146365_58_0002_alto.xml-41-37	annotator2	1.0	 	granskare	2
bib15873936_18960910_147385_105_0002_alto.xml-168-10	bib15975087_18951221_145596_198_0003_alto.xml-121-7	annotator2	3.0	 	granskare	2
bib11653828_18281229_144028_298_0002_alto.xml-3-141	bib15975090_18960606_148377_70_0003_alto.xml-64-5	annotator2	1.0	 	granskare	2
bib15873371_18951025_145112_291_0003_alto.xml-73-6	bib15650837_18951203_146391_282_0002_alto.xml-141-7	annotator2	4.0	 	granskare	2
bib19225772_18120408_148004_38_0002_alto.xml-3-7	bib15975090_18960606_148377_70_0003_alto.xml-64-5	annotator2	2.0	 	granskare	2
bib19277349_18950613_147403_77_0004_alto.xml-131-2	bib19223423_18220206_145063_11_0003_alto.xml-4-21	annotator2	4.0	 	granskare	2
bib11653828_18281103_144028_252_0001_alto.xml-7-1	bib11653828_18010122_144028_17_0002_alto.xml-0-66	annotator2	1.0	 	granskare	2
bib13506739_18150510_144030_106_0016_alto.xml-4-5	bib13506739_18240913_144030_212_0003_alto.xml-1-2	annotator2	4.0	 	granskare	2
bib11653828_17910913_144028_211_0001_alto.xml-1-2	bib15650837_18951203_146391_282_0002_alto.xml-141-7	annotator2	1.0	 	granskare	2
bib19225758_18950916_144022_215_0005_alto.xml-152-11	bib15975087_18951221_145596_198_0003_alto.xml-121-7	annotator2	4.0	 	granskare	2
bib19225772_18101116_148004_132_0002_alto.xml-0-55	bib11653828_18010122_144028_17_0002_alto.xml-0-66	annotator2	2.0	 	granskare	2
bib19227462_18951102_147640_256_0005_alto.xml-64-7	bib13506739_18240913_144030_212_0003_alto.xml-1-2	annotator2	3.0	 	granskare	2
bib19277277_18950812_147683_217_0006_alto.xml-43-9	bib11653828_18010122_144028_17_0002_alto.xml-0-66	annotator2	2.0	 	granskare	2
bib11653790_18981118_145648_89_0005_alto.xml-46-27	bib13506739_18240918_144030_217_0005_alto.xml-2-2	annotator2	2.0	 	granskare	2
bib11653830_18981027_146968_84_0002_alto.xml-86-34	bib19223423_18010902_145063_71_0004_alto.xml-0-14	annotator2	2.0	 	granskare	2
bib13506739_18250606_144030_127_0006_alto.xml-9-26	bib19223423_18010902_145063_71_0004_alto.xml-0-14	annotator2	1.0	 	granskare	2
bib15650814_18950502_146365_102_0003_alto.xml-39-6	bib19225772_18110927_148004_110_0003_alto.xml-1-4	annotator2	1.0	 	granskare	2
bib13506739_18290917_144030_215_0004_alto.xml-31-1	bib19223423_18010902_145063_71_0004_alto.xml-0-14	annotator2	3.0	 	granskare	2
bib11653830_18980922_146968_74_0002_alto.xml-55-0	bib15975090_18960606_148377_70_0003_alto.xml-64-5	annotator2	3.0	 	granskare	2
bib19225772_18081209_148004_141_0001_alto.xml-3-2	bib11653828_18010122_144028_17_0002_alto.xml-0-66	annotator2	3.0	 	granskare	2
bib11653828_18300416_144028_86_0001_alto.xml-0-27	bib13506739_18240918_144030_217_0005_alto.xml-2-2	annotator2	1.0	 	granskare	2
bib11653830_18950109_146968_4_0001_alto.xml-70-5	bib19225772_18110927_148004_110_0003_alto.xml-1-4	annotator2	1.0	 	granskare	2
bib11653828_18281029_144028_248_0002_alto.xml-6-18	bib11653828_18010122_144028_17_0002_alto.xml-0-66	annotator2	4.0	 	granskare	2
bib11653828_18301214_144028_290_0002_alto.xml-16-3	bib11653828_18010122_144028_17_0002_alto.xml-0-66	annotator2	1.0	 	granskare	2
bib15873371_18951126_145112_323_0002_alto.xml-27-10	bib15650837_18951203_146391_282_0002_alto.xml-141-7	annotator2	4.0	 	granskare	2
bib11653828_18241105_144028_258_0001_alto.xml-0-10	bib15975090_18960606_148377_70_0003_alto.xml-64-5	annotator2	1.0	 	granskare	2
bib19227462_18950925_147640_223_0003_alto.xml-204-0	bib19223423_18220206_145063_11_0003_alto.xml-4-21	annotator2	2.0	 	granskare	2
bib19520388_18120617_147487_25_0002_alto.xml-4-14	bib19223423_18010902_145063_71_0004_alto.xml-0-14	annotator2	3.0	 	granskare	2
bib19223423_18141012_145063_81_0002_alto.xml-1-0	bib19227291_18971118_145289_139_0002_alto.xml-28-61	annotator2	3.0	 	granskare	2
bib19225772_18120303_148004_25_0003_alto.xml-4-8	bib15975090_18960606_148377_70_0003_alto.xml-64-5	annotator2	3.0	 	granskare	2
bib13506739_18200701_144030_149_0003_alto.xml-6-10	bib13506739_18240918_144030_217_0005_alto.xml-2-2	annotator2	1.0	 	granskare	2
bib11653828_18260911_144028_210_0006_alto.xml-4-38	bib11653830_18950109_146968_4_0001_alto.xml-70-5	annotator2	1.0	 	granskare	2
bib19277349_18950207_147403_18_0002_alto.xml-71-4	bib19227291_18971118_145289_139_0002_alto.xml-28-61	annotator2	4.0	 	granskare	2
bib19223423_18270314_145063_21_0001_alto.xml-4-36	bib15650814_18950308_146365_58_0002_alto.xml-41-37	annotator2	1.0	 	granskare	2
bib15978012_18950220_148361_43_0002_alto.xml-122-2	bib13506739_18240918_144030_217_0005_alto.xml-2-2	annotator2	4.0	 	granskare	2
bib11653828_18281114_144028_262_0003_alto.xml-10-50	bib19223423_18010902_145063_71_0004_alto.xml-0-14	annotator2	1.0	 	granskare	2
bib15650814_18951028_146365_252_0004_alto.xml-124-70	bib15650837_18951203_146391_282_0002_alto.xml-141-7	annotator3	4.0	 	granskare	2
bib11653828_17910304_144028_52_0002_alto.xml-5-32	bib15650837_18951203_146391_282_0002_alto.xml-141-7	annotator3	4.0	 	granskare	2
bib11653828_18241105_144028_258_0001_alto.xml-0-10	bib15975090_18960606_148377_70_0003_alto.xml-64-5	annotator3	0.0	proper noun	granskare	2
bib11653830_18980922_146968_74_0002_alto.xml-55-0	bib15975090_18960606_148377_70_0003_alto.xml-64-5	annotator3	4.0	 	granskare	2
bib15761570_18951214_146176_207_0003_alto.xml-197-35	bib19225772_18110927_148004_110_0003_alto.xml-1-4	annotator3	0.0	proper noun	granskare	2
bib11653828_18230708_144028_154_0004_alto.xml-2-19	bib19223423_18220206_145063_11_0003_alto.xml-4-21	annotator3	4.0	 	granskare	2
bib19225772_18110313_148004_30_0002_alto.xml-11-12	bib15650837_18951203_146391_282_0002_alto.xml-141-7	annotator3	4.0	 	granskare	2
bib19277346_18120125_147394_4_0001_alto.xml-2-5	bib19227291_18971118_145289_139_0002_alto.xml-28-61	annotator3	4.0	 	granskare	2
bib19277277_18240916_147682_215_0002_alto.xml-9-1	bib15975090_18960606_148377_70_0003_alto.xml-64-5	annotator3	4.0	 	granskare	2
bib11653828_18010122_144028_17_0002_alto.xml-0-66	bib11653811_19000420_145317_59_0003_alto.xml-85-2	annotator3	4.0	 	granskare	2
bib13506739_18240113_144030_9_0004_alto.xml-11-30	bib15975087_18951221_145596_198_0003_alto.xml-121-7	annotator3	0.0	proper noun	granskare	2
bib13506739_18200701_144030_149_0003_alto.xml-6-10	bib13506739_18240918_144030_217_0005_alto.xml-2-2	annotator3	0.0	proper noun	granskare	2
bib19277277_18950228_147683_58_0005_alto.xml-79-37	bib19223423_18220206_145063_11_0003_alto.xml-4-21	annotator3	4.0	 	granskare	2
bib11653828_18281114_144028_262_0003_alto.xml-10-50	bib19223423_18010902_145063_71_0004_alto.xml-0-14	annotator3	4.0	 	granskare	2
bib13506739_18231224_144030_298_0003_alto.xml-1-2	bib15975087_18951221_145596_198_0003_alto.xml-121-7	annotator3	0.0	proper noun	granskare	2
bib19520388_18120617_147487_25_0002_alto.xml-4-14	bib19223423_18010902_145063_71_0004_alto.xml-0-14	annotator3	4.0	 	granskare	2
bib19227462_18950925_147640_223_0003_alto.xml-204-0	bib19223423_18220206_145063_11_0003_alto.xml-4-21	annotator3	4.0	 	granskare	2
bib11653828_18281103_144028_252_0001_alto.xml-7-1	bib11653828_18010122_144028_17_0002_alto.xml-0-66	annotator3	0.0	proper noun	granskare	2
bib11653828_18281104_144028_253_0002_alto.xml-9-88	bib15650814_18950308_146365_58_0002_alto.xml-41-37	annotator3	0.0	proper noun	granskare	2
bib11653828_18281229_144028_298_0002_alto.xml-3-141	bib15975090_18960606_148377_70_0003_alto.xml-64-5	annotator3	0.0	proper noun	granskare	2
bib19277346_18100407_147394_12_0006_alto.xml-6-2	bib19223423_18220206_145063_11_0003_alto.xml-4-21	annotator3	4.0	 	granskare	2
bib15650814_18950502_146365_102_0003_alto.xml-39-6	bib19225772_18110927_148004_110_0003_alto.xml-1-4	annotator3	0.0	proper noun	granskare	2
bib19225758_18951106_144022_259_0002_alto.xml-249-24	bib19225772_18221008_148004_115_0002_alto.xml-1-36	annotator3	4.0	 	granskare	2
bib11653828_18300416_144028_86_0001_alto.xml-0-27	bib13506739_18240918_144030_217_0005_alto.xml-2-2	annotator3	0.0	proper noun	granskare	2
bib11653828_18180619_144028_138_0003_alto.xml-2-13	bib19223423_18010902_145063_71_0004_alto.xml-0-14	annotator3	0.0	proper noun	granskare	2
bib11653811_19010329_145317_49_0003_alto.xml-158-36	bib11653828_18010122_144028_17_0002_alto.xml-0-66	annotator3	4.0	 	granskare	2
bib11653828_18281229_144028_298_0002_alto.xml-3-87	bib15650837_18950730_146391_174_0004_alto.xml-105-2	annotator3	0.0	proper noun	granskare	2
bib11653828_18241105_144028_258_0002_alto.xml-7-29	bib13506739_18240913_144030_212_0003_alto.xml-1-2	annotator3	0.0	proper noun	granskare	2
bib15650837_18950822_146391_194_0004_alto.xml-73-10	bib13506739_18240918_144030_217_0005_alto.xml-2-2	annotator3	4.0	 	granskare	2
bib19277277_18950726_147683_200_0008_alto.xml-34-5	bib15975090_18960606_148377_70_0003_alto.xml-64-5	annotator3	4.0	 	granskare	2
bib19223423_18141012_145063_81_0002_alto.xml-1-0	bib19227291_18971118_145289_139_0002_alto.xml-28-61	annotator3	4.0	 	granskare	2
bib19225758_18950410_144022_84_0006_alto.xml-78-2	bib15650837_18951203_146391_282_0002_alto.xml-141-7	annotator3	4.0	 	granskare	2
bib19227462_18951024_147640_248_0003_alto.xml-29-4	bib11653830_18950109_146968_4_0001_alto.xml-70-5	annotator3	4.0	 	granskare	2
bib13506739_18300405_144030_78_0001_alto.xml-2-25	bib15650837_18950730_146391_174_0004_alto.xml-105-2	annotator3	4.0	 	granskare	2
bib11653828_18180619_144028_138_0003_alto.xml-5-31	bib19223423_18220206_145063_11_0003_alto.xml-4-21	annotator3	4.0	 	granskare	2
bib19225772_18221008_148004_115_0002_alto.xml-1-36	bib13506739_18240913_144030_212_0003_alto.xml-1-2	annotator3	4.0	 	granskare	2
bib11653811_18960817_145317_125_0001_alto.xml-70-27	bib19223423_18010902_145063_71_0004_alto.xml-0-14	annotator3	4.0	 	granskare	2
bib11653806_18101117_145120_133_0005_alto.xml-11-16	bib19227291_18971118_145289_139_0002_alto.xml-28-61	annotator3	0.0	proper noun	granskare	2
bib19223423_18270314_145063_21_0001_alto.xml-4-36	bib15650814_18950308_146365_58_0002_alto.xml-41-37	annotator3	0.0	proper noun	granskare	2
bib19349359_18950606_148383_66_0003_alto.xml-95-4	bib11653830_18980922_146968_74_0002_alto.xml-55-0	annotator3	4.0	 	granskare	2
bib19225772_18120303_148004_25_0003_alto.xml-4-8	bib15975090_18960606_148377_70_0003_alto.xml-64-5	annotator3	0.0	proper noun	granskare	2
bib15760600_18951224_146401_152_0003_alto.xml-115-13	bib15975087_18951221_145596_198_0003_alto.xml-121-7	annotator3	4.0	 	granskare	2
bib19225772_18081209_148004_141_0001_alto.xml-3-2	bib11653828_18010122_144028_17_0002_alto.xml-0-66	annotator3	4.0	 	granskare	2
bib11653828_18180312_144028_59_0004_alto.xml-7-17	bib15650837_18950730_146391_174_0004_alto.xml-105-2	annotator3	4.0	 	granskare	2
bib19225772_18110927_148004_110_0003_alto.xml-1-4	bib19227291_18971118_145289_139_0002_alto.xml-28-61	annotator3	0.0	proper noun	granskare	2
bib19277277_18950228_147683_58_0005_alto.xml-125-2	bib19227291_18971118_145289_139_0002_alto.xml-28-61	annotator3	4.0	 	granskare	2
bib11653830_18950104_146968_2_0003_alto.xml-56-11	bib15650814_18950308_146365_58_0002_alto.xml-41-37	annotator3	0.0	proper noun	granskare	2
bib19277277_18950202_147683_32_0002_alto.xml-52-51	bib19223423_18010902_145063_71_0004_alto.xml-0-14	annotator3	4.0	 	granskare	2
bib19225758_18950129_144022_24_0001_alto.xml-19-9	bib15975090_18960606_148377_70_0003_alto.xml-64-5	annotator3	4.0	 	granskare	2
bib19227462_18950424_147640_94_0005_alto.xml-125-6	bib15650814_18950308_146365_58_0002_alto.xml-41-37	annotator3	4.0	 	granskare	2
bib11653828_18130623_144028_142_0003_alto.xml-10-39	bib15650837_18951203_146391_282_0002_alto.xml-141-7	annotator3	4.0	 	granskare	2
bib11653828_18281114_144028_262_0003_alto.xml-9-63	bib19227291_18971118_145289_139_0002_alto.xml-28-61	annotator3	0.0	proper noun	granskare	2
bib11653828_18281111_144028_259_0001_alto.xml-3-9	bib15650837_18951203_146391_282_0002_alto.xml-141-7	annotator3	0.0	proper noun	granskare	2
bib11653811_19030923_145317_147_0003_alto.xml-19-3	bib11653828_18010122_144028_17_0002_alto.xml-0-66	annotator3	4.0	 	granskare	2
bib11653828_17920319_144028_66_0003_alto.xml-2-1	bib13506739_18240918_144030_217_0005_alto.xml-2-2	annotator3	0.0	unclear context	granskare	2
bib11653828_18241116_144028_267_0001_alto.xml-3-10	bib15650837_18951203_146391_282_0002_alto.xml-141-7	annotator3	0.0	proper noun	granskare	2
bib11653830_18950109_146968_4_0001_alto.xml-70-5	bib19225772_18110927_148004_110_0003_alto.xml-1-4	annotator3	0.0	proper noun	granskare	2
bib13506739_18250606_144030_127_0005_alto.xml-3-41	bib11653830_18950109_146968_4_0001_alto.xml-70-5	annotator3	0.0	proper noun	granskare	2
bib19277349_18950207_147403_18_0002_alto.xml-71-4	bib19227291_18971118_145289_139_0002_alto.xml-28-61	annotator3	4.0	 	granskare	2
bib15978012_18950402_148361_77_0002_alto.xml-84-26	bib15975087_18951221_145596_198_0003_alto.xml-121-7	annotator3	4.0	 	granskare	2
bib19227462_18950108_147640_6_0003_alto.xml-184-28	bib15650814_18950308_146365_58_0002_alto.xml-41-37	annotator3	4.0	 	granskare	2
bib15975090_18960606_148377_70_0003_alto.xml-64-5	bib11653828_18281114_144028_262_0003_alto.xml-9-63	annotator3	0.0	proper noun	granskare	2
bib15650837_18951203_146391_282_0002_alto.xml-142-10	bib15650837_18951203_146391_282_0002_alto.xml-141-7	annotator3	4.0	 	granskare	2
bib11653811_18991227_145317_199_0004_alto.xml-27-25	bib13506739_18240913_144030_212_0003_alto.xml-1-2	annotator3	0.0	proper noun	granskare	2
bib19227462_18951024_147640_248_0003_alto.xml-54-1	bib19225772_18110927_148004_110_0003_alto.xml-1-4	annotator3	0.0	proper noun	granskare	2
bib11653828_18180619_144028_138_0003_alto.xml-5-31	bib13506739_18300405_144030_78_0001_alto.xml-2-25	annotator3	4.0	 	granskare	2
bib11653828_18301214_144028_290_0002_alto.xml-18-39	bib19223423_18010902_145063_71_0004_alto.xml-0-14	annotator3	4.0	 	granskare	2
bib11653828_18150626_144028_144_0002_alto.xml-3-43	bib13506739_18240918_144030_217_0005_alto.xml-2-2	annotator3	4.0	 	granskare	2
bib15650837_18950822_146391_194_0004_alto.xml-73-10	bib19227462_18950424_147640_94_0005_alto.xml-125-6	annotator3	4.0	 	granskare	2
bib11653828_18260911_144028_210_0006_alto.xml-4-38	bib11653830_18950109_146968_4_0001_alto.xml-70-5	annotator3	0.0	proper noun	granskare	2
bib19225758_18950916_144022_215_0005_alto.xml-152-11	bib15975087_18951221_145596_198_0003_alto.xml-121-7	annotator3	4.0	 	granskare	2
bib11653838_19010913_147024_37_0003_alto.xml-177-9	bib11653828_18010122_144028_17_0002_alto.xml-0-66	annotator3	4.0	 	granskare	2
bib13506739_18291026_144030_248_0004_alto.xml-20-2	bib19223423_18010902_145063_71_0004_alto.xml-0-14	annotator3	0.0	proper noun	granskare	2
bib19277346_18100714_147394_26_0001_alto.xml-3-20	bib19227291_18971118_145289_139_0002_alto.xml-28-61	annotator3	4.0	 	granskare	2
bib13506739_18250606_144030_127_0006_alto.xml-9-26	bib19223423_18010902_145063_71_0004_alto.xml-0-14	annotator3	0.0	proper noun	granskare	2
bib13506739_18231227_144030_299_0003_alto.xml-1-2	bib15650837_18951203_146391_282_0002_alto.xml-141-7	annotator3	0.0	proper noun	granskare	2
bib13506739_18290917_144030_215_0004_alto.xml-31-1	bib19223423_18010902_145063_71_0004_alto.xml-0-14	annotator3	0.0	proper noun	granskare	2
bib19277277_18951219_147683_346_0006_alto.xml-114-13	bib19223423_18010902_145063_71_0004_alto.xml-0-14	annotator3	4.0	 	granskare	2
bib11653838_19020110_147024_2_0002_alto.xml-99-20	bib11653828_18010122_144028_17_0002_alto.xml-0-66	annotator3	4.0	 	granskare	2
bib15650837_18950112_146391_10_0003_alto.xml-29-4	bib19227291_18971118_145289_139_0002_alto.xml-28-61	annotator3	4.0	 	granskare	2
bib15975090_18950604_148377_65_0003_alto.xml-57-8	bib11653811_19000420_145317_59_0003_alto.xml-85-2	annotator3	4.0	 	granskare	2
bib15761570_18951009_146176_167_0003_alto.xml-7-31	bib15650837_18951203_146391_282_0002_alto.xml-141-7	annotator3	4.0	 	granskare	2
bib11653828_17920319_144028_66_0003_alto.xml-21-9	bib19227291_18971118_145289_139_0002_alto.xml-28-61	annotator3	4.0	 	granskare	2
bib11653811_19020110_145317_4_0004_alto.xml-69-21	bib13506739_18240918_144030_217_0005_alto.xml-2-2	annotator3	4.0	 	granskare	2
bib11653828_18200219_144028_41_0001_alto.xml-8-13	bib11653828_18010122_144028_17_0002_alto.xml-0-66	annotator3	4.0	 	granskare	2
bib19277277_18951023_147683_289_0004_alto.xml-25-4	bib19223423_18010902_145063_71_0004_alto.xml-0-14	annotator3	4.0	 	granskare	2
bib11653828_18281111_144028_259_0001_alto.xml-0-2	bib19225772_18110927_148004_110_0003_alto.xml-1-4	annotator0	4.0	 	granskare	2
bib13506739_18290522_144030_117_0001_alto.xml-19-13	bib11653830_18950109_146968_4_0001_alto.xml-70-5	annotator0	4.0	 	granskare	2
bib19277277_18950228_147683_58_0005_alto.xml-79-37	bib19223423_18220206_145063_11_0003_alto.xml-4-21	annotator0	3.0	 	granskare	2
bib11653828_18210323_144028_69_0005_alto.xml-11-2	bib19225772_18110927_148004_110_0003_alto.xml-1-4	annotator0	4.0	 	granskare	2
bib19277277_18301217_147682_294_0001_alto.xml-11-16	bib13506739_18240913_144030_212_0003_alto.xml-1-2	annotator0	4.0	 	granskare	2
bib19277349_18950613_147403_77_0004_alto.xml-131-2	bib19277277_18240916_147682_215_0002_alto.xml-9-1	annotator0	4.0	 	granskare	2
bib19227462_18951024_147640_248_0003_alto.xml-29-4	bib11653830_18950109_146968_4_0001_alto.xml-70-5	annotator0	4.0	 	granskare	2
bib19225772_18110402_148004_37_0002_alto.xml-2-5	bib15650837_18950730_146391_174_0004_alto.xml-105-2	annotator0	4.0	 	granskare	2
bib19227462_18950116_147640_13_0003_alto.xml-24-64	bib19225772_18110927_148004_110_0003_alto.xml-1-4	annotator0	3.0	 	granskare	2
bib11653828_17920319_144028_66_0003_alto.xml-2-1	bib13506739_18240918_144030_217_0005_alto.xml-2-2	annotator0	3.0	 	granskare	2
bib15650814_18951002_146365_230_0002_alto.xml-153-27	bib15975090_18960606_148377_70_0003_alto.xml-64-5	annotator0	3.0	 	granskare	2
bib19277277_18280917_147682_217_0004_alto.xml-34-3	bib11653811_19000420_145317_59_0003_alto.xml-85-2	annotator0	4.0	 	granskare	2
bib19225772_18081209_148004_141_0001_alto.xml-3-2	bib11653828_18010122_144028_17_0002_alto.xml-0-66	annotator0	4.0	 	granskare	2
bib11653828_18281111_144028_259_0001_alto.xml-3-9	bib11653828_18130623_144028_142_0003_alto.xml-10-39	annotator0	4.0	 	granskare	2
bib19225758_18951106_144022_259_0002_alto.xml-249-24	bib11653828_18010122_144028_17_0002_alto.xml-0-66	annotator0	4.0	 	granskare	2
bib19277346_18110907_147394_36_0002_alto.xml-1-0	bib19225772_18110927_148004_110_0003_alto.xml-1-4	annotator0	4.0	 	granskare	2
bib15873371_18951126_145112_323_0002_alto.xml-27-10	bib15650837_18951203_146391_282_0002_alto.xml-141-7	annotator0	4.0	 	granskare	2
bib15873936_18960206_147385_15_0002_alto.xml-1-88	bib15975090_18960606_148377_70_0003_alto.xml-64-5	annotator0	3.0	 	granskare	2
bib19225758_18950410_144022_84_0006_alto.xml-78-2	bib15650837_18951203_146391_282_0002_alto.xml-141-7	annotator0	4.0	 	granskare	2
bib13506739_18300405_144030_78_0001_alto.xml-2-25	bib15650837_18950730_146391_174_0004_alto.xml-105-2	annotator0	4.0	 	granskare	2
bib19520388_18120617_147487_25_0002_alto.xml-7-14	bib15650837_18950730_146391_174_0004_alto.xml-105-2	annotator0	4.0	 	granskare	2
bib11653830_18981027_146968_84_0002_alto.xml-86-34	bib19223423_18010902_145063_71_0004_alto.xml-0-14	annotator0	3.0	 	granskare	2
bib11653828_18150626_144028_144_0002_alto.xml-3-43	bib13506739_18240918_144030_217_0005_alto.xml-2-2	annotator0	4.0	 	granskare	2
bib11653811_19021205_145317_187_0002_alto.xml-23-41	bib11653828_18010122_144028_17_0002_alto.xml-0-66	annotator0	4.0	 	granskare	2
bib19277277_18250425_147682_93_0002_alto.xml-18-1	bib11653830_18950109_146968_4_0001_alto.xml-70-5	annotator0	4.0	 	granskare	2
bib19277277_18951220_147683_347_0003_alto.xml-39-22	bib11653828_18010122_144028_17_0002_alto.xml-0-66	annotator0	4.0	 	granskare	2
bib11653790_18950308_145648_11_0006_alto.xml-183-7	bib19225772_18110927_148004_110_0003_alto.xml-1-4	annotator0	4.0	 	granskare	2
bib19277277_18951023_147683_289_0004_alto.xml-25-4	bib19223423_18010902_145063_71_0004_alto.xml-0-14	annotator0	4.0	 	granskare	2
bib11653830_18950109_146968_4_0001_alto.xml-70-5	bib19225772_18110927_148004_110_0003_alto.xml-1-4	annotator0	4.0	 	granskare	2
bib11653828_18281229_144028_298_0002_alto.xml-7-40	bib19227291_18971118_145289_139_0002_alto.xml-28-61	annotator0	4.0	 	granskare	2
bib15975087_18951221_145596_198_0003_alto.xml-126-1	bib15975090_18960606_148377_70_0003_alto.xml-64-5	annotator0	3.0	 	granskare	2
bib11653828_18300416_144028_86_0001_alto.xml-0-27	bib13506739_18240918_144030_217_0005_alto.xml-2-2	annotator0	4.0	 	granskare	2
bib13506739_18210117_144030_13_0012_alto.xml-15-12	bib15975087_18951221_145596_198_0003_alto.xml-121-7	annotator0	3.0	 	granskare	2
bib11653811_19001121_145317_181_0004_alto.xml-32-10	bib11653811_19000420_145317_59_0003_alto.xml-85-2	annotator0	4.0	 	granskare	2
bib11653790_18971217_145648_99_0003_alto.xml-69-1	bib15650814_18950308_146365_58_0002_alto.xml-41-37	annotator0	3.0	 	granskare	2
bib13506739_18250307_144030_54_0004_alto.xml-33-4	bib15975087_18951221_145596_198_0003_alto.xml-121-7	annotator0	3.0	 	granskare	2
bib11653828_18300415_144028_85_0002_alto.xml-7-7	bib15650837_18951203_146391_282_0002_alto.xml-141-7	annotator0	4.0	 	granskare	2
bib15761570_18951214_146176_207_0003_alto.xml-197-35	bib15978012_18950923_148361_221_0003_alto.xml-2-24	annotator0	4.0	 	granskare	2
bib15975090_18960606_148377_70_0003_alto.xml-64-5	bib11653828_18281114_144028_262_0003_alto.xml-9-63	annotator0	4.0	 	granskare	2
bib19227462_18951203_147640_282_0003_alto.xml-110-48	bib13506739_18240913_144030_212_0003_alto.xml-1-2	annotator0	4.0	 	granskare	2
bib19225772_18110313_148004_30_0002_alto.xml-11-12	bib15650837_18951203_146391_282_0002_alto.xml-141-7	annotator0	4.0	 	granskare	2
bib19227291_18950115_145289_6_0002_alto.xml-74-3	bib15650814_18950308_146365_58_0002_alto.xml-41-37	annotator0	3.0	 	granskare	2
bib15978012_18950205_148361_30_0002_alto.xml-59-1	bib15975087_18951221_145596_198_0003_alto.xml-121-7	annotator0	4.0	 	granskare	2
bib19277180_18951125_147374_96_0002_alto.xml-77-3	bib13506739_18240918_144030_217_0005_alto.xml-2-2	annotator0	3.0	 	granskare	2
bib11653828_18260911_144028_210_0006_alto.xml-4-38	bib11653830_18950109_146968_4_0001_alto.xml-70-5	annotator0	4.0	 	granskare	2
bib15650837_18950620_146391_141_0004_alto.xml-5-6	bib13506739_18240918_144030_217_0005_alto.xml-2-2	annotator0	4.0	 	granskare	2
bib11653828_18260710_144028_156_0004_alto.xml-1-34	bib19223423_18220206_145063_11_0003_alto.xml-4-21	annotator0	4.0	 	granskare	2
bib19520388_18120617_147487_25_0002_alto.xml-4-14	bib19223423_18010902_145063_71_0004_alto.xml-0-14	annotator0	4.0	 	granskare	2
bib19349359_18950606_148383_66_0003_alto.xml-95-4	bib19223423_18010902_145063_71_0004_alto.xml-0-14	annotator0	3.0	 	granskare	2
bib11653828_18180619_144028_138_0003_alto.xml-2-13	bib19223423_18010902_145063_71_0004_alto.xml-0-14	annotator0	4.0	 	granskare	2
bib19520388_17990911_147487_37_0020_alto.xml-0-4	bib11653811_18950308_145317_38_0004_alto.xml-31-3	annotator0	4.0	 	granskare	2
bib19349359_18950108_148383_3_0002_alto.xml-8-41	bib11653828_18010122_144028_17_0002_alto.xml-0-66	annotator0	3.0	 	granskare	2
bib19225772_18110809_148004_89_0002_alto.xml-3-19	bib15650814_18950308_146365_58_0002_alto.xml-41-37	annotator0	3.0	 	granskare	2
bib13506739_18250723_144030_167_0005_alto.xml-23-5	bib13506739_18240913_144030_212_0003_alto.xml-1-2	annotator0	4.0	 	granskare	2
bib19277277_18950301_147683_59_0005_alto.xml-61-15	bib19223423_18010902_145063_71_0004_alto.xml-0-14	annotator0	3.0	 	granskare	2
bib19520388_17990911_147487_37_0020_alto.xml-0-4	bib11653828_18010122_144028_17_0002_alto.xml-0-66	annotator0	4.0	 	granskare	2
bib11653828_18260828_144028_198_0003_alto.xml-0-18	bib15650814_18950308_146365_58_0002_alto.xml-41-37	annotator0	3.0	 	granskare	2
bib11653828_18230708_144028_154_0004_alto.xml-2-19	bib19223423_18220206_145063_11_0003_alto.xml-4-21	annotator0	4.0	 	granskare	2
bib15650837_18950822_146391_194_0004_alto.xml-73-10	bib19227462_18950424_147640_94_0005_alto.xml-125-6	annotator0	3.0	 	granskare	2
bib11653828_18281229_144028_298_0002_alto.xml-3-141	bib15975090_18960606_148377_70_0003_alto.xml-64-5	annotator0	4.0	 	granskare	2
bib19277277_18950202_147683_32_0002_alto.xml-52-51	bib19223423_18010902_145063_71_0004_alto.xml-0-14	annotator0	4.0	 	granskare	2
bib15650814_18950725_146365_171_0002_alto.xml-89-56	bib15650837_18950730_146391_174_0004_alto.xml-105-2	annotator0	4.0	 	granskare	2
bib19520388_18120610_147487_24_0006_alto.xml-10-18	bib13506739_18240918_144030_217_0005_alto.xml-2-2	annotator0	4.0	 	granskare	2
bib11653828_18281111_144028_259_0001_alto.xml-3-9	bib15650837_18951203_146391_282_0002_alto.xml-141-7	annotator0	4.0	 	granskare	2
bib15761570_18951009_146176_167_0003_alto.xml-7-31	bib15650837_18951203_146391_282_0002_alto.xml-141-7	annotator0	4.0	 	granskare	2
bib11653838_19010913_147024_37_0003_alto.xml-177-9	bib11653828_18010122_144028_17_0002_alto.xml-0-66	annotator0	4.0	 	granskare	2
bib11653828_18281114_144028_262_0003_alto.xml-9-63	bib19227291_18971118_145289_139_0002_alto.xml-28-61	annotator0	4.0	 	granskare	2
bib19277277_18950228_147683_58_0005_alto.xml-125-2	bib19227291_18971118_145289_139_0002_alto.xml-28-61	annotator0	3.0	 	granskare	2
bib13506739_18200701_144030_149_0003_alto.xml-6-10	bib13506739_18240918_144030_217_0005_alto.xml-2-2	annotator0	4.0	 	granskare	2
bib19277277_18240916_147682_215_0002_alto.xml-9-1	bib15975090_18960606_148377_70_0003_alto.xml-64-5	annotator0	4.0	 	granskare	2
bib11653828_18301214_144028_290_0002_alto.xml-16-3	bib11653828_18010122_144028_17_0002_alto.xml-0-66	annotator0	4.0	 	granskare	2
bib11653806_18101117_145120_133_0005_alto.xml-11-16	bib19227291_18971118_145289_139_0002_alto.xml-28-61	annotator0	4.0	 	granskare	2
bib19520388_18100711_147487_28_0005_alto.xml-0-23	bib11653828_18010122_144028_17_0002_alto.xml-0-66	annotator0	4.0	 	granskare	2
bib19223423_18270314_145063_21_0001_alto.xml-4-36	bib15650814_18950308_146365_58_0002_alto.xml-41-37	annotator0	3.0	 	granskare	2
bib11653828_18130623_144028_142_0003_alto.xml-10-39	bib15650837_18951203_146391_282_0002_alto.xml-141-7	annotator0	4.0	 	granskare	2
bib11653828_17920319_144028_66_0003_alto.xml-18-30	bib15975087_18951221_145596_198_0003_alto.xml-121-7	annotator0	3.0	 	granskare	2
bib11653828_18281103_144028_252_0001_alto.xml-7-53	bib19225772_18110927_148004_110_0003_alto.xml-1-4	annotator0	4.0	 	granskare	2
bib13506739_18231227_144030_299_0003_alto.xml-1-2	bib15650837_18951203_146391_282_0002_alto.xml-141-7	annotator0	4.0	 	granskare	2
bib11653828_18080819_144028_191_0002_alto.xml-0-25	bib15975090_18960606_148377_70_0003_alto.xml-64-5	annotator0	4.0	 	granskare	2
bib11653828_18281114_144028_262_0003_alto.xml-9-63	bib13506739_18240918_144030_217_0005_alto.xml-2-2	annotator0	4.0	 	granskare	2
bib11653828_18241103_144028_256_0004_alto.xml-5-16	bib15650814_18950308_146365_58_0002_alto.xml-41-37	annotator0	3.0	 	granskare	2
bib13506739_18200626_144030_144_0002_alto.xml-8-11	bib11653830_18950109_146968_4_0001_alto.xml-70-5	annotator0	4.0	 	granskare	2
bib13506739_18290520_144030_115_0004_alto.xml-29-5	bib13506739_18240918_144030_217_0005_alto.xml-2-2	annotator0	4.0	 	granskare	2
bib11653790_18970105_145648_1_0005_alto.xml-23-23	bib13506739_18240913_144030_212_0003_alto.xml-1-2	annotator0	3.0	 	granskare	2
bib19225758_18950111_144022_9_0003_alto.xml-156-3	bib19227291_18971118_145289_139_0002_alto.xml-28-61	annotator0	4.0	 	granskare	2
bib11653828_18230621_144028_141_0002_alto.xml-10-36	bib15650837_18950730_146391_174_0004_alto.xml-105-2	annotator0	4.0	 	granskare	2
bib15873936_18960910_147385_105_0002_alto.xml-168-10	bib11653790_18981118_145648_89_0005_alto.xml-46-27	annotator2	3.0	 	granskare	4
bib15873936_18960910_147385_105_0002_alto.xml-168-10	bib19277277_18301217_147682_294_0001_alto.xml-11-16	annotator2	1.0	 	granskare	4
bib19277277_18301217_147682_294_0001_alto.xml-11-16	bib19225772_18101116_148004_132_0002_alto.xml-0-55	annotator2	1.0	 	granskare	4
bib11653828_18281114_144028_262_0003_alto.xml-9-63	bib11653811_19000420_145317_59_0003_alto.xml-85-2	annotator2	1.0	 	granskare	4
bib11653828_18281114_144028_262_0004_alto.xml-3-11	bib19225772_18101116_148004_132_0002_alto.xml-0-55	annotator2	2.0	 	granskare	4
bib13506739_18200626_144030_144_0002_alto.xml-8-11	bib11653830_18950109_146968_4_0001_alto.xml-70-5	annotator3	0.0	proper noun	granskare	4
bib15975087_18951221_145596_198_0003_alto.xml-121-7	bib15873936_18960910_147385_105_0002_alto.xml-168-10	annotator3	4.0	 	granskare	4
bib19227462_18951203_147640_282_0003_alto.xml-110-48	bib15978012_18950923_148361_221_0003_alto.xml-2-24	annotator3	4.0	 	granskare	4
bib19227462_18951024_147640_248_0003_alto.xml-29-4	bib13506739_18250307_144030_54_0004_alto.xml-33-4	annotator3	0.0	proper noun	granskare	4
bib19225772_18120408_148004_38_0002_alto.xml-3-7	bib19277277_18950812_147683_217_0006_alto.xml-43-9	annotator3	0.0	proper noun	granskare	4
bib19225772_18120408_148004_38_0002_alto.xml-3-7	bib13506739_18271224_144030_301_0004_alto.xml-10-3	annotator3	0.0	proper noun	granskare	4
bib19227462_18950424_147640_94_0005_alto.xml-125-6	bib11653828_18230621_144028_141_0002_alto.xml-10-36	annotator3	4.0	 	granskare	4
bib19277277_18950812_147683_217_0006_alto.xml-43-9	bib15650837_18951203_146391_282_0002_alto.xml-142-10	annotator3	4.0	 	granskare	4
bib19277277_18950812_147683_217_0006_alto.xml-43-9	bib11653811_18970317_145317_42_0002_alto.xml-77-17	annotator4	4.0	 	granskare	4
bib11653828_18260828_144028_198_0003_alto.xml-0-18	bib15978012_18950205_148361_30_0002_alto.xml-59-1	annotator4	0.0	 	granskare	4
bib11653830_18981222_146968_100_0002_alto.xml-89-20	bib19225772_18120408_148004_38_0002_alto.xml-3-7	annotator4	0.0	 	granskare	4
bib19225772_18101116_148004_132_0002_alto.xml-0-55	bib19277346_18100714_147394_26_0001_alto.xml-3-20	annotator4	2.0	 	granskare	4
bib13506739_18240913_144030_212_0003_alto.xml-1-2	bib19277277_18301217_147682_294_0001_alto.xml-11-16	annotator4	0.0	 	granskare	4
bib19227462_18950424_147640_94_0005_alto.xml-125-6	bib19520388_18100711_147487_28_0005_alto.xml-0-23	annotator4	3.0	 	granskare	4
bib11653830_18981222_146968_100_0002_alto.xml-89-20	bib15873936_18960910_147385_105_0002_alto.xml-168-10	annotator4	4.0	 	granskare	4
bib13506739_18240913_144030_212_0003_alto.xml-1-2	bib15650837_18950730_146391_174_0004_alto.xml-105-2	annotator2	4.0	 	granskare	1
bib19223423_18010902_145063_71_0004_alto.xml-0-14	bib11653811_19000420_145317_59_0003_alto.xml-85-2	annotator2	4.0	 	granskare	1
bib15650814_18950308_146365_58_0002_alto.xml-41-37	bib11653828_18260710_144028_156_0004_alto.xml-4-8	annotator2	4.0	 	granskare	1
bib19227291_18971118_145289_139_0002_alto.xml-28-61	bib15975087_18951221_145596_198_0003_alto.xml-121-7	annotator2	4.0	 	granskare	1
bib11653828_18281114_144028_262_0003_alto.xml-9-63	bib13506739_18240918_144030_217_0005_alto.xml-2-2	annotator2	4.0	 	granskare	1
bib15650837_18951203_146391_282_0002_alto.xml-141-7	bib19227291_18971118_145289_139_0002_alto.xml-28-61	annotator2	4.0	 	granskare	1
bib11653828_18281114_144028_262_0003_alto.xml-9-63	bib19227291_18971118_145289_139_0002_alto.xml-28-61	annotator2	4.0	 	granskare	1
bib11653828_18010122_144028_17_0002_alto.xml-0-66	bib19225772_18110927_148004_110_0003_alto.xml-1-4	annotator2	4.0	 	granskare	1
bib19227291_18971118_145289_139_0002_alto.xml-28-61	bib15650814_18950308_146365_58_0002_alto.xml-41-37	annotator2	4.0	 	granskare	1
bib11653811_19000420_145317_59_0003_alto.xml-85-2	bib13506739_18240913_144030_212_0003_alto.xml-1-2	annotator2	4.0	 	granskare	1
bib15975090_18960606_148377_70_0003_alto.xml-64-5	bib11653828_18281114_144028_262_0003_alto.xml-9-63	annotator2	4.0	 	granskare	1
bib19223423_18010902_145063_71_0004_alto.xml-0-14	bib19223423_18220206_145063_11_0003_alto.xml-4-21	annotator2	4.0	 	granskare	1
bib13506739_18240913_144030_212_0003_alto.xml-1-2	bib19227291_18971118_145289_139_0002_alto.xml-28-61	annotator2	4.0	 	granskare	1
bib11653830_18950109_146968_4_0001_alto.xml-70-5	bib15650837_18951203_146391_282_0002_alto.xml-141-7	annotator2	4.0	 	granskare	1
bib19227291_18971118_145289_139_0002_alto.xml-28-61	bib19225772_18110927_148004_110_0003_alto.xml-1-4	annotator2	0.0	 	granskare	1
bib19223423_18010902_145063_71_0004_alto.xml-0-14	bib13506739_18240913_144030_212_0003_alto.xml-1-2	annotator2	4.0	 	granskare	1
bib15650837_18951203_146391_282_0002_alto.xml-141-7	bib15650814_18950308_146365_58_0002_alto.xml-41-37	annotator2	4.0	 	granskare	1
bib11653830_18950109_146968_4_0001_alto.xml-70-5	bib15650814_18950308_146365_58_0002_alto.xml-41-37	annotator2	4.0	 	granskare	1
bib19227291_18971118_145289_139_0002_alto.xml-28-61	bib19223423_18010902_145063_71_0004_alto.xml-0-14	annotator2	4.0	 	granskare	1
bib11653828_18281114_144028_262_0003_alto.xml-9-63	bib11653830_18950109_146968_4_0001_alto.xml-70-5	annotator2	2.0	 	granskare	1
bib19225772_18110927_148004_110_0003_alto.xml-1-4	bib11653830_18950109_146968_4_0001_alto.xml-70-5	annotator1	1.0	Right is a Proper Name of a subscription	granskare	1
bib15975090_18960606_148377_70_0003_alto.xml-64-5	bib11653828_18281114_144028_262_0003_alto.xml-9-63	annotator1	1.0	(1) is a proper name	granskare	1
bib11653811_19000420_145317_59_0003_alto.xml-85-2	bib11653828_18281114_144028_262_0003_alto.xml-9-63	annotator1	1.0	 	granskare	1
bib13506739_18240913_144030_212_0003_alto.xml-1-2	bib15650837_18950730_146391_174_0004_alto.xml-105-2	annotator1	4.0	 	granskare	1
bib15975090_18960606_148377_70_0003_alto.xml-64-5	bib15650837_18950730_146391_174_0004_alto.xml-105-2	annotator1	4.0	 	granskare	1
bib19227291_18971118_145289_139_0002_alto.xml-28-61	bib19223423_18220206_145063_11_0003_alto.xml-4-21	annotator1	4.0	 	granskare	1
bib19227291_18971118_145289_139_0002_alto.xml-28-61	bib19225772_18110927_148004_110_0003_alto.xml-1-4	annotator1	1.0	 	granskare	1
bib15975087_18951221_145596_198_0003_alto.xml-121-7	bib19223423_18010902_145063_71_0004_alto.xml-0-14	annotator1	4.0	 	granskare	1
bib11653828_18281114_144028_262_0003_alto.xml-9-63	bib13506739_18240918_144030_217_0005_alto.xml-2-2	annotator1	1.0	 	granskare	1
bib15650837_18950730_146391_174_0004_alto.xml-105-2	bib19227291_18971118_145289_139_0002_alto.xml-28-61	annotator1	4.0	both are a generic sort of observer, interrogator	granskare	1
bib15650814_18950308_146365_58_0002_alto.xml-41-37	bib13506739_18240913_144030_212_0003_alto.xml-1-2	annotator1	3.0	 	granskare	1
bib11653811_19000420_145317_59_0003_alto.xml-85-2	bib11653828_18010122_144028_17_0002_alto.xml-0-66	annotator1	1.0	(1) seems to be a proper name	granskare	1
bib11653828_18281114_144028_262_0003_alto.xml-9-63	bib11653830_18950109_146968_4_0001_alto.xml-70-5	annotator1	1.0	(1) is a proper name for a newspaper	granskare	1
bib11653830_18950109_146968_4_0001_alto.xml-70-5	bib15650837_18951203_146391_282_0002_alto.xml-141-7	annotator1	3.0	 	granskare	1
bib19223423_18010902_145063_71_0004_alto.xml-0-14	bib13506739_18240913_144030_212_0003_alto.xml-1-2	annotator1	4.0	 	granskare	1
bib15650837_18951203_146391_282_0002_alto.xml-141-7	bib11653811_19000420_145317_59_0003_alto.xml-85-2	annotator1	3.0	 	granskare	1
bib19223423_18010902_145063_71_0004_alto.xml-0-14	bib19223423_18220206_145063_11_0003_alto.xml-4-21	annotator1	3.0	left seems to be a specific auditor, right is the concept of an observer	granskare	1
bib11653830_18950109_146968_4_0001_alto.xml-70-5	bib13506739_18240918_144030_217_0005_alto.xml-2-2	annotator1	3.0	 	granskare	1
bib19227291_18971118_145289_139_0002_alto.xml-28-61	bib15975087_18951221_145596_198_0003_alto.xml-121-7	annotator1	4.0	 	granskare	1
bib19223423_18220206_145063_11_0003_alto.xml-4-21	bib13506739_18240913_144030_212_0003_alto.xml-1-2	annotator1	3.0	former seems to be an observer, whereas right is somebody hired to survey and look over files and such	granskare	1
bib15650837_18951203_146391_282_0002_alto.xml-141-7	bib11653811_19000420_145317_59_0003_alto.xml-85-2	annotator3	4.0	 	granskare	1
bib11653811_19000420_145317_59_0003_alto.xml-85-2	bib13506739_18240913_144030_212_0003_alto.xml-1-2	annotator3	4.0	 	granskare	1
bib11653828_18281114_144028_262_0003_alto.xml-9-63	bib13506739_18240918_144030_217_0005_alto.xml-2-2	annotator3	0.0	different lemma	granskare	1
bib15650837_18951203_146391_282_0002_alto.xml-141-7	bib15650814_18950308_146365_58_0002_alto.xml-41-37	annotator3	4.0	 	granskare	1
bib11653811_19000420_145317_59_0003_alto.xml-85-2	bib19227291_18971118_145289_139_0002_alto.xml-28-61	annotator3	4.0	 	granskare	1
bib19225772_17990806_148004_89_0003_alto.xml-12-19	bib15650837_18951203_146391_282_0002_alto.xml-141-7	annotator3	0.0	different lemma	granskare	1
bib11653828_18260710_144028_156_0004_alto.xml-4-8	bib11653811_19000420_145317_59_0003_alto.xml-85-2	annotator3	0.0	different lemma	granskare	1
bib19225772_18110927_148004_110_0003_alto.xml-1-4	bib11653811_19000420_145317_59_0003_alto.xml-85-2	annotator3	0.0	different lemma	granskare	1
bib13506739_18240913_144030_212_0003_alto.xml-1-2	bib11653830_18950109_146968_4_0001_alto.xml-70-5	annotator3	4.0	 	granskare	1
bib11653828_18281114_144028_262_0003_alto.xml-9-63	bib11653830_18950109_146968_4_0001_alto.xml-70-5	annotator3	0.0	different lemma	granskare	1
bib19227291_18971118_145289_139_0002_alto.xml-28-61	bib19223423_18220206_145063_11_0003_alto.xml-4-21	annotator3	4.0	 	granskare	1
bib11653811_19000420_145317_59_0003_alto.xml-85-2	bib15975090_18960606_148377_70_0003_alto.xml-64-5	annotator3	4.0	 	granskare	1
bib13506739_18240913_144030_212_0003_alto.xml-1-2	bib15650837_18950730_146391_174_0004_alto.xml-105-2	annotator3	4.0	 	granskare	1
bib19223423_18220206_145063_11_0003_alto.xml-4-21	bib11653811_19000420_145317_59_0003_alto.xml-85-2	annotator3	4.0	 	granskare	1
bib15650814_18950308_146365_58_0002_alto.xml-41-37	bib11653828_18260710_144028_156_0004_alto.xml-4-8	annotator3	0.0	different lemma	granskare	1
bib19223423_18220206_145063_11_0003_alto.xml-4-21	bib13506739_18240913_144030_212_0003_alto.xml-1-2	annotator3	4.0	 	granskare	1
bib19223423_18010902_145063_71_0004_alto.xml-0-14	bib11653828_18010122_144028_17_0002_alto.xml-0-66	annotator3	4.0	 	granskare	1
bib11653828_18010122_144028_17_0002_alto.xml-0-66	bib19225772_18110927_148004_110_0003_alto.xml-1-4	annotator3	0.0	different lemma	granskare	1
bib19227291_18971118_145289_139_0002_alto.xml-28-61	bib15975087_18951221_145596_198_0003_alto.xml-121-7	annotator3	4.0	 	granskare	1
bib13506739_18240913_144030_212_0003_alto.xml-1-2	bib11653828_18281114_144028_262_0003_alto.xml-9-63	annotator3	0.0	different lemma	granskare	1
bib19223423_18010902_145063_71_0004_alto.xml-0-14	bib11653828_18010122_144028_17_0002_alto.xml-0-66	annotator0	4.0	 	granskare	1
bib11653828_18281114_144028_262_0003_alto.xml-9-63	bib19225772_17990806_148004_89_0003_alto.xml-12-19	annotator0	4.0	 	granskare	1
bib15650837_18951203_146391_282_0002_alto.xml-141-7	bib15650814_18950308_146365_58_0002_alto.xml-41-37	annotator0	3.0	 	granskare	1
bib13506739_18240913_144030_212_0003_alto.xml-1-2	bib11653830_18950109_146968_4_0001_alto.xml-70-5	annotator0	4.0	 	granskare	1
bib13506739_18240918_144030_217_0005_alto.xml-2-2	bib19223423_18010902_145063_71_0004_alto.xml-0-14	annotator0	4.0	 	granskare	1
bib19223423_18010902_145063_71_0004_alto.xml-0-14	bib11653811_19000420_145317_59_0003_alto.xml-85-2	annotator0	4.0	 	granskare	1
bib13506739_18240918_144030_217_0005_alto.xml-2-2	bib15650837_18951203_146391_282_0002_alto.xml-141-7	annotator0	3.0	 	granskare	1
bib11653828_18010122_144028_17_0002_alto.xml-0-66	bib15975090_18960606_148377_70_0003_alto.xml-64-5	annotator0	3.0	 	granskare	1
bib19227291_18971118_145289_139_0002_alto.xml-28-61	bib15650814_18950308_146365_58_0002_alto.xml-41-37	annotator0	4.0	 	granskare	1
bib19225772_18110927_148004_110_0003_alto.xml-1-4	bib11653811_19000420_145317_59_0003_alto.xml-85-2	annotator0	4.0	 	granskare	1
bib15650837_18951203_146391_282_0002_alto.xml-141-7	bib19227291_18971118_145289_139_0002_alto.xml-28-61	annotator0	3.0	 	granskare	1
bib13506739_18240913_144030_212_0003_alto.xml-1-2	bib19227291_18971118_145289_139_0002_alto.xml-28-61	annotator0	4.0	 	granskare	1
bib15650814_18950308_146365_58_0002_alto.xml-41-37	bib13506739_18240913_144030_212_0003_alto.xml-1-2	annotator0	4.0	 	granskare	1
bib15650837_18950730_146391_174_0004_alto.xml-105-2	bib19223423_18010902_145063_71_0004_alto.xml-0-14	annotator0	3.0	 	granskare	1
bib11653811_19000420_145317_59_0003_alto.xml-85-2	bib13506739_18240913_144030_212_0003_alto.xml-1-2	annotator0	4.0	 	granskare	1
bib11653828_18010122_144028_17_0002_alto.xml-0-66	bib19225772_18110927_148004_110_0003_alto.xml-1-4	annotator0	4.0	 	granskare	1
bib11653830_18950109_146968_4_0001_alto.xml-70-5	bib15650814_18950308_146365_58_0002_alto.xml-41-37	annotator0	4.0	 	granskare	1
bib19223423_18220206_145063_11_0003_alto.xml-4-21	bib13506739_18240913_144030_212_0003_alto.xml-1-2	annotator0	3.0	 	granskare	1
bib11653811_19000420_145317_59_0003_alto.xml-85-2	bib15975090_18960606_148377_70_0003_alto.xml-64-5	annotator0	3.0	 	granskare	1
bib11653811_19000420_145317_59_0003_alto.xml-85-2	bib11653828_18010122_144028_17_0002_alto.xml-0-66	annotator0	4.0	 	granskare	1
bib15975087_18951221_145596_198_0003_alto.xml-121-7	bib19223423_18010902_145063_71_0004_alto.xml-0-14	annotator0	4.0	 	granskare	1
bib13506739_18290520_144030_115_0004_alto.xml-29-5	bib15975090_18950604_148377_65_0003_alto.xml-57-8	annotator0	3.0	 	granskare	5
bib19277277_18301217_147682_294_0001_alto.xml-11-16	bib11653828_18260911_144028_210_0001_alto.xml-11-21	annotator0	3.0	 	granskare	5
bib11653828_18210323_144028_69_0005_alto.xml-11-2	bib19277346_18110907_147394_36_0002_alto.xml-1-0	annotator0	4.0	 	granskare	5
bib11653828_18300415_144028_85_0002_alto.xml-7-7	bib13506739_18240918_144030_217_0005_alto.xml-2-2	annotator0	4.0	 	granskare	5
bib19225758_18951116_144022_268_0006_alto.xml-51-69	bib19227291_18950115_145289_6_0002_alto.xml-74-3	annotator0	4.0	 	granskare	5
bib19225758_18951116_144022_268_0006_alto.xml-51-69	bib13506739_18300405_144030_78_0001_alto.xml-2-25	annotator0	4.0	 	granskare	5
bib11653811_19000420_145317_59_0003_alto.xml-85-2	bib19227462_18950108_147640_6_0003_alto.xml-184-28	annotator0	4.0	 	granskare	5
bib11653828_18281103_144028_252_0001_alto.xml-7-53	bib19277346_18110907_147394_36_0002_alto.xml-1-0	annotator0	4.0	 	granskare	5
bib15873936_18960206_147385_15_0002_alto.xml-1-88	bib11653830_18981027_146968_84_0002_alto.xml-86-34	annotator0	3.0	 	granskare	5
bib19223423_18220206_145063_11_0003_alto.xml-4-21	bib19277277_18250425_147682_93_0002_alto.xml-18-1	annotator0	4.0	 	granskare	5
bib19227462_18951024_147640_248_0003_alto.xml-29-4	bib15650837_18950822_146391_194_0004_alto.xml-73-10	annotator0	3.0	 	granskare	5
bib19277277_18951023_147683_289_0004_alto.xml-25-4	bib11653811_19030923_145317_147_0003_alto.xml-19-3	annotator0	4.0	 	granskare	5
bib11653828_18210323_144028_69_0005_alto.xml-11-2	bib15873936_18960910_147385_105_0002_alto.xml-168-10	annotator0	4.0	 	granskare	5
bib19277277_18240916_147682_215_0002_alto.xml-9-1	bib15873936_18960910_147385_105_0002_alto.xml-168-10	annotator0	4.0	 	granskare	5
bib19277346_18100407_147394_12_0006_alto.xml-6-2	bib11653811_18960817_145317_125_0001_alto.xml-70-27	annotator0	4.0	 	granskare	5
bib19223423_18220206_145063_11_0003_alto.xml-4-21	bib19225772_18110402_148004_37_0002_alto.xml-2-5	annotator0	4.0	 	granskare	5
bib11653828_18281114_144028_262_0004_alto.xml-3-11	bib11653830_18981222_146968_100_0002_alto.xml-89-20	annotator0	3.0	 	granskare	5
bib19227462_18951024_147640_248_0003_alto.xml-29-4	bib11653828_18180619_144028_138_0003_alto.xml-5-31	annotator0	4.0	 	granskare	5
bib19225772_18110208_148004_16_0002_alto.xml-8-5	bib11653790_18950308_145648_11_0006_alto.xml-183-7	annotator0	4.0	 	granskare	5
bib11653790_18950308_145648_11_0006_alto.xml-183-7	bib11653828_18281111_144028_259_0001_alto.xml-0-2	annotator0	4.0	 	granskare	5
bib19277277_18301217_147682_294_0001_alto.xml-11-16	bib11653790_18950308_145648_11_0006_alto.xml-183-7	annotator0	4.0	 	granskare	5
bib19225758_18950129_144022_24_0001_alto.xml-19-9	bib11653811_18970317_145317_42_0002_alto.xml-77-17	annotator0	3.0	 	granskare	5
bib19277346_18110907_147394_36_0002_alto.xml-1-0	bib19277277_18301217_147682_294_0001_alto.xml-11-16	annotator0	4.0	 	granskare	5
bib19277330_18951003_0_117_0002_alto.xml-87-15	bib19277277_18950812_147683_217_0006_alto.xml-43-9	annotator0	3.0	 	granskare	5
bib11653828_18281111_144028_259_0001_alto.xml-0-2	bib19277277_18301217_147682_294_0001_alto.xml-11-16	annotator0	4.0	 	granskare	5
bib11653790_18950308_145648_11_0006_alto.xml-183-7	bib11653828_18281103_144028_252_0001_alto.xml-7-53	annotator0	4.0	 	granskare	5
bib19227462_18951024_147640_248_0003_alto.xml-29-4	bib19225772_18221008_148004_115_0002_alto.xml-1-36	annotator0	4.0	 	granskare	5
bib19223423_18141012_145063_81_0002_alto.xml-1-0	bib19227462_18950108_147640_6_0003_alto.xml-184-28	annotator0	4.0	 	granskare	5
bib19277330_18951003_0_117_0002_alto.xml-87-15	bib19225772_18110208_148004_16_0002_alto.xml-8-5	annotator0	4.0	 	granskare	5
bib19277346_18110907_147394_36_0002_alto.xml-1-0	bib11653828_18281114_144028_262_0004_alto.xml-3-11	annotator0	4.0	 	granskare	5
bib19227462_18950116_147640_13_0003_alto.xml-24-64	bib15873936_18960910_147385_105_0002_alto.xml-168-10	annotator0	3.0	 	granskare	5
bib11653828_18281114_144028_262_0004_alto.xml-3-11	bib19227462_18950116_147640_13_0003_alto.xml-24-64	annotator0	3.0	 	granskare	5
bib19227462_18950116_147640_13_0003_alto.xml-26-36	bib19277277_18950329_147683_86_0004_alto.xml-19-0	annotator0	4.0	 	granskare	5
bib11653828_18260911_144028_210_0001_alto.xml-11-21	bib11653828_18210323_144028_69_0005_alto.xml-11-2	annotator0	4.0	 	granskare	5
bib19227291_18971118_145289_139_0002_alto.xml-28-61	bib19225772_18101116_148004_132_0002_alto.xml-0-55	annotator0	4.0	 	granskare	5
bib11653828_18281114_144028_262_0004_alto.xml-5-13	bib11653828_17910913_144028_211_0001_alto.xml-1-2	annotator0	4.0	 	granskare	5
bib19225772_18101116_148004_132_0002_alto.xml-0-55	bib15650837_18951203_146391_282_0002_alto.xml-142-10	annotator0	3.0	 	granskare	5
bib19225772_18081209_148004_141_0001_alto.xml-3-2	bib11653828_18080819_144028_191_0002_alto.xml-0-25	annotator0	4.0	 	granskare	5
bib11653828_18260911_144028_210_0001_alto.xml-11-21	bib11653828_17910304_144028_52_0002_alto.xml-5-32	annotator0	4.0	 	granskare	5
bib15873936_18960910_147385_105_0002_alto.xml-168-10	bib11653830_18950109_146968_4_0001_alto.xml-70-5	annotator0	4.0	 	granskare	5
bib13506739_18150510_144030_106_0016_alto.xml-4-5	bib19277277_18950812_147683_217_0006_alto.xml-43-9	annotator0	3.0	 	granskare	5
bib19277277_18950726_147683_200_0008_alto.xml-34-5	bib19225772_18110402_148004_37_0002_alto.xml-2-5	annotator0	4.0	 	granskare	5
bib11653790_18950308_145648_11_0006_alto.xml-183-7	bib15975087_18951221_145596_198_0003_alto.xml-126-1	annotator0	3.0	 	granskare	5
bib11653828_18281103_144028_252_0001_alto.xml-7-53	bib15650814_18951028_146365_252_0004_alto.xml-124-70	annotator0	4.0	 	granskare	5
bib11653838_19020110_147024_2_0002_alto.xml-99-20	bib15873936_18960910_147385_105_0002_alto.xml-168-10	annotator0	3.0	 	granskare	5
bib19277346_18110907_147394_36_0002_alto.xml-1-0	bib15873936_18960910_147385_105_0002_alto.xml-168-10	annotator0	4.0	 	granskare	5
bib15978012_18950220_148361_43_0002_alto.xml-122-2	bib15650814_18951003_146365_231_0003_alto.xml-21-15	annotator0	4.0	 	granskare	5
bib15650837_18950730_146391_174_0004_alto.xml-105-2	bib19227462_18950925_147640_223_0003_alto.xml-204-0	annotator0	3.0	 	granskare	5
bib11653828_18241103_144028_256_0004_alto.xml-5-16	bib11653828_17910913_144028_211_0001_alto.xml-1-2	annotator0	4.0	 	granskare	5
bib19277277_18950812_147683_217_0006_alto.xml-43-9	bib11653828_18260828_144028_198_0003_alto.xml-1-42	annotator0	3.0	 	granskare	5
bib11653828_18281103_144028_252_0001_alto.xml-7-53	bib19277277_18950812_147683_217_0006_alto.xml-43-9	annotator0	3.0	 	granskare	5
bib11653828_17910913_144028_211_0001_alto.xml-1-2	bib11653811_19001121_145317_181_0004_alto.xml-32-10	annotator0	3.0	 	granskare	5
bib11653838_19020110_147024_2_0002_alto.xml-99-20	bib19225772_18101116_148004_132_0002_alto.xml-0-55	annotator0	3.0	 	granskare	5
bib13506739_18210117_144030_13_0012_alto.xml-15-12	bib19277277_18950812_147683_217_0006_alto.xml-43-9	annotator0	3.0	 	granskare	5
bib15978012_18950923_148361_221_0003_alto.xml-2-24	bib19277277_18950812_147683_217_0006_alto.xml-43-9	annotator0	3.0	 	granskare	5
bib15650837_18951203_146391_282_0002_alto.xml-142-10	bib15873936_18960910_147385_105_0002_alto.xml-168-10	annotator0	3.0	 	granskare	5
bib19277277_18950228_147683_58_0005_alto.xml-79-37	bib11653811_19001121_145317_181_0004_alto.xml-32-10	annotator0	4.0	 	granskare	5
bib11653838_19010913_147024_37_0003_alto.xml-177-9	bib11653811_19001121_145317_181_0004_alto.xml-32-10	annotator0	3.0	 	granskare	5
bib19277277_18950812_147683_217_0006_alto.xml-43-9	bib15873936_18960910_147385_105_0002_alto.xml-168-10	annotator0	3.0	 	granskare	5
bib19277349_18950613_147403_77_0004_alto.xml-131-2	bib19277277_18950812_147683_217_0006_alto.xml-43-9	annotator0	3.0	 	granskare	5
bib11653828_18281029_144028_248_0002_alto.xml-6-18	bib13506739_18290520_144030_115_0004_alto.xml-29-5	annotator0	4.0	 	granskare	5
bib11653828_18210323_144028_69_0005_alto.xml-11-2	bib19225758_18950201_144022_27_0005_alto.xml-104-14	annotator0	4.0	 	granskare	5
bib11653828_18281029_144028_248_0002_alto.xml-6-18	bib19225772_18101116_148004_132_0002_alto.xml-0-55	annotator0	4.0	 	granskare	5
bib19227462_18950116_147640_13_0003_alto.xml-24-64	bib11653828_18281111_144028_259_0001_alto.xml-0-2	annotator0	4.0	 	granskare	5
bib11653828_18210323_144028_69_0005_alto.xml-11-2	bib19225772_18101116_148004_132_0002_alto.xml-0-55	annotator0	4.0	 	granskare	5
bib11653828_18300415_144028_85_0002_alto.xml-7-7	bib11653830_18981027_146968_84_0002_alto.xml-86-34	annotator0	3.0	 	granskare	5
bib11653828_18210323_144028_69_0005_alto.xml-11-2	bib11653828_18281111_144028_259_0001_alto.xml-0-2	annotator0	4.0	 	granskare	5
bib11653828_18260911_144028_210_0001_alto.xml-11-21	bib19227462_18950116_147640_13_0003_alto.xml-24-64	annotator0	3.0	 	granskare	5
bib15650814_18950103_146365_2_0003_alto.xml-59-1	bib13506739_18300405_144030_78_0001_alto.xml-2-25	annotator0	3.0	 	granskare	5
bib11653828_18281103_144028_252_0001_alto.xml-7-53	bib19225772_18110208_148004_16_0002_alto.xml-8-5	annotator0	4.0	 	granskare	5
bib11653790_18950308_145648_11_0006_alto.xml-183-7	bib19227462_18950116_147640_13_0003_alto.xml-24-64	annotator0	3.0	 	granskare	5
bib11653838_19020110_147024_2_0002_alto.xml-99-20	bib15873371_18951126_145112_323_0002_alto.xml-27-10	annotator0	3.0	 	granskare	5
bib19227462_18950116_147640_13_0003_alto.xml-24-64	bib11653790_18981118_145648_89_0005_alto.xml-46-27	annotator0	3.0	 	granskare	5
bib19227462_18950116_147640_13_0003_alto.xml-24-64	bib19225772_18110208_148004_16_0002_alto.xml-8-5	annotator0	3.0	 	granskare	5
bib19225772_18110208_148004_16_0002_alto.xml-8-5	bib19277277_18950812_147683_217_0006_alto.xml-43-9	annotator0	3.0	 	granskare	5
bib11653828_18260911_144028_210_0001_alto.xml-11-21	bib13506739_18150510_144030_106_0016_alto.xml-4-5	annotator0	4.0	 	granskare	5
bib11653828_18260710_144028_156_0004_alto.xml-1-34	bib19277277_18250425_147682_93_0002_alto.xml-18-1	annotator0	4.0	 	granskare	5
bib11653828_18080819_144028_191_0002_alto.xml-0-25	bib11653828_18281114_144028_262_0004_alto.xml-5-13	annotator0	4.0	 	granskare	5
bib15650837_18950620_146391_141_0004_alto.xml-5-6	bib15978012_18950220_148361_43_0002_alto.xml-122-2	annotator0	4.0	 	granskare	5
bib11653828_18281114_144028_262_0004_alto.xml-3-11	bib11653828_18281111_144028_259_0001_alto.xml-0-2	annotator0	4.0	 	granskare	5
bib11653790_18950308_145648_11_0006_alto.xml-183-7	bib11653828_18260911_144028_210_0001_alto.xml-11-21	annotator0	4.0	 	granskare	5
bib15650837_18950730_146391_174_0004_alto.xml-105-2	bib11653811_18950308_145317_38_0004_alto.xml-31-3	annotator0	4.0	 	granskare	5
bib11653838_19010913_147024_37_0003_alto.xml-177-9	bib19225758_18950410_144022_84_0006_alto.xml-78-2	annotator0	4.0	 	granskare	5
bib11653828_18281114_144028_262_0004_alto.xml-5-13	bib19227462_18950925_147640_223_0003_alto.xml-204-0	annotator0	4.0	 	granskare	5
bib11653790_18950308_145648_11_0006_alto.xml-183-7	bib19277277_18950812_147683_217_0006_alto.xml-43-9	annotator0	3.0	 	granskare	5
bib11653828_18281111_144028_259_0001_alto.xml-0-2	bib11653830_18981222_146968_100_0002_alto.xml-89-20	annotator0	3.0	 	granskare	5
bib11653790_18981118_145648_89_0005_alto.xml-46-27	bib19277277_18240916_147682_215_0002_alto.xml-9-1	annotator0	4.0	 	granskare	5
bib11653790_18981118_145648_89_0005_alto.xml-46-27	bib19225772_18101116_148004_132_0002_alto.xml-0-55	annotator0	4.0	 	granskare	5
bib13506739_18210117_144030_13_0012_alto.xml-15-12	bib11653828_18150626_144028_144_0002_alto.xml-3-43	annotator0	4.0	 	granskare	5
bib19277277_18950812_147683_217_0006_alto.xml-43-9	bib11653811_18970317_145317_42_0002_alto.xml-77-17	annotator0	4.0	 	granskare	5
bib11653790_18981118_145648_89_0005_alto.xml-46-27	bib11653830_18981222_146968_100_0002_alto.xml-89-20	annotator0	4.0	 	granskare	5
bib19227462_18950116_147640_13_0003_alto.xml-24-64	bib19277277_18301217_147682_294_0001_alto.xml-11-16	annotator0	3.0	 	granskare	5
bib19277277_18301217_147682_294_0001_alto.xml-11-16	bib11653828_18210323_144028_69_0005_alto.xml-11-2	annotator0	4.0	 	granskare	5
bib11653828_18301214_144028_290_0002_alto.xml-18-39	bib19225772_18110402_148004_37_0002_alto.xml-2-5	annotator0	4.0	 	granskare	5
bib11653828_18260911_144028_210_0001_alto.xml-11-21	bib11653811_18970317_145317_42_0002_alto.xml-77-17	annotator0	3.0	 	granskare	5
bib19225772_18110208_148004_16_0002_alto.xml-8-5	bib11653830_18950104_146968_2_0003_alto.xml-60-28	annotator0	4.0	 	granskare	5
bib11653828_18281111_144028_259_0001_alto.xml-0-2	bib13506739_18290520_144030_115_0004_alto.xml-29-5	annotator0	4.0	 	granskare	5
bib11653828_18260710_144028_156_0004_alto.xml-1-34	bib19277277_18250425_147682_93_0002_alto.xml-18-1	annotator5	0.0	I don´t understand the meaning of Granskaren in sentence 1. 	granskare	5
bib11653828_18281111_144028_259_0001_alto.xml-0-2	bib11653830_18981222_146968_100_0002_alto.xml-89-20	annotator5	0.0	Granskaren in the first sentence is a name of a newspaper.	granskare	5
bib11653828_18210323_144028_69_0005_alto.xml-11-2	bib11653828_18281114_144028_262_0004_alto.xml-3-11	annotator5	3.0	 	granskare	5
bib11653830_18950109_146968_4_0001_alto.xml-70-5	bib11653830_18981222_146968_100_0002_alto.xml-89-20	annotator5	4.0	 	granskare	5
bib11653790_18950308_145648_11_0006_alto.xml-183-7	bib19277277_18950812_147683_217_0006_alto.xml-43-9	annotator5	4.0	 	granskare	5
bib19227462_18950116_147640_13_0003_alto.xml-24-64	bib11653828_18281111_144028_259_0001_alto.xml-0-2	annotator5	0.0	Granskaren in the second sentence is a name of a newspaper	granskare	5
bib19225772_18110208_148004_16_0002_alto.xml-8-5	bib11653790_18950308_145648_11_0006_alto.xml-183-7	annotator5	0.0	Granskaren in the second sentence is a name of a newspaper	granskare	5
bib19227462_18950116_147640_13_0003_alto.xml-24-64	bib11653790_18981118_145648_89_0005_alto.xml-46-27	annotator5	3.0	 	granskare	5
bib19225772_18101116_148004_132_0002_alto.xml-0-55	bib15873936_18960910_147385_105_0002_alto.xml-168-10	annotator5	0.0	“Granskaren” in the second sentence is a title.	granskare	5
bib11653828_18241103_144028_256_0004_alto.xml-5-16	bib19225758_18951116_144022_268_0006_alto.xml-51-69	annotator5	0.0	Granskaren in the first sentence is a name of a newspaper	granskare	5
bib11653828_18281114_144028_262_0004_alto.xml-3-11	bib11653828_18281111_144028_259_0001_alto.xml-0-2	annotator5	0.0	Granskaren in the first sentence is a name of a newspaper	granskare	5
bib11653828_18281103_144028_252_0001_alto.xml-7-53	bib19225772_18110208_148004_16_0002_alto.xml-8-5	annotator5	0.0	Granskaren in the first sentence is a name of a newspaper	granskare	5
bib11653790_18981118_145648_89_0005_alto.xml-46-27	bib15650814_18950308_146365_58_0002_alto.xml-41-37	annotator5	3.0	 	granskare	5
bib19225772_18081209_148004_141_0001_alto.xml-3-2	bib11653828_18080819_144028_191_0002_alto.xml-0-25	annotator5	0.0	I don´t know what kind of “granskare” it is in sentence 1. 	granskare	5
bib19277277_18950812_147683_217_0006_alto.xml-43-9	bib15650837_18951203_146391_282_0002_alto.xml-142-10	annotator5	4.0	 	granskare	5
bib15650837_18950620_146391_141_0004_alto.xml-5-6	bib15650837_18950730_146391_174_0004_alto.xml-105-2	annotator5	0.0	I don´t understand what kind of “granskare” it is in sentence 1. 	granskare	5
bib11653828_18281103_144028_252_0001_alto.xml-7-53	bib19277346_18110907_147394_36_0002_alto.xml-1-0	annotator5	0.0	Granskaren in the first sentence is a name of a newspaper	granskare	5
bib19227462_18951024_147640_248_0003_alto.xml-29-4	bib15650837_18950822_146391_194_0004_alto.xml-73-10	annotator5	2.0	 	granskare	5
bib19225772_18110208_148004_16_0002_alto.xml-8-5	bib15873936_18960910_147385_105_0002_alto.xml-168-10	annotator5	0.0	“Granskaren” in sentence 2 is a name of a newspaper	granskare	5
bib15650814_18951028_146365_252_0004_alto.xml-124-70	bib19277277_18950329_147683_86_0004_alto.xml-19-0	annotator5	1.0	 	granskare	5
bib19277277_18950812_147683_217_0006_alto.xml-43-9	bib15873936_18960910_147385_105_0002_alto.xml-168-10	annotator5	3.0	 	granskare	5
bib11653828_18281111_144028_259_0001_alto.xml-0-2	bib19277346_18110907_147394_36_0002_alto.xml-1-0	annotator5	0.0	“Granskaren” in sentence 2 is a name of a newspaper	granskare	5
bib11653828_18260911_144028_210_0001_alto.xml-11-21	bib15873936_18960910_147385_105_0002_alto.xml-168-10	annotator5	3.0	 	granskare	5
bib11653790_18950308_145648_11_0006_alto.xml-183-7	bib15975087_18951221_145596_198_0003_alto.xml-126-1	annotator5	3.0	 	granskare	5
bib19225758_18951116_144022_268_0006_alto.xml-51-69	bib11653830_18981222_146968_100_0002_alto.xml-89-20	annotator5	0.0	I don´t understand the meaning of “granskaren” in sentence 1. 	granskare	5
bib19349359_18950108_148383_3_0002_alto.xml-8-41	bib15873936_18960910_147385_105_0002_alto.xml-168-10	annotator5	3.0	 	granskare	5
bib11653828_18210323_144028_69_0005_alto.xml-11-2	bib19277346_18110907_147394_36_0002_alto.xml-1-0	annotator5	1.0	 	granskare	5
bib11653828_18281229_144028_298_0002_alto.xml-7-40	bib15650814_18950308_146365_58_0002_alto.xml-41-37	annotator5	0.0	I thinkt that “Granskaren” in sentence 1 is a name of a newspaper. 	granskare	5
bib11653790_18981118_145648_89_0005_alto.xml-46-27	bib11653830_18981222_146968_100_0002_alto.xml-89-20	annotator5	3.0	 	granskare	5
bib19225758_18951106_144022_259_0002_alto.xml-249-24	bib13506739_18300405_144030_78_0001_alto.xml-2-25	annotator5	0.0	I thinkt that “den owäldige granskaren” is a title. 	granskare	5
bib19227462_18951024_147640_248_0003_alto.xml-29-4	bib11653828_18180619_144028_138_0003_alto.xml-5-31	annotator5	4.0	 	granskare	5
bib19227462_18951024_147640_248_0003_alto.xml-29-4	bib19225772_18221008_148004_115_0002_alto.xml-1-36	annotator5	2.0	 	granskare	5
bib15650837_18951203_146391_282_0002_alto.xml-142-10	bib11653830_18981222_146968_100_0002_alto.xml-89-20	annotator5	4.0	 	granskare	5
bib19277330_18951003_0_117_0002_alto.xml-87-15	bib19277277_18950812_147683_217_0006_alto.xml-43-9	annotator5	1.0	 	granskare	5
bib11653828_18080819_144028_191_0002_alto.xml-0-25	bib11653828_18281114_144028_262_0004_alto.xml-5-13	annotator5	0.0	I don´t understand what kind of “granskare” it is in sentence 1. 	granskare	5
bib11653828_18260911_144028_210_0001_alto.xml-11-21	bib19277346_18110907_147394_36_0002_alto.xml-1-0	annotator5	1.0	 	granskare	5
bib13506739_18240918_144030_217_0005_alto.xml-2-2	bib19225758_18950410_144022_84_0006_alto.xml-78-2	annotator5	2.0	 	granskare	5
bib11653828_18241103_144028_256_0004_alto.xml-5-16	bib11653828_17910913_144028_211_0001_alto.xml-1-2	annotator5	0.0	“Granskaren” in sentence 1 is a name of a newspaper.	granskare	5
bib11653811_19021205_145317_187_0002_alto.xml-23-41	bib19225772_18221008_148004_115_0002_alto.xml-1-36	annotator5	3.0	 	granskare	5
bib11653828_18281114_144028_262_0004_alto.xml-5-13	bib15650814_18950103_146365_2_0003_alto.xml-59-1	annotator5	2.0	 	granskare	5
bib15650814_18950308_146365_58_0002_alto.xml-41-37	bib15873936_18960910_147385_105_0002_alto.xml-168-10	annotator5	2.0	 	granskare	5
bib19223423_18141012_145063_81_0002_alto.xml-1-0	bib19227462_18950108_147640_6_0003_alto.xml-184-28	annotator5	0.0	I don´t understand what kind of “granskare” it is in sentence 2. 	granskare	5
bib15650814_18950103_146365_2_0003_alto.xml-59-1	bib15873936_18960910_147385_105_0002_alto.xml-168-10	annotator5	2.0	 	granskare	5
bib15978012_18950220_148361_43_0002_alto.xml-122-2	bib11653830_18981222_146968_100_0002_alto.xml-89-20	annotator5	2.0	 	granskare	5
bib19227462_18950116_147640_13_0003_alto.xml-26-36	bib19277277_18950329_147683_86_0004_alto.xml-19-0	annotator5	2.0	 	granskare	5
bib11653838_19020110_147024_2_0002_alto.xml-99-20	bib19225772_18101116_148004_132_0002_alto.xml-0-55	annotator5	0.0	“Granskaren” in sentence 1 is a title.	granskare	5
bib11653828_18260911_144028_210_0001_alto.xml-11-21	bib13506739_18150510_144030_106_0016_alto.xml-4-5	annotator5	2.0	 	granskare	5
bib15975087_18951221_145596_198_0003_alto.xml-126-1	bib11653811_19010329_145317_49_0003_alto.xml-158-36	annotator5	1.0	 	granskare	5
bib19277277_18950812_147683_217_0006_alto.xml-43-9	bib11653811_18970317_145317_42_0002_alto.xml-77-17	annotator5	3.0	 	granskare	5
bib11653811_19021205_145317_187_0002_alto.xml-23-41	bib11653828_18160105_144028_4_0001_alto.xml-12-9	annotator5	0.0	I don´t understand what kind of “granskare” it is in sentence 1. 	granskare	5
bib11653828_18260911_144028_210_0001_alto.xml-11-21	bib11653828_18210323_144028_69_0005_alto.xml-11-2	annotator5	2.0	 	granskare	5
bib11653838_19020110_147024_2_0002_alto.xml-99-20	bib15873936_18960910_147385_105_0002_alto.xml-168-10	annotator5	2.0	 	granskare	5
bib11653828_18301214_144028_290_0002_alto.xml-18-39	bib19225772_18110402_148004_37_0002_alto.xml-2-5	annotator5	0.0	“Granskaren” in sentence 2 is a part of a title”	granskare	5
bib11653828_18210323_144028_69_0005_alto.xml-11-2	bib11653790_18950308_145648_11_0006_alto.xml-183-7	annotator5	2.0	 	granskare	5
bib11653838_19010913_147024_37_0003_alto.xml-177-9	bib11653838_19020110_147024_2_0002_alto.xml-99-20	annotator5	0.0	I don´t understand what kind of “granskare” it is in sentence 2. 	granskare	5
bib19227291_18950115_145289_6_0002_alto.xml-74-3	bib15760600_18951224_146401_152_0003_alto.xml-115-13	annotator5	4.0	 	granskare	5
bib11653828_18281111_144028_259_0001_alto.xml-0-2	bib11653828_18260911_144028_210_0001_alto.xml-11-21	annotator5	0.0	“Granskaren” in sentence 2 is a name of a newspaper.	granskare	5
bib19225772_18110313_148004_30_0002_alto.xml-11-12	bib11653830_18981222_146968_100_0002_alto.xml-89-20	annotator5	0.0	“Granskaren” in sentence 1 is a part of a title.	granskare	5
bib15650837_18951203_146391_282_0002_alto.xml-141-7	bib13506739_18210117_144030_13_0012_alto.xml-15-12	annotator5	0.0	“Granskaren” in sentence 1 is a name of a newspaper.	granskare	5
bib19225772_18110208_148004_16_0002_alto.xml-8-5	bib11653828_18260911_144028_210_0001_alto.xml-11-21	annotator5	0.0	“Granskaren” in sentence 2 is a part of a title. 	granskare	5
bib15650837_18950620_146391_141_0004_alto.xml-5-6	bib15978012_18950220_148361_43_0002_alto.xml-122-2	annotator5	4.0	 	granskare	5
bib11653828_18150626_144028_144_0002_alto.xml-3-43	bib19227462_18951203_147640_282_0003_alto.xml-110-48	annotator5	4.0	 	granskare	5
bib19277277_18950812_147683_217_0006_alto.xml-43-9	bib19225758_18951116_144022_268_0006_alto.xml-51-69	annotator5	0.0	I don´t understand what kind of “granskare” it is in sentence 1. 	granskare	5
bib11653828_18281103_144028_252_0001_alto.xml-7-53	bib11653828_18210323_144028_69_0005_alto.xml-11-2	annotator5	0.0	“Granskaren” in sentence 1 is a name of a newspaper.	granskare	5
bib19225772_18110208_148004_16_0002_alto.xml-8-5	bib11653828_18210323_144028_69_0005_alto.xml-11-2	annotator5	0.0	“Granskaren” in sentence 2 is a part of a title.	granskare	5
bib11653828_18260710_144028_156_0004_alto.xml-1-34	bib11653811_19030923_145317_147_0003_alto.xml-19-3	annotator5	2.0	 	granskare	5
bib13506739_18290520_144030_115_0004_alto.xml-29-5	bib15650814_18950308_146365_58_0002_alto.xml-41-37	annotator5	0.0	“Granskaren” in sentence 2 is a name of a newspaper.	granskare	5
bib15873936_18960206_147385_15_0002_alto.xml-1-88	bib11653830_18981027_146968_84_0002_alto.xml-86-34	annotator5	3.0	 	granskare	5
bib19277277_18301217_147682_294_0001_alto.xml-11-16	bib11653828_18281114_144028_262_0004_alto.xml-3-11	annotator5	0.0	I don´t understand what kind of “granskare” it is in sentence 1. 	granskare	5
bib19225758_18951106_144022_259_0002_alto.xml-249-24	bib19225758_18950129_144022_24_0001_alto.xml-19-9	annotator5	2.0	 	granskare	5
bib11653790_18981118_145648_89_0005_alto.xml-46-27	bib11653811_18970317_145317_42_0002_alto.xml-77-17	annotator5	1.0	 	granskare	5
bib19225758_18950129_144022_24_0001_alto.xml-19-9	bib11653811_18970317_145317_42_0002_alto.xml-77-17	annotator5	4.0	 	granskare	5
bib11653828_18260911_144028_210_0001_alto.xml-11-21	bib11653811_18970317_145317_42_0002_alto.xml-77-17	annotator5	3.0	 	granskare	5
bib19227462_18951024_147640_248_0003_alto.xml-29-4	bib15873936_18960910_147385_105_0002_alto.xml-168-10	annotator5	2.0	 	granskare	5
bib19225758_18950111_144022_9_0003_alto.xml-156-3	bib19227462_18951024_147640_248_0003_alto.xml-29-4	annotator5	4.0	 	granskare	5
bib11653828_18150626_144028_144_0002_alto.xml-3-43	bib11653811_18960817_145317_125_0001_alto.xml-70-27	annotator5	2.0	 	granskare	5
bib11653811_19000420_145317_59_0003_alto.xml-85-2	bib19227462_18950108_147640_6_0003_alto.xml-184-28	annotator5	4.0	 	granskare	5
bib19225772_18110208_148004_16_0002_alto.xml-8-5	bib19277277_18301217_147682_294_0001_alto.xml-11-16	annotator5	0.0	“Granskaren” in sentence 2 is a part of a title.	granskare	5
bib11653828_18030309_144028_55_0003_alto.xml-6-59	bib15650837_18951203_146391_282_0002_alto.xml-142-10	annotator5	2.0	 	granskare	5
bib19277346_18100407_147394_12_0006_alto.xml-6-2	bib15975087_18951221_145596_198_0003_alto.xml-121-7	annotator5	2.0	 	granskare	5
bib11653828_18281111_144028_259_0001_alto.xml-0-2	bib13506739_18290520_144030_115_0004_alto.xml-29-5	annotator5	0.0	“Granskaren” in the sentences is a name of a newspaper. 	granskare	5
bib19223423_18010902_145063_71_0004_alto.xml-0-14	bib11653790_18981118_145648_89_0005_alto.xml-46-27	annotator5	3.0	 	granskare	5
bib11653838_19010913_147024_37_0003_alto.xml-177-9	bib19225758_18950410_144022_84_0006_alto.xml-78-2	annotator5	0.0	I don´t know what kind of “granskare” it is in sentence 1. 	granskare	5
bib11653828_18210323_144028_69_0005_alto.xml-11-2	bib19225758_18950201_144022_27_0005_alto.xml-104-14	annotator5	2.0	 	granskare	5
bib19277346_18110907_147394_36_0002_alto.xml-1-0	bib11653811_18970317_145317_42_0002_alto.xml-77-17	annotator5	1.0	 	granskare	5
bib19227291_18971118_145289_139_0002_alto.xml-28-61	bib19225772_18101116_148004_132_0002_alto.xml-0-55	annotator5	0.0	“Granskaren” in sentence 2 is a title.	granskare	5
bib11653828_18281111_144028_259_0001_alto.xml-0-2	bib11653790_18981118_145648_89_0005_alto.xml-46-27	annotator5	0.0	“Granskaren” in sentence 1 is a name of a newspaper.	granskare	5
bib11653828_18281114_144028_262_0004_alto.xml-3-11	bib19227462_18950116_147640_13_0003_alto.xml-24-64	annotator5	2.0	 	granskare	5
bib15975087_18951221_145596_198_0003_alto.xml-121-7	bib19225772_18101116_148004_132_0002_alto.xml-0-55	annotator5	0.0	“Granskaren” in sentence 2 is a part of a title.	granskare	5
bib11653828_18260710_144028_156_0003_alto.xml-8-11	bib19227462_18950116_147640_13_0003_alto.xml-26-36	annotator5	2.0	 	granskare	5
bib11653830_18981222_146968_100_0002_alto.xml-89-20	bib11653811_18960817_145317_125_0001_alto.xml-70-27	annotator5	2.0	 	granskare	5
bib15650837_18950620_146391_141_0004_alto.xml-5-6	bib15873936_18960910_147385_105_0002_alto.xml-168-10	annotator5	3.0	 	granskare	5
bib11653828_18230708_144028_154_0004_alto.xml-2-19	bib15873371_18951025_145112_291_0003_alto.xml-73-6	annotator5	3.0	 	granskare	5
bib19225772_18101116_148004_132_0002_alto.xml-0-55	bib11653811_19021205_145317_187_0002_alto.xml-23-41	annotator5	0.0	“Granskaren” in sentence 2 is a part of a title. 	granskare	5
bib19277277_18301217_147682_294_0001_alto.xml-11-16	bib11653828_18210323_144028_69_0005_alto.xml-11-2	annotator5	0.0	I don´t understand what kind of “granskare” it is in sentence 1. 	granskare	5
bib11653828_18281114_144028_262_0004_alto.xml-3-11	bib19225772_18110208_148004_16_0002_alto.xml-8-5	annotator5	0.0	“Granskaren” in sentence 2 is a name of a newspaper.	granskare	5
bib11653790_18950308_145648_11_0006_alto.xml-183-7	bib11653828_18281111_144028_259_0001_alto.xml-0-2	annotator6	0.0	The word in sentence 1 is the name of a newspaper.	granskare	5
bib19223423_18141012_145063_81_0002_alto.xml-1-0	bib19227462_18950108_147640_6_0003_alto.xml-184-28	annotator6	4.0	 	granskare	5
bib19277330_18951003_0_117_0002_alto.xml-87-15	bib19225772_18110208_148004_16_0002_alto.xml-8-5	annotator6	0.0	The word in sentence 2 is the name of a newspaper.	granskare	5
bib19277346_18110907_147394_36_0002_alto.xml-1-0	bib11653811_18970317_145317_42_0002_alto.xml-77-17	annotator6	4.0	 	granskare	5
bib13506739_18290520_144030_115_0004_alto.xml-29-5	bib15975090_18950604_148377_65_0003_alto.xml-57-8	annotator6	0.0	Word in sentence 1 is the name of a newspaper.	granskare	5
bib11653828_18281103_144028_252_0001_alto.xml-7-53	bib19227462_18950116_147640_13_0003_alto.xml-24-64	annotator6	0.0	Word in sentence 2 is the name of a newspaper.	granskare	5
bib19225772_18110208_148004_16_0002_alto.xml-8-5	bib11653828_18260911_144028_210_0001_alto.xml-11-21	annotator6	0.0	Word in sentence 1 is the name of a newspaper.	granskare	5
bib19227462_18951024_147640_248_0003_alto.xml-29-4	bib15873936_18960910_147385_105_0002_alto.xml-168-10	annotator6	4.0	 	granskare	5
bib15978012_18950220_148361_43_0002_alto.xml-122-2	bib15650814_18951003_146365_231_0003_alto.xml-21-15	annotator6	4.0	 	granskare	5
bib11653828_18241103_144028_256_0004_alto.xml-5-16	bib19225758_18951116_144022_268_0006_alto.xml-51-69	annotator6	0.0	Word in sentence 1 is the name of a newspaper.	granskare	5
bib19225758_18950111_144022_9_0003_alto.xml-156-3	bib19227462_18951024_147640_248_0003_alto.xml-29-4	annotator6	4.0	 	granskare	5
bib15650814_18950308_146365_58_0002_alto.xml-41-37	bib19349359_18950606_148383_66_0003_alto.xml-95-4	annotator6	4.0	 	granskare	5
bib19277277_18301217_147682_294_0001_alto.xml-11-16	bib11653828_18281114_144028_262_0004_alto.xml-3-11	annotator6	0.0	I couldn't determine the meaning of the word in sentence 2.	granskare	5
bib11653828_18281114_144028_262_0004_alto.xml-3-11	bib11653828_18281103_144028_252_0001_alto.xml-7-53	annotator6	0.0	the word in the sentences is the name of a newspaper.	granskare	5
bib13506739_18210117_144030_13_0012_alto.xml-15-12	bib19277277_18950812_147683_217_0006_alto.xml-43-9	annotator6	0.0	Word in sentence 1 is the name of a newspaper.	granskare	5
bib15650837_18951203_146391_282_0002_alto.xml-142-10	bib11653830_18981222_146968_100_0002_alto.xml-89-20	annotator6	4.0	 	granskare	5
bib11653828_18210323_144028_69_0005_alto.xml-11-2	bib11653828_18281111_144028_259_0001_alto.xml-0-2	annotator6	0.0	Word in sentence 2 is the name of a newspaper.	granskare	5
bib11653838_19010913_147024_37_0003_alto.xml-177-9	bib11653838_19020110_147024_2_0002_alto.xml-99-20	annotator6	4.0	 	granskare	5
bib15650837_18951203_146391_282_0002_alto.xml-142-10	bib11653811_18970317_145317_42_0002_alto.xml-77-17	annotator6	4.0	 	granskare	5
bib15873936_18960910_147385_105_0002_alto.xml-168-10	bib11653830_18950109_146968_4_0001_alto.xml-70-5	annotator6	4.0	 	granskare	5
bib11653828_18281111_144028_259_0001_alto.xml-0-2	bib11653828_18281103_144028_252_0001_alto.xml-7-53	annotator6	0.0	The word in sentence 1 is the name of a newspaper.	granskare	5
bib11653828_18281111_144028_259_0001_alto.xml-0-2	bib11653790_18981118_145648_89_0005_alto.xml-46-27	annotator6	0.0	Word in sentence 1 is the name of a newspaper.	granskare	5
bib15650837_18950620_146391_141_0004_alto.xml-5-6	bib15978012_18950220_148361_43_0002_alto.xml-122-2	annotator6	4.0	 	granskare	5
bib11653828_18281114_144028_262_0004_alto.xml-3-11	bib19225772_18110208_148004_16_0002_alto.xml-8-5	annotator6	0.0	Word in sentence 2 is the name of a newspaper.	granskare	5
bib19349359_18950108_148383_3_0002_alto.xml-8-41	bib15873936_18960910_147385_105_0002_alto.xml-168-10	annotator6	4.0	 	granskare	5
bib15975087_18951221_145596_198_0003_alto.xml-126-1	bib11653811_19010329_145317_49_0003_alto.xml-158-36	annotator6	4.0	 	granskare	5
bib11653828_18301214_144028_290_0002_alto.xml-18-39	bib19225772_18221008_148004_115_0002_alto.xml-1-36	annotator6	4.0	 	granskare	5
bib15873936_18960206_147385_15_0002_alto.xml-1-88	bib19225758_18950410_144022_84_0006_alto.xml-78-2	annotator6	4.0	 	granskare	5
bib11653828_18210323_144028_69_0005_alto.xml-11-2	bib19225758_18950201_144022_27_0005_alto.xml-104-14	annotator6	4.0	 	granskare	5
bib19225758_18951116_144022_268_0006_alto.xml-51-69	bib11653790_18981118_145648_89_0005_alto.xml-46-27	annotator6	4.0	 	granskare	5
bib19227462_18950116_147640_13_0003_alto.xml-24-64	bib19225758_18950201_144022_27_0005_alto.xml-104-14	annotator6	4.0	 	granskare	5
bib15975087_18951221_145596_198_0003_alto.xml-126-1	bib11653828_18281114_144028_262_0004_alto.xml-3-11	annotator6	4.0	 	granskare	5
bib11653828_18210323_144028_69_0005_alto.xml-11-2	bib11653790_18950308_145648_11_0006_alto.xml-183-7	annotator6	4.0	 	granskare	5
bib11653790_18981118_145648_89_0005_alto.xml-46-27	bib19225772_18101116_148004_132_0002_alto.xml-0-55	annotator6	0.0	the word in sentence 1 is the name of a work of some sort.	granskare	5
bib19227462_18951024_147640_248_0003_alto.xml-29-4	bib15650837_18950822_146391_194_0004_alto.xml-73-10	annotator6	4.0	 	granskare	5
bib11653790_18950308_145648_11_0006_alto.xml-183-7	bib11653830_18981222_146968_100_0002_alto.xml-89-20	annotator6	4.0	 	granskare	5
bib15978012_18950220_148361_43_0002_alto.xml-122-2	bib11653830_18981222_146968_100_0002_alto.xml-89-20	annotator6	4.0	 	granskare	5
bib15650814_18950725_146365_171_0002_alto.xml-89-56	bib11653828_18281111_144028_259_0001_alto.xml-0-2	annotator6	0.0	The word in sentence 1 is the name of a newspaper.	granskare	5
bib19277277_18950726_147683_200_0008_alto.xml-34-5	bib19225772_18110402_148004_37_0002_alto.xml-2-5	annotator6	4.0	 	granskare	5
bib19277346_18110907_147394_36_0002_alto.xml-1-0	bib11653828_18281114_144028_262_0003_alto.xml-10-50	annotator6	4.0	 	granskare	5
bib19227462_18951024_147640_248_0003_alto.xml-29-4	bib19225772_18221008_148004_115_0002_alto.xml-1-36	annotator6	4.0	 	granskare	5
bib19277277_18240916_147682_215_0002_alto.xml-9-1	bib15873936_18960910_147385_105_0002_alto.xml-168-10	annotator6	4.0	 	granskare	5
bib11653828_18241103_144028_256_0004_alto.xml-5-16	bib11653828_17910913_144028_211_0001_alto.xml-1-2	annotator6	0.0	the word in sentence 2 is the name of a newspaper.	granskare	5
bib11653838_19020110_147024_2_0002_alto.xml-99-20	bib15873371_18951126_145112_323_0002_alto.xml-27-10	annotator6	4.0	 	granskare	5
bib11653790_18950308_145648_11_0006_alto.xml-183-7	bib15975087_18951221_145596_198_0003_alto.xml-126-1	annotator6	4.0	 	granskare	5
bib19223423_18010902_145063_71_0004_alto.xml-0-14	bib11653790_18981118_145648_89_0005_alto.xml-46-27	annotator6	4.0	 	granskare	5
bib19227462_18950116_147640_13_0003_alto.xml-24-64	bib11653828_18210323_144028_69_0005_alto.xml-11-2	annotator6	4.0	 	granskare	5
bib11653790_18950308_145648_11_0006_alto.xml-183-7	bib11653828_18281103_144028_252_0001_alto.xml-7-53	annotator6	0.0	The word in sentence 1 is the name of a newspaper.	granskare	5
bib19227462_18950116_147640_13_0003_alto.xml-24-64	bib19277277_18301217_147682_294_0001_alto.xml-11-16	annotator6	0.0	word in sentence 1 appears to be the name of a ship.	granskare	5
bib11653828_18210323_144028_69_0005_alto.xml-11-2	bib19225772_18101116_148004_132_0002_alto.xml-0-55	annotator6	0.0	word in sentence 1 is the name of a work.	granskare	5
bib11653828_18300415_144028_85_0002_alto.xml-7-7	bib13506739_18240918_144030_217_0005_alto.xml-2-2	annotator6	4.0	 	granskare	5
bib11653811_19000420_145317_59_0003_alto.xml-85-2	bib19227462_18950108_147640_6_0003_alto.xml-184-28	annotator6	4.0	 	granskare	5
bib11653828_18260911_144028_210_0001_alto.xml-11-21	bib11653828_18281103_144028_252_0001_alto.xml-7-53	annotator6	0.0	the word in sentence 2 is the name of a newspaper.	granskare	5
bib19277277_18951023_147683_289_0004_alto.xml-25-4	bib11653811_19030923_145317_147_0003_alto.xml-19-3	annotator6	4.0	 	granskare	5
bib11653828_17910913_144028_211_0001_alto.xml-1-2	bib11653811_19001121_145317_181_0004_alto.xml-32-10	annotator6	4.0	 	granskare	5
bib11653828_18260911_144028_210_0001_alto.xml-11-21	bib11653828_17910304_144028_52_0002_alto.xml-5-32	annotator6	4.0	 	granskare	5
bib19277346_18110907_147394_36_0002_alto.xml-1-0	bib11653790_18950308_145648_11_0006_alto.xml-183-7	annotator6	4.0	 	granskare	5
bib19225772_18101116_148004_132_0002_alto.xml-0-55	bib15650837_18951203_146391_282_0002_alto.xml-142-10	annotator6	0.0	word in sentence 1 is the name of a work.	granskare	5
bib19277346_18110907_147394_36_0002_alto.xml-1-0	bib11653828_18281114_144028_262_0004_alto.xml-3-11	annotator6	4.0	 	granskare	5
bib11653828_18281029_144028_248_0002_alto.xml-6-18	bib13506739_18290520_144030_115_0004_alto.xml-29-5	annotator6	0.0	word in sentence 1 is the name of a newspaper.	granskare	5
bib11653828_18260710_144028_156_0004_alto.xml-1-34	bib19277277_18250425_147682_93_0002_alto.xml-18-1	annotator6	0.0	Word in sentence 2 is the name of a newspaper.	granskare	5
bib11653828_18281029_144028_248_0002_alto.xml-6-18	bib19225772_18101116_148004_132_0002_alto.xml-0-55	annotator6	0.0	word in sentence 2 is the name of a work.	granskare	5
bib19225772_18110208_148004_16_0002_alto.xml-8-5	bib11653790_18950308_145648_11_0006_alto.xml-183-7	annotator6	0.0	word in sentence 1 is the name of a newspaper.	granskare	5
bib11653790_18950308_145648_11_0006_alto.xml-183-7	bib11653828_18260911_144028_210_0001_alto.xml-11-21	annotator6	0.0	word in sentence 1 is the name of a newspaper.	granskare	5
bib19277277_18950228_147683_58_0005_alto.xml-79-37	bib11653811_19001121_145317_181_0004_alto.xml-32-10	annotator6	4.0	 	granskare	5
bib11653828_18281103_144028_252_0001_alto.xml-7-53	bib11653828_18210323_144028_69_0005_alto.xml-11-2	annotator6	0.0	Word in sentence 2 is the name of a newspaper.	granskare	5
bib19277277_18950812_147683_217_0006_alto.xml-43-9	bib15650837_18951203_146391_282_0002_alto.xml-142-10	annotator6	4.0	 	granskare	5
bib19277277_18950228_147683_58_0005_alto.xml-125-2	bib11653811_19030627_145317_97_0002_alto.xml-147-39	annotator6	4.0	 	granskare	5
bib11653828_18260911_144028_210_0001_alto.xml-11-21	bib13506739_18150510_144030_106_0016_alto.xml-4-5	annotator6	4.0	 	granskare	5
bib19225758_18951116_144022_268_0006_alto.xml-51-69	bib15873936_18960910_147385_105_0002_alto.xml-168-10	annotator6	4.0	 	granskare	5
bib13506739_18150510_144030_106_0016_alto.xml-4-5	bib19277277_18950812_147683_217_0006_alto.xml-43-9	annotator6	4.0	 	granskare	5
bib15873936_18960910_147385_105_0002_alto.xml-168-10	bib11653830_18981222_146968_100_0002_alto.xml-89-20	annotator6	4.0	 	granskare	5
bib11653828_18281103_144028_252_0001_alto.xml-7-53	bib19277346_18110907_147394_36_0002_alto.xml-1-0	annotator6	0.0	Word in sentence 2 is the name of a newspaper.	granskare	5
bib19223423_18141012_145063_81_0002_alto.xml-1-0	bib19520388_18120617_147487_25_0002_alto.xml-7-14	annotator6	4.0	 	granskare	5
bib11653828_18281111_144028_259_0001_alto.xml-0-2	bib19277277_18301217_147682_294_0001_alto.xml-11-16	annotator6	0.0	Word in sentence 2 is the name of a newspaper.	granskare	5
bib19225772_18110208_148004_16_0002_alto.xml-8-5	bib11653828_18210323_144028_69_0005_alto.xml-11-2	annotator6	0.0	word in sentence 1 is the name of a newspaper.	granskare	5
bib19225758_18951116_144022_268_0006_alto.xml-51-69	bib11653830_18981222_146968_100_0002_alto.xml-89-20	annotator6	0.0	Word in sentence 2 is the name of a newspaper.	granskare	5
bib19225772_18110402_148004_37_0002_alto.xml-2-5	bib11653811_18950308_145317_38_0004_alto.xml-31-3	annotator6	0.0	word in sentence 1 is the name of a newspaper.	granskare	5
bib11653838_19010913_147024_37_0003_alto.xml-177-9	bib19520388_18100711_147487_28_0005_alto.xml-0-23	annotator6	4.0	 	granskare	5
bib15650814_18950308_146365_58_0002_alto.xml-41-37	bib15873936_18960910_147385_105_0002_alto.xml-168-10	annotator6	4.0	 	granskare	5
bib19277277_18950228_147683_58_0005_alto.xml-125-2	bib15650837_18951203_146391_282_0002_alto.xml-142-10	annotator6	4.0	 	granskare	5
bib19277346_18110907_147394_36_0002_alto.xml-1-0	bib19225772_18110208_148004_16_0002_alto.xml-8-5	annotator6	0.0	word in sentence 1 is the name of a newspaper.	granskare	5
bib13506739_18150510_144030_106_0016_alto.xml-4-5	bib15650814_18950103_146365_2_0003_alto.xml-59-1	annotator6	4.0	 	granskare	5
bib19227462_18951024_147640_248_0003_alto.xml-29-4	bib11653828_18180619_144028_138_0003_alto.xml-5-31	annotator6	4.0	 	granskare	5
bib11653828_18281111_144028_259_0001_alto.xml-0-2	bib11653828_18260911_144028_210_0001_alto.xml-11-21	annotator6	0.0	Word in sentence 2 is the name of a newspaper.	granskare	5
bib19223423_18220206_145063_11_0003_alto.xml-4-21	bib19225772_18110402_148004_37_0002_alto.xml-2-5	annotator6	0.0	Word in sentence 2 is the name of a newspaper.	granskare	5
bib15650814_18951028_146365_252_0004_alto.xml-124-70	bib19277277_18950329_147683_86_0004_alto.xml-19-0	annotator6	4.0	 	granskare	5
bib19277346_18110907_147394_36_0002_alto.xml-1-0	bib15873936_18960910_147385_105_0002_alto.xml-168-10	annotator6	4.0	 	granskare	5
bib11653828_18281103_144028_252_0001_alto.xml-7-53	bib19277277_18950812_147683_217_0006_alto.xml-43-9	annotator6	0.0	Word in sentence 2 is the name of a newspaper.	granskare	5
bib19225772_18081209_148004_141_0001_alto.xml-3-2	bib11653828_18080819_144028_191_0002_alto.xml-0-25	annotator6	4.0	 	granskare	5
bib11653830_18981222_146968_100_0002_alto.xml-89-20	bib11653811_18960817_145317_125_0001_alto.xml-70-27	annotator6	4.0	 	granskare	5
bib11653828_18281114_144028_262_0004_alto.xml-5-13	bib19520388_18120617_147487_25_0002_alto.xml-4-14	annotator6	4.0	 	granskare	5
bib11653828_18260911_144028_210_0001_alto.xml-11-21	bib19227462_18950116_147640_13_0003_alto.xml-24-64	annotator6	4.0	 	granskare	5
bib19225758_18951106_144022_259_0002_alto.xml-249-24	bib19225758_18950129_144022_24_0001_alto.xml-19-9	annotator6	4.0	 	granskare	5
bib11653828_18281103_144028_252_0001_alto.xml-7-53	bib15873936_18960910_147385_105_0002_alto.xml-168-10	annotator6	0.0	Word in sentence 2 is the name of a newspaper.	granskare	5
bib15650837_18951203_146391_282_0002_alto.xml-142-10	bib15873936_18960910_147385_105_0002_alto.xml-168-10	annotator6	4.0	 	granskare	5
