identifier1	identifier2	annotator	judgment	comment	lemma
2532889X_1951-01-04_01_069.tcf.xml-11-1	2532889X_1951-09-04_01_030.tcf.xml-11-12	inferred	1	 	Seminar
2532889X_1951-01-04_01_069.tcf.xml-11-1	2532889X_1952-09-25_01_058.tcf.xml-13-16	inferred	1	 	Seminar
2532889X_1951-01-04_01_069.tcf.xml-11-1	2532889X_1953-04-22_01_083.tcf.xml-9-3	inferred	1	 	Seminar
2532889X_1951-01-04_01_069.tcf.xml-11-1	2532889X_1955-03-13_01_096.tcf.xml-5-6	inferred	1	 	Seminar
2532889X_1951-01-04_01_069.tcf.xml-11-1	2532889X_1971-11-20_01_261.tcf.xml-99-1	inferred	1	 	Seminar
2532889X_1951-01-04_01_069.tcf.xml-11-1	2532889X_1972-07-22_01_176.tcf.xml-4-11	inferred	1	 	Seminar
2532889X_1951-01-04_01_069.tcf.xml-11-1	2532889X_1976-01-16_01_029.tcf.xml-3-2	inferred	1	 	Seminar
2532889X_1951-01-04_01_069.tcf.xml-11-1	2532889X_1976-05-29_01_117.tcf.xml-9-4	inferred	1	 	Seminar
2532889X_1951-01-04_01_069.tcf.xml-11-1	2532889X_1978-05-18_01_012.tcf.xml-5-5	inferred	1	 	Seminar
2532889X_1951-01-04_01_069.tcf.xml-11-1	2532889X_1980-07-19_01_504.tcf.xml-4-28	inferred	1	 	Seminar
2532889X_1951-01-04_01_069.tcf.xml-11-1	2532889X_1980-08-12_01_171.tcf.xml-11-9	inferred	1	 	Seminar
2532889X_1951-01-04_01_069.tcf.xml-11-1	2532889X_1981-01-03_01_474.tcf.xml-9-16	inferred	1	 	Seminar
2532889X_1951-01-04_01_069.tcf.xml-11-1	2532889X_1983-06-22_01_205.tcf.xml-12-9	inferred	1	 	Seminar
2532889X_1951-01-04_01_069.tcf.xml-11-1	2532889X_1983-10-04_01_119.tcf.xml-3-16	inferred	1	 	Seminar
2532889X_1951-01-04_01_069.tcf.xml-11-1	2532889X_1987-05-25_01_114.tcf.xml-2-37	inferred	1	 	Seminar
2532889X_1951-01-04_01_069.tcf.xml-11-1	2532889X_1988-05-17_01_150.tcf.xml-3-30	inferred	1	 	Seminar
2532889X_1951-01-04_01_069.tcf.xml-11-1	2532889X_1988-10-29_01_008.tcf.xml-3-2	inferred	0	 	Seminar
2532889X_1951-01-04_01_069.tcf.xml-11-1	26120215_1960_11_20_01_291.tcf.xml-19-6	inferred	1	 	Seminar
2532889X_1951-01-04_01_069.tcf.xml-11-1	26120215_1971_09_15_01_275.tcf.xml-22-3	inferred	1	 	Seminar
2532889X_1951-01-04_01_069.tcf.xml-11-1	26120215_1972_10_11_01_295.tcf.xml-20-11	inferred	1	 	Seminar
2532889X_1951-01-04_01_069.tcf.xml-11-1	26120215_1976_07_22_01_251.tcf.xml-5-3	inferred	0	 	Seminar
2532889X_1951-01-04_01_069.tcf.xml-11-1	26120215_1980_07_11_01_040.tcf.xml-48-9	inferred	0	 	Seminar
2532889X_1951-01-04_01_069.tcf.xml-11-1	26120215_1986_06_03_01_240.tcf.xml-10-2	inferred	1	 	Seminar
2532889X_1951-01-04_01_069.tcf.xml-11-1	buechner_werke_1879-503-41	inferred	0	 	Seminar
2532889X_1951-01-04_01_069.tcf.xml-11-1	heckert_schulgesetzgebung_1847-1419-17	inferred	0	 	Seminar
2532889X_1951-01-04_01_069.tcf.xml-11-1	heckert_schulgesetzgebung_1847-1444-33	inferred	0	 	Seminar
2532889X_1951-01-04_01_069.tcf.xml-11-1	heckert_schulgesetzgebung_1847-1444-90	inferred	0	 	Seminar
2532889X_1951-01-04_01_069.tcf.xml-11-1	heckert_schulgesetzgebung_1847-1477-75	inferred	1	 	Seminar
2532889X_1951-01-04_01_069.tcf.xml-11-1	heckert_schulgesetzgebung_1847-1487-100	inferred	0	 	Seminar
2532889X_1951-01-04_01_069.tcf.xml-11-1	heckert_schulgesetzgebung_1847-3371-18	inferred	0	 	Seminar
2532889X_1951-01-04_01_069.tcf.xml-11-1	heckert_schulgesetzgebung_1847-3979-9	inferred	0	 	Seminar
2532889X_1951-01-04_01_069.tcf.xml-11-1	heckert_schulgesetzgebung_1847-419-19	inferred	0	 	Seminar
2532889X_1951-01-04_01_069.tcf.xml-11-1	hoffmann_elixiere01_1815-167-9	inferred	0	 	Seminar
2532889X_1951-01-04_01_069.tcf.xml-11-1	huber_revival_1862-548-24	inferred	0	 	Seminar
2532889X_1951-01-04_01_069.tcf.xml-11-1	lange_maedchenschule_1887-423-1	inferred	0	 	Seminar
2532889X_1951-01-04_01_069.tcf.xml-11-1	lehnert_seehaefen01_1891-5452-64	inferred	0	 	Seminar
2532889X_1951-01-04_01_069.tcf.xml-11-1	lewald_frauen_1870-648-15	inferred	0	 	Seminar
2532889X_1951-01-04_01_069.tcf.xml-11-1	munzinger_japaner_1898-883-24	inferred	0	 	Seminar
2532889X_1951-01-04_01_069.tcf.xml-11-1	nn_maehrisches122_1895-49-17	inferred	1	 	Seminar
2532889X_1951-01-04_01_069.tcf.xml-11-1	nn_nrhz202_1849-175-0	inferred	0	 	Seminar
2532889X_1951-01-04_01_069.tcf.xml-11-1	nn_nrhz202_1849-175-12	inferred	0	 	Seminar
2532889X_1951-01-04_01_069.tcf.xml-11-1	nn_turnkunst01_1843-794-1	inferred	0	 	Seminar
2532889X_1951-01-04_01_069.tcf.xml-11-1	schmoller_volkswirtschaftslehre_1893-392-8	inferred	0	 	Seminar
2532889X_1951-01-04_01_069.tcf.xml-11-1	treitschke_geschichte05_1894-3750-33	inferred	0	 	Seminar
2532889X_1951-09-04_01_030.tcf.xml-11-12	2532889X_1952-09-25_01_058.tcf.xml-13-16	inferred	1	 	Seminar
2532889X_1951-09-04_01_030.tcf.xml-11-12	2532889X_1953-04-22_01_083.tcf.xml-9-3	inferred	1	 	Seminar
2532889X_1951-09-04_01_030.tcf.xml-11-12	2532889X_1955-03-13_01_096.tcf.xml-5-6	inferred	1	 	Seminar
2532889X_1951-09-04_01_030.tcf.xml-11-12	2532889X_1971-11-20_01_261.tcf.xml-99-1	inferred	1	 	Seminar
2532889X_1951-09-04_01_030.tcf.xml-11-12	2532889X_1972-07-22_01_176.tcf.xml-4-11	inferred	1	 	Seminar
2532889X_1951-09-04_01_030.tcf.xml-11-12	2532889X_1976-01-16_01_029.tcf.xml-3-2	inferred	1	 	Seminar
2532889X_1951-09-04_01_030.tcf.xml-11-12	2532889X_1976-05-29_01_117.tcf.xml-9-4	inferred	1	 	Seminar
2532889X_1951-09-04_01_030.tcf.xml-11-12	2532889X_1978-05-18_01_012.tcf.xml-5-5	inferred	1	 	Seminar
2532889X_1951-09-04_01_030.tcf.xml-11-12	2532889X_1980-07-19_01_504.tcf.xml-4-28	inferred	1	 	Seminar
2532889X_1951-09-04_01_030.tcf.xml-11-12	2532889X_1980-08-12_01_171.tcf.xml-11-9	inferred	1	 	Seminar
2532889X_1951-09-04_01_030.tcf.xml-11-12	2532889X_1981-01-03_01_474.tcf.xml-9-16	inferred	1	 	Seminar
2532889X_1951-09-04_01_030.tcf.xml-11-12	2532889X_1983-06-22_01_205.tcf.xml-12-9	inferred	1	 	Seminar
2532889X_1951-09-04_01_030.tcf.xml-11-12	2532889X_1983-10-04_01_119.tcf.xml-3-16	inferred	1	 	Seminar
2532889X_1951-09-04_01_030.tcf.xml-11-12	2532889X_1987-05-25_01_114.tcf.xml-2-37	inferred	1	 	Seminar
2532889X_1951-09-04_01_030.tcf.xml-11-12	2532889X_1988-05-17_01_150.tcf.xml-3-30	inferred	1	 	Seminar
2532889X_1951-09-04_01_030.tcf.xml-11-12	2532889X_1988-10-29_01_008.tcf.xml-3-2	inferred	0	 	Seminar
2532889X_1951-09-04_01_030.tcf.xml-11-12	26120215_1960_11_20_01_291.tcf.xml-19-6	inferred	1	 	Seminar
2532889X_1951-09-04_01_030.tcf.xml-11-12	26120215_1971_09_15_01_275.tcf.xml-22-3	inferred	1	 	Seminar
2532889X_1951-09-04_01_030.tcf.xml-11-12	26120215_1972_10_11_01_295.tcf.xml-20-11	inferred	1	 	Seminar
2532889X_1951-09-04_01_030.tcf.xml-11-12	26120215_1976_07_22_01_251.tcf.xml-5-3	inferred	0	 	Seminar
2532889X_1951-09-04_01_030.tcf.xml-11-12	26120215_1980_07_11_01_040.tcf.xml-48-9	inferred	0	 	Seminar
2532889X_1951-09-04_01_030.tcf.xml-11-12	26120215_1986_06_03_01_240.tcf.xml-10-2	inferred	1	 	Seminar
2532889X_1951-09-04_01_030.tcf.xml-11-12	buechner_werke_1879-503-41	inferred	0	 	Seminar
2532889X_1951-09-04_01_030.tcf.xml-11-12	heckert_schulgesetzgebung_1847-1419-17	inferred	0	 	Seminar
2532889X_1951-09-04_01_030.tcf.xml-11-12	heckert_schulgesetzgebung_1847-1444-33	inferred	0	 	Seminar
2532889X_1951-09-04_01_030.tcf.xml-11-12	heckert_schulgesetzgebung_1847-1444-90	inferred	0	 	Seminar
2532889X_1951-09-04_01_030.tcf.xml-11-12	heckert_schulgesetzgebung_1847-1477-75	inferred	1	 	Seminar
2532889X_1951-09-04_01_030.tcf.xml-11-12	heckert_schulgesetzgebung_1847-1487-100	inferred	0	 	Seminar
2532889X_1951-09-04_01_030.tcf.xml-11-12	heckert_schulgesetzgebung_1847-3371-18	inferred	0	 	Seminar
2532889X_1951-09-04_01_030.tcf.xml-11-12	heckert_schulgesetzgebung_1847-3979-9	inferred	0	 	Seminar
2532889X_1951-09-04_01_030.tcf.xml-11-12	heckert_schulgesetzgebung_1847-419-19	inferred	0	 	Seminar
2532889X_1951-09-04_01_030.tcf.xml-11-12	hoffmann_elixiere01_1815-167-9	inferred	0	 	Seminar
2532889X_1951-09-04_01_030.tcf.xml-11-12	huber_revival_1862-548-24	inferred	0	 	Seminar
2532889X_1951-09-04_01_030.tcf.xml-11-12	lange_maedchenschule_1887-423-1	inferred	0	 	Seminar
2532889X_1951-09-04_01_030.tcf.xml-11-12	lehnert_seehaefen01_1891-5452-64	inferred	0	 	Seminar
2532889X_1951-09-04_01_030.tcf.xml-11-12	lewald_frauen_1870-648-15	inferred	0	 	Seminar
2532889X_1951-09-04_01_030.tcf.xml-11-12	munzinger_japaner_1898-883-24	inferred	0	 	Seminar
2532889X_1951-09-04_01_030.tcf.xml-11-12	nn_maehrisches122_1895-49-17	inferred	1	 	Seminar
2532889X_1951-09-04_01_030.tcf.xml-11-12	nn_nrhz202_1849-175-0	inferred	0	 	Seminar
2532889X_1951-09-04_01_030.tcf.xml-11-12	nn_nrhz202_1849-175-12	inferred	0	 	Seminar
2532889X_1951-09-04_01_030.tcf.xml-11-12	nn_turnkunst01_1843-794-1	inferred	0	 	Seminar
2532889X_1951-09-04_01_030.tcf.xml-11-12	schmoller_volkswirtschaftslehre_1893-392-8	inferred	0	 	Seminar
2532889X_1951-09-04_01_030.tcf.xml-11-12	treitschke_geschichte05_1894-3750-33	inferred	0	 	Seminar
2532889X_1952-09-25_01_058.tcf.xml-13-16	2532889X_1953-04-22_01_083.tcf.xml-9-3	inferred	1	 	Seminar
2532889X_1952-09-25_01_058.tcf.xml-13-16	2532889X_1955-03-13_01_096.tcf.xml-5-6	inferred	1	 	Seminar
2532889X_1952-09-25_01_058.tcf.xml-13-16	2532889X_1971-11-20_01_261.tcf.xml-99-1	inferred	1	 	Seminar
2532889X_1952-09-25_01_058.tcf.xml-13-16	2532889X_1972-07-22_01_176.tcf.xml-4-11	inferred	1	 	Seminar
2532889X_1952-09-25_01_058.tcf.xml-13-16	2532889X_1976-01-16_01_029.tcf.xml-3-2	inferred	1	 	Seminar
2532889X_1952-09-25_01_058.tcf.xml-13-16	2532889X_1976-05-29_01_117.tcf.xml-9-4	inferred	1	 	Seminar
2532889X_1952-09-25_01_058.tcf.xml-13-16	2532889X_1978-05-18_01_012.tcf.xml-5-5	inferred	1	 	Seminar
2532889X_1952-09-25_01_058.tcf.xml-13-16	2532889X_1980-07-19_01_504.tcf.xml-4-28	inferred	1	 	Seminar
2532889X_1952-09-25_01_058.tcf.xml-13-16	2532889X_1980-08-12_01_171.tcf.xml-11-9	inferred	1	 	Seminar
2532889X_1952-09-25_01_058.tcf.xml-13-16	2532889X_1981-01-03_01_474.tcf.xml-9-16	inferred	1	 	Seminar
2532889X_1952-09-25_01_058.tcf.xml-13-16	2532889X_1983-06-22_01_205.tcf.xml-12-9	inferred	1	 	Seminar
2532889X_1952-09-25_01_058.tcf.xml-13-16	2532889X_1983-10-04_01_119.tcf.xml-3-16	inferred	1	 	Seminar
2532889X_1952-09-25_01_058.tcf.xml-13-16	2532889X_1987-05-25_01_114.tcf.xml-2-37	inferred	1	 	Seminar
2532889X_1952-09-25_01_058.tcf.xml-13-16	2532889X_1988-05-17_01_150.tcf.xml-3-30	inferred	1	 	Seminar
2532889X_1952-09-25_01_058.tcf.xml-13-16	2532889X_1988-10-29_01_008.tcf.xml-3-2	inferred	0	 	Seminar
2532889X_1952-09-25_01_058.tcf.xml-13-16	26120215_1960_11_20_01_291.tcf.xml-19-6	inferred	1	 	Seminar
2532889X_1952-09-25_01_058.tcf.xml-13-16	26120215_1971_09_15_01_275.tcf.xml-22-3	inferred	1	 	Seminar
2532889X_1952-09-25_01_058.tcf.xml-13-16	26120215_1972_10_11_01_295.tcf.xml-20-11	inferred	1	 	Seminar
2532889X_1952-09-25_01_058.tcf.xml-13-16	26120215_1976_07_22_01_251.tcf.xml-5-3	inferred	0	 	Seminar
2532889X_1952-09-25_01_058.tcf.xml-13-16	26120215_1980_07_11_01_040.tcf.xml-48-9	inferred	0	 	Seminar
2532889X_1952-09-25_01_058.tcf.xml-13-16	26120215_1986_06_03_01_240.tcf.xml-10-2	inferred	1	 	Seminar
2532889X_1952-09-25_01_058.tcf.xml-13-16	buechner_werke_1879-503-41	inferred	0	 	Seminar
2532889X_1952-09-25_01_058.tcf.xml-13-16	heckert_schulgesetzgebung_1847-1419-17	inferred	0	 	Seminar
2532889X_1952-09-25_01_058.tcf.xml-13-16	heckert_schulgesetzgebung_1847-1444-33	inferred	0	 	Seminar
2532889X_1952-09-25_01_058.tcf.xml-13-16	heckert_schulgesetzgebung_1847-1444-90	inferred	0	 	Seminar
2532889X_1952-09-25_01_058.tcf.xml-13-16	heckert_schulgesetzgebung_1847-1477-75	inferred	1	 	Seminar
2532889X_1952-09-25_01_058.tcf.xml-13-16	heckert_schulgesetzgebung_1847-1487-100	inferred	0	 	Seminar
2532889X_1952-09-25_01_058.tcf.xml-13-16	heckert_schulgesetzgebung_1847-3371-18	inferred	0	 	Seminar
2532889X_1952-09-25_01_058.tcf.xml-13-16	heckert_schulgesetzgebung_1847-3979-9	inferred	0	 	Seminar
2532889X_1952-09-25_01_058.tcf.xml-13-16	heckert_schulgesetzgebung_1847-419-19	inferred	0	 	Seminar
2532889X_1952-09-25_01_058.tcf.xml-13-16	hoffmann_elixiere01_1815-167-9	inferred	0	 	Seminar
2532889X_1952-09-25_01_058.tcf.xml-13-16	huber_revival_1862-548-24	inferred	0	 	Seminar
2532889X_1952-09-25_01_058.tcf.xml-13-16	lange_maedchenschule_1887-423-1	inferred	0	 	Seminar
2532889X_1952-09-25_01_058.tcf.xml-13-16	lehnert_seehaefen01_1891-5452-64	inferred	0	 	Seminar
2532889X_1952-09-25_01_058.tcf.xml-13-16	lewald_frauen_1870-648-15	inferred	0	 	Seminar
2532889X_1952-09-25_01_058.tcf.xml-13-16	munzinger_japaner_1898-883-24	inferred	0	 	Seminar
2532889X_1952-09-25_01_058.tcf.xml-13-16	nn_maehrisches122_1895-49-17	inferred	1	 	Seminar
2532889X_1952-09-25_01_058.tcf.xml-13-16	nn_nrhz202_1849-175-0	inferred	0	 	Seminar
2532889X_1952-09-25_01_058.tcf.xml-13-16	nn_nrhz202_1849-175-12	inferred	0	 	Seminar
2532889X_1952-09-25_01_058.tcf.xml-13-16	nn_turnkunst01_1843-794-1	inferred	0	 	Seminar
2532889X_1952-09-25_01_058.tcf.xml-13-16	schmoller_volkswirtschaftslehre_1893-392-8	inferred	0	 	Seminar
2532889X_1952-09-25_01_058.tcf.xml-13-16	treitschke_geschichte05_1894-3750-33	inferred	0	 	Seminar
2532889X_1953-04-22_01_083.tcf.xml-9-3	2532889X_1955-03-13_01_096.tcf.xml-5-6	inferred	1	 	Seminar
2532889X_1953-04-22_01_083.tcf.xml-9-3	2532889X_1971-11-20_01_261.tcf.xml-99-1	inferred	1	 	Seminar
2532889X_1953-04-22_01_083.tcf.xml-9-3	2532889X_1972-07-22_01_176.tcf.xml-4-11	inferred	1	 	Seminar
2532889X_1953-04-22_01_083.tcf.xml-9-3	2532889X_1976-01-16_01_029.tcf.xml-3-2	inferred	1	 	Seminar
2532889X_1953-04-22_01_083.tcf.xml-9-3	2532889X_1976-05-29_01_117.tcf.xml-9-4	inferred	1	 	Seminar
2532889X_1953-04-22_01_083.tcf.xml-9-3	2532889X_1978-05-18_01_012.tcf.xml-5-5	inferred	1	 	Seminar
2532889X_1953-04-22_01_083.tcf.xml-9-3	2532889X_1980-07-19_01_504.tcf.xml-4-28	inferred	1	 	Seminar
2532889X_1953-04-22_01_083.tcf.xml-9-3	2532889X_1980-08-12_01_171.tcf.xml-11-9	inferred	1	 	Seminar
2532889X_1953-04-22_01_083.tcf.xml-9-3	2532889X_1981-01-03_01_474.tcf.xml-9-16	inferred	1	 	Seminar
2532889X_1953-04-22_01_083.tcf.xml-9-3	2532889X_1983-06-22_01_205.tcf.xml-12-9	inferred	1	 	Seminar
2532889X_1953-04-22_01_083.tcf.xml-9-3	2532889X_1983-10-04_01_119.tcf.xml-3-16	inferred	1	 	Seminar
2532889X_1953-04-22_01_083.tcf.xml-9-3	2532889X_1987-05-25_01_114.tcf.xml-2-37	inferred	1	 	Seminar
2532889X_1953-04-22_01_083.tcf.xml-9-3	2532889X_1988-05-17_01_150.tcf.xml-3-30	inferred	1	 	Seminar
2532889X_1953-04-22_01_083.tcf.xml-9-3	2532889X_1988-10-29_01_008.tcf.xml-3-2	inferred	0	 	Seminar
2532889X_1953-04-22_01_083.tcf.xml-9-3	26120215_1960_11_20_01_291.tcf.xml-19-6	inferred	1	 	Seminar
2532889X_1953-04-22_01_083.tcf.xml-9-3	26120215_1971_09_15_01_275.tcf.xml-22-3	inferred	1	 	Seminar
2532889X_1953-04-22_01_083.tcf.xml-9-3	26120215_1972_10_11_01_295.tcf.xml-20-11	inferred	1	 	Seminar
2532889X_1953-04-22_01_083.tcf.xml-9-3	26120215_1976_07_22_01_251.tcf.xml-5-3	inferred	0	 	Seminar
2532889X_1953-04-22_01_083.tcf.xml-9-3	26120215_1980_07_11_01_040.tcf.xml-48-9	inferred	0	 	Seminar
2532889X_1953-04-22_01_083.tcf.xml-9-3	26120215_1986_06_03_01_240.tcf.xml-10-2	inferred	1	 	Seminar
2532889X_1953-04-22_01_083.tcf.xml-9-3	buechner_werke_1879-503-41	inferred	0	 	Seminar
2532889X_1953-04-22_01_083.tcf.xml-9-3	heckert_schulgesetzgebung_1847-1419-17	inferred	0	 	Seminar
2532889X_1953-04-22_01_083.tcf.xml-9-3	heckert_schulgesetzgebung_1847-1444-33	inferred	0	 	Seminar
2532889X_1953-04-22_01_083.tcf.xml-9-3	heckert_schulgesetzgebung_1847-1444-90	inferred	0	 	Seminar
2532889X_1953-04-22_01_083.tcf.xml-9-3	heckert_schulgesetzgebung_1847-1477-75	inferred	1	 	Seminar
2532889X_1953-04-22_01_083.tcf.xml-9-3	heckert_schulgesetzgebung_1847-1487-100	inferred	0	 	Seminar
2532889X_1953-04-22_01_083.tcf.xml-9-3	heckert_schulgesetzgebung_1847-3371-18	inferred	0	 	Seminar
2532889X_1953-04-22_01_083.tcf.xml-9-3	heckert_schulgesetzgebung_1847-3979-9	inferred	0	 	Seminar
2532889X_1953-04-22_01_083.tcf.xml-9-3	heckert_schulgesetzgebung_1847-419-19	inferred	0	 	Seminar
2532889X_1953-04-22_01_083.tcf.xml-9-3	hoffmann_elixiere01_1815-167-9	inferred	0	 	Seminar
2532889X_1953-04-22_01_083.tcf.xml-9-3	huber_revival_1862-548-24	inferred	0	 	Seminar
2532889X_1953-04-22_01_083.tcf.xml-9-3	lange_maedchenschule_1887-423-1	inferred	0	 	Seminar
2532889X_1953-04-22_01_083.tcf.xml-9-3	lehnert_seehaefen01_1891-5452-64	inferred	0	 	Seminar
2532889X_1953-04-22_01_083.tcf.xml-9-3	lewald_frauen_1870-648-15	inferred	0	 	Seminar
2532889X_1953-04-22_01_083.tcf.xml-9-3	munzinger_japaner_1898-883-24	inferred	0	 	Seminar
2532889X_1953-04-22_01_083.tcf.xml-9-3	nn_maehrisches122_1895-49-17	inferred	1	 	Seminar
2532889X_1953-04-22_01_083.tcf.xml-9-3	nn_nrhz202_1849-175-0	inferred	0	 	Seminar
2532889X_1953-04-22_01_083.tcf.xml-9-3	nn_nrhz202_1849-175-12	inferred	0	 	Seminar
2532889X_1953-04-22_01_083.tcf.xml-9-3	nn_turnkunst01_1843-794-1	inferred	0	 	Seminar
2532889X_1953-04-22_01_083.tcf.xml-9-3	schmoller_volkswirtschaftslehre_1893-392-8	inferred	0	 	Seminar
2532889X_1953-04-22_01_083.tcf.xml-9-3	treitschke_geschichte05_1894-3750-33	inferred	0	 	Seminar
2532889X_1955-03-13_01_096.tcf.xml-5-6	2532889X_1971-11-20_01_261.tcf.xml-99-1	inferred	1	 	Seminar
2532889X_1955-03-13_01_096.tcf.xml-5-6	2532889X_1972-07-22_01_176.tcf.xml-4-11	inferred	1	 	Seminar
2532889X_1955-03-13_01_096.tcf.xml-5-6	2532889X_1976-01-16_01_029.tcf.xml-3-2	inferred	1	 	Seminar
2532889X_1955-03-13_01_096.tcf.xml-5-6	2532889X_1976-05-29_01_117.tcf.xml-9-4	inferred	1	 	Seminar
2532889X_1955-03-13_01_096.tcf.xml-5-6	2532889X_1978-05-18_01_012.tcf.xml-5-5	inferred	1	 	Seminar
2532889X_1955-03-13_01_096.tcf.xml-5-6	2532889X_1980-07-19_01_504.tcf.xml-4-28	inferred	1	 	Seminar
2532889X_1955-03-13_01_096.tcf.xml-5-6	2532889X_1980-08-12_01_171.tcf.xml-11-9	inferred	1	 	Seminar
2532889X_1955-03-13_01_096.tcf.xml-5-6	2532889X_1981-01-03_01_474.tcf.xml-9-16	inferred	1	 	Seminar
2532889X_1955-03-13_01_096.tcf.xml-5-6	2532889X_1983-06-22_01_205.tcf.xml-12-9	inferred	1	 	Seminar
2532889X_1955-03-13_01_096.tcf.xml-5-6	2532889X_1983-10-04_01_119.tcf.xml-3-16	inferred	1	 	Seminar
2532889X_1955-03-13_01_096.tcf.xml-5-6	2532889X_1987-05-25_01_114.tcf.xml-2-37	inferred	1	 	Seminar
2532889X_1955-03-13_01_096.tcf.xml-5-6	2532889X_1988-05-17_01_150.tcf.xml-3-30	inferred	1	 	Seminar
2532889X_1955-03-13_01_096.tcf.xml-5-6	2532889X_1988-10-29_01_008.tcf.xml-3-2	inferred	0	 	Seminar
2532889X_1955-03-13_01_096.tcf.xml-5-6	26120215_1960_11_20_01_291.tcf.xml-19-6	inferred	1	 	Seminar
2532889X_1955-03-13_01_096.tcf.xml-5-6	26120215_1971_09_15_01_275.tcf.xml-22-3	inferred	1	 	Seminar
2532889X_1955-03-13_01_096.tcf.xml-5-6	26120215_1972_10_11_01_295.tcf.xml-20-11	inferred	1	 	Seminar
2532889X_1955-03-13_01_096.tcf.xml-5-6	26120215_1976_07_22_01_251.tcf.xml-5-3	inferred	0	 	Seminar
2532889X_1955-03-13_01_096.tcf.xml-5-6	26120215_1980_07_11_01_040.tcf.xml-48-9	inferred	0	 	Seminar
2532889X_1955-03-13_01_096.tcf.xml-5-6	26120215_1986_06_03_01_240.tcf.xml-10-2	inferred	1	 	Seminar
2532889X_1955-03-13_01_096.tcf.xml-5-6	buechner_werke_1879-503-41	inferred	0	 	Seminar
2532889X_1955-03-13_01_096.tcf.xml-5-6	heckert_schulgesetzgebung_1847-1419-17	inferred	0	 	Seminar
2532889X_1955-03-13_01_096.tcf.xml-5-6	heckert_schulgesetzgebung_1847-1444-33	inferred	0	 	Seminar
2532889X_1955-03-13_01_096.tcf.xml-5-6	heckert_schulgesetzgebung_1847-1444-90	inferred	0	 	Seminar
2532889X_1955-03-13_01_096.tcf.xml-5-6	heckert_schulgesetzgebung_1847-1477-75	inferred	1	 	Seminar
2532889X_1955-03-13_01_096.tcf.xml-5-6	heckert_schulgesetzgebung_1847-1487-100	inferred	0	 	Seminar
2532889X_1955-03-13_01_096.tcf.xml-5-6	heckert_schulgesetzgebung_1847-3371-18	inferred	0	 	Seminar
2532889X_1955-03-13_01_096.tcf.xml-5-6	heckert_schulgesetzgebung_1847-3979-9	inferred	0	 	Seminar
2532889X_1955-03-13_01_096.tcf.xml-5-6	heckert_schulgesetzgebung_1847-419-19	inferred	0	 	Seminar
2532889X_1955-03-13_01_096.tcf.xml-5-6	hoffmann_elixiere01_1815-167-9	inferred	0	 	Seminar
2532889X_1955-03-13_01_096.tcf.xml-5-6	huber_revival_1862-548-24	inferred	0	 	Seminar
2532889X_1955-03-13_01_096.tcf.xml-5-6	lange_maedchenschule_1887-423-1	inferred	0	 	Seminar
2532889X_1955-03-13_01_096.tcf.xml-5-6	lehnert_seehaefen01_1891-5452-64	inferred	0	 	Seminar
2532889X_1955-03-13_01_096.tcf.xml-5-6	lewald_frauen_1870-648-15	inferred	0	 	Seminar
2532889X_1955-03-13_01_096.tcf.xml-5-6	munzinger_japaner_1898-883-24	inferred	0	 	Seminar
2532889X_1955-03-13_01_096.tcf.xml-5-6	nn_maehrisches122_1895-49-17	inferred	1	 	Seminar
2532889X_1955-03-13_01_096.tcf.xml-5-6	nn_nrhz202_1849-175-0	inferred	0	 	Seminar
2532889X_1955-03-13_01_096.tcf.xml-5-6	nn_nrhz202_1849-175-12	inferred	0	 	Seminar
2532889X_1955-03-13_01_096.tcf.xml-5-6	nn_turnkunst01_1843-794-1	inferred	0	 	Seminar
2532889X_1955-03-13_01_096.tcf.xml-5-6	schmoller_volkswirtschaftslehre_1893-392-8	inferred	0	 	Seminar
2532889X_1955-03-13_01_096.tcf.xml-5-6	treitschke_geschichte05_1894-3750-33	inferred	0	 	Seminar
2532889X_1971-11-20_01_261.tcf.xml-99-1	2532889X_1972-07-22_01_176.tcf.xml-4-11	inferred	1	 	Seminar
2532889X_1971-11-20_01_261.tcf.xml-99-1	2532889X_1976-01-16_01_029.tcf.xml-3-2	inferred	1	 	Seminar
2532889X_1971-11-20_01_261.tcf.xml-99-1	2532889X_1976-05-29_01_117.tcf.xml-9-4	inferred	1	 	Seminar
2532889X_1971-11-20_01_261.tcf.xml-99-1	2532889X_1978-05-18_01_012.tcf.xml-5-5	inferred	1	 	Seminar
2532889X_1971-11-20_01_261.tcf.xml-99-1	2532889X_1980-07-19_01_504.tcf.xml-4-28	inferred	1	 	Seminar
2532889X_1971-11-20_01_261.tcf.xml-99-1	2532889X_1980-08-12_01_171.tcf.xml-11-9	inferred	1	 	Seminar
2532889X_1971-11-20_01_261.tcf.xml-99-1	2532889X_1981-01-03_01_474.tcf.xml-9-16	inferred	1	 	Seminar
2532889X_1971-11-20_01_261.tcf.xml-99-1	2532889X_1983-06-22_01_205.tcf.xml-12-9	inferred	1	 	Seminar
2532889X_1971-11-20_01_261.tcf.xml-99-1	2532889X_1983-10-04_01_119.tcf.xml-3-16	inferred	1	 	Seminar
2532889X_1971-11-20_01_261.tcf.xml-99-1	2532889X_1987-05-25_01_114.tcf.xml-2-37	inferred	1	 	Seminar
2532889X_1971-11-20_01_261.tcf.xml-99-1	2532889X_1988-05-17_01_150.tcf.xml-3-30	inferred	1	 	Seminar
2532889X_1971-11-20_01_261.tcf.xml-99-1	2532889X_1988-10-29_01_008.tcf.xml-3-2	inferred	0	 	Seminar
2532889X_1971-11-20_01_261.tcf.xml-99-1	26120215_1960_11_20_01_291.tcf.xml-19-6	inferred	1	 	Seminar
2532889X_1971-11-20_01_261.tcf.xml-99-1	26120215_1971_09_15_01_275.tcf.xml-22-3	inferred	1	 	Seminar
2532889X_1971-11-20_01_261.tcf.xml-99-1	26120215_1972_10_11_01_295.tcf.xml-20-11	inferred	1	 	Seminar
2532889X_1971-11-20_01_261.tcf.xml-99-1	26120215_1976_07_22_01_251.tcf.xml-5-3	inferred	0	 	Seminar
2532889X_1971-11-20_01_261.tcf.xml-99-1	26120215_1980_07_11_01_040.tcf.xml-48-9	inferred	0	 	Seminar
2532889X_1971-11-20_01_261.tcf.xml-99-1	26120215_1986_06_03_01_240.tcf.xml-10-2	inferred	1	 	Seminar
2532889X_1971-11-20_01_261.tcf.xml-99-1	buechner_werke_1879-503-41	inferred	0	 	Seminar
2532889X_1971-11-20_01_261.tcf.xml-99-1	heckert_schulgesetzgebung_1847-1419-17	inferred	0	 	Seminar
2532889X_1971-11-20_01_261.tcf.xml-99-1	heckert_schulgesetzgebung_1847-1444-33	inferred	0	 	Seminar
2532889X_1971-11-20_01_261.tcf.xml-99-1	heckert_schulgesetzgebung_1847-1444-90	inferred	0	 	Seminar
2532889X_1971-11-20_01_261.tcf.xml-99-1	heckert_schulgesetzgebung_1847-1477-75	inferred	1	 	Seminar
2532889X_1971-11-20_01_261.tcf.xml-99-1	heckert_schulgesetzgebung_1847-1487-100	inferred	0	 	Seminar
2532889X_1971-11-20_01_261.tcf.xml-99-1	heckert_schulgesetzgebung_1847-3371-18	inferred	0	 	Seminar
2532889X_1971-11-20_01_261.tcf.xml-99-1	heckert_schulgesetzgebung_1847-3979-9	inferred	0	 	Seminar
2532889X_1971-11-20_01_261.tcf.xml-99-1	heckert_schulgesetzgebung_1847-419-19	inferred	0	 	Seminar
2532889X_1971-11-20_01_261.tcf.xml-99-1	hoffmann_elixiere01_1815-167-9	inferred	0	 	Seminar
2532889X_1971-11-20_01_261.tcf.xml-99-1	huber_revival_1862-548-24	inferred	0	 	Seminar
2532889X_1971-11-20_01_261.tcf.xml-99-1	lange_maedchenschule_1887-423-1	inferred	0	 	Seminar
2532889X_1971-11-20_01_261.tcf.xml-99-1	lehnert_seehaefen01_1891-5452-64	inferred	0	 	Seminar
2532889X_1971-11-20_01_261.tcf.xml-99-1	lewald_frauen_1870-648-15	inferred	0	 	Seminar
2532889X_1971-11-20_01_261.tcf.xml-99-1	munzinger_japaner_1898-883-24	inferred	0	 	Seminar
2532889X_1971-11-20_01_261.tcf.xml-99-1	nn_maehrisches122_1895-49-17	inferred	1	 	Seminar
2532889X_1971-11-20_01_261.tcf.xml-99-1	nn_nrhz202_1849-175-0	inferred	0	 	Seminar
2532889X_1971-11-20_01_261.tcf.xml-99-1	nn_nrhz202_1849-175-12	inferred	0	 	Seminar
2532889X_1971-11-20_01_261.tcf.xml-99-1	nn_turnkunst01_1843-794-1	inferred	0	 	Seminar
2532889X_1971-11-20_01_261.tcf.xml-99-1	schmoller_volkswirtschaftslehre_1893-392-8	inferred	0	 	Seminar
2532889X_1971-11-20_01_261.tcf.xml-99-1	treitschke_geschichte05_1894-3750-33	inferred	0	 	Seminar
2532889X_1972-07-22_01_176.tcf.xml-4-11	2532889X_1976-01-16_01_029.tcf.xml-3-2	inferred	1	 	Seminar
2532889X_1972-07-22_01_176.tcf.xml-4-11	2532889X_1976-05-29_01_117.tcf.xml-9-4	inferred	1	 	Seminar
2532889X_1972-07-22_01_176.tcf.xml-4-11	2532889X_1978-05-18_01_012.tcf.xml-5-5	inferred	1	 	Seminar
2532889X_1972-07-22_01_176.tcf.xml-4-11	2532889X_1980-07-19_01_504.tcf.xml-4-28	inferred	1	 	Seminar
2532889X_1972-07-22_01_176.tcf.xml-4-11	2532889X_1980-08-12_01_171.tcf.xml-11-9	inferred	1	 	Seminar
2532889X_1972-07-22_01_176.tcf.xml-4-11	2532889X_1981-01-03_01_474.tcf.xml-9-16	inferred	1	 	Seminar
2532889X_1972-07-22_01_176.tcf.xml-4-11	2532889X_1983-06-22_01_205.tcf.xml-12-9	inferred	1	 	Seminar
2532889X_1972-07-22_01_176.tcf.xml-4-11	2532889X_1983-10-04_01_119.tcf.xml-3-16	inferred	1	 	Seminar
2532889X_1972-07-22_01_176.tcf.xml-4-11	2532889X_1987-05-25_01_114.tcf.xml-2-37	inferred	1	 	Seminar
2532889X_1972-07-22_01_176.tcf.xml-4-11	2532889X_1988-05-17_01_150.tcf.xml-3-30	inferred	1	 	Seminar
2532889X_1972-07-22_01_176.tcf.xml-4-11	2532889X_1988-10-29_01_008.tcf.xml-3-2	inferred	0	 	Seminar
2532889X_1972-07-22_01_176.tcf.xml-4-11	26120215_1960_11_20_01_291.tcf.xml-19-6	inferred	1	 	Seminar
2532889X_1972-07-22_01_176.tcf.xml-4-11	26120215_1971_09_15_01_275.tcf.xml-22-3	inferred	1	 	Seminar
2532889X_1972-07-22_01_176.tcf.xml-4-11	26120215_1972_10_11_01_295.tcf.xml-20-11	inferred	1	 	Seminar
2532889X_1972-07-22_01_176.tcf.xml-4-11	26120215_1976_07_22_01_251.tcf.xml-5-3	inferred	0	 	Seminar
2532889X_1972-07-22_01_176.tcf.xml-4-11	26120215_1980_07_11_01_040.tcf.xml-48-9	inferred	0	 	Seminar
2532889X_1972-07-22_01_176.tcf.xml-4-11	26120215_1986_06_03_01_240.tcf.xml-10-2	inferred	1	 	Seminar
2532889X_1972-07-22_01_176.tcf.xml-4-11	buechner_werke_1879-503-41	inferred	0	 	Seminar
2532889X_1972-07-22_01_176.tcf.xml-4-11	heckert_schulgesetzgebung_1847-1419-17	inferred	0	 	Seminar
2532889X_1972-07-22_01_176.tcf.xml-4-11	heckert_schulgesetzgebung_1847-1444-33	inferred	0	 	Seminar
2532889X_1972-07-22_01_176.tcf.xml-4-11	heckert_schulgesetzgebung_1847-1444-90	inferred	0	 	Seminar
2532889X_1972-07-22_01_176.tcf.xml-4-11	heckert_schulgesetzgebung_1847-1477-75	inferred	1	 	Seminar
2532889X_1972-07-22_01_176.tcf.xml-4-11	heckert_schulgesetzgebung_1847-1487-100	inferred	0	 	Seminar
2532889X_1972-07-22_01_176.tcf.xml-4-11	heckert_schulgesetzgebung_1847-3371-18	inferred	0	 	Seminar
2532889X_1972-07-22_01_176.tcf.xml-4-11	heckert_schulgesetzgebung_1847-3979-9	inferred	0	 	Seminar
2532889X_1972-07-22_01_176.tcf.xml-4-11	heckert_schulgesetzgebung_1847-419-19	inferred	0	 	Seminar
2532889X_1972-07-22_01_176.tcf.xml-4-11	hoffmann_elixiere01_1815-167-9	inferred	0	 	Seminar
2532889X_1972-07-22_01_176.tcf.xml-4-11	huber_revival_1862-548-24	inferred	0	 	Seminar
2532889X_1972-07-22_01_176.tcf.xml-4-11	lange_maedchenschule_1887-423-1	inferred	0	 	Seminar
2532889X_1972-07-22_01_176.tcf.xml-4-11	lehnert_seehaefen01_1891-5452-64	inferred	0	 	Seminar
2532889X_1972-07-22_01_176.tcf.xml-4-11	lewald_frauen_1870-648-15	inferred	0	 	Seminar
2532889X_1972-07-22_01_176.tcf.xml-4-11	munzinger_japaner_1898-883-24	inferred	0	 	Seminar
2532889X_1972-07-22_01_176.tcf.xml-4-11	nn_maehrisches122_1895-49-17	inferred	1	 	Seminar
2532889X_1972-07-22_01_176.tcf.xml-4-11	nn_nrhz202_1849-175-0	inferred	0	 	Seminar
2532889X_1972-07-22_01_176.tcf.xml-4-11	nn_nrhz202_1849-175-12	inferred	0	 	Seminar
2532889X_1972-07-22_01_176.tcf.xml-4-11	nn_turnkunst01_1843-794-1	inferred	0	 	Seminar
2532889X_1972-07-22_01_176.tcf.xml-4-11	schmoller_volkswirtschaftslehre_1893-392-8	inferred	0	 	Seminar
2532889X_1972-07-22_01_176.tcf.xml-4-11	treitschke_geschichte05_1894-3750-33	inferred	0	 	Seminar
2532889X_1976-01-16_01_029.tcf.xml-3-2	2532889X_1976-05-29_01_117.tcf.xml-9-4	inferred	1	 	Seminar
2532889X_1976-01-16_01_029.tcf.xml-3-2	2532889X_1978-05-18_01_012.tcf.xml-5-5	inferred	1	 	Seminar
2532889X_1976-01-16_01_029.tcf.xml-3-2	2532889X_1980-07-19_01_504.tcf.xml-4-28	inferred	1	 	Seminar
2532889X_1976-01-16_01_029.tcf.xml-3-2	2532889X_1980-08-12_01_171.tcf.xml-11-9	inferred	1	 	Seminar
2532889X_1976-01-16_01_029.tcf.xml-3-2	2532889X_1981-01-03_01_474.tcf.xml-9-16	inferred	1	 	Seminar
2532889X_1976-01-16_01_029.tcf.xml-3-2	2532889X_1983-06-22_01_205.tcf.xml-12-9	inferred	1	 	Seminar
2532889X_1976-01-16_01_029.tcf.xml-3-2	2532889X_1983-10-04_01_119.tcf.xml-3-16	inferred	1	 	Seminar
2532889X_1976-01-16_01_029.tcf.xml-3-2	2532889X_1987-05-25_01_114.tcf.xml-2-37	inferred	1	 	Seminar
2532889X_1976-01-16_01_029.tcf.xml-3-2	2532889X_1988-05-17_01_150.tcf.xml-3-30	inferred	1	 	Seminar
2532889X_1976-01-16_01_029.tcf.xml-3-2	2532889X_1988-10-29_01_008.tcf.xml-3-2	inferred	0	 	Seminar
2532889X_1976-01-16_01_029.tcf.xml-3-2	26120215_1960_11_20_01_291.tcf.xml-19-6	inferred	1	 	Seminar
2532889X_1976-01-16_01_029.tcf.xml-3-2	26120215_1971_09_15_01_275.tcf.xml-22-3	inferred	1	 	Seminar
2532889X_1976-01-16_01_029.tcf.xml-3-2	26120215_1972_10_11_01_295.tcf.xml-20-11	inferred	1	 	Seminar
2532889X_1976-01-16_01_029.tcf.xml-3-2	26120215_1976_07_22_01_251.tcf.xml-5-3	inferred	0	 	Seminar
2532889X_1976-01-16_01_029.tcf.xml-3-2	26120215_1980_07_11_01_040.tcf.xml-48-9	inferred	0	 	Seminar
2532889X_1976-01-16_01_029.tcf.xml-3-2	26120215_1986_06_03_01_240.tcf.xml-10-2	inferred	1	 	Seminar
2532889X_1976-01-16_01_029.tcf.xml-3-2	buechner_werke_1879-503-41	inferred	0	 	Seminar
2532889X_1976-01-16_01_029.tcf.xml-3-2	heckert_schulgesetzgebung_1847-1419-17	inferred	0	 	Seminar
2532889X_1976-01-16_01_029.tcf.xml-3-2	heckert_schulgesetzgebung_1847-1444-33	inferred	0	 	Seminar
2532889X_1976-01-16_01_029.tcf.xml-3-2	heckert_schulgesetzgebung_1847-1444-90	inferred	0	 	Seminar
2532889X_1976-01-16_01_029.tcf.xml-3-2	heckert_schulgesetzgebung_1847-1477-75	inferred	1	 	Seminar
2532889X_1976-01-16_01_029.tcf.xml-3-2	heckert_schulgesetzgebung_1847-1487-100	inferred	0	 	Seminar
2532889X_1976-01-16_01_029.tcf.xml-3-2	heckert_schulgesetzgebung_1847-3371-18	inferred	0	 	Seminar
2532889X_1976-01-16_01_029.tcf.xml-3-2	heckert_schulgesetzgebung_1847-3979-9	inferred	0	 	Seminar
2532889X_1976-01-16_01_029.tcf.xml-3-2	heckert_schulgesetzgebung_1847-419-19	inferred	0	 	Seminar
2532889X_1976-01-16_01_029.tcf.xml-3-2	hoffmann_elixiere01_1815-167-9	inferred	0	 	Seminar
2532889X_1976-01-16_01_029.tcf.xml-3-2	huber_revival_1862-548-24	inferred	0	 	Seminar
2532889X_1976-01-16_01_029.tcf.xml-3-2	lange_maedchenschule_1887-423-1	inferred	0	 	Seminar
2532889X_1976-01-16_01_029.tcf.xml-3-2	lehnert_seehaefen01_1891-5452-64	inferred	0	 	Seminar
2532889X_1976-01-16_01_029.tcf.xml-3-2	lewald_frauen_1870-648-15	inferred	0	 	Seminar
2532889X_1976-01-16_01_029.tcf.xml-3-2	munzinger_japaner_1898-883-24	inferred	0	 	Seminar
2532889X_1976-01-16_01_029.tcf.xml-3-2	nn_maehrisches122_1895-49-17	inferred	1	 	Seminar
2532889X_1976-01-16_01_029.tcf.xml-3-2	nn_nrhz202_1849-175-0	inferred	0	 	Seminar
2532889X_1976-01-16_01_029.tcf.xml-3-2	nn_nrhz202_1849-175-12	inferred	0	 	Seminar
2532889X_1976-01-16_01_029.tcf.xml-3-2	nn_turnkunst01_1843-794-1	inferred	0	 	Seminar
2532889X_1976-01-16_01_029.tcf.xml-3-2	schmoller_volkswirtschaftslehre_1893-392-8	inferred	0	 	Seminar
2532889X_1976-01-16_01_029.tcf.xml-3-2	treitschke_geschichte05_1894-3750-33	inferred	0	 	Seminar
2532889X_1976-05-29_01_117.tcf.xml-9-4	2532889X_1978-05-18_01_012.tcf.xml-5-5	inferred	1	 	Seminar
2532889X_1976-05-29_01_117.tcf.xml-9-4	2532889X_1980-07-19_01_504.tcf.xml-4-28	inferred	1	 	Seminar
2532889X_1976-05-29_01_117.tcf.xml-9-4	2532889X_1980-08-12_01_171.tcf.xml-11-9	inferred	1	 	Seminar
2532889X_1976-05-29_01_117.tcf.xml-9-4	2532889X_1981-01-03_01_474.tcf.xml-9-16	inferred	1	 	Seminar
2532889X_1976-05-29_01_117.tcf.xml-9-4	2532889X_1983-06-22_01_205.tcf.xml-12-9	inferred	1	 	Seminar
2532889X_1976-05-29_01_117.tcf.xml-9-4	2532889X_1983-10-04_01_119.tcf.xml-3-16	inferred	1	 	Seminar
2532889X_1976-05-29_01_117.tcf.xml-9-4	2532889X_1987-05-25_01_114.tcf.xml-2-37	inferred	1	 	Seminar
2532889X_1976-05-29_01_117.tcf.xml-9-4	2532889X_1988-05-17_01_150.tcf.xml-3-30	inferred	1	 	Seminar
2532889X_1976-05-29_01_117.tcf.xml-9-4	2532889X_1988-10-29_01_008.tcf.xml-3-2	inferred	0	 	Seminar
2532889X_1976-05-29_01_117.tcf.xml-9-4	26120215_1960_11_20_01_291.tcf.xml-19-6	inferred	1	 	Seminar
2532889X_1976-05-29_01_117.tcf.xml-9-4	26120215_1971_09_15_01_275.tcf.xml-22-3	inferred	1	 	Seminar
2532889X_1976-05-29_01_117.tcf.xml-9-4	26120215_1972_10_11_01_295.tcf.xml-20-11	inferred	1	 	Seminar
2532889X_1976-05-29_01_117.tcf.xml-9-4	26120215_1976_07_22_01_251.tcf.xml-5-3	inferred	0	 	Seminar
2532889X_1976-05-29_01_117.tcf.xml-9-4	26120215_1980_07_11_01_040.tcf.xml-48-9	inferred	0	 	Seminar
2532889X_1976-05-29_01_117.tcf.xml-9-4	26120215_1986_06_03_01_240.tcf.xml-10-2	inferred	1	 	Seminar
2532889X_1976-05-29_01_117.tcf.xml-9-4	buechner_werke_1879-503-41	inferred	0	 	Seminar
2532889X_1976-05-29_01_117.tcf.xml-9-4	heckert_schulgesetzgebung_1847-1419-17	inferred	0	 	Seminar
2532889X_1976-05-29_01_117.tcf.xml-9-4	heckert_schulgesetzgebung_1847-1444-33	inferred	0	 	Seminar
2532889X_1976-05-29_01_117.tcf.xml-9-4	heckert_schulgesetzgebung_1847-1444-90	inferred	0	 	Seminar
2532889X_1976-05-29_01_117.tcf.xml-9-4	heckert_schulgesetzgebung_1847-1477-75	inferred	1	 	Seminar
2532889X_1976-05-29_01_117.tcf.xml-9-4	heckert_schulgesetzgebung_1847-1487-100	inferred	0	 	Seminar
2532889X_1976-05-29_01_117.tcf.xml-9-4	heckert_schulgesetzgebung_1847-3371-18	inferred	0	 	Seminar
2532889X_1976-05-29_01_117.tcf.xml-9-4	heckert_schulgesetzgebung_1847-3979-9	inferred	0	 	Seminar
2532889X_1976-05-29_01_117.tcf.xml-9-4	heckert_schulgesetzgebung_1847-419-19	inferred	0	 	Seminar
2532889X_1976-05-29_01_117.tcf.xml-9-4	hoffmann_elixiere01_1815-167-9	inferred	0	 	Seminar
2532889X_1976-05-29_01_117.tcf.xml-9-4	huber_revival_1862-548-24	inferred	0	 	Seminar
2532889X_1976-05-29_01_117.tcf.xml-9-4	lange_maedchenschule_1887-423-1	inferred	0	 	Seminar
2532889X_1976-05-29_01_117.tcf.xml-9-4	lehnert_seehaefen01_1891-5452-64	inferred	0	 	Seminar
2532889X_1976-05-29_01_117.tcf.xml-9-4	lewald_frauen_1870-648-15	inferred	0	 	Seminar
2532889X_1976-05-29_01_117.tcf.xml-9-4	munzinger_japaner_1898-883-24	inferred	0	 	Seminar
2532889X_1976-05-29_01_117.tcf.xml-9-4	nn_maehrisches122_1895-49-17	inferred	1	 	Seminar
2532889X_1976-05-29_01_117.tcf.xml-9-4	nn_nrhz202_1849-175-0	inferred	0	 	Seminar
2532889X_1976-05-29_01_117.tcf.xml-9-4	nn_nrhz202_1849-175-12	inferred	0	 	Seminar
2532889X_1976-05-29_01_117.tcf.xml-9-4	nn_turnkunst01_1843-794-1	inferred	0	 	Seminar
2532889X_1976-05-29_01_117.tcf.xml-9-4	schmoller_volkswirtschaftslehre_1893-392-8	inferred	0	 	Seminar
2532889X_1976-05-29_01_117.tcf.xml-9-4	treitschke_geschichte05_1894-3750-33	inferred	0	 	Seminar
2532889X_1978-05-18_01_012.tcf.xml-5-5	2532889X_1980-07-19_01_504.tcf.xml-4-28	inferred	1	 	Seminar
2532889X_1978-05-18_01_012.tcf.xml-5-5	2532889X_1980-08-12_01_171.tcf.xml-11-9	inferred	1	 	Seminar
2532889X_1978-05-18_01_012.tcf.xml-5-5	2532889X_1981-01-03_01_474.tcf.xml-9-16	inferred	1	 	Seminar
2532889X_1978-05-18_01_012.tcf.xml-5-5	2532889X_1983-06-22_01_205.tcf.xml-12-9	inferred	1	 	Seminar
2532889X_1978-05-18_01_012.tcf.xml-5-5	2532889X_1983-10-04_01_119.tcf.xml-3-16	inferred	1	 	Seminar
2532889X_1978-05-18_01_012.tcf.xml-5-5	2532889X_1987-05-25_01_114.tcf.xml-2-37	inferred	1	 	Seminar
2532889X_1978-05-18_01_012.tcf.xml-5-5	2532889X_1988-05-17_01_150.tcf.xml-3-30	inferred	1	 	Seminar
2532889X_1978-05-18_01_012.tcf.xml-5-5	2532889X_1988-10-29_01_008.tcf.xml-3-2	inferred	0	 	Seminar
2532889X_1978-05-18_01_012.tcf.xml-5-5	26120215_1960_11_20_01_291.tcf.xml-19-6	inferred	1	 	Seminar
2532889X_1978-05-18_01_012.tcf.xml-5-5	26120215_1971_09_15_01_275.tcf.xml-22-3	inferred	1	 	Seminar
2532889X_1978-05-18_01_012.tcf.xml-5-5	26120215_1972_10_11_01_295.tcf.xml-20-11	inferred	1	 	Seminar
2532889X_1978-05-18_01_012.tcf.xml-5-5	26120215_1976_07_22_01_251.tcf.xml-5-3	inferred	0	 	Seminar
2532889X_1978-05-18_01_012.tcf.xml-5-5	26120215_1980_07_11_01_040.tcf.xml-48-9	inferred	0	 	Seminar
2532889X_1978-05-18_01_012.tcf.xml-5-5	26120215_1986_06_03_01_240.tcf.xml-10-2	inferred	1	 	Seminar
2532889X_1978-05-18_01_012.tcf.xml-5-5	buechner_werke_1879-503-41	inferred	0	 	Seminar
2532889X_1978-05-18_01_012.tcf.xml-5-5	heckert_schulgesetzgebung_1847-1419-17	inferred	0	 	Seminar
2532889X_1978-05-18_01_012.tcf.xml-5-5	heckert_schulgesetzgebung_1847-1444-33	inferred	0	 	Seminar
2532889X_1978-05-18_01_012.tcf.xml-5-5	heckert_schulgesetzgebung_1847-1444-90	inferred	0	 	Seminar
2532889X_1978-05-18_01_012.tcf.xml-5-5	heckert_schulgesetzgebung_1847-1477-75	inferred	1	 	Seminar
2532889X_1978-05-18_01_012.tcf.xml-5-5	heckert_schulgesetzgebung_1847-1487-100	inferred	0	 	Seminar
2532889X_1978-05-18_01_012.tcf.xml-5-5	heckert_schulgesetzgebung_1847-3371-18	inferred	0	 	Seminar
2532889X_1978-05-18_01_012.tcf.xml-5-5	heckert_schulgesetzgebung_1847-3979-9	inferred	0	 	Seminar
2532889X_1978-05-18_01_012.tcf.xml-5-5	heckert_schulgesetzgebung_1847-419-19	inferred	0	 	Seminar
2532889X_1978-05-18_01_012.tcf.xml-5-5	hoffmann_elixiere01_1815-167-9	inferred	0	 	Seminar
2532889X_1978-05-18_01_012.tcf.xml-5-5	huber_revival_1862-548-24	inferred	0	 	Seminar
2532889X_1978-05-18_01_012.tcf.xml-5-5	lange_maedchenschule_1887-423-1	inferred	0	 	Seminar
2532889X_1978-05-18_01_012.tcf.xml-5-5	lehnert_seehaefen01_1891-5452-64	inferred	0	 	Seminar
2532889X_1978-05-18_01_012.tcf.xml-5-5	lewald_frauen_1870-648-15	inferred	0	 	Seminar
2532889X_1978-05-18_01_012.tcf.xml-5-5	munzinger_japaner_1898-883-24	inferred	0	 	Seminar
2532889X_1978-05-18_01_012.tcf.xml-5-5	nn_maehrisches122_1895-49-17	inferred	1	 	Seminar
2532889X_1978-05-18_01_012.tcf.xml-5-5	nn_nrhz202_1849-175-0	inferred	0	 	Seminar
2532889X_1978-05-18_01_012.tcf.xml-5-5	nn_nrhz202_1849-175-12	inferred	0	 	Seminar
2532889X_1978-05-18_01_012.tcf.xml-5-5	nn_turnkunst01_1843-794-1	inferred	0	 	Seminar
2532889X_1978-05-18_01_012.tcf.xml-5-5	schmoller_volkswirtschaftslehre_1893-392-8	inferred	0	 	Seminar
2532889X_1978-05-18_01_012.tcf.xml-5-5	treitschke_geschichte05_1894-3750-33	inferred	0	 	Seminar
2532889X_1980-07-19_01_504.tcf.xml-4-28	2532889X_1980-08-12_01_171.tcf.xml-11-9	inferred	1	 	Seminar
2532889X_1980-07-19_01_504.tcf.xml-4-28	2532889X_1981-01-03_01_474.tcf.xml-9-16	inferred	1	 	Seminar
2532889X_1980-07-19_01_504.tcf.xml-4-28	2532889X_1983-06-22_01_205.tcf.xml-12-9	inferred	1	 	Seminar
2532889X_1980-07-19_01_504.tcf.xml-4-28	2532889X_1983-10-04_01_119.tcf.xml-3-16	inferred	1	 	Seminar
2532889X_1980-07-19_01_504.tcf.xml-4-28	2532889X_1987-05-25_01_114.tcf.xml-2-37	inferred	1	 	Seminar
2532889X_1980-07-19_01_504.tcf.xml-4-28	2532889X_1988-05-17_01_150.tcf.xml-3-30	inferred	1	 	Seminar
2532889X_1980-07-19_01_504.tcf.xml-4-28	2532889X_1988-10-29_01_008.tcf.xml-3-2	inferred	0	 	Seminar
2532889X_1980-07-19_01_504.tcf.xml-4-28	26120215_1960_11_20_01_291.tcf.xml-19-6	inferred	1	 	Seminar
2532889X_1980-07-19_01_504.tcf.xml-4-28	26120215_1971_09_15_01_275.tcf.xml-22-3	inferred	1	 	Seminar
2532889X_1980-07-19_01_504.tcf.xml-4-28	26120215_1972_10_11_01_295.tcf.xml-20-11	inferred	1	 	Seminar
2532889X_1980-07-19_01_504.tcf.xml-4-28	26120215_1976_07_22_01_251.tcf.xml-5-3	inferred	0	 	Seminar
2532889X_1980-07-19_01_504.tcf.xml-4-28	26120215_1980_07_11_01_040.tcf.xml-48-9	inferred	0	 	Seminar
2532889X_1980-07-19_01_504.tcf.xml-4-28	26120215_1986_06_03_01_240.tcf.xml-10-2	inferred	1	 	Seminar
2532889X_1980-07-19_01_504.tcf.xml-4-28	buechner_werke_1879-503-41	inferred	0	 	Seminar
2532889X_1980-07-19_01_504.tcf.xml-4-28	heckert_schulgesetzgebung_1847-1419-17	inferred	0	 	Seminar
2532889X_1980-07-19_01_504.tcf.xml-4-28	heckert_schulgesetzgebung_1847-1444-33	inferred	0	 	Seminar
2532889X_1980-07-19_01_504.tcf.xml-4-28	heckert_schulgesetzgebung_1847-1444-90	inferred	0	 	Seminar
2532889X_1980-07-19_01_504.tcf.xml-4-28	heckert_schulgesetzgebung_1847-1477-75	inferred	1	 	Seminar
2532889X_1980-07-19_01_504.tcf.xml-4-28	heckert_schulgesetzgebung_1847-1487-100	inferred	0	 	Seminar
2532889X_1980-07-19_01_504.tcf.xml-4-28	heckert_schulgesetzgebung_1847-3371-18	inferred	0	 	Seminar
2532889X_1980-07-19_01_504.tcf.xml-4-28	heckert_schulgesetzgebung_1847-3979-9	inferred	0	 	Seminar
2532889X_1980-07-19_01_504.tcf.xml-4-28	heckert_schulgesetzgebung_1847-419-19	inferred	0	 	Seminar
2532889X_1980-07-19_01_504.tcf.xml-4-28	hoffmann_elixiere01_1815-167-9	inferred	0	 	Seminar
2532889X_1980-07-19_01_504.tcf.xml-4-28	huber_revival_1862-548-24	inferred	0	 	Seminar
2532889X_1980-07-19_01_504.tcf.xml-4-28	lange_maedchenschule_1887-423-1	inferred	0	 	Seminar
2532889X_1980-07-19_01_504.tcf.xml-4-28	lehnert_seehaefen01_1891-5452-64	inferred	0	 	Seminar
2532889X_1980-07-19_01_504.tcf.xml-4-28	lewald_frauen_1870-648-15	inferred	0	 	Seminar
2532889X_1980-07-19_01_504.tcf.xml-4-28	munzinger_japaner_1898-883-24	inferred	0	 	Seminar
2532889X_1980-07-19_01_504.tcf.xml-4-28	nn_maehrisches122_1895-49-17	inferred	1	 	Seminar
2532889X_1980-07-19_01_504.tcf.xml-4-28	nn_nrhz202_1849-175-0	inferred	0	 	Seminar
2532889X_1980-07-19_01_504.tcf.xml-4-28	nn_nrhz202_1849-175-12	inferred	0	 	Seminar
2532889X_1980-07-19_01_504.tcf.xml-4-28	nn_turnkunst01_1843-794-1	inferred	0	 	Seminar
2532889X_1980-07-19_01_504.tcf.xml-4-28	schmoller_volkswirtschaftslehre_1893-392-8	inferred	0	 	Seminar
2532889X_1980-07-19_01_504.tcf.xml-4-28	treitschke_geschichte05_1894-3750-33	inferred	0	 	Seminar
2532889X_1980-08-12_01_171.tcf.xml-11-9	2532889X_1981-01-03_01_474.tcf.xml-9-16	inferred	1	 	Seminar
2532889X_1980-08-12_01_171.tcf.xml-11-9	2532889X_1983-06-22_01_205.tcf.xml-12-9	inferred	1	 	Seminar
2532889X_1980-08-12_01_171.tcf.xml-11-9	2532889X_1983-10-04_01_119.tcf.xml-3-16	inferred	1	 	Seminar
2532889X_1980-08-12_01_171.tcf.xml-11-9	2532889X_1987-05-25_01_114.tcf.xml-2-37	inferred	1	 	Seminar
2532889X_1980-08-12_01_171.tcf.xml-11-9	2532889X_1988-05-17_01_150.tcf.xml-3-30	inferred	1	 	Seminar
2532889X_1980-08-12_01_171.tcf.xml-11-9	2532889X_1988-10-29_01_008.tcf.xml-3-2	inferred	0	 	Seminar
2532889X_1980-08-12_01_171.tcf.xml-11-9	26120215_1960_11_20_01_291.tcf.xml-19-6	inferred	1	 	Seminar
2532889X_1980-08-12_01_171.tcf.xml-11-9	26120215_1971_09_15_01_275.tcf.xml-22-3	inferred	1	 	Seminar
2532889X_1980-08-12_01_171.tcf.xml-11-9	26120215_1972_10_11_01_295.tcf.xml-20-11	inferred	1	 	Seminar
2532889X_1980-08-12_01_171.tcf.xml-11-9	26120215_1976_07_22_01_251.tcf.xml-5-3	inferred	0	 	Seminar
2532889X_1980-08-12_01_171.tcf.xml-11-9	26120215_1980_07_11_01_040.tcf.xml-48-9	inferred	0	 	Seminar
2532889X_1980-08-12_01_171.tcf.xml-11-9	26120215_1986_06_03_01_240.tcf.xml-10-2	inferred	1	 	Seminar
2532889X_1980-08-12_01_171.tcf.xml-11-9	buechner_werke_1879-503-41	inferred	0	 	Seminar
2532889X_1980-08-12_01_171.tcf.xml-11-9	heckert_schulgesetzgebung_1847-1419-17	inferred	0	 	Seminar
2532889X_1980-08-12_01_171.tcf.xml-11-9	heckert_schulgesetzgebung_1847-1444-33	inferred	0	 	Seminar
2532889X_1980-08-12_01_171.tcf.xml-11-9	heckert_schulgesetzgebung_1847-1444-90	inferred	0	 	Seminar
2532889X_1980-08-12_01_171.tcf.xml-11-9	heckert_schulgesetzgebung_1847-1477-75	inferred	1	 	Seminar
2532889X_1980-08-12_01_171.tcf.xml-11-9	heckert_schulgesetzgebung_1847-1487-100	inferred	0	 	Seminar
2532889X_1980-08-12_01_171.tcf.xml-11-9	heckert_schulgesetzgebung_1847-3371-18	inferred	0	 	Seminar
2532889X_1980-08-12_01_171.tcf.xml-11-9	heckert_schulgesetzgebung_1847-3979-9	inferred	0	 	Seminar
2532889X_1980-08-12_01_171.tcf.xml-11-9	heckert_schulgesetzgebung_1847-419-19	inferred	0	 	Seminar
2532889X_1980-08-12_01_171.tcf.xml-11-9	hoffmann_elixiere01_1815-167-9	inferred	0	 	Seminar
2532889X_1980-08-12_01_171.tcf.xml-11-9	huber_revival_1862-548-24	inferred	0	 	Seminar
2532889X_1980-08-12_01_171.tcf.xml-11-9	lange_maedchenschule_1887-423-1	inferred	0	 	Seminar
2532889X_1980-08-12_01_171.tcf.xml-11-9	lehnert_seehaefen01_1891-5452-64	inferred	0	 	Seminar
2532889X_1980-08-12_01_171.tcf.xml-11-9	lewald_frauen_1870-648-15	inferred	0	 	Seminar
2532889X_1980-08-12_01_171.tcf.xml-11-9	munzinger_japaner_1898-883-24	inferred	0	 	Seminar
2532889X_1980-08-12_01_171.tcf.xml-11-9	nn_maehrisches122_1895-49-17	inferred	1	 	Seminar
2532889X_1980-08-12_01_171.tcf.xml-11-9	nn_nrhz202_1849-175-0	inferred	0	 	Seminar
2532889X_1980-08-12_01_171.tcf.xml-11-9	nn_nrhz202_1849-175-12	inferred	0	 	Seminar
2532889X_1980-08-12_01_171.tcf.xml-11-9	nn_turnkunst01_1843-794-1	inferred	0	 	Seminar
2532889X_1980-08-12_01_171.tcf.xml-11-9	schmoller_volkswirtschaftslehre_1893-392-8	inferred	0	 	Seminar
2532889X_1980-08-12_01_171.tcf.xml-11-9	treitschke_geschichte05_1894-3750-33	inferred	0	 	Seminar
2532889X_1981-01-03_01_474.tcf.xml-9-16	2532889X_1983-06-22_01_205.tcf.xml-12-9	inferred	1	 	Seminar
2532889X_1981-01-03_01_474.tcf.xml-9-16	2532889X_1983-10-04_01_119.tcf.xml-3-16	inferred	1	 	Seminar
2532889X_1981-01-03_01_474.tcf.xml-9-16	2532889X_1987-05-25_01_114.tcf.xml-2-37	inferred	1	 	Seminar
2532889X_1981-01-03_01_474.tcf.xml-9-16	2532889X_1988-05-17_01_150.tcf.xml-3-30	inferred	1	 	Seminar
2532889X_1981-01-03_01_474.tcf.xml-9-16	2532889X_1988-10-29_01_008.tcf.xml-3-2	inferred	0	 	Seminar
2532889X_1981-01-03_01_474.tcf.xml-9-16	26120215_1960_11_20_01_291.tcf.xml-19-6	inferred	1	 	Seminar
2532889X_1981-01-03_01_474.tcf.xml-9-16	26120215_1971_09_15_01_275.tcf.xml-22-3	inferred	1	 	Seminar
2532889X_1981-01-03_01_474.tcf.xml-9-16	26120215_1972_10_11_01_295.tcf.xml-20-11	inferred	1	 	Seminar
2532889X_1981-01-03_01_474.tcf.xml-9-16	26120215_1976_07_22_01_251.tcf.xml-5-3	inferred	0	 	Seminar
2532889X_1981-01-03_01_474.tcf.xml-9-16	26120215_1980_07_11_01_040.tcf.xml-48-9	inferred	0	 	Seminar
2532889X_1981-01-03_01_474.tcf.xml-9-16	26120215_1986_06_03_01_240.tcf.xml-10-2	inferred	1	 	Seminar
2532889X_1981-01-03_01_474.tcf.xml-9-16	buechner_werke_1879-503-41	inferred	0	 	Seminar
2532889X_1981-01-03_01_474.tcf.xml-9-16	heckert_schulgesetzgebung_1847-1419-17	inferred	0	 	Seminar
2532889X_1981-01-03_01_474.tcf.xml-9-16	heckert_schulgesetzgebung_1847-1444-33	inferred	0	 	Seminar
2532889X_1981-01-03_01_474.tcf.xml-9-16	heckert_schulgesetzgebung_1847-1444-90	inferred	0	 	Seminar
2532889X_1981-01-03_01_474.tcf.xml-9-16	heckert_schulgesetzgebung_1847-1477-75	inferred	1	 	Seminar
2532889X_1981-01-03_01_474.tcf.xml-9-16	heckert_schulgesetzgebung_1847-1487-100	inferred	0	 	Seminar
2532889X_1981-01-03_01_474.tcf.xml-9-16	heckert_schulgesetzgebung_1847-3371-18	inferred	0	 	Seminar
2532889X_1981-01-03_01_474.tcf.xml-9-16	heckert_schulgesetzgebung_1847-3979-9	inferred	0	 	Seminar
2532889X_1981-01-03_01_474.tcf.xml-9-16	heckert_schulgesetzgebung_1847-419-19	inferred	0	 	Seminar
2532889X_1981-01-03_01_474.tcf.xml-9-16	hoffmann_elixiere01_1815-167-9	inferred	0	 	Seminar
2532889X_1981-01-03_01_474.tcf.xml-9-16	huber_revival_1862-548-24	inferred	0	 	Seminar
2532889X_1981-01-03_01_474.tcf.xml-9-16	lange_maedchenschule_1887-423-1	inferred	0	 	Seminar
2532889X_1981-01-03_01_474.tcf.xml-9-16	lehnert_seehaefen01_1891-5452-64	inferred	0	 	Seminar
2532889X_1981-01-03_01_474.tcf.xml-9-16	lewald_frauen_1870-648-15	inferred	0	 	Seminar
2532889X_1981-01-03_01_474.tcf.xml-9-16	munzinger_japaner_1898-883-24	inferred	0	 	Seminar
2532889X_1981-01-03_01_474.tcf.xml-9-16	nn_maehrisches122_1895-49-17	inferred	1	 	Seminar
2532889X_1981-01-03_01_474.tcf.xml-9-16	nn_nrhz202_1849-175-0	inferred	0	 	Seminar
2532889X_1981-01-03_01_474.tcf.xml-9-16	nn_nrhz202_1849-175-12	inferred	0	 	Seminar
2532889X_1981-01-03_01_474.tcf.xml-9-16	nn_turnkunst01_1843-794-1	inferred	0	 	Seminar
2532889X_1981-01-03_01_474.tcf.xml-9-16	schmoller_volkswirtschaftslehre_1893-392-8	inferred	0	 	Seminar
2532889X_1981-01-03_01_474.tcf.xml-9-16	treitschke_geschichte05_1894-3750-33	inferred	0	 	Seminar
2532889X_1983-06-22_01_205.tcf.xml-12-9	2532889X_1983-10-04_01_119.tcf.xml-3-16	inferred	1	 	Seminar
2532889X_1983-06-22_01_205.tcf.xml-12-9	2532889X_1987-05-25_01_114.tcf.xml-2-37	inferred	1	 	Seminar
2532889X_1983-06-22_01_205.tcf.xml-12-9	2532889X_1988-05-17_01_150.tcf.xml-3-30	inferred	1	 	Seminar
2532889X_1983-06-22_01_205.tcf.xml-12-9	2532889X_1988-10-29_01_008.tcf.xml-3-2	inferred	0	 	Seminar
2532889X_1983-06-22_01_205.tcf.xml-12-9	26120215_1960_11_20_01_291.tcf.xml-19-6	inferred	1	 	Seminar
2532889X_1983-06-22_01_205.tcf.xml-12-9	26120215_1971_09_15_01_275.tcf.xml-22-3	inferred	1	 	Seminar
2532889X_1983-06-22_01_205.tcf.xml-12-9	26120215_1972_10_11_01_295.tcf.xml-20-11	inferred	1	 	Seminar
2532889X_1983-06-22_01_205.tcf.xml-12-9	26120215_1976_07_22_01_251.tcf.xml-5-3	inferred	0	 	Seminar
2532889X_1983-06-22_01_205.tcf.xml-12-9	26120215_1980_07_11_01_040.tcf.xml-48-9	inferred	0	 	Seminar
2532889X_1983-06-22_01_205.tcf.xml-12-9	26120215_1986_06_03_01_240.tcf.xml-10-2	inferred	1	 	Seminar
2532889X_1983-06-22_01_205.tcf.xml-12-9	buechner_werke_1879-503-41	inferred	0	 	Seminar
2532889X_1983-06-22_01_205.tcf.xml-12-9	heckert_schulgesetzgebung_1847-1419-17	inferred	0	 	Seminar
2532889X_1983-06-22_01_205.tcf.xml-12-9	heckert_schulgesetzgebung_1847-1444-33	inferred	0	 	Seminar
2532889X_1983-06-22_01_205.tcf.xml-12-9	heckert_schulgesetzgebung_1847-1444-90	inferred	0	 	Seminar
2532889X_1983-06-22_01_205.tcf.xml-12-9	heckert_schulgesetzgebung_1847-1477-75	inferred	1	 	Seminar
2532889X_1983-06-22_01_205.tcf.xml-12-9	heckert_schulgesetzgebung_1847-1487-100	inferred	0	 	Seminar
2532889X_1983-06-22_01_205.tcf.xml-12-9	heckert_schulgesetzgebung_1847-3371-18	inferred	0	 	Seminar
2532889X_1983-06-22_01_205.tcf.xml-12-9	heckert_schulgesetzgebung_1847-3979-9	inferred	0	 	Seminar
2532889X_1983-06-22_01_205.tcf.xml-12-9	heckert_schulgesetzgebung_1847-419-19	inferred	0	 	Seminar
2532889X_1983-06-22_01_205.tcf.xml-12-9	hoffmann_elixiere01_1815-167-9	inferred	0	 	Seminar
2532889X_1983-06-22_01_205.tcf.xml-12-9	huber_revival_1862-548-24	inferred	0	 	Seminar
2532889X_1983-06-22_01_205.tcf.xml-12-9	lange_maedchenschule_1887-423-1	inferred	0	 	Seminar
2532889X_1983-06-22_01_205.tcf.xml-12-9	lehnert_seehaefen01_1891-5452-64	inferred	0	 	Seminar
2532889X_1983-06-22_01_205.tcf.xml-12-9	lewald_frauen_1870-648-15	inferred	0	 	Seminar
2532889X_1983-06-22_01_205.tcf.xml-12-9	munzinger_japaner_1898-883-24	inferred	0	 	Seminar
2532889X_1983-06-22_01_205.tcf.xml-12-9	nn_maehrisches122_1895-49-17	inferred	1	 	Seminar
2532889X_1983-06-22_01_205.tcf.xml-12-9	nn_nrhz202_1849-175-0	inferred	0	 	Seminar
2532889X_1983-06-22_01_205.tcf.xml-12-9	nn_nrhz202_1849-175-12	inferred	0	 	Seminar
2532889X_1983-06-22_01_205.tcf.xml-12-9	nn_turnkunst01_1843-794-1	inferred	0	 	Seminar
2532889X_1983-06-22_01_205.tcf.xml-12-9	schmoller_volkswirtschaftslehre_1893-392-8	inferred	0	 	Seminar
2532889X_1983-06-22_01_205.tcf.xml-12-9	treitschke_geschichte05_1894-3750-33	inferred	0	 	Seminar
2532889X_1983-10-04_01_119.tcf.xml-3-16	2532889X_1987-05-25_01_114.tcf.xml-2-37	inferred	1	 	Seminar
2532889X_1983-10-04_01_119.tcf.xml-3-16	2532889X_1988-05-17_01_150.tcf.xml-3-30	inferred	1	 	Seminar
2532889X_1983-10-04_01_119.tcf.xml-3-16	2532889X_1988-10-29_01_008.tcf.xml-3-2	inferred	0	 	Seminar
2532889X_1983-10-04_01_119.tcf.xml-3-16	26120215_1960_11_20_01_291.tcf.xml-19-6	inferred	1	 	Seminar
2532889X_1983-10-04_01_119.tcf.xml-3-16	26120215_1971_09_15_01_275.tcf.xml-22-3	inferred	1	 	Seminar
2532889X_1983-10-04_01_119.tcf.xml-3-16	26120215_1972_10_11_01_295.tcf.xml-20-11	inferred	1	 	Seminar
2532889X_1983-10-04_01_119.tcf.xml-3-16	26120215_1976_07_22_01_251.tcf.xml-5-3	inferred	0	 	Seminar
2532889X_1983-10-04_01_119.tcf.xml-3-16	26120215_1980_07_11_01_040.tcf.xml-48-9	inferred	0	 	Seminar
2532889X_1983-10-04_01_119.tcf.xml-3-16	26120215_1986_06_03_01_240.tcf.xml-10-2	inferred	1	 	Seminar
2532889X_1983-10-04_01_119.tcf.xml-3-16	buechner_werke_1879-503-41	inferred	0	 	Seminar
2532889X_1983-10-04_01_119.tcf.xml-3-16	heckert_schulgesetzgebung_1847-1419-17	inferred	0	 	Seminar
2532889X_1983-10-04_01_119.tcf.xml-3-16	heckert_schulgesetzgebung_1847-1444-33	inferred	0	 	Seminar
2532889X_1983-10-04_01_119.tcf.xml-3-16	heckert_schulgesetzgebung_1847-1444-90	inferred	0	 	Seminar
2532889X_1983-10-04_01_119.tcf.xml-3-16	heckert_schulgesetzgebung_1847-1477-75	inferred	1	 	Seminar
2532889X_1983-10-04_01_119.tcf.xml-3-16	heckert_schulgesetzgebung_1847-1487-100	inferred	0	 	Seminar
2532889X_1983-10-04_01_119.tcf.xml-3-16	heckert_schulgesetzgebung_1847-3371-18	inferred	0	 	Seminar
2532889X_1983-10-04_01_119.tcf.xml-3-16	heckert_schulgesetzgebung_1847-3979-9	inferred	0	 	Seminar
2532889X_1983-10-04_01_119.tcf.xml-3-16	heckert_schulgesetzgebung_1847-419-19	inferred	0	 	Seminar
2532889X_1983-10-04_01_119.tcf.xml-3-16	hoffmann_elixiere01_1815-167-9	inferred	0	 	Seminar
2532889X_1983-10-04_01_119.tcf.xml-3-16	huber_revival_1862-548-24	inferred	0	 	Seminar
2532889X_1983-10-04_01_119.tcf.xml-3-16	lange_maedchenschule_1887-423-1	inferred	0	 	Seminar
2532889X_1983-10-04_01_119.tcf.xml-3-16	lehnert_seehaefen01_1891-5452-64	inferred	0	 	Seminar
2532889X_1983-10-04_01_119.tcf.xml-3-16	lewald_frauen_1870-648-15	inferred	0	 	Seminar
2532889X_1983-10-04_01_119.tcf.xml-3-16	munzinger_japaner_1898-883-24	inferred	0	 	Seminar
2532889X_1983-10-04_01_119.tcf.xml-3-16	nn_maehrisches122_1895-49-17	inferred	1	 	Seminar
2532889X_1983-10-04_01_119.tcf.xml-3-16	nn_nrhz202_1849-175-0	inferred	0	 	Seminar
2532889X_1983-10-04_01_119.tcf.xml-3-16	nn_nrhz202_1849-175-12	inferred	0	 	Seminar
2532889X_1983-10-04_01_119.tcf.xml-3-16	nn_turnkunst01_1843-794-1	inferred	0	 	Seminar
2532889X_1983-10-04_01_119.tcf.xml-3-16	schmoller_volkswirtschaftslehre_1893-392-8	inferred	0	 	Seminar
2532889X_1983-10-04_01_119.tcf.xml-3-16	treitschke_geschichte05_1894-3750-33	inferred	0	 	Seminar
2532889X_1987-05-25_01_114.tcf.xml-2-37	2532889X_1988-05-17_01_150.tcf.xml-3-30	inferred	1	 	Seminar
2532889X_1987-05-25_01_114.tcf.xml-2-37	2532889X_1988-10-29_01_008.tcf.xml-3-2	inferred	0	 	Seminar
2532889X_1987-05-25_01_114.tcf.xml-2-37	26120215_1960_11_20_01_291.tcf.xml-19-6	inferred	1	 	Seminar
2532889X_1987-05-25_01_114.tcf.xml-2-37	26120215_1971_09_15_01_275.tcf.xml-22-3	inferred	1	 	Seminar
2532889X_1987-05-25_01_114.tcf.xml-2-37	26120215_1972_10_11_01_295.tcf.xml-20-11	inferred	1	 	Seminar
2532889X_1987-05-25_01_114.tcf.xml-2-37	26120215_1976_07_22_01_251.tcf.xml-5-3	inferred	0	 	Seminar
2532889X_1987-05-25_01_114.tcf.xml-2-37	26120215_1980_07_11_01_040.tcf.xml-48-9	inferred	0	 	Seminar
2532889X_1987-05-25_01_114.tcf.xml-2-37	26120215_1986_06_03_01_240.tcf.xml-10-2	inferred	1	 	Seminar
2532889X_1987-05-25_01_114.tcf.xml-2-37	buechner_werke_1879-503-41	inferred	0	 	Seminar
2532889X_1987-05-25_01_114.tcf.xml-2-37	heckert_schulgesetzgebung_1847-1419-17	inferred	0	 	Seminar
2532889X_1987-05-25_01_114.tcf.xml-2-37	heckert_schulgesetzgebung_1847-1444-33	inferred	0	 	Seminar
2532889X_1987-05-25_01_114.tcf.xml-2-37	heckert_schulgesetzgebung_1847-1444-90	inferred	0	 	Seminar
2532889X_1987-05-25_01_114.tcf.xml-2-37	heckert_schulgesetzgebung_1847-1477-75	inferred	1	 	Seminar
2532889X_1987-05-25_01_114.tcf.xml-2-37	heckert_schulgesetzgebung_1847-1487-100	inferred	0	 	Seminar
2532889X_1987-05-25_01_114.tcf.xml-2-37	heckert_schulgesetzgebung_1847-3371-18	inferred	0	 	Seminar
2532889X_1987-05-25_01_114.tcf.xml-2-37	heckert_schulgesetzgebung_1847-3979-9	inferred	0	 	Seminar
2532889X_1987-05-25_01_114.tcf.xml-2-37	heckert_schulgesetzgebung_1847-419-19	inferred	0	 	Seminar
2532889X_1987-05-25_01_114.tcf.xml-2-37	hoffmann_elixiere01_1815-167-9	inferred	0	 	Seminar
2532889X_1987-05-25_01_114.tcf.xml-2-37	huber_revival_1862-548-24	inferred	0	 	Seminar
2532889X_1987-05-25_01_114.tcf.xml-2-37	lange_maedchenschule_1887-423-1	inferred	0	 	Seminar
2532889X_1987-05-25_01_114.tcf.xml-2-37	lehnert_seehaefen01_1891-5452-64	inferred	0	 	Seminar
2532889X_1987-05-25_01_114.tcf.xml-2-37	lewald_frauen_1870-648-15	inferred	0	 	Seminar
2532889X_1987-05-25_01_114.tcf.xml-2-37	munzinger_japaner_1898-883-24	inferred	0	 	Seminar
2532889X_1987-05-25_01_114.tcf.xml-2-37	nn_maehrisches122_1895-49-17	inferred	1	 	Seminar
2532889X_1987-05-25_01_114.tcf.xml-2-37	nn_nrhz202_1849-175-0	inferred	0	 	Seminar
2532889X_1987-05-25_01_114.tcf.xml-2-37	nn_nrhz202_1849-175-12	inferred	0	 	Seminar
2532889X_1987-05-25_01_114.tcf.xml-2-37	nn_turnkunst01_1843-794-1	inferred	0	 	Seminar
2532889X_1987-05-25_01_114.tcf.xml-2-37	schmoller_volkswirtschaftslehre_1893-392-8	inferred	0	 	Seminar
2532889X_1987-05-25_01_114.tcf.xml-2-37	treitschke_geschichte05_1894-3750-33	inferred	0	 	Seminar
2532889X_1988-05-17_01_150.tcf.xml-3-30	2532889X_1988-10-29_01_008.tcf.xml-3-2	inferred	0	 	Seminar
2532889X_1988-05-17_01_150.tcf.xml-3-30	26120215_1960_11_20_01_291.tcf.xml-19-6	inferred	1	 	Seminar
2532889X_1988-05-17_01_150.tcf.xml-3-30	26120215_1971_09_15_01_275.tcf.xml-22-3	inferred	1	 	Seminar
2532889X_1988-05-17_01_150.tcf.xml-3-30	26120215_1972_10_11_01_295.tcf.xml-20-11	inferred	1	 	Seminar
2532889X_1988-05-17_01_150.tcf.xml-3-30	26120215_1976_07_22_01_251.tcf.xml-5-3	inferred	0	 	Seminar
2532889X_1988-05-17_01_150.tcf.xml-3-30	26120215_1980_07_11_01_040.tcf.xml-48-9	inferred	0	 	Seminar
2532889X_1988-05-17_01_150.tcf.xml-3-30	26120215_1986_06_03_01_240.tcf.xml-10-2	inferred	1	 	Seminar
2532889X_1988-05-17_01_150.tcf.xml-3-30	buechner_werke_1879-503-41	inferred	0	 	Seminar
2532889X_1988-05-17_01_150.tcf.xml-3-30	heckert_schulgesetzgebung_1847-1419-17	inferred	0	 	Seminar
2532889X_1988-05-17_01_150.tcf.xml-3-30	heckert_schulgesetzgebung_1847-1444-33	inferred	0	 	Seminar
2532889X_1988-05-17_01_150.tcf.xml-3-30	heckert_schulgesetzgebung_1847-1444-90	inferred	0	 	Seminar
2532889X_1988-05-17_01_150.tcf.xml-3-30	heckert_schulgesetzgebung_1847-1477-75	inferred	1	 	Seminar
2532889X_1988-05-17_01_150.tcf.xml-3-30	heckert_schulgesetzgebung_1847-1487-100	inferred	0	 	Seminar
2532889X_1988-05-17_01_150.tcf.xml-3-30	heckert_schulgesetzgebung_1847-3371-18	inferred	0	 	Seminar
2532889X_1988-05-17_01_150.tcf.xml-3-30	heckert_schulgesetzgebung_1847-3979-9	inferred	0	 	Seminar
2532889X_1988-05-17_01_150.tcf.xml-3-30	heckert_schulgesetzgebung_1847-419-19	inferred	0	 	Seminar
2532889X_1988-05-17_01_150.tcf.xml-3-30	hoffmann_elixiere01_1815-167-9	inferred	0	 	Seminar
2532889X_1988-05-17_01_150.tcf.xml-3-30	huber_revival_1862-548-24	inferred	0	 	Seminar
2532889X_1988-05-17_01_150.tcf.xml-3-30	lange_maedchenschule_1887-423-1	inferred	0	 	Seminar
2532889X_1988-05-17_01_150.tcf.xml-3-30	lehnert_seehaefen01_1891-5452-64	inferred	0	 	Seminar
2532889X_1988-05-17_01_150.tcf.xml-3-30	lewald_frauen_1870-648-15	inferred	0	 	Seminar
2532889X_1988-05-17_01_150.tcf.xml-3-30	munzinger_japaner_1898-883-24	inferred	0	 	Seminar
2532889X_1988-05-17_01_150.tcf.xml-3-30	nn_maehrisches122_1895-49-17	inferred	1	 	Seminar
2532889X_1988-05-17_01_150.tcf.xml-3-30	nn_nrhz202_1849-175-0	inferred	0	 	Seminar
2532889X_1988-05-17_01_150.tcf.xml-3-30	nn_nrhz202_1849-175-12	inferred	0	 	Seminar
2532889X_1988-05-17_01_150.tcf.xml-3-30	nn_turnkunst01_1843-794-1	inferred	0	 	Seminar
2532889X_1988-05-17_01_150.tcf.xml-3-30	schmoller_volkswirtschaftslehre_1893-392-8	inferred	0	 	Seminar
2532889X_1988-05-17_01_150.tcf.xml-3-30	treitschke_geschichte05_1894-3750-33	inferred	0	 	Seminar
2532889X_1988-10-29_01_008.tcf.xml-3-2	26120215_1960_11_20_01_291.tcf.xml-19-6	inferred	0	 	Seminar
2532889X_1988-10-29_01_008.tcf.xml-3-2	26120215_1971_09_15_01_275.tcf.xml-22-3	inferred	0	 	Seminar
2532889X_1988-10-29_01_008.tcf.xml-3-2	26120215_1972_10_11_01_295.tcf.xml-20-11	inferred	0	 	Seminar
2532889X_1988-10-29_01_008.tcf.xml-3-2	26120215_1976_07_22_01_251.tcf.xml-5-3	inferred	1	 	Seminar
2532889X_1988-10-29_01_008.tcf.xml-3-2	26120215_1980_07_11_01_040.tcf.xml-48-9	inferred	1	 	Seminar
2532889X_1988-10-29_01_008.tcf.xml-3-2	26120215_1986_06_03_01_240.tcf.xml-10-2	inferred	0	 	Seminar
2532889X_1988-10-29_01_008.tcf.xml-3-2	buechner_werke_1879-503-41	inferred	0	 	Seminar
2532889X_1988-10-29_01_008.tcf.xml-3-2	heckert_schulgesetzgebung_1847-1419-17	inferred	1	 	Seminar
2532889X_1988-10-29_01_008.tcf.xml-3-2	heckert_schulgesetzgebung_1847-1444-33	inferred	1	 	Seminar
2532889X_1988-10-29_01_008.tcf.xml-3-2	heckert_schulgesetzgebung_1847-1444-90	inferred	0	 	Seminar
2532889X_1988-10-29_01_008.tcf.xml-3-2	heckert_schulgesetzgebung_1847-1477-75	inferred	0	 	Seminar
2532889X_1988-10-29_01_008.tcf.xml-3-2	heckert_schulgesetzgebung_1847-1487-100	inferred	1	 	Seminar
2532889X_1988-10-29_01_008.tcf.xml-3-2	heckert_schulgesetzgebung_1847-3371-18	inferred	1	 	Seminar
2532889X_1988-10-29_01_008.tcf.xml-3-2	heckert_schulgesetzgebung_1847-3979-9	inferred	1	 	Seminar
2532889X_1988-10-29_01_008.tcf.xml-3-2	heckert_schulgesetzgebung_1847-419-19	inferred	1	 	Seminar
2532889X_1988-10-29_01_008.tcf.xml-3-2	hoffmann_elixiere01_1815-167-9	inferred	1	 	Seminar
2532889X_1988-10-29_01_008.tcf.xml-3-2	huber_revival_1862-548-24	inferred	0	 	Seminar
2532889X_1988-10-29_01_008.tcf.xml-3-2	lange_maedchenschule_1887-423-1	inferred	1	 	Seminar
2532889X_1988-10-29_01_008.tcf.xml-3-2	lehnert_seehaefen01_1891-5452-64	inferred	1	 	Seminar
2532889X_1988-10-29_01_008.tcf.xml-3-2	lewald_frauen_1870-648-15	inferred	1	 	Seminar
2532889X_1988-10-29_01_008.tcf.xml-3-2	munzinger_japaner_1898-883-24	inferred	1	 	Seminar
2532889X_1988-10-29_01_008.tcf.xml-3-2	nn_maehrisches122_1895-49-17	inferred	0	 	Seminar
2532889X_1988-10-29_01_008.tcf.xml-3-2	nn_nrhz202_1849-175-0	inferred	1	 	Seminar
2532889X_1988-10-29_01_008.tcf.xml-3-2	nn_nrhz202_1849-175-12	inferred	1	 	Seminar
2532889X_1988-10-29_01_008.tcf.xml-3-2	nn_turnkunst01_1843-794-1	inferred	1	 	Seminar
2532889X_1988-10-29_01_008.tcf.xml-3-2	schmoller_volkswirtschaftslehre_1893-392-8	inferred	0	 	Seminar
2532889X_1988-10-29_01_008.tcf.xml-3-2	treitschke_geschichte05_1894-3750-33	inferred	1	 	Seminar
26120215_1960_11_20_01_291.tcf.xml-19-6	26120215_1971_09_15_01_275.tcf.xml-22-3	inferred	1	 	Seminar
26120215_1960_11_20_01_291.tcf.xml-19-6	26120215_1972_10_11_01_295.tcf.xml-20-11	inferred	1	 	Seminar
26120215_1960_11_20_01_291.tcf.xml-19-6	26120215_1976_07_22_01_251.tcf.xml-5-3	inferred	0	 	Seminar
26120215_1960_11_20_01_291.tcf.xml-19-6	26120215_1980_07_11_01_040.tcf.xml-48-9	inferred	0	 	Seminar
26120215_1960_11_20_01_291.tcf.xml-19-6	26120215_1986_06_03_01_240.tcf.xml-10-2	inferred	1	 	Seminar
26120215_1960_11_20_01_291.tcf.xml-19-6	buechner_werke_1879-503-41	inferred	0	 	Seminar
26120215_1960_11_20_01_291.tcf.xml-19-6	heckert_schulgesetzgebung_1847-1419-17	inferred	0	 	Seminar
26120215_1960_11_20_01_291.tcf.xml-19-6	heckert_schulgesetzgebung_1847-1444-33	inferred	0	 	Seminar
26120215_1960_11_20_01_291.tcf.xml-19-6	heckert_schulgesetzgebung_1847-1444-90	inferred	0	 	Seminar
26120215_1960_11_20_01_291.tcf.xml-19-6	heckert_schulgesetzgebung_1847-1477-75	inferred	1	 	Seminar
26120215_1960_11_20_01_291.tcf.xml-19-6	heckert_schulgesetzgebung_1847-1487-100	inferred	0	 	Seminar
26120215_1960_11_20_01_291.tcf.xml-19-6	heckert_schulgesetzgebung_1847-3371-18	inferred	0	 	Seminar
26120215_1960_11_20_01_291.tcf.xml-19-6	heckert_schulgesetzgebung_1847-3979-9	inferred	0	 	Seminar
26120215_1960_11_20_01_291.tcf.xml-19-6	heckert_schulgesetzgebung_1847-419-19	inferred	0	 	Seminar
26120215_1960_11_20_01_291.tcf.xml-19-6	hoffmann_elixiere01_1815-167-9	inferred	0	 	Seminar
26120215_1960_11_20_01_291.tcf.xml-19-6	huber_revival_1862-548-24	inferred	0	 	Seminar
26120215_1960_11_20_01_291.tcf.xml-19-6	lange_maedchenschule_1887-423-1	inferred	0	 	Seminar
26120215_1960_11_20_01_291.tcf.xml-19-6	lehnert_seehaefen01_1891-5452-64	inferred	0	 	Seminar
26120215_1960_11_20_01_291.tcf.xml-19-6	lewald_frauen_1870-648-15	inferred	0	 	Seminar
26120215_1960_11_20_01_291.tcf.xml-19-6	munzinger_japaner_1898-883-24	inferred	0	 	Seminar
26120215_1960_11_20_01_291.tcf.xml-19-6	nn_maehrisches122_1895-49-17	inferred	1	 	Seminar
26120215_1960_11_20_01_291.tcf.xml-19-6	nn_nrhz202_1849-175-0	inferred	0	 	Seminar
26120215_1960_11_20_01_291.tcf.xml-19-6	nn_nrhz202_1849-175-12	inferred	0	 	Seminar
26120215_1960_11_20_01_291.tcf.xml-19-6	nn_turnkunst01_1843-794-1	inferred	0	 	Seminar
26120215_1960_11_20_01_291.tcf.xml-19-6	schmoller_volkswirtschaftslehre_1893-392-8	inferred	0	 	Seminar
26120215_1960_11_20_01_291.tcf.xml-19-6	treitschke_geschichte05_1894-3750-33	inferred	0	 	Seminar
26120215_1971_09_15_01_275.tcf.xml-22-3	26120215_1972_10_11_01_295.tcf.xml-20-11	inferred	1	 	Seminar
26120215_1971_09_15_01_275.tcf.xml-22-3	26120215_1976_07_22_01_251.tcf.xml-5-3	inferred	0	 	Seminar
26120215_1971_09_15_01_275.tcf.xml-22-3	26120215_1980_07_11_01_040.tcf.xml-48-9	inferred	0	 	Seminar
26120215_1971_09_15_01_275.tcf.xml-22-3	26120215_1986_06_03_01_240.tcf.xml-10-2	inferred	1	 	Seminar
26120215_1971_09_15_01_275.tcf.xml-22-3	buechner_werke_1879-503-41	inferred	0	 	Seminar
26120215_1971_09_15_01_275.tcf.xml-22-3	heckert_schulgesetzgebung_1847-1419-17	inferred	0	 	Seminar
26120215_1971_09_15_01_275.tcf.xml-22-3	heckert_schulgesetzgebung_1847-1444-33	inferred	0	 	Seminar
26120215_1971_09_15_01_275.tcf.xml-22-3	heckert_schulgesetzgebung_1847-1444-90	inferred	0	 	Seminar
26120215_1971_09_15_01_275.tcf.xml-22-3	heckert_schulgesetzgebung_1847-1477-75	inferred	1	 	Seminar
26120215_1971_09_15_01_275.tcf.xml-22-3	heckert_schulgesetzgebung_1847-1487-100	inferred	0	 	Seminar
26120215_1971_09_15_01_275.tcf.xml-22-3	heckert_schulgesetzgebung_1847-3371-18	inferred	0	 	Seminar
26120215_1971_09_15_01_275.tcf.xml-22-3	heckert_schulgesetzgebung_1847-3979-9	inferred	0	 	Seminar
26120215_1971_09_15_01_275.tcf.xml-22-3	heckert_schulgesetzgebung_1847-419-19	inferred	0	 	Seminar
26120215_1971_09_15_01_275.tcf.xml-22-3	hoffmann_elixiere01_1815-167-9	inferred	0	 	Seminar
26120215_1971_09_15_01_275.tcf.xml-22-3	huber_revival_1862-548-24	inferred	0	 	Seminar
26120215_1971_09_15_01_275.tcf.xml-22-3	lange_maedchenschule_1887-423-1	inferred	0	 	Seminar
26120215_1971_09_15_01_275.tcf.xml-22-3	lehnert_seehaefen01_1891-5452-64	inferred	0	 	Seminar
26120215_1971_09_15_01_275.tcf.xml-22-3	lewald_frauen_1870-648-15	inferred	0	 	Seminar
26120215_1971_09_15_01_275.tcf.xml-22-3	munzinger_japaner_1898-883-24	inferred	0	 	Seminar
26120215_1971_09_15_01_275.tcf.xml-22-3	nn_maehrisches122_1895-49-17	inferred	1	 	Seminar
26120215_1971_09_15_01_275.tcf.xml-22-3	nn_nrhz202_1849-175-0	inferred	0	 	Seminar
26120215_1971_09_15_01_275.tcf.xml-22-3	nn_nrhz202_1849-175-12	inferred	0	 	Seminar
26120215_1971_09_15_01_275.tcf.xml-22-3	nn_turnkunst01_1843-794-1	inferred	0	 	Seminar
26120215_1971_09_15_01_275.tcf.xml-22-3	schmoller_volkswirtschaftslehre_1893-392-8	inferred	0	 	Seminar
26120215_1971_09_15_01_275.tcf.xml-22-3	treitschke_geschichte05_1894-3750-33	inferred	0	 	Seminar
26120215_1972_10_11_01_295.tcf.xml-20-11	26120215_1976_07_22_01_251.tcf.xml-5-3	inferred	0	 	Seminar
26120215_1972_10_11_01_295.tcf.xml-20-11	26120215_1980_07_11_01_040.tcf.xml-48-9	inferred	0	 	Seminar
26120215_1972_10_11_01_295.tcf.xml-20-11	26120215_1986_06_03_01_240.tcf.xml-10-2	inferred	1	 	Seminar
26120215_1972_10_11_01_295.tcf.xml-20-11	buechner_werke_1879-503-41	inferred	0	 	Seminar
26120215_1972_10_11_01_295.tcf.xml-20-11	heckert_schulgesetzgebung_1847-1419-17	inferred	0	 	Seminar
26120215_1972_10_11_01_295.tcf.xml-20-11	heckert_schulgesetzgebung_1847-1444-33	inferred	0	 	Seminar
26120215_1972_10_11_01_295.tcf.xml-20-11	heckert_schulgesetzgebung_1847-1444-90	inferred	0	 	Seminar
26120215_1972_10_11_01_295.tcf.xml-20-11	heckert_schulgesetzgebung_1847-1477-75	inferred	1	 	Seminar
26120215_1972_10_11_01_295.tcf.xml-20-11	heckert_schulgesetzgebung_1847-1487-100	inferred	0	 	Seminar
26120215_1972_10_11_01_295.tcf.xml-20-11	heckert_schulgesetzgebung_1847-3371-18	inferred	0	 	Seminar
26120215_1972_10_11_01_295.tcf.xml-20-11	heckert_schulgesetzgebung_1847-3979-9	inferred	0	 	Seminar
26120215_1972_10_11_01_295.tcf.xml-20-11	heckert_schulgesetzgebung_1847-419-19	inferred	0	 	Seminar
26120215_1972_10_11_01_295.tcf.xml-20-11	hoffmann_elixiere01_1815-167-9	inferred	0	 	Seminar
26120215_1972_10_11_01_295.tcf.xml-20-11	huber_revival_1862-548-24	inferred	0	 	Seminar
26120215_1972_10_11_01_295.tcf.xml-20-11	lange_maedchenschule_1887-423-1	inferred	0	 	Seminar
26120215_1972_10_11_01_295.tcf.xml-20-11	lehnert_seehaefen01_1891-5452-64	inferred	0	 	Seminar
26120215_1972_10_11_01_295.tcf.xml-20-11	lewald_frauen_1870-648-15	inferred	0	 	Seminar
26120215_1972_10_11_01_295.tcf.xml-20-11	munzinger_japaner_1898-883-24	inferred	0	 	Seminar
26120215_1972_10_11_01_295.tcf.xml-20-11	nn_maehrisches122_1895-49-17	inferred	1	 	Seminar
26120215_1972_10_11_01_295.tcf.xml-20-11	nn_nrhz202_1849-175-0	inferred	0	 	Seminar
26120215_1972_10_11_01_295.tcf.xml-20-11	nn_nrhz202_1849-175-12	inferred	0	 	Seminar
26120215_1972_10_11_01_295.tcf.xml-20-11	nn_turnkunst01_1843-794-1	inferred	0	 	Seminar
26120215_1972_10_11_01_295.tcf.xml-20-11	schmoller_volkswirtschaftslehre_1893-392-8	inferred	0	 	Seminar
26120215_1972_10_11_01_295.tcf.xml-20-11	treitschke_geschichte05_1894-3750-33	inferred	0	 	Seminar
26120215_1976_07_22_01_251.tcf.xml-5-3	26120215_1980_07_11_01_040.tcf.xml-48-9	inferred	1	 	Seminar
26120215_1976_07_22_01_251.tcf.xml-5-3	26120215_1986_06_03_01_240.tcf.xml-10-2	inferred	0	 	Seminar
26120215_1976_07_22_01_251.tcf.xml-5-3	buechner_werke_1879-503-41	inferred	0	 	Seminar
26120215_1976_07_22_01_251.tcf.xml-5-3	heckert_schulgesetzgebung_1847-1419-17	inferred	1	 	Seminar
26120215_1976_07_22_01_251.tcf.xml-5-3	heckert_schulgesetzgebung_1847-1444-33	inferred	1	 	Seminar
26120215_1976_07_22_01_251.tcf.xml-5-3	heckert_schulgesetzgebung_1847-1444-90	inferred	0	 	Seminar
26120215_1976_07_22_01_251.tcf.xml-5-3	heckert_schulgesetzgebung_1847-1477-75	inferred	0	 	Seminar
26120215_1976_07_22_01_251.tcf.xml-5-3	heckert_schulgesetzgebung_1847-1487-100	inferred	1	 	Seminar
26120215_1976_07_22_01_251.tcf.xml-5-3	heckert_schulgesetzgebung_1847-3371-18	inferred	1	 	Seminar
26120215_1976_07_22_01_251.tcf.xml-5-3	heckert_schulgesetzgebung_1847-3979-9	inferred	1	 	Seminar
26120215_1976_07_22_01_251.tcf.xml-5-3	heckert_schulgesetzgebung_1847-419-19	inferred	1	 	Seminar
26120215_1976_07_22_01_251.tcf.xml-5-3	hoffmann_elixiere01_1815-167-9	inferred	1	 	Seminar
26120215_1976_07_22_01_251.tcf.xml-5-3	huber_revival_1862-548-24	inferred	0	 	Seminar
26120215_1976_07_22_01_251.tcf.xml-5-3	lange_maedchenschule_1887-423-1	inferred	1	 	Seminar
26120215_1976_07_22_01_251.tcf.xml-5-3	lehnert_seehaefen01_1891-5452-64	inferred	1	 	Seminar
26120215_1976_07_22_01_251.tcf.xml-5-3	lewald_frauen_1870-648-15	inferred	1	 	Seminar
26120215_1976_07_22_01_251.tcf.xml-5-3	munzinger_japaner_1898-883-24	inferred	1	 	Seminar
26120215_1976_07_22_01_251.tcf.xml-5-3	nn_maehrisches122_1895-49-17	inferred	0	 	Seminar
26120215_1976_07_22_01_251.tcf.xml-5-3	nn_nrhz202_1849-175-0	inferred	1	 	Seminar
26120215_1976_07_22_01_251.tcf.xml-5-3	nn_nrhz202_1849-175-12	inferred	1	 	Seminar
26120215_1976_07_22_01_251.tcf.xml-5-3	nn_turnkunst01_1843-794-1	inferred	1	 	Seminar
26120215_1976_07_22_01_251.tcf.xml-5-3	schmoller_volkswirtschaftslehre_1893-392-8	inferred	0	 	Seminar
26120215_1976_07_22_01_251.tcf.xml-5-3	treitschke_geschichte05_1894-3750-33	inferred	1	 	Seminar
26120215_1980_07_11_01_040.tcf.xml-48-9	26120215_1986_06_03_01_240.tcf.xml-10-2	inferred	0	 	Seminar
26120215_1980_07_11_01_040.tcf.xml-48-9	buechner_werke_1879-503-41	inferred	0	 	Seminar
26120215_1980_07_11_01_040.tcf.xml-48-9	heckert_schulgesetzgebung_1847-1419-17	inferred	1	 	Seminar
26120215_1980_07_11_01_040.tcf.xml-48-9	heckert_schulgesetzgebung_1847-1444-33	inferred	1	 	Seminar
26120215_1980_07_11_01_040.tcf.xml-48-9	heckert_schulgesetzgebung_1847-1444-90	inferred	0	 	Seminar
26120215_1980_07_11_01_040.tcf.xml-48-9	heckert_schulgesetzgebung_1847-1477-75	inferred	0	 	Seminar
26120215_1980_07_11_01_040.tcf.xml-48-9	heckert_schulgesetzgebung_1847-1487-100	inferred	1	 	Seminar
26120215_1980_07_11_01_040.tcf.xml-48-9	heckert_schulgesetzgebung_1847-3371-18	inferred	1	 	Seminar
26120215_1980_07_11_01_040.tcf.xml-48-9	heckert_schulgesetzgebung_1847-3979-9	inferred	1	 	Seminar
26120215_1980_07_11_01_040.tcf.xml-48-9	heckert_schulgesetzgebung_1847-419-19	inferred	1	 	Seminar
26120215_1980_07_11_01_040.tcf.xml-48-9	hoffmann_elixiere01_1815-167-9	inferred	1	 	Seminar
26120215_1980_07_11_01_040.tcf.xml-48-9	huber_revival_1862-548-24	inferred	0	 	Seminar
26120215_1980_07_11_01_040.tcf.xml-48-9	lange_maedchenschule_1887-423-1	inferred	1	 	Seminar
26120215_1980_07_11_01_040.tcf.xml-48-9	lehnert_seehaefen01_1891-5452-64	inferred	1	 	Seminar
26120215_1980_07_11_01_040.tcf.xml-48-9	lewald_frauen_1870-648-15	inferred	1	 	Seminar
26120215_1980_07_11_01_040.tcf.xml-48-9	munzinger_japaner_1898-883-24	inferred	1	 	Seminar
26120215_1980_07_11_01_040.tcf.xml-48-9	nn_maehrisches122_1895-49-17	inferred	0	 	Seminar
26120215_1980_07_11_01_040.tcf.xml-48-9	nn_nrhz202_1849-175-0	inferred	1	 	Seminar
26120215_1980_07_11_01_040.tcf.xml-48-9	nn_nrhz202_1849-175-12	inferred	1	 	Seminar
26120215_1980_07_11_01_040.tcf.xml-48-9	nn_turnkunst01_1843-794-1	inferred	1	 	Seminar
26120215_1980_07_11_01_040.tcf.xml-48-9	schmoller_volkswirtschaftslehre_1893-392-8	inferred	0	 	Seminar
26120215_1980_07_11_01_040.tcf.xml-48-9	treitschke_geschichte05_1894-3750-33	inferred	1	 	Seminar
26120215_1986_06_03_01_240.tcf.xml-10-2	buechner_werke_1879-503-41	inferred	0	 	Seminar
26120215_1986_06_03_01_240.tcf.xml-10-2	heckert_schulgesetzgebung_1847-1419-17	inferred	0	 	Seminar
26120215_1986_06_03_01_240.tcf.xml-10-2	heckert_schulgesetzgebung_1847-1444-33	inferred	0	 	Seminar
26120215_1986_06_03_01_240.tcf.xml-10-2	heckert_schulgesetzgebung_1847-1444-90	inferred	0	 	Seminar
26120215_1986_06_03_01_240.tcf.xml-10-2	heckert_schulgesetzgebung_1847-1477-75	inferred	1	 	Seminar
26120215_1986_06_03_01_240.tcf.xml-10-2	heckert_schulgesetzgebung_1847-1487-100	inferred	0	 	Seminar
26120215_1986_06_03_01_240.tcf.xml-10-2	heckert_schulgesetzgebung_1847-3371-18	inferred	0	 	Seminar
26120215_1986_06_03_01_240.tcf.xml-10-2	heckert_schulgesetzgebung_1847-3979-9	inferred	0	 	Seminar
26120215_1986_06_03_01_240.tcf.xml-10-2	heckert_schulgesetzgebung_1847-419-19	inferred	0	 	Seminar
26120215_1986_06_03_01_240.tcf.xml-10-2	hoffmann_elixiere01_1815-167-9	inferred	0	 	Seminar
26120215_1986_06_03_01_240.tcf.xml-10-2	huber_revival_1862-548-24	inferred	0	 	Seminar
26120215_1986_06_03_01_240.tcf.xml-10-2	lange_maedchenschule_1887-423-1	inferred	0	 	Seminar
26120215_1986_06_03_01_240.tcf.xml-10-2	lehnert_seehaefen01_1891-5452-64	inferred	0	 	Seminar
26120215_1986_06_03_01_240.tcf.xml-10-2	lewald_frauen_1870-648-15	inferred	0	 	Seminar
26120215_1986_06_03_01_240.tcf.xml-10-2	munzinger_japaner_1898-883-24	inferred	0	 	Seminar
26120215_1986_06_03_01_240.tcf.xml-10-2	nn_maehrisches122_1895-49-17	inferred	1	 	Seminar
26120215_1986_06_03_01_240.tcf.xml-10-2	nn_nrhz202_1849-175-0	inferred	0	 	Seminar
26120215_1986_06_03_01_240.tcf.xml-10-2	nn_nrhz202_1849-175-12	inferred	0	 	Seminar
26120215_1986_06_03_01_240.tcf.xml-10-2	nn_turnkunst01_1843-794-1	inferred	0	 	Seminar
26120215_1986_06_03_01_240.tcf.xml-10-2	schmoller_volkswirtschaftslehre_1893-392-8	inferred	0	 	Seminar
26120215_1986_06_03_01_240.tcf.xml-10-2	treitschke_geschichte05_1894-3750-33	inferred	0	 	Seminar
buechner_werke_1879-503-41	heckert_schulgesetzgebung_1847-1419-17	inferred	0	 	Seminar
buechner_werke_1879-503-41	heckert_schulgesetzgebung_1847-1444-33	inferred	0	 	Seminar
buechner_werke_1879-503-41	heckert_schulgesetzgebung_1847-1444-90	inferred	1	 	Seminar
buechner_werke_1879-503-41	heckert_schulgesetzgebung_1847-1477-75	inferred	0	 	Seminar
buechner_werke_1879-503-41	heckert_schulgesetzgebung_1847-1487-100	inferred	0	 	Seminar
buechner_werke_1879-503-41	heckert_schulgesetzgebung_1847-3371-18	inferred	0	 	Seminar
buechner_werke_1879-503-41	heckert_schulgesetzgebung_1847-3979-9	inferred	0	 	Seminar
buechner_werke_1879-503-41	heckert_schulgesetzgebung_1847-419-19	inferred	0	 	Seminar
buechner_werke_1879-503-41	hoffmann_elixiere01_1815-167-9	inferred	0	 	Seminar
buechner_werke_1879-503-41	huber_revival_1862-548-24	inferred	1	 	Seminar
buechner_werke_1879-503-41	lange_maedchenschule_1887-423-1	inferred	0	 	Seminar
buechner_werke_1879-503-41	lehnert_seehaefen01_1891-5452-64	inferred	0	 	Seminar
buechner_werke_1879-503-41	lewald_frauen_1870-648-15	inferred	0	 	Seminar
buechner_werke_1879-503-41	munzinger_japaner_1898-883-24	inferred	0	 	Seminar
buechner_werke_1879-503-41	nn_maehrisches122_1895-49-17	inferred	0	 	Seminar
buechner_werke_1879-503-41	nn_nrhz202_1849-175-0	inferred	0	 	Seminar
buechner_werke_1879-503-41	nn_nrhz202_1849-175-12	inferred	0	 	Seminar
buechner_werke_1879-503-41	nn_turnkunst01_1843-794-1	inferred	0	 	Seminar
buechner_werke_1879-503-41	schmoller_volkswirtschaftslehre_1893-392-8	inferred	1	 	Seminar
buechner_werke_1879-503-41	treitschke_geschichte05_1894-3750-33	inferred	0	 	Seminar
heckert_schulgesetzgebung_1847-1419-17	heckert_schulgesetzgebung_1847-1444-33	inferred	1	 	Seminar
heckert_schulgesetzgebung_1847-1419-17	heckert_schulgesetzgebung_1847-1444-90	inferred	0	 	Seminar
heckert_schulgesetzgebung_1847-1419-17	heckert_schulgesetzgebung_1847-1477-75	inferred	0	 	Seminar
heckert_schulgesetzgebung_1847-1419-17	heckert_schulgesetzgebung_1847-1487-100	inferred	1	 	Seminar
heckert_schulgesetzgebung_1847-1419-17	heckert_schulgesetzgebung_1847-3371-18	inferred	1	 	Seminar
heckert_schulgesetzgebung_1847-1419-17	heckert_schulgesetzgebung_1847-3979-9	inferred	1	 	Seminar
heckert_schulgesetzgebung_1847-1419-17	heckert_schulgesetzgebung_1847-419-19	inferred	1	 	Seminar
heckert_schulgesetzgebung_1847-1419-17	hoffmann_elixiere01_1815-167-9	inferred	1	 	Seminar
heckert_schulgesetzgebung_1847-1419-17	huber_revival_1862-548-24	inferred	0	 	Seminar
heckert_schulgesetzgebung_1847-1419-17	lange_maedchenschule_1887-423-1	inferred	1	 	Seminar
heckert_schulgesetzgebung_1847-1419-17	lehnert_seehaefen01_1891-5452-64	inferred	1	 	Seminar
heckert_schulgesetzgebung_1847-1419-17	lewald_frauen_1870-648-15	inferred	1	 	Seminar
heckert_schulgesetzgebung_1847-1419-17	munzinger_japaner_1898-883-24	inferred	1	 	Seminar
heckert_schulgesetzgebung_1847-1419-17	nn_maehrisches122_1895-49-17	inferred	0	 	Seminar
heckert_schulgesetzgebung_1847-1419-17	nn_nrhz202_1849-175-0	inferred	1	 	Seminar
heckert_schulgesetzgebung_1847-1419-17	nn_nrhz202_1849-175-12	inferred	1	 	Seminar
heckert_schulgesetzgebung_1847-1419-17	nn_turnkunst01_1843-794-1	inferred	1	 	Seminar
heckert_schulgesetzgebung_1847-1419-17	schmoller_volkswirtschaftslehre_1893-392-8	inferred	0	 	Seminar
heckert_schulgesetzgebung_1847-1419-17	treitschke_geschichte05_1894-3750-33	inferred	1	 	Seminar
heckert_schulgesetzgebung_1847-1444-33	heckert_schulgesetzgebung_1847-1444-90	inferred	0	 	Seminar
heckert_schulgesetzgebung_1847-1444-33	heckert_schulgesetzgebung_1847-1477-75	inferred	0	 	Seminar
heckert_schulgesetzgebung_1847-1444-33	heckert_schulgesetzgebung_1847-1487-100	inferred	1	 	Seminar
heckert_schulgesetzgebung_1847-1444-33	heckert_schulgesetzgebung_1847-3371-18	inferred	1	 	Seminar
heckert_schulgesetzgebung_1847-1444-33	heckert_schulgesetzgebung_1847-3979-9	inferred	1	 	Seminar
heckert_schulgesetzgebung_1847-1444-33	heckert_schulgesetzgebung_1847-419-19	inferred	1	 	Seminar
heckert_schulgesetzgebung_1847-1444-33	hoffmann_elixiere01_1815-167-9	inferred	1	 	Seminar
heckert_schulgesetzgebung_1847-1444-33	huber_revival_1862-548-24	inferred	0	 	Seminar
heckert_schulgesetzgebung_1847-1444-33	lange_maedchenschule_1887-423-1	inferred	1	 	Seminar
heckert_schulgesetzgebung_1847-1444-33	lehnert_seehaefen01_1891-5452-64	inferred	1	 	Seminar
heckert_schulgesetzgebung_1847-1444-33	lewald_frauen_1870-648-15	inferred	1	 	Seminar
heckert_schulgesetzgebung_1847-1444-33	munzinger_japaner_1898-883-24	inferred	1	 	Seminar
heckert_schulgesetzgebung_1847-1444-33	nn_maehrisches122_1895-49-17	inferred	0	 	Seminar
heckert_schulgesetzgebung_1847-1444-33	nn_nrhz202_1849-175-0	inferred	1	 	Seminar
heckert_schulgesetzgebung_1847-1444-33	nn_nrhz202_1849-175-12	inferred	1	 	Seminar
heckert_schulgesetzgebung_1847-1444-33	nn_turnkunst01_1843-794-1	inferred	1	 	Seminar
heckert_schulgesetzgebung_1847-1444-33	schmoller_volkswirtschaftslehre_1893-392-8	inferred	0	 	Seminar
heckert_schulgesetzgebung_1847-1444-33	treitschke_geschichte05_1894-3750-33	inferred	1	 	Seminar
heckert_schulgesetzgebung_1847-1444-90	heckert_schulgesetzgebung_1847-1477-75	inferred	0	 	Seminar
heckert_schulgesetzgebung_1847-1444-90	heckert_schulgesetzgebung_1847-1487-100	inferred	0	 	Seminar
heckert_schulgesetzgebung_1847-1444-90	heckert_schulgesetzgebung_1847-3371-18	inferred	0	 	Seminar
heckert_schulgesetzgebung_1847-1444-90	heckert_schulgesetzgebung_1847-3979-9	inferred	0	 	Seminar
heckert_schulgesetzgebung_1847-1444-90	heckert_schulgesetzgebung_1847-419-19	inferred	0	 	Seminar
heckert_schulgesetzgebung_1847-1444-90	hoffmann_elixiere01_1815-167-9	inferred	0	 	Seminar
heckert_schulgesetzgebung_1847-1444-90	huber_revival_1862-548-24	inferred	1	 	Seminar
heckert_schulgesetzgebung_1847-1444-90	lange_maedchenschule_1887-423-1	inferred	0	 	Seminar
heckert_schulgesetzgebung_1847-1444-90	lehnert_seehaefen01_1891-5452-64	inferred	0	 	Seminar
heckert_schulgesetzgebung_1847-1444-90	lewald_frauen_1870-648-15	inferred	0	 	Seminar
heckert_schulgesetzgebung_1847-1444-90	munzinger_japaner_1898-883-24	inferred	0	 	Seminar
heckert_schulgesetzgebung_1847-1444-90	nn_maehrisches122_1895-49-17	inferred	0	 	Seminar
heckert_schulgesetzgebung_1847-1444-90	nn_nrhz202_1849-175-0	inferred	0	 	Seminar
heckert_schulgesetzgebung_1847-1444-90	nn_nrhz202_1849-175-12	inferred	0	 	Seminar
heckert_schulgesetzgebung_1847-1444-90	nn_turnkunst01_1843-794-1	inferred	0	 	Seminar
heckert_schulgesetzgebung_1847-1444-90	schmoller_volkswirtschaftslehre_1893-392-8	inferred	1	 	Seminar
heckert_schulgesetzgebung_1847-1444-90	treitschke_geschichte05_1894-3750-33	inferred	0	 	Seminar
heckert_schulgesetzgebung_1847-1477-75	heckert_schulgesetzgebung_1847-1487-100	inferred	0	 	Seminar
heckert_schulgesetzgebung_1847-1477-75	heckert_schulgesetzgebung_1847-3371-18	inferred	0	 	Seminar
heckert_schulgesetzgebung_1847-1477-75	heckert_schulgesetzgebung_1847-3979-9	inferred	0	 	Seminar
heckert_schulgesetzgebung_1847-1477-75	heckert_schulgesetzgebung_1847-419-19	inferred	0	 	Seminar
heckert_schulgesetzgebung_1847-1477-75	hoffmann_elixiere01_1815-167-9	inferred	0	 	Seminar
heckert_schulgesetzgebung_1847-1477-75	huber_revival_1862-548-24	inferred	0	 	Seminar
heckert_schulgesetzgebung_1847-1477-75	lange_maedchenschule_1887-423-1	inferred	0	 	Seminar
heckert_schulgesetzgebung_1847-1477-75	lehnert_seehaefen01_1891-5452-64	inferred	0	 	Seminar
heckert_schulgesetzgebung_1847-1477-75	lewald_frauen_1870-648-15	inferred	0	 	Seminar
heckert_schulgesetzgebung_1847-1477-75	munzinger_japaner_1898-883-24	inferred	0	 	Seminar
heckert_schulgesetzgebung_1847-1477-75	nn_maehrisches122_1895-49-17	inferred	1	 	Seminar
heckert_schulgesetzgebung_1847-1477-75	nn_nrhz202_1849-175-0	inferred	0	 	Seminar
heckert_schulgesetzgebung_1847-1477-75	nn_nrhz202_1849-175-12	inferred	0	 	Seminar
heckert_schulgesetzgebung_1847-1477-75	nn_turnkunst01_1843-794-1	inferred	0	 	Seminar
heckert_schulgesetzgebung_1847-1477-75	schmoller_volkswirtschaftslehre_1893-392-8	inferred	0	 	Seminar
heckert_schulgesetzgebung_1847-1477-75	treitschke_geschichte05_1894-3750-33	inferred	0	 	Seminar
heckert_schulgesetzgebung_1847-1487-100	heckert_schulgesetzgebung_1847-3371-18	inferred	1	 	Seminar
heckert_schulgesetzgebung_1847-1487-100	heckert_schulgesetzgebung_1847-3979-9	inferred	1	 	Seminar
heckert_schulgesetzgebung_1847-1487-100	heckert_schulgesetzgebung_1847-419-19	inferred	1	 	Seminar
heckert_schulgesetzgebung_1847-1487-100	hoffmann_elixiere01_1815-167-9	inferred	1	 	Seminar
heckert_schulgesetzgebung_1847-1487-100	huber_revival_1862-548-24	inferred	0	 	Seminar
heckert_schulgesetzgebung_1847-1487-100	lange_maedchenschule_1887-423-1	inferred	1	 	Seminar
heckert_schulgesetzgebung_1847-1487-100	lehnert_seehaefen01_1891-5452-64	inferred	1	 	Seminar
heckert_schulgesetzgebung_1847-1487-100	lewald_frauen_1870-648-15	inferred	1	 	Seminar
heckert_schulgesetzgebung_1847-1487-100	munzinger_japaner_1898-883-24	inferred	1	 	Seminar
heckert_schulgesetzgebung_1847-1487-100	nn_maehrisches122_1895-49-17	inferred	0	 	Seminar
heckert_schulgesetzgebung_1847-1487-100	nn_nrhz202_1849-175-0	inferred	1	 	Seminar
heckert_schulgesetzgebung_1847-1487-100	nn_nrhz202_1849-175-12	inferred	1	 	Seminar
heckert_schulgesetzgebung_1847-1487-100	nn_turnkunst01_1843-794-1	inferred	1	 	Seminar
heckert_schulgesetzgebung_1847-1487-100	schmoller_volkswirtschaftslehre_1893-392-8	inferred	0	 	Seminar
heckert_schulgesetzgebung_1847-1487-100	treitschke_geschichte05_1894-3750-33	inferred	1	 	Seminar
heckert_schulgesetzgebung_1847-3371-18	heckert_schulgesetzgebung_1847-3979-9	inferred	1	 	Seminar
heckert_schulgesetzgebung_1847-3371-18	heckert_schulgesetzgebung_1847-419-19	inferred	1	 	Seminar
heckert_schulgesetzgebung_1847-3371-18	hoffmann_elixiere01_1815-167-9	inferred	1	 	Seminar
heckert_schulgesetzgebung_1847-3371-18	huber_revival_1862-548-24	inferred	0	 	Seminar
heckert_schulgesetzgebung_1847-3371-18	lange_maedchenschule_1887-423-1	inferred	1	 	Seminar
heckert_schulgesetzgebung_1847-3371-18	lehnert_seehaefen01_1891-5452-64	inferred	1	 	Seminar
heckert_schulgesetzgebung_1847-3371-18	lewald_frauen_1870-648-15	inferred	1	 	Seminar
heckert_schulgesetzgebung_1847-3371-18	munzinger_japaner_1898-883-24	inferred	1	 	Seminar
heckert_schulgesetzgebung_1847-3371-18	nn_maehrisches122_1895-49-17	inferred	0	 	Seminar
heckert_schulgesetzgebung_1847-3371-18	nn_nrhz202_1849-175-0	inferred	1	 	Seminar
heckert_schulgesetzgebung_1847-3371-18	nn_nrhz202_1849-175-12	inferred	1	 	Seminar
heckert_schulgesetzgebung_1847-3371-18	nn_turnkunst01_1843-794-1	inferred	1	 	Seminar
heckert_schulgesetzgebung_1847-3371-18	schmoller_volkswirtschaftslehre_1893-392-8	inferred	0	 	Seminar
heckert_schulgesetzgebung_1847-3371-18	treitschke_geschichte05_1894-3750-33	inferred	1	 	Seminar
heckert_schulgesetzgebung_1847-3979-9	heckert_schulgesetzgebung_1847-419-19	inferred	1	 	Seminar
heckert_schulgesetzgebung_1847-3979-9	hoffmann_elixiere01_1815-167-9	inferred	1	 	Seminar
heckert_schulgesetzgebung_1847-3979-9	huber_revival_1862-548-24	inferred	0	 	Seminar
heckert_schulgesetzgebung_1847-3979-9	lange_maedchenschule_1887-423-1	inferred	1	 	Seminar
heckert_schulgesetzgebung_1847-3979-9	lehnert_seehaefen01_1891-5452-64	inferred	1	 	Seminar
heckert_schulgesetzgebung_1847-3979-9	lewald_frauen_1870-648-15	inferred	1	 	Seminar
heckert_schulgesetzgebung_1847-3979-9	munzinger_japaner_1898-883-24	inferred	1	 	Seminar
heckert_schulgesetzgebung_1847-3979-9	nn_maehrisches122_1895-49-17	inferred	0	 	Seminar
heckert_schulgesetzgebung_1847-3979-9	nn_nrhz202_1849-175-0	inferred	1	 	Seminar
heckert_schulgesetzgebung_1847-3979-9	nn_nrhz202_1849-175-12	inferred	1	 	Seminar
heckert_schulgesetzgebung_1847-3979-9	nn_turnkunst01_1843-794-1	inferred	1	 	Seminar
heckert_schulgesetzgebung_1847-3979-9	schmoller_volkswirtschaftslehre_1893-392-8	inferred	0	 	Seminar
heckert_schulgesetzgebung_1847-3979-9	treitschke_geschichte05_1894-3750-33	inferred	1	 	Seminar
heckert_schulgesetzgebung_1847-419-19	hoffmann_elixiere01_1815-167-9	inferred	1	 	Seminar
heckert_schulgesetzgebung_1847-419-19	huber_revival_1862-548-24	inferred	0	 	Seminar
heckert_schulgesetzgebung_1847-419-19	lange_maedchenschule_1887-423-1	inferred	1	 	Seminar
heckert_schulgesetzgebung_1847-419-19	lehnert_seehaefen01_1891-5452-64	inferred	1	 	Seminar
heckert_schulgesetzgebung_1847-419-19	lewald_frauen_1870-648-15	inferred	1	 	Seminar
heckert_schulgesetzgebung_1847-419-19	munzinger_japaner_1898-883-24	inferred	1	 	Seminar
heckert_schulgesetzgebung_1847-419-19	nn_maehrisches122_1895-49-17	inferred	0	 	Seminar
heckert_schulgesetzgebung_1847-419-19	nn_nrhz202_1849-175-0	inferred	1	 	Seminar
heckert_schulgesetzgebung_1847-419-19	nn_nrhz202_1849-175-12	inferred	1	 	Seminar
heckert_schulgesetzgebung_1847-419-19	nn_turnkunst01_1843-794-1	inferred	1	 	Seminar
heckert_schulgesetzgebung_1847-419-19	schmoller_volkswirtschaftslehre_1893-392-8	inferred	0	 	Seminar
heckert_schulgesetzgebung_1847-419-19	treitschke_geschichte05_1894-3750-33	inferred	1	 	Seminar
hoffmann_elixiere01_1815-167-9	huber_revival_1862-548-24	inferred	0	 	Seminar
hoffmann_elixiere01_1815-167-9	lange_maedchenschule_1887-423-1	inferred	1	 	Seminar
hoffmann_elixiere01_1815-167-9	lehnert_seehaefen01_1891-5452-64	inferred	1	 	Seminar
hoffmann_elixiere01_1815-167-9	lewald_frauen_1870-648-15	inferred	1	 	Seminar
hoffmann_elixiere01_1815-167-9	munzinger_japaner_1898-883-24	inferred	1	 	Seminar
hoffmann_elixiere01_1815-167-9	nn_maehrisches122_1895-49-17	inferred	0	 	Seminar
hoffmann_elixiere01_1815-167-9	nn_nrhz202_1849-175-0	inferred	1	 	Seminar
hoffmann_elixiere01_1815-167-9	nn_nrhz202_1849-175-12	inferred	1	 	Seminar
hoffmann_elixiere01_1815-167-9	nn_turnkunst01_1843-794-1	inferred	1	 	Seminar
hoffmann_elixiere01_1815-167-9	schmoller_volkswirtschaftslehre_1893-392-8	inferred	0	 	Seminar
hoffmann_elixiere01_1815-167-9	treitschke_geschichte05_1894-3750-33	inferred	1	 	Seminar
huber_revival_1862-548-24	lange_maedchenschule_1887-423-1	inferred	0	 	Seminar
huber_revival_1862-548-24	lehnert_seehaefen01_1891-5452-64	inferred	0	 	Seminar
huber_revival_1862-548-24	lewald_frauen_1870-648-15	inferred	0	 	Seminar
huber_revival_1862-548-24	munzinger_japaner_1898-883-24	inferred	0	 	Seminar
huber_revival_1862-548-24	nn_maehrisches122_1895-49-17	inferred	0	 	Seminar
huber_revival_1862-548-24	nn_nrhz202_1849-175-0	inferred	0	 	Seminar
huber_revival_1862-548-24	nn_nrhz202_1849-175-12	inferred	0	 	Seminar
huber_revival_1862-548-24	nn_turnkunst01_1843-794-1	inferred	0	 	Seminar
huber_revival_1862-548-24	schmoller_volkswirtschaftslehre_1893-392-8	inferred	1	 	Seminar
huber_revival_1862-548-24	treitschke_geschichte05_1894-3750-33	inferred	0	 	Seminar
lange_maedchenschule_1887-423-1	lehnert_seehaefen01_1891-5452-64	inferred	1	 	Seminar
lange_maedchenschule_1887-423-1	lewald_frauen_1870-648-15	inferred	1	 	Seminar
lange_maedchenschule_1887-423-1	munzinger_japaner_1898-883-24	inferred	1	 	Seminar
lange_maedchenschule_1887-423-1	nn_maehrisches122_1895-49-17	inferred	0	 	Seminar
lange_maedchenschule_1887-423-1	nn_nrhz202_1849-175-0	inferred	1	 	Seminar
lange_maedchenschule_1887-423-1	nn_nrhz202_1849-175-12	inferred	1	 	Seminar
lange_maedchenschule_1887-423-1	nn_turnkunst01_1843-794-1	inferred	1	 	Seminar
lange_maedchenschule_1887-423-1	schmoller_volkswirtschaftslehre_1893-392-8	inferred	0	 	Seminar
lange_maedchenschule_1887-423-1	treitschke_geschichte05_1894-3750-33	inferred	1	 	Seminar
lehnert_seehaefen01_1891-5452-64	lewald_frauen_1870-648-15	inferred	1	 	Seminar
lehnert_seehaefen01_1891-5452-64	munzinger_japaner_1898-883-24	inferred	1	 	Seminar
lehnert_seehaefen01_1891-5452-64	nn_maehrisches122_1895-49-17	inferred	0	 	Seminar
lehnert_seehaefen01_1891-5452-64	nn_nrhz202_1849-175-0	inferred	1	 	Seminar
lehnert_seehaefen01_1891-5452-64	nn_nrhz202_1849-175-12	inferred	1	 	Seminar
lehnert_seehaefen01_1891-5452-64	nn_turnkunst01_1843-794-1	inferred	1	 	Seminar
lehnert_seehaefen01_1891-5452-64	schmoller_volkswirtschaftslehre_1893-392-8	inferred	0	 	Seminar
lehnert_seehaefen01_1891-5452-64	treitschke_geschichte05_1894-3750-33	inferred	1	 	Seminar
lewald_frauen_1870-648-15	munzinger_japaner_1898-883-24	inferred	1	 	Seminar
lewald_frauen_1870-648-15	nn_maehrisches122_1895-49-17	inferred	0	 	Seminar
lewald_frauen_1870-648-15	nn_nrhz202_1849-175-0	inferred	1	 	Seminar
lewald_frauen_1870-648-15	nn_nrhz202_1849-175-12	inferred	1	 	Seminar
lewald_frauen_1870-648-15	nn_turnkunst01_1843-794-1	inferred	1	 	Seminar
lewald_frauen_1870-648-15	schmoller_volkswirtschaftslehre_1893-392-8	inferred	0	 	Seminar
lewald_frauen_1870-648-15	treitschke_geschichte05_1894-3750-33	inferred	1	 	Seminar
munzinger_japaner_1898-883-24	nn_maehrisches122_1895-49-17	inferred	0	 	Seminar
munzinger_japaner_1898-883-24	nn_nrhz202_1849-175-0	inferred	1	 	Seminar
munzinger_japaner_1898-883-24	nn_nrhz202_1849-175-12	inferred	1	 	Seminar
munzinger_japaner_1898-883-24	nn_turnkunst01_1843-794-1	inferred	1	 	Seminar
munzinger_japaner_1898-883-24	schmoller_volkswirtschaftslehre_1893-392-8	inferred	0	 	Seminar
munzinger_japaner_1898-883-24	treitschke_geschichte05_1894-3750-33	inferred	1	 	Seminar
nn_maehrisches122_1895-49-17	nn_nrhz202_1849-175-0	inferred	0	 	Seminar
nn_maehrisches122_1895-49-17	nn_nrhz202_1849-175-12	inferred	0	 	Seminar
nn_maehrisches122_1895-49-17	nn_turnkunst01_1843-794-1	inferred	0	 	Seminar
nn_maehrisches122_1895-49-17	schmoller_volkswirtschaftslehre_1893-392-8	inferred	0	 	Seminar
nn_maehrisches122_1895-49-17	treitschke_geschichte05_1894-3750-33	inferred	0	 	Seminar
nn_nrhz202_1849-175-0	nn_nrhz202_1849-175-12	inferred	1	 	Seminar
nn_nrhz202_1849-175-0	nn_turnkunst01_1843-794-1	inferred	1	 	Seminar
nn_nrhz202_1849-175-0	schmoller_volkswirtschaftslehre_1893-392-8	inferred	0	 	Seminar
nn_nrhz202_1849-175-0	treitschke_geschichte05_1894-3750-33	inferred	1	 	Seminar
nn_nrhz202_1849-175-12	nn_turnkunst01_1843-794-1	inferred	1	 	Seminar
nn_nrhz202_1849-175-12	schmoller_volkswirtschaftslehre_1893-392-8	inferred	0	 	Seminar
nn_nrhz202_1849-175-12	treitschke_geschichte05_1894-3750-33	inferred	1	 	Seminar
nn_turnkunst01_1843-794-1	schmoller_volkswirtschaftslehre_1893-392-8	inferred	0	 	Seminar
nn_turnkunst01_1843-794-1	treitschke_geschichte05_1894-3750-33	inferred	1	 	Seminar
schmoller_volkswirtschaftslehre_1893-392-8	treitschke_geschichte05_1894-3750-33	inferred	0	 	Seminar
