lemma	pos	date	grouping	identifier	description	context	indexes_target_token	indexes_target_sentence	context_tokenized	indexes_target_token_tokenized	indexes_target_sentence_tokenized	context_lemmatized	context_pos	context_normalized
Manschette	NN	1947	2	2532889X_1947-07-13_02_059.tcf.xml-16-12	 	Mürrisch und knurrig legt er den Gummikragen ab, « treift die Manschetten zum Ellenbogen.	62:73	0:89	Mürrisch und knurrig legt er den Gummikragen ab , « treift die Manschetten zum Ellenbogen .	12	0:16	mürrisch und knurrig legen er d Gummikragen ab , « Treift d Manschette zum Ellenbogen .	ADJD KON ADJD VVFIN PPER ART NN PTKVZ $, $( NE ART NN APPRART NN $.	
Manschette	NN	1949	2	2532889X_1949-10-09_01_039.tcf.xml-11-13	 	Der Wolle Dtät lit bekannt: den Kadetten traten sie auf mitsamt den Manschetten.	68:79	0:80	Der Wolle Dtät lit bekannt : den Kadetten traten sie auf mitsamt den Manschetten .	13	0:15	d Wolle Dtät Lit bekannt : d Kadett treten sie auf mitsamt d Manschette .	ART NN NE NE PTKVZ $. ART NN VVFIN PPER APPR APPR ART NN $.	
Manschette	NN	1953	2	2532889X_1953-04-22_01_051.tcf.xml-37-29	 	Als ich schon einige Jahre in der Lehre war und mithalf, Maschinen zu bauen, kamen mir die Volontäre, die in gebügelten Monteuranzügen, weißen Kragen und Manschetten überall den Arbeitern 'm Wege standen, so lächerlich vor, daß ich mich geschämt hätte, Volontär zu sein.	154:165	0:270	Als ich schon einige Jahre in der Lehre war und mithalf , Maschinen zu bauen , kamen mir die Volontäre , die in gebügelten Monteuranzügen , weißen Kragen und Manschetten überall den Arbeitern 'm Wege standen , so lächerlich vor , daß ich mich geschämt hätte , Volontär zu sein .	29	0:51	als ich schon einige Jahr in d Lehre sein und mithelfen , Maschine zu bauen , kommen ich d Volontär , die in gebügelt Monteuranzug , weiß Kragen und Manschette überall d Arbeiter 'm Weg stehen , so lächerlich vor , daß ich ich schämen haben , Volontär zu sein .	KOUS PPER ADV PIAT NN APPR ART NN VAFIN KON VVFIN $, NN PTKZU VVINF $, VVFIN PPER ART NN $, PRELS APPR ADJA NN $, ADJA NN KON NN ADV ART NN ART NN VVFIN $, ADV ADJD PTKVZ $, KOUS PPER PPER VVPP VAFIN $, NN PTKZU VAINF $.	
Manschette	NN	1962	2	2532889X_1962-12-08_01_129.tcf.xml-71-18	 	Da packten die Frauen zu, wo es nötig war. beim Putzen, beim Aufziehen vr,n Manschetten... und es wurde Beschafft.	76:87	0:114	Da packten die Frauen zu , wo es nötig war . beim Putzen , beim Aufziehen vr ,n Manschetten . . . und es wurde Beschafft .	18	0:27	da packen d Frau zu , wo es nötig sein . beim Putze , beim Aufziehen Vr ,n Manschette . . . und es werden beschaffen .	ADV VVFIN ART NN PTKVZ $, PWAV PPER ADJD VAFIN $. APPRART NN $, APPRART NN NE NE NN $. $. $. KON PPER VAFIN VVPP $.	
Manschette	NN	1965	2	2532889X_1965-10-24_01_236.tcf.xml-10-3	 	Es gibt karierte Manschetten zu einfarbigen Kleidern, es gibt Spitze auf Tuch, Pelz auf Tweed, Perlen auf Seide.	17:28	0:112	Es gibt karierte Manschetten zu einfarbigen Kleidern , es gibt Spitze auf Tuch , Pelz auf Tweed , Perlen auf Seide .	3	0:22	es geben kariert Manschette zu einfarbeig Kleid , es geben Spitze auf Tuch , Pelz auf Tweed , Perle auf Seide .	PPER VVFIN ADJA NN APPR ADJA NN $, PPER VVFIN NN APPR NN $, NN APPR NN $, NN APPR NE $.	
Manschette	NN	1966	2	2532889X_1966-11-27_01_243.tcf.xml-5-14	 	KONTEX-KAUFHAUS ^SOLIDARITÄT",, KÖPENICK. GRUNSTRASSE 24 Damen-Mäntel aus Streichgarnwolle mit Schalkragen und Manschetten aus-Otterkanin, Gr. 76 — 94... 281,60 Damen-Kostüme au& vStreichgarnwolle mit Lammfell-. kragen 231,10 Pullover, sportlich, aus reiner Wolle, mit Rollkrageneinsatz, in Grau und*Blau, Gr. 46 — 50 -. i. i. 152,65	111:122	0:333	KONTEX-KAUFHAUS ^SOLIDARITÄT " , , KÖPENICK. GRUNSTRASSE 24 Damen-Mäntel aus Streichgarnwolle mit Schalkragen und Manschetten aus- Otterkanin , Gr. 76 — 94 . . . 281,60 Damen-Kostüme au& vStreichgarnwolle mit Lammfell- . kragen 231,10 Pullover , sportlich , aus reiner Wolle , mit Rollkrageneinsatz , in Grau und*Blau , Gr. 46 — 50 -. i . i . 152 ,65	14	0:60	Kontex-Kaufhaus ^solidarität " , , KÖPENICK. Grunstrasse 24 Damen-Mantel aus Streichgarnwolle mit Schalkragen und Manschette aus- Otterkanin , Gr. 76 — 94 . . . 281,60 Damen-Kostüm Au& Vstreichgarnwolle mit lammfell- . kragen 231,10 Pullover , sportlich , aus rein Wolle , mit Rollekrageneinsatz , in grau und*blau , gr. 46 — 50 -. i . i . 152 ,65	NE NE $( $, $, NE NE CARD NN APPR NN APPR NN KON NN TRUNC NN $, NN CARD $( CARD $. $. $. CARD NN NE NE APPR TRUNC $. VVFIN CARD NN $, ADJD $, APPR ADJA NN $, APPR NN $, APPR ADJD XY $, XY CARD $( CARD XY XY $. XY $. CARD XY	
Manschette	NN	1967	2	2532889X_1967-01-15_01_271.tcf.xml-29-5	 	„Du, Purzel hat Manschetten vor die Leitung."	16:27	0:45	„ Du , Purzel hat Manschetten vor die Leitung . "	5	0:11	„ du , Purzel haben Manschette vor d Leitung . "	$( PPER $, NN VAFIN NN APPR ART NN $. $(	
Manschette	NN	1969	2	2532889X_1969-12-11_01_393.tcf.xml-12-1	 	Die Manschetten sind etwa denen ähnlich, die beispielsweise beim Blutdruckmessen angelegt werden.	4:15	0:97	Die Manschetten sind etwa denen ähnlich , die beispielsweise beim Blutdruckmessen angelegt werden .	1	0:14	d Manschette sein etwa die ähnlich , die beispielsweise beim Blutdruckmesse anlegen werden .	ART NN VAFIN ADV PDS ADJD $, PRELS ADV APPRART NN VVPP VAINF $.	
Manschette	NN	1972	2	2532889X_1972-09-02_01_044.tcf.xml-9-23	 	Die ganze Zeit hast du dich zusammen mit der FDJ-Leitung dafür eingesetzt, und nun, da es soweit ist, kriegst du Manschetten.	113:124	0:125	Die ganze Zeit hast du dich zusammen mit der FDJ-Leitung dafür eingesetzt , und nun , da es soweit ist , kriegst du Manschetten .	23	0:25	d ganz Zeit haben du dich zusammen mit d Fdj-Leitung dafür einsetzen , und nun , da es soweit sein , kriegen du Manschette .	ART ADJA NN VAFIN PPER PRF ADV APPR ART NN PAV VVPP $, KON ADV $, KOUS PPER ADV VAFIN $, VVFIN PPER NN $.	
Manschette	NN	1988	2	2532889X_1988-08-27_01_200.tcf.xml-20-10	 	„Wir haben alle miteinander, auch ich, wirklich Manschetten davor gehabt, einen deutschen Beitrag zur Teilung Deutschlands zu leisten."	48:59	0:135	„ Wir haben alle miteinander , auch ich , wirklich Manschetten davor gehabt , einen deutschen Beitrag zur Teilung Deutschlands zu leisten . "	10	0:24	„ wir haben alle miteinander , auch ich , wirklich Manschette davor haben , eine deutsch Beitrag zur Teilung Deutschland zu leisten . "	$( PPER VAFIN PIS ADV $, ADV PPER $, ADJD NN PAV VAPP $, ART ADJA NN APPRART NN NE PTKZU VVINF $. $(	
Manschette	NN	1949	2	26120215_1949_11_02_01_037.tcf.xml-38-18	 	Drittens aber wußte jeder, daß Leutnant Perl, trotz seines schmalen weißen Kragenrandes und einer fein gestärkten Manschette, ein orthodoxer Jude war, der sich auch an der Front — er verdankte sein E. K. gewissen Monaten am Tivul-Sumpf — unter Entbehrungen unerlaubter Nahrung enthalten hatte.	114:124	0:293	Drittens aber wußte jeder , daß Leutnant Perl , trotz seines schmalen weißen Kragenrandes und einer fein gestärkten Manschette , ein orthodoxer Jude war , der sich auch an der Front — er verdankte sein E. K. gewissen Monaten am Tivul- Sumpf — unter Entbehrungen unerlaubter Nahrung enthalten hatte .	18	0:50	drittens aber wissen jede , daß Leutnant Perl , trotz seine schmal weiß Kragenrand und eine fein gestärkt Manschette , eine orthodox Jude sein , die sich auch an d Front — er verdanken sein E. K. gewiß Monat am tivul- Sumpf — unter Entbehrung unerlaubt Nahrung enthalten haben .	ADV ADV VVFIN PIS $, KOUS NN NE $, APPR PPOSAT ADJA ADJA NN KON ART ADJD ADJA NN $, ART ADJA NN VAFIN $, PRELS PRF ADV APPR ART NN $( PPER VVFIN PPOSAT NN NE ADJA NN APPRART TRUNC NN $( APPR NN ADJA NN VVPP VAFIN $.	
Manschette	NN	1958	2	26120215_1958_06_01_02_434.tcf.xml-100-29	 	Ballhüllen und sonstige Bälle aus Leder, Hundesportartikel aus Leder und sonstige Sportartikel, Rohhautartikel, Treibriemen aus Leder, Ausrustungsgegenstände, Arbeitsschutzartikel, landwirtschaftliche Sattlerwaren, Erntebindetücher, Manschetten aus Leder und technische Lederartikel.	233:244	0:283	Ballhüllen und sonstige Bälle aus Leder , Hundesportartikel aus Leder und sonstige Sportartikel , Rohhautartikel , Treibriemen aus Leder , Ausrustungsgegenstände , Arbeitsschutzartikel , landwirtschaftliche Sattlerwaren , Erntebindetücher , Manschetten aus Leder und technische Lederartikel .	29	0:36	Ballhülle und sonstig Ball aus Leder , Hundesportartikel aus Leder und sonstig Sportartikel , Rohhautartikel , Treibriemen aus Leder , Ausrustungsgegenstände , Arbeitsschutzartikel , landwirtschaftlich Sattlerware , Erntebindetuch , Manschette aus Leder und technisch Lederartikel .	NN KON ADJA NN APPR NN $, NN APPR NN KON ADJA NN $, NN $, NN APPR NN $, NE $, NN $, ADJA NN $, NN $, NN APPR NN KON ADJA NN $.	
Manschette	NN	1960	2	26120215_1960_08_21_01_550.tcf.xml-1-12	 	Ich habe auf meinem Laubengrundstück eine Pumpe, für die ich neue Manschetten und Scheiben brauche.	66:77	0:99	Ich habe auf meinem Laubengrundstück eine Pumpe , für die ich neue Manschetten und Scheiben brauche .	12	0:17	ich haben auf meine Laubengrundstück eine Pumpe , für die ich neu Manschette und Scheibe brauchen .	PPER VAFIN APPR PPOSAT NN ART NN $, APPR PRELS PPER ADJA NN KON NN VVFIN $.	
Manschette	NN	1961	2	26120215_1961_11_19_01_252.tcf.xml-6-33	 	Gerade in unserer heutigen Mode, die bewußt auf alle verspielten Details verzichtet und dadurch oft ein wenig streng wirkt, ergeben sich viele Möglichkeiten, durch Schals, Krawatten, Gürtel oder Manschetten aus Pelz den Stil unserer Garderobe etwas aufzulockern.	195:206	0:262	Gerade in unserer heutigen Mode , die bewußt auf alle verspielten Details verzichtet und dadurch oft ein wenig streng wirkt , ergeben sich viele Möglichkeiten , durch Schals , Krawatten , Gürtel oder Manschetten aus Pelz den Stil unserer Garderobe etwas aufzulockern .	33	0:43	gerade in unsere heutig Mode , die bewußt auf alle verspielt Detail verzichten und dadurch oft eine wenig streng wirken , ergeben sich viel Möglichkeit , durch Schal , Krawatte , Gürtel oder Manschette aus Pelz d Stil unsere Garderobe etwas auflockern .	ADV APPR PPOSAT ADJA NN $, PRELS ADJD APPR PIAT ADJA NN VVPP KON PAV ADV ART PIS ADJD VVFIN $, VVFIN PRF PIAT NN $, APPR NN $, NN $, NN KON NN APPR NN ART NN PPOSAT NN ADV VVIZU $.	
Manschette	NN	1965	2	26120215_1965_01_10_01_386.tcf.xml-161-23	 	gut erh.. Gr 50, 370 verk Anfr 41 5fl9 Anz Holzer. männlich Damen-Hemdblusen, weiß, Bw „Ig. Ärmel mit Manschette, mit Kopt 1035 Berlin. Bhf Frankfurter A!ee Gr. 82—53. ab 24.40 1017 Berlin, Ehrenbergstr. 11 (Nähe Warschauer Brücke) Handelswlrtschaftl. 25/1. 80. wünscht Bek als Requisit zu kaufen ge-1 Paar Trauringe, 585er, 6 mm br. 500,-m nett.	102:112	0:346	gut erh.. Gr 50 , 370 verk Anfr 41 5fl9 Anz Holzer . männlich Damen-Hemdblusen , weiß , Bw „ Ig. Ärmel mit Manschette , mit Kopt 1035 Berlin. Bhf Frankfurter A !ee Gr. 82—53 . ab 24.40 1017 Berlin , Ehrenbergstr. 11 ( Nähe Warschauer Brücke ) Handelswlrtschaftl . 25/1. 80. wünscht Bek als Requisit zu kaufen ge- 1 Paar Trauringe , 585er , 6 mm br . 500,- m nett .	23	0:73	gut Erh.. Gr 50 , 370 verk anfr 41 5fl9 Anz Holzer . männlich Damen-Hemdbluse , wissen , Bw „ Ig. Ärmel mit Manschette , mit Kopt 1035 Berlin. Bhf frankfurter a !ee gr. 82—53 . ab 24.40 1017 Berlin , ehrenbergstr. 11 ( Nähe warschauer Brücke ) Handelswlrtschaftl . 25/1. 80. wünschen Bek als Requisit zu kaufen ge- 1 Paar Trauring , 585er , 6 Mm br . 500,- M nett .	ADJD NE NE CARD $, CARD XY XY CARD CARD NE NE $. ADJD NN $, VVFIN $, NE $( NE NN APPR NN $, APPR NE CARD NN NE ADJA XY XY XY CARD $. APPR CARD CARD NE $, XY CARD $( NN ADJA NN $( NE $. CARD ADJA VVFIN NE KOUS NN PTKZU VVINF TRUNC CARD NN NN $, CARD $, CARD NN XY $. CARD NN ADJD $.	
Manschette	NN	1965	2	26120215_1965_09_17_01_405.tcf.xml-6-9	 	Man mißt den Blutdruck am Patienten durch Zusammenpressen einer Manschette am Oberarm und Ablesen des Manometerdrucks beim ersten Auftreten und beim Aufhören des Geräusches, welches das	64:74	0:185	Man mißt den Blutdruck am Patienten durch Zusammenpressen einer Manschette am Oberarm und Ablesen des Manometerdrucks beim ersten Auftreten und beim Aufhören des Geräusches , welches das	9	0:27	man missen d Blutdruck am Patient durch Zusammenpreßen eine Manschette am Oberarm und Ablesen d Manometerdruck beim erst Auftreten und beim aufhören d Geräusch , welche d	PIS VVFIN ART NN APPRART NN APPR NN ART NN APPRART NN KON NN ART NN APPRART ADJA NN KON APPRART VVINF ART NN $, PRELS ART	
Manschette	NN	1965	2	26120215_1965_12_24_01_260.tcf.xml-7-6	 	Am Tatort verlor er den abgebildeten Manschetten knöpf (rechteckiger Stein, Größe 0,8X 1,8 cm, rötlkn-bratm, dunkelbraun-und colddurchzogen, mit gelbem Metall eingefaßt).	37:48	0:170	Am Tatort verlor er den abgebildeten Manschetten knöpf ( rechteckiger Stein , Größe 0,8X 1,8 cm , rötlkn-bratm , dunkelbraun- und colddurchzogen , mit gelbem Metall eingefaßt ) .	6	0:29	am Tatort verlieren er d abgebildet Manschette knöpfen ( rechteckig Stein , Größe 0,8x 1,8 cm , rötlkn-bratm , dunkelbraun- und Colddurchzogen , mit gelb Metall einfassen ) .	APPRART NN VVFIN PPER ART ADJA NN PTKVZ $( ADJA NN $, NN CARD CARD XY $, XY $, TRUNC KON NN $, APPR ADJA NN VVPP $( $.	
Manschette	NN	1968	2	26120215_1968_03_31_01_226.tcf.xml-48-44	 	Herr Arnold aus Düsseldorf — wir haben; ilk miteinander.; ils uns da am 1. Juli 1941t die Miiiläryouverneurc das Dokument iibei gilben, wonach wir die Möglichkeit h.'ülon. die Bundesrepublik zu begründen, wir haben alle miteinander, auch ich. wirklieh Manschetten davor schabt, einen deutschen Beitrag zur Teilung Deutschlands /u le steiv	252:263	0:338	Herr Arnold aus Düsseldorf — wir haben; ilk miteinander .; ils uns da am 1. Juli 1941t die Miiiläryouverneurc das Dokument iibei gilben , wonach wir die Möglichkeit h.'ülon . die Bundesrepublik zu begründen , wir haben alle miteinander , auch ich . wirklieh Manschetten davor schabt , einen deutschen Beitrag zur Teilung Deutschlands /u le steiv	44	0:57	Herr Arnold aus Düsseldorf — wir Haben; Ilk miteinander .; Ils wir da am 1. Juli 1941t d Miiiläryouverneurc d Dokument Iibei gilben , wonach wir d Möglichkeit H.'ülon . d Bundesrepublik zu begründen , wir haben alle miteinander , auch ich . wirklieh Manschette davor schaben , eine deutsch Beitrag zur Teilung Deutschland /u Le Steiv	NN NE APPR NE $( PPER NE NE ADV $( NE PPER ADV APPRART ADJA NN CARD ART NN ART NN NE VVINF $, PWAV PPER ART NN NE $. ART NN PTKZU VVINF $, PPER VAFIN PIS ADV $, ADV PPER $. ADJA NN PAV VVFIN $, ART ADJA NN APPRART NN NE NE NE NE	
Manschette	NN	1969	2	26120215_1969_02_02_01_188.tcf.xml-9-11	 	Am Mode-Il link « oben sind es der Einsatz und die Manschetten, an dem Kleid daneben ist es der Kragen mit der Krawatte, die jeweils den Blickpunkt am Modell bilden.	51:62	0:165	Am Mode-Il link « oben sind es der Einsatz und die Manschetten , an dem Kleid daneben ist es der Kragen mit der Krawatte , die jeweils den Blickpunkt am Modell bilden .	11	0:33	am mode-il link « oben sein es d Einsatz und d Manschette , an d Kleid daneben sein es d Kragen mit d Krawatte , die jeweils d Blickpunkt am Modell bilden .	APPRART FM FM $( ADV VAFIN PPER ART NN KON ART NN $, APPR ART NN PAV VAFIN PPER ART NN APPR ART NN $, PRELS ADV ART NN APPRART NN VVINF $.	
Manschette	NN	1970	2	26120215_1970_06_10_01_364.tcf.xml-352-16	 	Woh-02646 Dewaq, 1054 Berlin mit Entwicklunqsrpöqhchk erbeten unter b s 19.00 Uhr Kraaen und Manschetten sind Prob BZ-Pavillon. 108 Ber in emnung erforderlich 8062 BZ Pavillon llWI 72 5fi2 An7Ciqen-Hol7er. 103j Berlin Klavier, br.: kreuzs.. 100.-. 65 620 25 stellen beim wäschewnschen.	93:104	0:285	Woh- 02646 Dewaq , 1054 Berlin mit Entwicklunqsrpöqhchk erbeten unter b s 19.00 Uhr Kraaen und Manschetten sind Prob BZ- Pavillon. 108 Ber in emnung erforderlich 8062 BZ Pavillon llWI 72 5fi2 An7Ciqen-Hol7er. 103j Berlin Klavier , br. : kreuzs .. 100.-. 65 620 25 stellen beim wäschewnschen .	16	0:49	woh- 02646 Dewaq , 1054 Berlin mit Entwicklunqsrpöqhchk erbeten unter b s 19.00 Uhr Kraaen und Manschette sein prob bz- pavillon. 108 Ber in Emnung erforderlich 8062 Bz Pavillon Llwi 72 5fi2 an7ciqen-hol7er. 103j Berlin Klavier , Br. : Kreuzs .. 100.-. 65 620 25 stellen beim Wäschewnschen .	TRUNC CARD NE $, CARD NE APPR NE VVFIN APPR XY XY CARD NN NN KON NN VAFIN XY XY XY CARD NE APPR NE ADJD CARD NE NN NE CARD CARD XY CARD NE NN $, NE $( NE $( CARD CARD CARD CARD VVFIN APPRART NN $.	
Manschette	NN	1977	2	26120215_1977_01_03_01_031.tcf.xml-12-1	 	68000 Manschetten zusätzlich — Ergebnis seiner Überlegungen, seiner Findigkeit und der Bereitschaft, gemeinsam mit seiner älteren Kollegin Johanna Bischoff von der Drei-zur Fünfpressenbedienung überzugehen.	6:17	0:206	68000 Manschetten zusätzlich — Ergebnis seiner Überlegungen , seiner Findigkeit und der Bereitschaft , gemeinsam mit seiner älteren Kollegin Johanna Bischoff von der Drei- zur Fünfpressenbedienung überzugehen .	1	0:28	68000 Manschette zusätzlich — Ergebnis seine Überlegung , seine Findigkeit und d Bereitschaft , gemeinsam mit seine alt Kollegein Johanna Bischoff von d drei- zur Fünfpressenbedienung übergehen .	CARD NN ADJD $( NN PPOSAT NN $, PPOSAT NN KON ART NN $, ADJD APPR PPOSAT ADJA NN NE NE APPR ART TRUNC APPRART NN VVIZU $.	
Manschette	NN	1979	2	26120215_1979_10_20_01_379.tcf.xml-18-14	 	starkem Schmutz, wie überhaupt Reinigung mit entsprechender Sorgfalt zur Verlängerung der Lebensdauer dieser Manschetten beiträgt.	109:120	0:130	starkem Schmutz , wie überhaupt Reinigung mit entsprechender Sorgfalt zur Verlängerung der Lebensdauer dieser Manschetten beiträgt .	14	0:17	stark Schmutz , wie überhaupt Reinigung mit entsprechend Sorgfalt zur Verlängerung d Lebensdauer diese Manschette beitragen .	ADJA NN $, PWAV ADV NN APPR ADJA NN APPRART NN ART NN PDAT NN VVFIN $.	
Manschette	NN	1985	2	26120215_1985_04_06_01_236.tcf.xml-6-10	 	Selbst wenn noch kein Fettaustritt sichtbar ist. müssen die Manschetten bei Anzeichen von Porosität umgehend ausgewechselt werden.	60:71	0:130	Selbst wenn noch kein Fettaustritt sichtbar ist . müssen die Manschetten bei Anzeichen von Porosität umgehend ausgewechselt werden .	10	0:19	selbst wenn noch keine Fettaustritt sichtbar sein . müssen d Manschette bei Anzeichen von Porosität umgehend auswechseln werden .	ADV KOUS ADV PIAT NN ADJD VAFIN $. VMFIN ART NN APPR NN APPR NN ADJD VVPP VAINF $.	
Manschette	NN	1986	2	26120215_1986_08_08_01_111.tcf.xml-6-19	 	Ihr Können als Designerin belegt sie mit einer Kollektion meisterhaft gestalteter Abendtaschen,..., Krawatten, Kragen, Manschetten und Besätze aus Pailetten.	119:130	0:157	Ihr Können als Designerin belegt sie mit einer Kollektion meisterhaft gestalteter Abendtaschen , ... , Krawatten , Kragen , Manschetten und Besätze aus Pailetten .	19	0:25	sie können als Designerin belegen sie mit eine Kollektion meisterhaft gestaltet Abendtasche , ... , Krawatte , Kragen , Manschette und Besatz aus Pailetten .	PPER VMFIN KOUS NN VVFIN PPER APPR ART NN ADJD ADJA NN $, $( $, NN $, NN $, NN KON NN APPR NE $.	
Manschette	NN	1989	2	26120215_1989_12_09_01_386.tcf.xml-368-2	 	Pelzkragen u. Manschetten, 1500,-M, Expertisen vorhanden 5200 db Müh.	14:25	0:69	Pelzkragen u. Manschetten , 1500 ,- M , Expertisen vorhanden 5200 db Müh .	2	0:14	Pelzkragen u. Manschette , 1500 ,- M , Expertise vorhanden 5200 Db mühen .	NN APPR NN $, CARD $( NN $, NN ADJD CARD NN PTKVZ $.	
Manschette	NN	1835	1	arnimb_goethe02_1835-21-13	 	Da ziehen sie ihm ein Hemd von Batist an mit frischem Jabot und Manschetten und einem Pelzrock mit prächtigem Zobel gefüttert, der Wärmkorb wird vorangetragen, kommt er aus der Sitzung zurück, so muß er ein bischen schlafen nicht ob er will; so gehts' bis zum Abend in fortwährendem Wiederspruch, wo sie ihm die Nachtmütze über die Ohren ziehen und ihn zu Bette führen.	64:75	0:369	Da ziehen ſie ihm ein Hemd von Batiſt an mit friſchem Jabot und Manſchetten und einem Pelzrock mit prächtigem Zobel gefüttert , der Wärmkorb wird vorangetragen , kommt er aus der Sitzung zurück , ſo muß er ein bischen ſchlafen nicht ob er will ; ſo gehts' bis zum Abend in fortwährendem Wiederſpruch , wo ſie ihm die Nachtmütze über die Ohren ziehen und ihn zu Bette führen .	13	0:69	da ziehen sie er eine Hemd von Batist an mit frisch Jabot und Manschette und eine Pelzrock mit prächtig Zobel füttern , d Wärmkorb werden vorantragen , kommen er aus d Sitzung zurück , so müssen er eine bißchen schlafen nicht ob er wollen ; so Gehts' bis zum Abend in fortwährend Widerspruch , wo sie er d Nachtmütze über d Ohr ziehen und er zu Bett führen .	ADV VVFIN PPER PPER ART NN APPR NN APPR APPR ADJA NN KON NN KON ART NN APPR ADJA NN VVPP $, ART NN VAFIN VVPP $, VVFIN PPER APPR ART NN PTKVZ $, ADV VMFIN PPER ART ADV VVFIN PTKNEG KOUS PPER VMFIN $. ADV NE APPR APPRART NN APPR ADJA NN $, PWAV PPER PPER ART NN APPR ART NN VVINF KON PPER APPR NN VVINF $.	Da ziehen sie ihm ein Hemd von Batist an mit frischem Jabot und Manschetten und einem Pelzrock mit prächtigem Zobel gefüttert , der Wärmkorb wird vorangetragen , kommt er aus der Sitzung zurück , so muß er ein bisschen schlafen nicht ob er will ; so gehts' bis zum Abend in fortwährendem Widerspruch , wo sie ihm die Nachtmütze über die Ohren ziehen und ihn zu Bette führen .
Manschette	NN	1846	1	aston_emancipation_1846-250-11	 	Und grade ein schlagendes Beispiel dieser Inquisition, in Frack und Manschetten, glaubte ich dem Publikum vorführen zu können; ein Drama, welches den einzigen Fehler hat, daß ich selbst darin die passive Hauptrolle spiele.	68:79	0:222	Und grade ein schlagendes Beispiel dieser Inquisition , in Frack und Manschetten , glaubte ich dem Publikum vorführen zu können ; ein Drama , welches den einzigen Fehler hat , daß ich selbst darin die passive Hauptrolle spiele .	11	0:39	und gerade eine schlagend Beispiel diese Inquisition , in Frack und Manschette , glauben ich d Publikum vorführen zu können ; eine Drama , welche d einzig Fehler haben , daß ich selbst darin d passiv Hauptrolle spielen .	KON ADV ART ADJA NN PDAT NN $, APPR NN KON NN $, VVFIN PPER ART NN VVINF PTKZU VMINF $. ART NN $, PRELS ART ADJA NN VAFIN $, KOUS PPER ADV PAV ART ADJA NN VVFIN $.	Und gerade ein schlagendes Beispiel dieser Inquisition , in Frack und Manschetten , glaubte ich dem Publikum vorführen zu können ; ein Drama , welches den einzigen Fehler hat , daß ich selbst darin die passive Hauptrolle spiele .
Manschette	NN	1858	1	avelallemant_gaunerthum02_1858-2188-11	 	Die neuere Mode der weiten Rockärmel, mit locker gehefteten weiten Manschetten, dient ebenfalls den Schottenfellern zu geheimen Taschen für kleinere Waare, namentlich Gold-und Silbersachen.	67:78	0:189	Die neuere Mode der weiten Rockärmel , mit locker gehefteten weiten Manſchetten , dient ebenfalls den Schottenfellern zu geheimen Taſchen für kleinere Waare , namentlich Gold- und Silberſachen .	11	0:29	d neu Mode d weit Rockärmel , mit locker geheftet weit Manschette , dienen ebenfalls d Schottenfell zu geheim Tasche für klein Ware , namentlich gold- und Silbersache .	ART ADJA NN ART ADJA NN $, APPR ADJD ADJA ADJA NN $, VVFIN ADV ART NN APPR ADJA NN APPR ADJA NN $, ADV TRUNC KON NN $.	Die neuere Mode der weiten Rockärmel , mit locker gehefteten weiten Manschetten , dient ebenfalls den Schottenfellen zu geheimen Taschen für kleinere Ware , namentlich Gold- und Silbersachen .
Manschette	NN	1879	1	buechner_werke_1879-5490-17	 	Sie sind sehr gebildet, denn die Dame singt alle neuen Opern, und der Herr trägt Manschetten.	81:92	0:93	Sie ſind ſehr gebildet , denn die Dame ſingt alle neuen Opern , und der Herr trägt Manſchetten .	17	0:19	sie sein sehr bilden , denn d Dame singen alle neu Oper , und d Herr tragen Manschette .	PPER VAFIN ADV VVPP $, KON ART NN VVFIN PIAT ADJA NN $, KON ART NN VVFIN NN $.	Sie sind sehr gebildet , denn die Dame singt alle neuen Opern , und der Herr trägt Manschetten .
Manschette	NN	1855	1	burckhardt_cicerone_1855-12284-24	 	Von den Statuen Papst Urbans ist diejenige am Grabe (im Chor von S. Peter) durch besonders niedliche Einzelpartien dieser Art, durchbrochene Manschetten und Säume etc., diejenige im grossen Saal des Conservatorenpalastes dagegen durch kecke Effectberechnung auf die Ferne merkwürdig.	141:152	0:283	Von den Statuen Papst Urbans ist diejenige am Grabe ( im Chor von S. Peter ) durch besonders niedliche Einzelpartien dieser Art , durchbrochene Manschetten und Säume etc. , diejenige im grossen Saal des Conservatorenpalastes dagegen durch kecke Effectberechnung auf die Ferne merkwürdig .	24	0:44	von d Statue Papst Urban sein diejenige am Grab ( im Chor von S. Peter ) durch besonders niedlich Einzelpartie diese Art , durchbrechen Manschette und Saum etc. , diejenige im groß Saal d Konservatorenpalast dagegen durch keck Effektberechnung auf d Ferne merkwürdig .	APPR ART NN NN NE VAFIN PDS APPRART NN $( APPRART NN APPR NE NE $( APPR ADV ADJA NN PDAT NN $, ADJA NN KON NN ADV $, PDS APPRART ADJA NN ART NN PAV APPR ADJA NN APPR ART NN ADJD $.	Von den Statuen Papst Urbans ist diejenige am Grabe ( im Chor von S. Peter ) durch besonders niedliche Einzelpartien dieser Art , durchbrochene Manschetten und Säume etc. , diejenige im großen Saal des Konservatorenpalastes dagegen durch kecke Effektberechnung auf die Ferne merkwürdig .
Manschette	NN	1858	1	falke_trachten02_1858-1207-16	 	Der Krause am Halse entsprachen immer kleinere an den Händen, welche steif abstehende Art von Manschetten freilich den Gebrauch der Hände mannigfach erschwerte.	94:105	0:160	Der Krauſe am Halſe entſprachen immer kleinere an den Händen , welche ſteif abſtehende Art von Manſchetten freilich den Gebrauch der Hände mannigfach erſchwerte .	16	0:25	d Krause am Halse entsprechen immer klein an d Hand , welche steif abstehend Art von Manschette freilich d Gebrauch d Hand mannigfach erschwern .	ART NN APPRART NN VVFIN ADV ADJA APPR ART NN $, PRELS ADJD ADJA NN APPR NN ADV ART NN ART NN ADJD VVFIN $.	Der Krause am Halse entsprachen immer kleinere an den Händen , welche steif abstehende Art von Manschetten freilich den Gebrauch der Hände mannigfach erschwerte .
Manschette	NN	1858	1	falke_trachten02_1858-1657-40	 	Auch die Krause ist ein Allgemeingut geworden selbst bis auf das Landvolk hinaus, und, wenn irgend möglich, läßt sich auch die Handwerksfrau und selbst die Dienstmagd im sonntäglichen Putz oder wohl gar bei der Arbeit die krausen Manschetten nicht nehmen.	230:241	0:255	Auch die Krauſe iſt ein Allgemeingut geworden ſelbſt bis auf das Landvolk hinaus , und , wenn irgend möglich , läßt ſich auch die Handwerksfrau und ſelbſt die Dienſtmagd im ſonntäglichen Putz oder wohl gar bei der Arbeit die krauſen Manſchetten nicht nehmen .	40	0:44	auch d Krause sein eine Allgemeingut werden selbst bis auf d Landvolk hinaus , und , wenn irgend möglich , lassen sich auch d Handwerksfrau und selbst d Dienstmagd im sonntäglich Putz oder wohl gar bei d Arbeit d kraus Manschette nicht nehmen .	ADV ART NN VAFIN ART NN VAPP ADV ADV APPR ART NN APZR $, KON $, KOUS ADV ADJD $, VVFIN PRF ADV ART NN KON ADV ART NN APPRART ADJA NN KON ADV ADV APPR ART NN ART ADJA NN PTKNEG VVINF $.	Auch die Krause ist ein Allgemeingut geworden selbst bis auf das Landvolk hinaus , und , wenn irgend möglich , läßt sich auch die Handwerksfrau und selbst die Dienstmagd im sonntäglichen Putz oder wohl gar bei der Arbeit die krausen Manschetten nicht nehmen .
Manschette	NN	1858	1	falke_trachten02_1858-1840-46	 	Zu den Aermeln gehören stets die Manschetten, welche auf ’s genauste die Wandlungen des Kragens mitmachen: sowie die dicke Krause auf die Schulter herunterfällt, legen sich auch die gekrausten Manschetten auf die Arme zurück, und dem schlaffen Spitzenkragen folgen die gleichen spitzenumsäumten Manschetten, mit denen auch der Soldat sein Lederwamms und Büffelcollett verziert.	295:306	0:377	Zu den Aermeln gehören ſtets die Manſchetten , welche auf ’s genauſte die Wandlungen des Kragens mitmachen : ſowie die dicke Krauſe auf die Schulter herunterfällt , legen ſich auch die gekrauſten Manſchetten auf die Arme zurück , und dem ſchlaffen Spitzenkragen folgen die gleichen ſpitzenumſäumten Manſchetten , mit denen auch der Soldat ſein Lederwamms und Büffelcollett verziert .	46	0:59	zu d Ärmel gehören stets d Manschette , welche auf es genau d Wandlung d Kragen mitmachen : sowie d dick Krause auf d Schulter herunterfallen , legen sich auch d gekraust Manschette auf d Arme zurück , und die schlafen Spitzenkragen folgen d gleich spitzenumsäumt Manschette , mit die auch d Soldat sein Lederwams und Büffelkollett verzieren .	APPR ART NN VVFIN ADV ART NN $, PRELS APPR PPER ADJA ART NN ART NN VVINF $. KON ART ADJA NN APPR ART NN VVFIN $, VVFIN PRF ADV ART ADJA NN APPR ART NN PTKVZ $, KON PDS VVFIN NN VVFIN ART ADJA ADJA NN $, APPR PRELS ADV ART NN PPOSAT NN KON NN VVPP $.	Zu den Ärmeln gehören stets die Manschetten , welche auf es genauste die Wandlungen des Kragens mitmachen : sowie die dicke Krause auf die Schulter herunterfällt , legen sich auch die gekrausten Manschetten auf die Arme zurück , und dem schlafen Spitzenkragen folgen die gleichen spitzenumsäumten Manschetten , mit denen auch der Soldat sein Lederwams und Büffelkollett verziert .
Manschette	NN	1858	1	falke_trachten02_1858-2068-4	 	Dadurch erleiden aber die Manschetten keine Aenderung, welche sich wie bei den Herren genau nach dem Kragen richten.	26:37	0:116	Dadurch erleiden aber die Manſchetten keine Aenderung , welche ſich wie bei den Herren genau nach dem Kragen richten .	4	0:20	dadurch erleiden aber d Manschette keine Änderung , welche sich wie bei d Herr genau nach d Kragen richten .	PAV VVINF KON ART NN PIAT NN $, PRELS PRF KOKOM APPR ART NN ADJD APPR ART NN VVINF $.	Dadurch erleiden aber die Manschetten keine Änderung , welche sich wie bei den Herren genau nach dem Kragen richten .
Manschette	NN	1858	1	falke_trachten02_1858-2512-40	 	Die Aermel schlossen ziemlich eng an, aber sie reichten kaum über den Ellbogen herab und waren hier in breiten verzierten „Palten“ umgeschlagen, aus denen bis zum Handgelenk die weißen, feinen, weitfaltigen Hemdärmel mit schlaffen Manschetten hervortraten.	231:242	0:256	Die Aermel ſchloſſen ziemlich eng an , aber ſie reichten kaum über den Ellbogen herab und waren hier in breiten verzierten „ Palten “ umgeſchlagen , aus denen bis zum Handgelenk die weißen , feinen , weitfaltigen Hemdärmel mit ſchlaffen Manſchetten hervortraten .	40	0:43	d Ärmel schließen ziemlich eng an , aber sie reichen kaum über d Ellbogen herab und sein hier in breit verziert " Palten " umschlagen , aus die bis zum Handgelenk d weiß , fein , weitfaltig Hemdärmel mit schlafen Manschette hervortreten .	ART NN VVFIN ADV ADJD PTKVZ $, KON PPER VVFIN ADV APPR ART NN ADV KON VAFIN ADV APPR ADJA ADJA $( NE $( VVPP $, APPR PRELS ADV APPRART NN ART ADJA $, ADJA $, ADJA NN APPR VVFIN NN VVFIN $.	Die Ärmel schlossen ziemlich eng an , aber sie reichten kaum über den Ellbogen herab und waren hier in breiten verzierten " Palten " umgeschlagen , aus denen bis zum Handgelenk die weißen , feinen , weitfaltigen Hemdärmel mit schlafen Manschetten hervortraten .
Manschette	NN	1842	1	gutzkow_zeitgenossen01_1842-539-17	 	Er zog in lebhafter Unruhe seine Handschuhe aus und an, und zupfte so lange an seinen Manschetten, bis ich ihn erinnern mußte, daß sein Hemde zum Vorschein käme.	86:97	0:161	Er zog in lebhafter Unruhe seine Handschuhe aus und an , und zupfte so lange an seinen Manschetten , bis ich ihn erinnern mußte , daß sein Hemde zum Vorschein käme .	17	0:32	er ziehen in lebhaft Unruhe seine Handschuh aus und an , und zupfen so lange an seine Manschette , bis ich er erinnern müssen , daß sein Hemd zum Vorschein kommen .	PPER VVFIN APPR ADJD NN PPOSAT NN PTKVZ KON PTKVZ $, KON VVFIN ADV ADV APPR PPOSAT NN $, KOUS PPER PPER VVINF VMFIN $, KOUS PPOSAT NN APPRART NN VVFIN $.	Er zog in lebhafter Unruhe seine Handschuhe aus und an , und zupfte so lange an seinen Manschetten , bis ich ihn erinnern mußte , daß sein Hemde zum Vorschein käme .
Manschette	NN	1827	1	heine_lieder_1827-54-16	 	Im nächt'gen Traum hab' ich mich selbst geschaut, Im schwarzen Gallafrack und seidner Weste, Manschetten an der Hand, als ging's zum Feste, Und vor mir stand mein Liebchen, süß und traut.	93:104	0:187	Im nächt'gen Traum hab' ich mich ſelbſt geſchaut , Im ſchwarzen Gallafrack und ſeidner Weſte , Manſchetten an der Hand , als ging 's zum Feſte , Und vor mir ſtand mein Liebchen , ſüß und traut .	16	0:38	im nächtig Traum haben ich mich selbst schauen , im schwarz Galafrack und seiden Weste , Manschette an d Hand , als gehen es zum Fest , und vor ich stehen mein Liebchen , süß und trauen .	APPRART ADJA NN VAFIN PPER PRF ADV VVPP $, APPRART ADJA NN KON ADJA NN $, NN APPR ART NN $, KOKOM VVFIN PPER APPRART NN $, KON APPR PPER VVFIN PPOSAT NN $, ADJD KON VVFIN $.	Im nächtigen Traum habe ich mich selbst geschaut , Im schwarzen Galafrack und seidener Weste , Manschetten an der Hand , als ging es zum Feste , Und vor mir stand mein Liebchen , süß und traut .
Manschette	NN	1856	1	krane_reitpferd_1856-1715-26	 	Die Anglomanie hat für das Pferd des Civilisten die Martignal so in allgemeine Anwendung gebracht, dass sie ein Uniformstück aller fashionablen Pferde, wie die Manschette eins der Herren geworden ist.	160:170	0:200	Die Anglomanie hat für das Pferd des Civilisten die Martignal so in allgemeine Anwendung gebracht , dass sie ein Uniformstück aller fashionablen Pferde , wie die Manschette eins der Herren geworden ist .	26	0:33	d Anglomanie haben für d Pferd d Civilist d Martignal so in allgemein Anwendung bringen , dass sie eine Uniformstück alle fashionabel Pferd , wie d Manschette eins d Herr werden sein .	ART NN VAFIN APPR ART NN ART NN ART NN ADV APPR ADJA NN VVPP $, KOUS PPER ART NN PIAT ADJA NN $, PWAV ART NN PIS ART NN VAPP VAFIN $.	Die Anglomanie hat für das Pferd des Civilisten die Martignal so in allgemeine Anwendung gebracht , dass sie ein Uniformstück aller fashionablen Pferde , wie die Manschette eins der Herren geworden ist .
Manschette	NN	1855	1	kuernberger_amerikamuede_1855-849-7	 	Der hochgeputzte Neger in weißen Handschuhen und Manschetten, das zarte Phantasiestäbchen balancirend, an seinem Arme die schwarze Schöne, die im weißen Kleide mit Rosaschleifen ihren äthiopischen Teint vortheilhaft, wie sie meint, zu heben weiß, der kurze Dandy-Frack, die strahlende Uniform, die schwere Sammtrobe, der wallende Federhut — das Alles eilte auf einen Schauplatz voraussichtlicher Unreinlichkeit mit größtem Eifer.	49:60	0:429	Der hochgeputzte Neger in weißen Handſchuhen und Manſchetten , das zarte Phantaſieſtäbchen balancirend , an ſeinem Arme die ſchwarze Schöne , die im weißen Kleide mit Roſaſchleifen ihren äthiopiſchen Teint vortheilhaft , wie ſie meint , zu heben weiß , der kurze Dandy-Frack , die ſtrahlende Uniform , die ſchwere Sammtrobe , der wallende Federhut — das Alles eilte auf einen Schauplatz vorausſichtlicher Unreinlichkeit mit größtem Eifer .	7	0:68	d hochgeputzt Neger in weiß Handschuh und Manschette , d zart Phantasiestabchen balancieren , an seine Arme d schwarz Schöne , die im weiß Kleid mit Rosaschleife ihr äthiopisch Teint vorteilhaft , wie sie meinen , zu heben wissen , d kurz Dandy-Frack , d strahlend Uniform , d schwer Samtrobe , d wallend Federhut -- d alle eilen auf eine Schauplatz voraussichtlich Unreinlichkeit mit groß Eifer .	ART ADJA NN APPR ADJA NN KON NN $, ART ADJA NN VVPP $, APPR PPOSAT NN ART ADJA NN $, PRELS APPRART ADJA NN APPR NN PPOSAT ADJA NN ADJD $, PWAV PPER VVFIN $, PTKZU VVINF VVFIN $, ART ADJA NN $, ART ADJA NN $, ART ADJA NN $, ART ADJA NN $( ART PIS VVFIN APPR ART NN ADJA NN APPR ADJA NN $.	Der hochgeputzte Neger in weißen Handschuhen und Manschetten , das zarte Phantasiestäbchen balancierend , an seinem Arme die schwarze Schöne , die im weißen Kleide mit Rosaschleifen ihren äthiopischen Teint vorteilhaft , wie sie meint , zu heben weiß , der kurze Dandy-Frack , die strahlende Uniform , die schwere Samtrobe , der wallende Federhut -- das Alles eilte auf einen Schauplatz voraussichtlicher Unreinlichkeit mit größtem Eifer .
Manschette	NN	1876	1	meyer_jenatsch_1876-1251-2	 	„Seine Manschetten sind so sauber und schmuck wie vordem sein Schulheft im Loch.“	7:18	0:81	„ Seine Manſchetten ſind ſo ſauber und ſchmuck wie vordem ſein Schulheft im Loch . “	2	0:16	" seine Manschette sein so sauber und schmuck wie vordem sein Schulheft im Loch . "	$( PPOSAT NN VAFIN ADV ADJD KON ADJD KOKOM ADV PPOSAT NN APPRART NN $. $(	" Seine Manschetten sind so sauber und schmuck wie vordem sein Schulheft im Loch . "
Manschette	NN	1876	1	meyer_jenatsch_1876-534-13	 	Herr Waser aber klopfte den Staub des Handgemenges aus seinen Kleidern und zog Manschetten und Halskrause zurecht.	79:90	0:114	Herr Waſer aber klopfte den Staub des Handgemenges aus ſeinen Kleidern und zog Manſchetten und Halskrauſe zurecht .	13	0:18	Herr Wasser aber klopfen d Staub d Handgemenge aus seine Kleid und ziehen Manschette und Halskrause zurecht .	NN NN ADV VVFIN ART NN ART NN APPR PPOSAT NN KON VVFIN NN KON NN PTKVZ $.	Herr Wasser aber klopfte den Staub des Handgemenges aus seinen Kleidern und zog Manschetten und Halskrause zurecht .
Manschette	NN	1869	1	michelis_reiseschule_1869-402-1	 	Die Manschetten sind angenäht und zwar doppelt und von der althergebrachten Art, nicht von der neumodischen mit Metallknöpfen, von einer Pariser Chemisière et Blanchisseuse de fin eigens für ihre Zwecke und zur Plage der Träger ersonnen.	4:15	0:237	Die Manſchetten ſind angenäht und zwar doppelt und von der althergebrachten Art , nicht von der neumodiſchen mit Metallknöpfen , von einer Pariſer Chemisière et Blanchisseuse de fin eigens für ihre Zwecke und zur Plage der Träger erſonnen .	1	0:39	d Manschette sein annähen und zwar doppelt und von d althergebracht Art , nicht von d neumodisch mit Metallknopf , von eine Pariser chemisieren et blanchisseuse de fin eigens für ihr Zwecke und zur Plage d Träger ersinnen .	ART NN VAFIN VVPP KON ADV ADJD KON APPR ART ADJA NN $, PTKNEG APPR ART ADJA APPR NN $, APPR ART ADJA VVFIN FM FM FM FM ADV APPR PPOSAT NN KON APPRART NN ART NN VVPP $.	Die Manschetten sind angenäht und zwar doppelt und von der althergebrachten Art , nicht von der neumodischen mit Metallknöpfen , von einer Pariser Chemisiere et Blanchisseuse de fin eigens für ihre Zwecke und zur Plage der Träger ersonnen .
Manschette	NN	1869	1	michelis_reiseschule_1869-404-3	 	Jede der beiden Manschetten hat am Saume, wo sie am Bund angenäht ist, einen Knopf, der nur geöffnet zu werden braucht, wenn beide ganz zurückgeschlagen werden sollen.	16:27	0:167	Jede der beiden Manſchetten hat am Saume , wo ſie am Bund angenäht iſt , einen Knopf , der nur geöffnet zu werden braucht , wenn beide ganz zurückgeſchlagen werden ſollen .	3	0:32	jede d beide Manschette haben am Saum , wo sie am Bund annähen sein , eine Knopf , die nur öffnen zu werden brauchen , wenn beide ganz zurückschlagen werden sollen .	PIAT ART PIAT NN VAFIN APPRART NN $, PWAV PPER APPRART NN VVPP VAFIN $, ART NN $, PRELS ADV VVPP PTKZU VAINF VVFIN $, KOUS PIS ADV VVPP VAINF VMFIN $.	Jede der beiden Manschetten hat am Saume , wo sie am Bund angenäht ist , einen Knopf , der nur geöffnet zu werden braucht , wenn beide ganz zurückgeschlagen werden sollen .
Manschette	NN	1856	1	mommsen_roemische03_1856-1593-11	 	Jene elegante Welt der duftenden Haarlocken, der modischen Bärte und Manschetten, so lustig es auch bei Tanz und Citherspiel und früh und spät beim Becher in ihr herging, barg doch in sich einen erschreckenden Abgrund sittlichen und ökonomischen Verfalls, gut oder schlecht verhehlter Verzweiflung und wahnsinniger oder bübischer Entschlüsse.	69:80	0:342	Jene elegante Welt der duftenden Haarlocken , der modischen Bärte und Manschetten , so lustig es auch bei Tanz und Citherspiel und früh und spät beim Becher in ihr herging , barg doch in sich einen erschreckenden Abgrund sittlichen und ökonomischen Verfalls , gut oder schlecht verhehlter Verzweiflung und wahnsinniger oder bübischer Entschlüsse .	11	0:54	jen elegant Welt d duftend Haarlocke , d modisch Bart und Manschette , so lustig es auch bei Tanz und Zitherspiel und früh und spät beim Becher in sie hergehen , bergen doch in sich eine erschreckend Abgrund sittlich und ökonomisch Verfall , gut oder schlecht verhehlt Verzweiflung und wahnsinnig oder bübisch Entschluß .	PDAT ADJA NN ART ADJA NN $, ART ADJA NN KON NN $, ADV ADJD PPER ADV APPR NN KON NN KON ADJD KON ADJD APPRART NN APPR PPER VVFIN $, VVFIN ADV APPR PRF ART ADJA NN ADJA KON ADJA NN $, ADJD KON ADJD ADJA NN KON ADJA KON ADJA NN $.	Jene elegante Welt der duftenden Haarlocken , der modischen Bärte und Manschetten , so lustig es auch bei Tanz und Zitherspiel und früh und spät beim Becher in ihr herging , barg doch in sich einen erschreckenden Abgrund sittlichen und ökonomischen Verfalls , gut oder schlecht verhehlter Verzweiflung und wahnsinniger oder bübischer Entschlüsse .
Manschette	NN	1844	1	mosen_galerie_1844-259-42	 	Es ist ein blühendes Matronengesicht in sauberem, weißem Häubchen, in schwarzem Obergewande, welches die rothen Aermel des Untergewandes freiläßt, mit einer goldenen Kette um den Leib; daran hängt der Rosenkranz, mit welchem nachlässig ihre mit feinen Manschetten umkräuselten Hände spielen.	252:263	0:291	Es ist ein blühendes Matronengesicht in sauberem , weißem Häubchen , in schwarzem Obergewande , welches die rothen Aermel des Untergewandes freiläßt , mit einer goldenen Kette um den Leib ; daran hängt der Rosenkranz , mit welchem nachlässig ihre mit feinen Manschetten umkräuselten Hände spielen .	42	0:47	es sein eine blühend Matronengesicht in sauber , weiß Haubechen , in schwarz Obergewand , welche d rot Ärmel d Untergewand freilassen , mit eine golden Kette um d Leib ; daran hängen d Rosenkranz , mit welche nachlässig ihr mit fein Manschette umkräuseln Hand spielen .	PPER VAFIN ART ADJA NN APPR ADJA $, ADJA NN $, APPR ADJA NN $, PRELS ART ADJA NN ART NN VVFIN $, APPR ART ADJA NN APPR ART NN $. PAV VVFIN ART NN $, APPR PRELS ADJD PPOSAT APPR ADJA NN VVFIN NN VVINF $.	Es ist ein blühendes Matronengesicht in sauberem , weißem Häubchen , in schwarzem Obergewande , welches die roten Ärmel des Untergewandes freiläßt , mit einer goldenen Kette um den Leib ; daran hängt der Rosenkranz , mit welchem nachlässig ihre mit feinen Manschetten umkräuselten Hände spielen .
Manschette	NN	1800	1	paul_titan01_1800-832-144	 	Der Exerzitienmeister mit der bunten Flughaut oder Rückenschürze eines gelben Sommerkleidchens gleichsam mit den gelben Oberflügeln eines Buttervogels, dessen dunkle Unterflügel das Gillet (wenn ers aufknöpft) vorstellen; — Wehmeier aber im geräumigen saftgrünen Flause hängend, den ein Zeltschneider um ihn gespannt zu haben scheint, und mit Unterleib und Schenkeln in der schwarzsammtnen Halbtrauer der Kandidaten pulsirend, die sie anlegen, ehe sie sich zur ganzen verkohlen — Falterle hat sein Glatteis von Beinkleidern plattirt um die Beine gegossen und jede Falte in diesen bricht sich in seinem Gesichte zu einer, als wäre dieses das Unterfutter von jenen; indeß an den Schenkeln des Schachtelmagisters die Wendeltreppe seiner Wickel-Modesten aufläuft — jener in Brautschuhen, dieser in Pumpenstiefeln — jener schnalzt als eine weiche schleimige Goldschleie empor mit den Bauchfloßfedern des Jabots, mit den Seitenfloßfedern der Manschetten und mit den Schwanzfloßfedern des an drei Hermelin-Schwänzchen hängenden trinomischen Würzelchens oder Zöpfleins; der Magister sieht in seinem grünen Flause bloß wie der grüne Schnäpel (Weißfisch) oder die Kaulquappe aus — herrlicher Abstich, wiederhol' ich! —	936:947	0:1208	Der Exerzitienmeiſter mit der bunten Flughaut oder Rückenſchürze eines gelben Sommerkleidchens gleichſam mit den gelben Oberflügeln eines Buttervogels , deſſen dunkle Unterflügel das Gillet ( wenn ers aufknöpft ) vorſtellen ; — Wehmeier aber im geräumigen ſaftgrünen Flauſe hängend , den ein Zeltſchneider um ihn geſpannt zu haben ſcheint , und mit Unterleib und Schenkeln in der ſchwarzſammtnen Halbtrauer der Kandidaten pulſirend , die ſie anlegen , ehe ſie ſich zur ganzen verkohlen — Falterle hat ſein Glatteis von Beinkleidern plattirt um die Beine gegoſſen und jede Falte in dieſen bricht ſich in ſeinem Geſichte zu einer , als wäre dieſes das Unterfutter von jenen ; indeß an den Schenkeln des Schachtelmagiſters die Wendeltreppe ſeiner Wickel-Modeſten aufläuft — jener in Brautſchuhen , dieſer in Pumpenſtiefeln — jener ſchnalzt als eine weiche ſchleimige Goldſchleie empor mit den Bauchfloßfedern des Jabots , mit den Seitenfloßfedern der Manſchetten und mit den Schwanzfloßfedern des an drei Hermelin-Schwänzchen hängenden trinomiſchen Würzelchens oder Zöpfleins ; der Magiſter ſieht in ſeinem grünen Flauſe bloß wie der grüne Schnäpel ( Weißfiſch ) oder die Kaulquappe aus — herrlicher Abſtich , wiederhol' ich ! —	144	0:186	d Exerzitiummeister mit d bunt Flughaut oder Rückenschürze eine gelb Sommerkleidchen gleichsam mit d gelb Oberflügel eine Buttervogel , die dunkel Unterflügel d Gilet ( wenn er_es aufknöpfen ) vorstellen ; -- Wehmeier aber im geräumig saftgrün Flause hängen , die eine Zeltschneider um er gespannt zu haben scheinen , und mit Unterleib und Schenkel in d schwarzsamten Halbtrauer d Kandidat pulsieren , die sie anlegen , ehe sie sich zur ganz verkohlen -- Falterle haben sein Glatteis von Beinkleid plattieren um d Bein gießen und jede Falte in diese brechen sich in seine Gesicht zu eine , als sein diese d Unterfutter von jen ; indes an d Schenkel d Schachtelmagister d Wendeltreppe seine Wickel-Modeste auflaufen -- jen in Brautschuh , diese in Pumpenstiefel -- jene schnalzen als eine weich schleimig Goldschleie empor mit d Bauchfloßfeder d Jabot , mit d Seitenfloßfeder d Manschette und mit d Schwanzfloßfeder d an drei Hermelin-Schwanzchen hängend trinomisch Wurzelchen oder Zopflein ; d Magister sehen in seine grün Flause bloß wie d grün Schnabel ( Weißfisch ) oder d Kaulquappe aus -- herrlich Abstich , wiederholen ich ! --	ART NN APPR ART ADJA NN KON NN ART ADJA NN ADJD APPR ART ADJA NN ART NN $, PRELAT ADJA NN ART NN $( KOUS PIS VVFIN $( VVINF $. $( NE ADV APPRART ADJA ADJA NN VVPP $, PRELS ART NN APPR PPER ADJD PTKZU VAINF VVFIN $, KON APPR NN KON NN APPR ART ADJA NN ART NN VVPP $, PRELS PPER VVINF $, KOUS PPER PRF APPRART ADJA VVINF $( NN VAFIN PPOSAT NN APPR NN VVFIN APPR ART NN VVPP KON PIAT NN APPR PDAT VVFIN PRF APPR PPOSAT NN APPR PIS $, KOKOM VAFIN PDAT ART NN APPR PDAT $. ADV APPR ART NN ART NN ART NN PPOSAT NN VVFIN $( PDAT APPR NN $, PDAT APPR NN $( PDS VVFIN KOKOM ART ADJA ADJA NN PTKVZ APPR ART NN ART NN $, APPR ART NN ART NN KON APPR ART NN ART APPR CARD NN ADJA ADJA NN KON NN $. ART NN VVFIN APPR PPOSAT ADJA NN ADV KOKOM ART ADJA NN $( NN $( KON ART NN APPR $( ADJA NN $, VVIMP PPER $. $(	Der Exerzitienmeister mit der bunten Flughaut oder Rückenschürze eines gelben Sommerkleidchens gleichsam mit den gelben Oberflügeln eines Buttervogels , dessen dunkle Unterflügel das Gilet ( wenn er_es aufknöpft ) vorstellen ; -- Wehmeier aber im geräumigen saftgrünen Flause hängend , den ein Zeltschneider um ihn gespannt zu haben scheint , und mit Unterleib und Schenkeln in der schwarzsamtenen Halbtrauer der Kandidaten pulsierend , die sie anlegen , ehe sie sich zur ganzen verkohlen -- Falterle hat sein Glatteis von Beinkleidern plattiert um die Beine gegossen und jede Falte in diesen bricht sich in seinem Gesichte zu einer , als wäre dieses das Unterfutter von jenen ; indes an den Schenkeln des Schachtelmagisters die Wendeltreppe seiner Wickel-Modesten aufläuft -- jener in Brautschuhen , dieser in Pumpenstiefeln -- jener schnalzt als eine weiche schleimige Goldschleie empor mit den Bauchfloßfedern des Jabots , mit den Seitenfloßfedern der Manschetten und mit den Schwanzfloßfedern des an drei Hermelin-Schwänzchen hängenden trinomischen Wurzelchens oder Zöpfleins ; der Magister sieht in seinem grünen Flause bloß wie der grüne Schnäbel ( Weißfisch ) oder die Kaulquappe aus -- herrlicher Abstich , wiederhol ich ! --
Manschette	NN	1895	1	polenz_buettnerbauer_1895-5600-16	 	Er war wie ein feiner Herr angezogen, in schwarzen Sachen, mit weißem Vorhemdchen und Manschetten.	86:97	0:98	Er war wie ein feiner Herr angezogen , in ſchwarzen Sachen , mit weißem Vorhemdchen und Manſchetten .	16	0:18	er sein wie eine fein Herr anziehen , in schwarz Sache , mit weiß Vorhemdchen und Manschette .	PPER VAFIN KOKOM ART ADJA NN VVPP $, APPR ADJA NN $, APPR ADJA NN KON NN $.	Er war wie ein feiner Herr angezogen , in schwarzen Sachen , mit weißem Vorhemdchen und Manschetten .
Manschette	NN	1889	1	raabe_odfeld_1889-2018-4	 	Da, drei Paar Manschetten und ein halbes Hemde — hatte denn der Kerl nichts an Proviant bei sich als den Bauerhahnen am Säbelgurt?	14:25	0:130	Da , drei Paar Manſchetten und ein halbes Hemde — hatte denn der Kerl nichts an Proviant bei ſich als den Bauerhahnen am Säbelgurt ?	4	0:25	da , drei Paar Manschette und eine halb Hemd -- haben denn d Kerl nichts an Proviant bei sich als d Bauerhahn am Säbelgurt ?	ADV $, CARD NN NN KON ART ADJA NN $( VAFIN ADV ART NN PIS APPR NN APPR PRF KOKOM ART NN APPRART NN $.	Da , drei Paar Manschetten und ein halbes Hemde -- hatte denn der Kerl nichts an Proviant bei sich als den Bauerhahn am Säbelgurt ?
Manschette	NN	1852	1	storm_immensee_1852-231-13	 	Dann kam ein Päckchen mit feiner gestickter Wäsche zum Vorschein, Tücher und Manschetten, zuletzt Briefe von der Mutter und von Elisabeth.	77:88	0:138	Dann kam ein Päckchen mit feiner geſtickter Wäſche zum Vorſchein , Tücher und Manſchetten , zuletzt Briefe von der Mutter und von Eliſabeth .	13	0:24	dann kommen eine Päckchen mit fein gestickt Wäsche zum Vorschein , Tuch und Manschette , zuletzt Brief von d Mutter und von Elisabeth .	ADV VVFIN ART NN APPR ADJA ADJA NN APPRART NN $, NN KON NN $, ADV NN APPR ART NN KON APPR NE $.	Dann kam ein Päckchen mit feiner gestickter Wäsche zum Vorschein , Tücher und Manschetten , zuletzt Briefe von der Mutter und von Elisabeth .
Manschette	NN	1834	1	varnhagen_rahel02_1834-2787-13	 	Racine mußte große Kränkungen erleben, große Korrespondenzen führen, weil sein Sohn Manschetten angehabt hatte, und in einer gewissen Schule darum nicht mehr geduldet werden sollte, und mußte diesen jungen Menschen deßhalb schelten, und sich anklagen und entschuldigen!	84:95	0:269	Racine mußte große Kränkungen erleben , große Korreſpondenzen führen , weil ſein Sohn Manſchetten angehabt hatte , und in einer gewiſſen Schule darum nicht mehr geduldet werden ſollte , und mußte dieſen jungen Menſchen deßhalb ſchelten , und ſich anklagen und entſchuldigen !	13	0:43	Racine müssen groß Kränkung erleben , groß Korrespondenz führen , weil sein Sohn Manschette anhaben haben , und in eine gewiß Schule darum nicht mehr gedulden werden sollen , und müssen diese jung Mensch deshalb schelten , und sich anklagen und entschuldigen !	NE VMFIN ADJA NN VVINF $, ADJA NN VVINF $, KOUS PPOSAT NN NN VVPP VAFIN $, KON APPR ART ADJA NN PAV PTKNEG ADV VVPP VAINF VMFIN $, KON VMFIN PDAT ADJA NN PAV VVINF $, KON PRF VVINF KON VVINF $.	Racine mußte große Kränkungen erleben , große Korrespondenzen führen , weil sein Sohn Manschetten angehabt hatte , und in einer gewissen Schule darum nicht mehr geduldet werden sollte , und mußte diesen jungen Menschen deshalb schelten , und sich anklagen und entschuldigen !
