identifier1	identifier2	annotator	judgment	comment	lemma	round
fic_1854_2820.txt-3581-19	mag_1980_491735.txt-71-26	annotator2	4.0	 	quilt_nn	3
fic_1982_10695.txt-1606-3	fic_1845_7170.txt-988-68	annotator2	3.0	 	quilt_nn	3
fic_2006_28357.txt-52-18	fic_1859_9037.txt-120-33	annotator2	4.0	 	quilt_nn	3
fic_1995_39362.txt-547-10	news_2001_661942.txt-4-12	annotator2	3.0	 	quilt_nn	3
nf_1852_752548.txt-1511-20	fic_1854_9230.txt-1114-18	annotator2	4.0	 	quilt_nn	3
fic_1851_746.txt-758-90	fic_1966_10468.txt-2642-33	annotator6	2.0	 	quilt_nn	3
fic_1843_7325.txt-221-12	fic_1850_7171.txt-237-80	annotator6	4.0	 	quilt_nn	3
nf_1852_752548.txt-1511-20	fic_1854_9230.txt-1114-18	annotator6	3.0	 	quilt_nn	3
fic_1845_7183.txt-2471-9	fic_1835_7268.txt-1888-52	annotator6	2.0	 	quilt_nn	3
fic_1852_9804.txt-139-32	mag_1987_487710.txt-71-10	annotator6	2.0	 	quilt_nn	3
fic_1852_9804.txt-139-32	fic_1843_7325.txt-233-48	annotator6	4.0	 	quilt_nn	3
fic_2002_31835.txt-147-12	fic_1991_53496.txt-38-6	annotator5	4.0	 	quilt_nn	3
fic_1849_7192.txt-1259-17	fic_1852_9804.txt-140-14	annotator5	4.0	 	quilt_nn	3
fic_1843_7325.txt-221-12	fic_1850_7171.txt-237-80	annotator5	2.0	 	quilt_nn	3
fic_1859_9037.txt-612-11	fic_1851_746.txt-758-90	annotator5	2.0	 	quilt_nn	3
fic_1854_2820.txt-3581-19	fic_1849_7192.txt-1650-33	annotator5	4.0	 	quilt_nn	3
fic_1966_10468.txt-2642-33	fic_1859_9037.txt-612-11	annotator0	2.0	Unsure	quilt_nn	3
fic_1853_9040.txt-377-25	fic_1853_9040.txt-544-20	annotator0	4.0	 	quilt_nn	3
fic_1859_9037.txt-581-12	mag_1853_504777.txt-58-45	annotator0	4.0	 	quilt_nn	3
fic_1859_9037.txt-473-18	fic_1988_16142.txt-474-6	annotator0	4.0	 	quilt_nn	3
mag_2001_419629.txt-54-12	fic_1853_9040.txt-403-41	annotator0	4.0	 	quilt_nn	3
fic_1859_9037.txt-612-11	fic_1851_746.txt-758-90	annotator0	4.0	 	quilt_nn	3
fic_1853_9040.txt-354-4	fic_1858_1282.txt-1571-6	annotator2	4.0	 	quilt_nn	2
fic_1839_1484.txt-2252-27	fic_1854_9230.txt-3965-48	annotator2	4.0	 	quilt_nn	2
fic_2003_29829.txt-394-9	fic_1858_1282.txt-1571-6	annotator2	4.0	 	quilt_nn	2
fic_1853_9040.txt-529-41	fic_1854_9230.txt-1114-18	annotator2	4.0	 	quilt_nn	2
fic_1843_7325.txt-778-98	fic_1858_1282.txt-1571-6	annotator2	4.0	 	quilt_nn	2
mag_2003_402116.txt-22-10	fic_1823_7241.txt-198-31	annotator2	4.0	 	quilt_nn	2
fic_1846_7036.txt-1797-2	fic_1859_9037.txt-581-12	annotator2	4.0	 	quilt_nn	2
fic_1988_24000.txt-228-1	mag_2002_395216.txt-152-8	annotator2	3.0	 	quilt_nn	2
fic_1993_1040095.txt-3725-7	fic_2001_45724.txt-441-5	annotator2	4.0	 	quilt_nn	2
fic_1966_10470.txt-484-8	fic_1988_16142.txt-474-6	annotator2	4.0	 	quilt_nn	2
fic_1994_41330.txt-132-1	fic_1859_9037.txt-378-20	annotator2	4.0	 	quilt_nn	2
fic_1970_23869.txt-164-2	fic_2001_45724.txt-441-5	annotator2	4.0	 	quilt_nn	2
fic_1853_9040.txt-1439-8	fic_2003_27792.txt-295-11	annotator2	4.0	 	quilt_nn	2
fic_2007_34349.txt-7-4	fic_1988_16142.txt-474-6	annotator2	4.0	 	quilt_nn	2
fic_1980_10661.txt-2769-23	fic_1823_7241.txt-198-31	annotator2	4.0	 	quilt_nn	2
fic_1853_9040.txt-423-9	fic_1859_9037.txt-581-12	annotator2	3.0	 	quilt_nn	2
fic_1965_10457.txt-2456-21	fic_1853_3465.txt-747-10	annotator2	4.0	 	quilt_nn	2
fic_1966_23832.txt-501-11	fic_1845_7183.txt-2506-19	annotator2	4.0	 	quilt_nn	2
fic_1996_41636.txt-253-2	fic_1854_9230.txt-3965-48	annotator2	4.0	 	quilt_nn	2
fic_1993_1040085.txt-1649-19	mag_1972_316160.txt-16-22	annotator2	3.0	 	quilt_nn	2
fic_1849_7192.txt-1149-14	fic_2003_27792.txt-295-11	annotator2	4.0	 	quilt_nn	2
fic_1848_7107.txt-277-17	fic_1853_9040.txt-377-25	annotator2	4.0	 	quilt_nn	2
news_1998_615318.txt-26-18	fic_1858_1282.txt-1571-6	annotator2	4.0	 	quilt_nn	2
mag_1857_523523.txt-642-29	fic_1845_7183.txt-2506-19	annotator2	4.0	 	quilt_nn	2
fic_1854_9218.txt-3375-34	fic_1993_53808.txt-495-32	annotator2	4.0	 	quilt_nn	2
fic_2009_36595.txt-134-32	fic_1845_7183.txt-2471-9	annotator2	4.0	 	quilt_nn	2
mag_1994_425352.txt-2-8	fic_1853_9040.txt-377-25	annotator2	4.0	 	quilt_nn	2
fic_2003_29829.txt-20-29	mag_2006_384882.txt-68-13	annotator2	4.0	 	quilt_nn	2
mag_1996_427680.txt-21-6	fic_1988_16142.txt-474-6	annotator2	4.0	 	quilt_nn	2
fic_1972_10558.txt-5897-16	fic_1853_9040.txt-377-25	annotator2	4.0	 	quilt_nn	2
fic_1849_7192.txt-1259-17	fic_1823_7241.txt-198-31	annotator2	3.0	 	quilt_nn	2
fic_1859_9037.txt-425-12	mag_2002_395216.txt-152-8	annotator2	3.0	 	quilt_nn	2
fic_1835_7268.txt-1888-52	fic_1823_7241.txt-198-31	annotator2	3.0	 	quilt_nn	2
fic_1853_9040.txt-447-36	fic_1859_9037.txt-397-2	annotator2	4.0	 	quilt_nn	2
fic_1853_9040.txt-1440-15	fic_1988_16142.txt-474-6	annotator2	4.0	 	quilt_nn	2
fic_1853_9040.txt-371-2	fic_2003_27792.txt-295-11	annotator2	4.0	 	quilt_nn	2
news_2001_661942.txt-4-12	mag_2006_384882.txt-68-13	annotator2	4.0	 	quilt_nn	2
fic_1845_7183.txt-149-44	mag_1972_316160.txt-16-22	annotator2	4.0	 	quilt_nn	2
fic_1839_7049.txt-1013-15	mag_2006_384882.txt-68-13	annotator2	4.0	 	quilt_nn	2
fic_2006_51071.txt-56-1	fic_1859_9037.txt-581-12	annotator2	3.0	 	quilt_nn	2
fic_1859_9037.txt-120-33	fic_1854_9230.txt-3965-48	annotator2	4.0	 	quilt_nn	2
fic_1980_10661.txt-1624-16	fic_1854_9230.txt-3965-48	annotator2	4.0	 	quilt_nn	2
mag_2006_384882.txt-68-13	fic_2007_34349.txt-7-4	annotator2	4.0	 	quilt_nn	2
fic_1994_41309.txt-527-45	fic_2003_27792.txt-295-11	annotator2	3.0	 	quilt_nn	2
fic_2006_32227.txt-58-3	mag_1972_316160.txt-16-22	annotator2	4.0	 	quilt_nn	2
fic_1996_41636.txt-17-13	fic_1853_9040.txt-98-30	annotator2	4.0	 	quilt_nn	2
mag_1987_487710.txt-71-10	fic_1852_9804.txt-139-32	annotator2	2.0	 	quilt_nn	2
mag_2002_393038.txt-8-0	fic_1859_9037.txt-378-20	annotator2	4.0	 	quilt_nn	2
fic_1964_10443.txt-6397-17	fic_2001_45724.txt-441-5	annotator2	4.0	 	quilt_nn	2
fic_1847_2352.txt-781-19	fic_1859_9037.txt-397-2	annotator2	3.0	 	quilt_nn	2
fic_1994_14635.txt-86-8	fic_1859_9037.txt-378-20	annotator2	4.0	 	quilt_nn	2
fic_2002_46910.txt-345-21	fic_1859_9037.txt-581-12	annotator2	3.0	 	quilt_nn	2
fic_1859_9037.txt-398-14	fic_2001_45724.txt-441-5	annotator2	3.0	 	quilt_nn	2
fic_1960_23758.txt-244-5	mag_2002_395216.txt-152-8	annotator2	4.0	 	quilt_nn	2
nf_1987_773961.txt-24-2	fic_1853_9040.txt-98-30	annotator2	4.0	 	quilt_nn	2
fic_1976_10607.txt-5327-3	fic_1993_53808.txt-495-32	annotator2	4.0	 	quilt_nn	2
fic_1848_7341.txt-59-13	fic_1823_7241.txt-198-31	annotator2	3.0	 	quilt_nn	2
fic_1849_7192.txt-1650-33	fic_1845_7183.txt-2471-9	annotator2	4.0	 	quilt_nn	2
fic_1859_9037.txt-386-9	fic_2003_27792.txt-295-11	annotator2	3.0	 	quilt_nn	2
fic_2009_36450.txt-72-6	mag_2006_384882.txt-68-13	annotator2	4.0	 	quilt_nn	2
fic_1853_9040.txt-544-20	fic_1988_16142.txt-474-6	annotator2	4.0	 	quilt_nn	2
fic_2000_29816.txt-40-8	mag_2006_384882.txt-68-13	annotator2	4.0	 	quilt_nn	2
mag_2001_413995.txt-26-11	fic_1823_7241.txt-198-31	annotator2	4.0	 	quilt_nn	2
fic_1853_9040.txt-350-20	mag_2006_384882.txt-68-13	annotator2	4.0	 	quilt_nn	2
fic_1994_41330.txt-6-21	mag_2006_384882.txt-68-13	annotator2	4.0	 	quilt_nn	2
fic_2003_29829.txt-301-21	fic_2003_27792.txt-295-11	annotator2	4.0	 	quilt_nn	2
fic_1853_9040.txt-345-11	fic_1852_9804.txt-139-32	annotator2	4.0	 	quilt_nn	2
fic_1972_10558.txt-6041-5	fic_1858_1282.txt-1571-6	annotator2	4.0	 	quilt_nn	2
fic_1994_41330.txt-80-9	fic_1854_9230.txt-1114-18	annotator2	4.0	 	quilt_nn	2
fic_1967_10486.txt-1986-21	fic_1859_9037.txt-397-2	annotator2	4.0	 	quilt_nn	2
fic_1859_9037.txt-382-4	fic_1988_16142.txt-474-6	annotator2	4.0	 	quilt_nn	2
fic_1852_9832.txt-2711-27	fic_1859_9037.txt-397-2	annotator2	4.0	 	quilt_nn	2
fic_1836_7276.txt-1259-44	fic_1845_7183.txt-2471-9	annotator2	4.0	 	quilt_nn	2
fic_1843_7325.txt-221-12	fic_1859_9037.txt-581-12	annotator2	4.0	 	quilt_nn	2
fic_1850_7171.txt-420-13	fic_1852_9804.txt-139-32	annotator2	4.0	 	quilt_nn	2
fic_1859_9037.txt-403-24	fic_1854_9230.txt-1114-18	annotator2	4.0	 	quilt_nn	2
fic_1995_39389.txt-467-9	fic_1858_1282.txt-1571-6	annotator2	4.0	 	quilt_nn	2
fic_1999_30271.txt-351-17	fic_1845_7183.txt-2471-9	annotator2	4.0	 	quilt_nn	2
fic_1853_9040.txt-131-29	fic_1858_1282.txt-1571-6	annotator2	3.0	 	quilt_nn	2
nf_1856_755595.txt-2201-2	fic_1823_7241.txt-198-31	annotator2	4.0	 	quilt_nn	2
fic_1859_9037.txt-473-18	fic_1988_16142.txt-474-6	annotator2	4.0	 	quilt_nn	2
mag_2003_400888.txt-5-72	fic_1854_9230.txt-3965-48	annotator2	4.0	 	quilt_nn	2
fic_1853_9040.txt-336-27	fic_1993_53808.txt-495-32	annotator2	4.0	 	quilt_nn	2
fic_1966_10468.txt-2642-33	fic_1845_7183.txt-2471-9	annotator2	2.0	 	quilt_nn	2
fic_1994_41330.txt-139-26	fic_1853_9040.txt-377-25	annotator2	4.0	 	quilt_nn	2
fic_1854_9230.txt-3965-48	mag_2001_419629.txt-54-12	annotator5	4.0	 	quilt_nn	2
fic_2003_29829.txt-20-29	mag_2006_384882.txt-68-13	annotator5	4.0	 	quilt_nn	2
fic_1853_9040.txt-403-41	fic_1859_9037.txt-378-20	annotator5	2.0	 	quilt_nn	2
fic_2003_29829.txt-301-21	fic_2003_27792.txt-295-11	annotator5	4.0	 	quilt_nn	2
nf_1987_773961.txt-32-6	fic_1852_9804.txt-139-32	annotator5	4.0	 	quilt_nn	2
fic_1999_30271.txt-351-17	fic_1845_7183.txt-2471-9	annotator5	4.0	 	quilt_nn	2
mag_1997_398797.txt-19-2	fic_1993_53808.txt-495-32	annotator5	4.0	 	quilt_nn	2
nf_1838_747585.txt-1930-56	fic_2003_27792.txt-295-11	annotator5	4.0	 	quilt_nn	2
fic_1993_1040095.txt-3725-7	fic_2001_45724.txt-441-5	annotator5	3.0	 	quilt_nn	2
nf_1852_752548.txt-1511-20	fic_1854_9230.txt-1114-18	annotator5	2.0	 	quilt_nn	2
fic_1853_9040.txt-529-41	fic_1854_9230.txt-1114-18	annotator5	3.0	 	quilt_nn	2
mag_1853_504777.txt-58-45	fic_1859_9037.txt-581-12	annotator5	2.0	 	quilt_nn	2
mag_1979_490819.txt-62-19	fic_1858_1282.txt-1571-6	annotator5	4.0	 	quilt_nn	2
mag_2001_419629.txt-54-8	fic_1853_3465.txt-747-10	annotator5	4.0	 	quilt_nn	2
fic_2002_46770.txt-193-22	fic_1853_9040.txt-98-30	annotator5	4.0	 	quilt_nn	2
fic_1997_43068.txt-391-8	fic_1859_9037.txt-581-12	annotator5	2.0	 	quilt_nn	2
fic_1853_9040.txt-403-41	fic_2006_28357.txt-52-18	annotator5	2.0	 	quilt_nn	2
fic_1843_7325.txt-233-48	fic_1852_9804.txt-139-32	annotator5	2.0	 	quilt_nn	2
fic_1991_53496.txt-38-6	fic_1853_9040.txt-377-25	annotator5	3.0	 	quilt_nn	2
nf_1987_773961.txt-24-2	fic_1853_9040.txt-98-30	annotator5	4.0	 	quilt_nn	2
mag_2002_427156.txt-37-17	fic_2003_27792.txt-295-11	annotator5	4.0	 	quilt_nn	2
mag_2003_400051.txt-51-20	fic_1853_9040.txt-377-25	annotator5	3.0	 	quilt_nn	2
fic_1859_9037.txt-473-18	fic_1988_16142.txt-474-6	annotator5	2.0	 	quilt_nn	2
fic_1831_7002.txt-1882-8	mag_2002_395216.txt-152-8	annotator5	4.0	 	quilt_nn	2
fic_1846_7036.txt-1797-2	fic_1859_9037.txt-581-12	annotator5	2.0	 	quilt_nn	2
fic_2003_29829.txt-42-10	fic_1858_1282.txt-1571-6	annotator5	4.0	 	quilt_nn	2
fic_1996_41838.txt-907-2	fic_1993_53808.txt-495-32	annotator5	4.0	 	quilt_nn	2
fic_1843_7325.txt-296-24	mag_1972_316160.txt-16-22	annotator5	2.0	 	quilt_nn	2
mag_1968_490663.txt-60-13	fic_1859_9037.txt-397-2	annotator5	2.0	 	quilt_nn	2
fic_1836_7276.txt-1259-44	fic_1845_7183.txt-2471-9	annotator5	2.0	 	quilt_nn	2
fic_1972_10558.txt-6068-5	fic_1858_1282.txt-1571-6	annotator5	4.0	 	quilt_nn	2
fic_1859_9037.txt-382-4	fic_1988_16142.txt-474-6	annotator5	4.0	 	quilt_nn	2
fic_1853_9040.txt-354-4	fic_1858_1282.txt-1571-6	annotator5	4.0	 	quilt_nn	2
fic_1859_9037.txt-612-11	fic_1854_9230.txt-3965-48	annotator5	2.0	 	quilt_nn	2
fic_1995_39238.txt-29-3	mag_2006_384882.txt-68-13	annotator5	4.0	 	quilt_nn	2
fic_1845_7183.txt-2471-9	fic_1853_9040.txt-377-25	annotator5	2.0	 	quilt_nn	2
fic_1859_9220.txt-1273-124	mag_2006_384882.txt-68-13	annotator5	4.0	 	quilt_nn	2
fic_1853_9040.txt-594-12	fic_1859_9037.txt-378-20	annotator5	3.0	 	quilt_nn	2
fic_1994_41330.txt-150-25	fic_1859_9037.txt-397-2	annotator5	4.0	 	quilt_nn	2
fic_1992_53593.txt-135-10	fic_1854_9230.txt-3965-48	annotator5	4.0	 	quilt_nn	2
fic_1994_54045.txt-357-20	mag_1972_316160.txt-16-22	annotator5	2.0	 	quilt_nn	2
mag_2002_395216.txt-152-8	fic_1823_7241.txt-198-31	annotator5	3.0	 	quilt_nn	2
mag_1857_523523.txt-642-29	fic_1845_7183.txt-2506-19	annotator5	4.0	 	quilt_nn	2
fic_1966_23832.txt-501-11	fic_1845_7183.txt-2506-19	annotator5	4.0	 	quilt_nn	2
fic_1859_9037.txt-386-9	fic_2003_27792.txt-295-11	annotator5	3.0	 	quilt_nn	2
fic_1982_10699.txt-2288-23	fic_1854_9230.txt-1114-18	annotator5	4.0	 	quilt_nn	2
fic_1982_10699.txt-405-2	fic_1988_16142.txt-474-6	annotator5	4.0	 	quilt_nn	2
fic_1994_41309.txt-527-45	fic_2003_27792.txt-295-11	annotator5	4.0	 	quilt_nn	2
fic_1980_10661.txt-2769-23	fic_1823_7241.txt-198-31	annotator5	3.0	 	quilt_nn	2
fic_1845_7183.txt-149-44	mag_1972_316160.txt-16-22	annotator5	2.0	 	quilt_nn	2
fic_1835_7268.txt-1888-52	fic_1823_7241.txt-198-31	annotator5	3.0	 	quilt_nn	2
fic_1823_7241.txt-198-31	fic_1852_9804.txt-139-32	annotator5	3.0	 	quilt_nn	2
fic_1967_10489.txt-833-13	fic_1858_1282.txt-1571-6	annotator5	4.0	 	quilt_nn	2
fic_1853_9040.txt-350-20	mag_2006_384882.txt-68-13	annotator5	4.0	 	quilt_nn	2
fic_1988_24000.txt-228-1	mag_2002_395216.txt-152-8	annotator5	4.0	 	quilt_nn	2
fic_2006_28357.txt-52-18	fic_2001_45724.txt-441-5	annotator5	4.0	 	quilt_nn	2
fic_1859_9037.txt-373-11	fic_1853_9040.txt-98-30	annotator5	4.0	 	quilt_nn	2
fic_1839_7182.txt-137-2	fic_1845_7183.txt-2471-9	annotator5	2.0	 	quilt_nn	2
fic_2009_36450.txt-72-6	mag_2006_384882.txt-68-13	annotator5	4.0	 	quilt_nn	2
fic_2007_34349.txt-7-4	fic_1988_16142.txt-474-6	annotator5	4.0	 	quilt_nn	2
mag_2002_393038.txt-8-0	fic_1859_9037.txt-378-20	annotator5	0.0	uncertain context	quilt_nn	2
fic_1851_746.txt-758-90	fic_1845_7183.txt-2471-9	annotator5	2.0	 	quilt_nn	2
nf_1987_773961.txt-0-4	fic_1993_53808.txt-495-32	annotator5	3.0	 	quilt_nn	2
fic_1853_9040.txt-4758-26	fic_1853_9040.txt-377-25	annotator5	4.0	 	quilt_nn	2
fic_2002_31835.txt-147-12	fic_2001_45724.txt-441-5	annotator5	4.0	 	quilt_nn	2
fic_1849_7192.txt-1259-17	fic_1823_7241.txt-198-31	annotator5	3.0	 	quilt_nn	2
fic_2008_36221.txt-155-13	mag_2006_384882.txt-68-13	annotator5	4.0	 	quilt_nn	2
fic_2003_29829.txt-68-24	fic_1854_9230.txt-3965-48	annotator5	4.0	 	quilt_nn	2
fic_2003_29829.txt-4-21	fic_1853_9040.txt-377-25	annotator5	4.0	 	quilt_nn	2
fic_1995_39362.txt-547-10	mag_2002_395216.txt-152-8	annotator5	4.0	 	quilt_nn	2
fic_1853_9040.txt-447-36	fic_1859_9037.txt-397-2	annotator5	4.0	 	quilt_nn	2
fic_1843_7325.txt-221-12	fic_1859_9037.txt-581-12	annotator5	4.0	 	quilt_nn	2
fic_1853_9040.txt-336-27	fic_1993_53808.txt-495-32	annotator5	3.0	 	quilt_nn	2
fic_1850_7171.txt-237-80	fic_1854_9230.txt-1114-18	annotator5	4.0	 	quilt_nn	2
fic_1853_9040.txt-360-9	fic_1988_16142.txt-474-6	annotator5	3.0	 	quilt_nn	2
news_2000_627649.txt-1752-1	mag_2002_395216.txt-152-8	annotator5	4.0	 	quilt_nn	2
fic_2003_29829.txt-309-9	mag_2006_384882.txt-68-13	annotator5	4.0	 	quilt_nn	2
fic_1849_7192.txt-1467-17	fic_1853_3465.txt-747-10	annotator5	4.0	 	quilt_nn	2
fic_1859_9037.txt-427-43	fic_1859_9037.txt-397-2	annotator5	3.0	 	quilt_nn	2
fic_1984_14628.txt-3-29	fic_1988_16142.txt-474-6	annotator5	4.0	 	quilt_nn	2
fic_1845_7183.txt-2471-9	fic_1823_7241.txt-198-31	annotator5	2.0	 	quilt_nn	2
fic_2000_29816.txt-40-8	mag_2006_384882.txt-68-13	annotator5	4.0	 	quilt_nn	2
fic_1853_9040.txt-447-36	fic_2008_36221.txt-155-13	annotator5	4.0	 	quilt_nn	2
mag_1994_425352.txt-2-8	fic_1853_9040.txt-377-25	annotator5	4.0	 	quilt_nn	2
mag_2001_419629.txt-54-8	fic_1988_16142.txt-474-6	annotator5	4.0	 	quilt_nn	2
fic_1823_7242.txt-1137-28	mag_1972_316160.txt-16-22	annotator5	3.0	 	quilt_nn	2
fic_1980_10672.txt-2071-17	fic_1859_9037.txt-378-20	annotator5	4.0	 	quilt_nn	2
fic_1839_1484.txt-2252-27	fic_1854_9230.txt-3965-48	annotator5	4.0	 	quilt_nn	2
fic_1972_10558.txt-5772-6	mag_2002_395216.txt-152-8	annotator4	3.0	 	quilt_nn	2
fic_1994_41309.txt-527-36	fic_1852_9804.txt-139-32	annotator4	3.0	 	quilt_nn	2
mag_1853_504777.txt-58-45	fic_1859_9037.txt-581-12	annotator4	3.0	 	quilt_nn	2
fic_1973_23893.txt-190-24	fic_2001_45724.txt-441-5	annotator4	4.0	 	quilt_nn	2
fic_1853_9040.txt-4758-26	fic_1853_9040.txt-377-25	annotator4	3.0	 	quilt_nn	2
fic_1853_9040.txt-438-32	fic_1853_9040.txt-377-25	annotator4	3.0	 	quilt_nn	2
fic_1843_7325.txt-296-24	mag_1972_316160.txt-16-22	annotator4	4.0	 	quilt_nn	2
fic_1845_7183.txt-2471-9	fic_1853_9040.txt-377-25	annotator4	4.0	 	quilt_nn	2
fic_1853_9040.txt-371-2	fic_2003_27792.txt-295-11	annotator4	4.0	 	quilt_nn	2
fic_1982_10699.txt-2288-23	fic_1854_9230.txt-1114-18	annotator4	4.0	 	quilt_nn	2
mag_2001_419629.txt-54-8	fic_1988_16142.txt-474-6	annotator4	4.0	 	quilt_nn	2
fic_1853_9040.txt-131-29	fic_1858_1282.txt-1571-6	annotator4	4.0	 	quilt_nn	2
mag_2003_400888.txt-5-72	fic_1854_9230.txt-3965-48	annotator4	4.0	 	quilt_nn	2
fic_1845_7183.txt-149-44	mag_1972_316160.txt-16-22	annotator4	4.0	 	quilt_nn	2
fic_2000_29816.txt-40-8	mag_2006_384882.txt-68-13	annotator4	4.0	 	quilt_nn	2
fic_1853_9040.txt-424-15	mag_2002_395216.txt-152-8	annotator4	4.0	 	quilt_nn	2
fic_1853_9040.txt-336-27	fic_1993_53808.txt-495-32	annotator4	4.0	 	quilt_nn	2
fic_1853_9040.txt-866-11	fic_1852_9804.txt-139-32	annotator4	4.0	 	quilt_nn	2
mag_1857_523523.txt-645-22	fic_1859_9037.txt-581-12	annotator4	4.0	 	quilt_nn	2
fic_1994_41330.txt-80-9	fic_1854_9230.txt-1114-18	annotator4	4.0	 	quilt_nn	2
mag_1857_523523.txt-643-9	fic_1853_9040.txt-377-25	annotator4	4.0	 	quilt_nn	2
fic_2006_27838.txt-31-6	fic_1859_9037.txt-378-20	annotator4	4.0	 	quilt_nn	2
fic_1994_41330.txt-169-19	mag_1972_316160.txt-16-22	annotator4	4.0	 	quilt_nn	2
fic_1976_10607.txt-6502-29	fic_1988_16142.txt-474-6	annotator4	4.0	 	quilt_nn	2
mag_1994_425352.txt-2-8	fic_1853_9040.txt-377-25	annotator4	4.0	 	quilt_nn	2
fic_1993_1040095.txt-3725-7	fic_2001_45724.txt-441-5	annotator4	4.0	 	quilt_nn	2
fic_1845_7183.txt-2471-9	fic_1823_7241.txt-198-31	annotator4	4.0	 	quilt_nn	2
fic_1839_7182.txt-151-31	mag_2006_384882.txt-68-13	annotator4	4.0	 	quilt_nn	2
mag_1976_290955.txt-20-4	fic_1852_9804.txt-139-32	annotator4	4.0	 	quilt_nn	2
fic_1853_9040.txt-360-9	fic_1988_16142.txt-474-6	annotator4	4.0	 	quilt_nn	2
nf_1983_774380.txt-687-8	fic_1859_9037.txt-378-20	annotator4	4.0	 	quilt_nn	2
fic_1856_9779.txt-1695-24	fic_1988_16142.txt-474-6	annotator4	4.0	 	quilt_nn	2
fic_1845_7170.txt-988-68	fic_1853_9040.txt-98-30	annotator4	4.0	 	quilt_nn	2
fic_1976_10607.txt-5327-3	fic_1993_53808.txt-495-32	annotator4	4.0	 	quilt_nn	2
fic_1839_7049.txt-1013-15	mag_2006_384882.txt-68-13	annotator4	4.0	 	quilt_nn	2
fic_1843_7325.txt-236-25	fic_1858_1282.txt-1571-6	annotator4	4.0	 	quilt_nn	2
fic_1994_41330.txt-100-1	fic_1853_3465.txt-747-10	annotator4	4.0	 	quilt_nn	2
fic_1833_7321.txt-3071-18	fic_2003_27792.txt-295-11	annotator4	4.0	 	quilt_nn	2
fic_1853_9040.txt-403-41	fic_1859_9037.txt-378-20	annotator4	4.0	 	quilt_nn	2
fic_1849_7192.txt-1467-17	fic_1853_3465.txt-747-10	annotator4	4.0	 	quilt_nn	2
fic_1823_7242.txt-1136-20	mag_2002_395216.txt-152-8	annotator4	4.0	 	quilt_nn	2
mag_1997_398797.txt-19-2	fic_1993_53808.txt-495-32	annotator4	4.0	 	quilt_nn	2
nf_1856_755595.txt-2201-2	fic_1823_7241.txt-198-31	annotator4	4.0	 	quilt_nn	2
mag_2001_419629.txt-54-8	fic_1853_3465.txt-747-10	annotator4	4.0	 	quilt_nn	2
fic_2002_31835.txt-147-12	fic_2001_45724.txt-441-5	annotator4	4.0	 	quilt_nn	2
fic_1994_41330.txt-139-26	fic_1853_9040.txt-377-25	annotator4	4.0	 	quilt_nn	2
fic_1851_746.txt-759-22	fic_1853_9040.txt-377-25	annotator4	4.0	 	quilt_nn	2
fic_1972_10558.txt-6068-5	fic_1858_1282.txt-1571-6	annotator4	4.0	 	quilt_nn	2
fic_1827_7168.txt-962-53	fic_2001_45724.txt-441-5	annotator4	4.0	 	quilt_nn	2
fic_1995_39362.txt-547-10	mag_2002_395216.txt-152-8	annotator4	4.0	 	quilt_nn	2
fic_1852_9804.txt-140-14	fic_1993_53808.txt-495-32	annotator4	4.0	 	quilt_nn	2
fic_2000_32016.txt-346-19	fic_1823_7241.txt-198-31	annotator4	4.0	 	quilt_nn	2
fic_1994_41330.txt-97-41	mag_2002_395216.txt-152-8	annotator4	4.0	 	quilt_nn	2
fic_1849_7192.txt-1650-33	fic_1845_7183.txt-2471-9	annotator4	4.0	 	quilt_nn	2
fic_1853_9040.txt-403-41	fic_2006_28357.txt-52-18	annotator4	4.0	 	quilt_nn	2
fic_2003_29829.txt-309-9	mag_2006_384882.txt-68-13	annotator4	4.0	 	quilt_nn	2
fic_1994_54045.txt-357-20	mag_1972_316160.txt-16-22	annotator4	4.0	 	quilt_nn	2
nf_1856_755595.txt-2200-10	fic_1854_9230.txt-3965-48	annotator4	4.0	 	quilt_nn	2
mag_2002_393038.txt-8-0	fic_1859_9037.txt-378-20	annotator4	4.0	 	quilt_nn	2
fic_1850_7171.txt-237-80	fic_1833_7321.txt-3071-18	annotator4	4.0	 	quilt_nn	2
mag_1987_487710.txt-71-10	fic_1852_9804.txt-139-32	annotator4	4.0	 	quilt_nn	2
fic_2003_29829.txt-97-12	fic_1859_9037.txt-397-2	annotator4	4.0	 	quilt_nn	2
fic_1853_3465.txt-995-17	fic_1845_7183.txt-2471-9	annotator4	4.0	 	quilt_nn	2
fic_2003_29829.txt-20-29	mag_2006_384882.txt-68-13	annotator4	4.0	 	quilt_nn	2
fic_1853_9040.txt-354-4	fic_1858_1282.txt-1571-6	annotator4	4.0	 	quilt_nn	2
fic_2003_29829.txt-394-9	fic_1858_1282.txt-1571-6	annotator4	4.0	 	quilt_nn	2
fic_1859_9037.txt-373-11	fic_1853_9040.txt-98-30	annotator4	4.0	 	quilt_nn	2
nf_1838_747585.txt-1930-56	fic_2003_27792.txt-295-11	annotator4	4.0	 	quilt_nn	2
fic_1980_10661.txt-1624-16	fic_1854_9230.txt-3965-48	annotator4	4.0	 	quilt_nn	2
fic_1994_41309.txt-527-45	fic_2003_27792.txt-295-11	annotator4	4.0	 	quilt_nn	2
fic_1854_9218.txt-3375-34	fic_1993_53808.txt-495-32	annotator4	4.0	 	quilt_nn	2
fic_1854_2820.txt-3581-19	fic_1853_9040.txt-377-25	annotator4	4.0	 	quilt_nn	2
fic_2002_46910.txt-345-21	fic_1859_9037.txt-581-12	annotator4	4.0	 	quilt_nn	2
fic_1860_3347.txt-189-54	mag_2006_384882.txt-68-13	annotator4	4.0	 	quilt_nn	2
mag_1857_523523.txt-642-29	fic_1845_7183.txt-2506-19	annotator4	4.0	 	quilt_nn	2
fic_1854_9230.txt-3965-48	mag_2001_419629.txt-54-12	annotator4	4.0	 	quilt_nn	2
fic_1988_24000.txt-228-1	mag_2002_395216.txt-152-8	annotator4	4.0	 	quilt_nn	2
fic_1859_9037.txt-382-4	fic_1988_16142.txt-474-6	annotator4	4.0	 	quilt_nn	2
fic_1823_7241.txt-198-31	fic_1859_9037.txt-397-2	annotator4	4.0	 	quilt_nn	2
fic_1848_7107.txt-277-17	fic_1853_9040.txt-377-25	annotator4	4.0	 	quilt_nn	2
nf_1856_755595.txt-438-35	fic_1859_9037.txt-581-12	annotator4	4.0	 	quilt_nn	2
mag_1996_427680.txt-21-6	fic_1988_16142.txt-474-6	annotator4	4.0	 	quilt_nn	2
nf_1987_773961.txt-32-6	fic_1852_9804.txt-139-32	annotator4	4.0	 	quilt_nn	2
fic_1966_10470.txt-484-8	fic_1988_16142.txt-474-6	annotator4	4.0	 	quilt_nn	2
fic_1993_1040085.txt-1649-19	mag_1972_316160.txt-16-22	annotator4	4.0	 	quilt_nn	2
fic_1996_41838.txt-907-2	fic_1993_53808.txt-495-32	annotator4	4.0	 	quilt_nn	2
mag_1979_490819.txt-62-19	fic_1858_1282.txt-1571-6	annotator4	4.0	 	quilt_nn	2
fic_1859_9037.txt-398-14	fic_2001_45724.txt-441-5	annotator4	4.0	 	quilt_nn	2
fic_1859_9037.txt-449-17	fic_1852_9804.txt-139-32	annotator4	4.0	 	quilt_nn	2
fic_2006_32227.txt-58-3	mag_1972_316160.txt-16-22	annotator0	4.0	 	quilt_nn	2
nf_1987_773961.txt-0-4	fic_1993_53808.txt-495-32	annotator0	4.0	 	quilt_nn	2
fic_1991_53496.txt-38-6	fic_1853_9040.txt-377-25	annotator0	4.0	 	quilt_nn	2
fic_1843_7325.txt-296-24	mag_1972_316160.txt-16-22	annotator0	4.0	 	quilt_nn	2
fic_1853_9040.txt-360-9	fic_1988_16142.txt-474-6	annotator0	4.0	 	quilt_nn	2
fic_1856_1552.txt-2827-23	fic_1859_9037.txt-397-2	annotator0	4.0	 	quilt_nn	2
news_2000_627649.txt-1752-1	mag_2002_395216.txt-152-8	annotator0	3.0	Unsure	quilt_nn	2
fic_1853_9040.txt-1439-8	fic_2003_27792.txt-295-11	annotator0	4.0	 	quilt_nn	2
mag_2002_395216.txt-152-8	fic_1823_7241.txt-198-31	annotator0	4.0	 	quilt_nn	2
fic_1853_9040.txt-424-15	mag_2002_395216.txt-152-8	annotator0	3.0	 	quilt_nn	2
fic_1966_10470.txt-484-8	fic_1988_16142.txt-474-6	annotator0	4.0	 	quilt_nn	2
fic_1994_14635.txt-86-8	fic_1859_9037.txt-378-20	annotator0	4.0	Unsure	quilt_nn	2
fic_1843_7325.txt-233-48	fic_1852_9804.txt-139-32	annotator0	4.0	 	quilt_nn	2
fic_1853_9040.txt-438-32	fic_1853_9040.txt-377-25	annotator0	4.0	 	quilt_nn	2
fic_1995_39362.txt-547-10	mag_2002_395216.txt-152-8	annotator0	4.0	 	quilt_nn	2
fic_1845_7183.txt-149-44	mag_1972_316160.txt-16-22	annotator0	4.0	 	quilt_nn	2
fic_1972_10558.txt-6068-5	fic_1858_1282.txt-1571-6	annotator0	4.0	 	quilt_nn	2
fic_1972_10558.txt-6041-5	fic_1858_1282.txt-1571-6	annotator0	4.0	 	quilt_nn	2
fic_1848_7107.txt-277-17	fic_1853_9040.txt-377-25	annotator0	4.0	 	quilt_nn	2
nf_1852_752548.txt-1511-20	fic_1854_9230.txt-1114-18	annotator0	3.0	 	quilt_nn	2
fic_1849_7167.txt-1527-19	fic_1859_9037.txt-581-12	annotator0	4.0	 	quilt_nn	2
mag_1980_491735.txt-71-26	fic_1859_9037.txt-581-12	annotator0	4.0	 	quilt_nn	2
fic_1853_9040.txt-419-10	fic_1845_7183.txt-2506-19	annotator0	4.0	 	quilt_nn	2
fic_1982_10695.txt-1606-3	fic_2001_45724.txt-441-5	annotator0	4.0	 	quilt_nn	2
fic_1994_41330.txt-80-9	fic_1854_9230.txt-1114-18	annotator0	4.0	 	quilt_nn	2
fic_2006_51071.txt-56-1	fic_1859_9037.txt-581-12	annotator0	4.0	 	quilt_nn	2
fic_1980_10661.txt-1624-16	fic_1854_9230.txt-3965-48	annotator0	4.0	 	quilt_nn	2
fic_1994_41330.txt-150-25	fic_1859_9037.txt-397-2	annotator0	4.0	 	quilt_nn	2
fic_1849_7167.txt-1726-11	fic_1993_53808.txt-495-32	annotator0	4.0	 	quilt_nn	2
mag_1996_427680.txt-21-6	fic_1988_16142.txt-474-6	annotator0	4.0	 	quilt_nn	2
fic_1995_39238.txt-29-3	mag_2006_384882.txt-68-13	annotator0	4.0	 	quilt_nn	2
fic_1860_3347.txt-189-54	mag_2006_384882.txt-68-13	annotator0	4.0	 	quilt_nn	2
fic_1853_9040.txt-1439-8	fic_2000_32016.txt-346-19	annotator0	4.0	 	quilt_nn	2
mag_1857_523523.txt-643-9	fic_1853_9040.txt-377-25	annotator0	4.0	 	quilt_nn	2
fic_1853_9040.txt-447-36	fic_2008_36221.txt-155-13	annotator0	4.0	 	quilt_nn	2
fic_1836_7276.txt-1259-44	fic_1845_7183.txt-2471-9	annotator0	4.0	 	quilt_nn	2
fic_1853_9040.txt-403-41	fic_1859_9037.txt-378-20	annotator0	4.0	 	quilt_nn	2
fic_2002_46770.txt-193-22	fic_1976_10607.txt-6502-29	annotator0	4.0	 	quilt_nn	2
mag_2002_427156.txt-37-17	fic_2003_27792.txt-295-11	annotator0	4.0	 	quilt_nn	2
fic_1859_9220.txt-1273-124	mag_2006_384882.txt-68-13	annotator0	4.0	 	quilt_nn	2
mag_1976_290955.txt-20-4	fic_1852_9804.txt-139-32	annotator0	4.0	 	quilt_nn	2
fic_1859_9037.txt-449-17	fic_1852_9804.txt-139-32	annotator0	4.0	 	quilt_nn	2
fic_1980_10661.txt-2769-23	fic_1823_7241.txt-198-31	annotator0	4.0	 	quilt_nn	2
mag_2002_393038.txt-8-0	fic_1859_9037.txt-378-20	annotator0	4.0	 	quilt_nn	2
fic_1827_7168.txt-962-53	fic_2001_45724.txt-441-5	annotator0	4.0	 	quilt_nn	2
fic_1853_9040.txt-423-9	fic_1859_9037.txt-581-12	annotator0	4.0	 	quilt_nn	2
fic_1859_9037.txt-398-14	fic_2001_45724.txt-441-5	annotator0	4.0	 	quilt_nn	2
fic_1853_9040.txt-403-41	fic_2006_28357.txt-52-18	annotator0	4.0	 	quilt_nn	2
fic_1853_9040.txt-397-17	fic_2001_45724.txt-441-5	annotator0	4.0	 	quilt_nn	2
fic_1858_1282.txt-3648-38	mag_2002_395216.txt-152-8	annotator0	4.0	 	quilt_nn	2
fic_1853_9040.txt-544-20	fic_1988_16142.txt-474-6	annotator0	4.0	 	quilt_nn	2
fic_1960_23758.txt-244-5	mag_2002_395216.txt-152-8	annotator0	4.0	 	quilt_nn	2
fic_1994_41330.txt-169-19	mag_1972_316160.txt-16-22	annotator0	4.0	 	quilt_nn	2
fic_1833_7321.txt-3071-18	fic_2003_27792.txt-295-11	annotator0	4.0	 	quilt_nn	2
fic_1999_55557.txt-360-37	fic_1853_9040.txt-98-30	annotator0	4.0	 	quilt_nn	2
fic_1849_7192.txt-1149-14	fic_2003_27792.txt-295-11	annotator0	4.0	 	quilt_nn	2
fic_1994_41309.txt-527-45	fic_2003_27792.txt-295-11	annotator0	4.0	 	quilt_nn	2
fic_1839_7182.txt-151-31	mag_2006_384882.txt-68-13	annotator0	4.0	 	quilt_nn	2
fic_1859_9037.txt-120-33	fic_1854_9230.txt-3965-48	annotator0	4.0	 	quilt_nn	2
fic_1994_54045.txt-357-20	mag_1972_316160.txt-16-22	annotator0	4.0	 	quilt_nn	2
fic_1823_7242.txt-1136-20	mag_2002_395216.txt-152-8	annotator0	4.0	 	quilt_nn	2
fic_1853_9040.txt-866-11	fic_1852_9804.txt-139-32	annotator0	4.0	 	quilt_nn	2
mag_2001_419629.txt-54-8	fic_1988_16142.txt-474-6	annotator0	4.0	 	quilt_nn	2
fic_1853_9040.txt-351-13	mag_2006_384882.txt-68-13	annotator0	4.0	 	quilt_nn	2
fic_1853_9040.txt-469-1	fic_1859_9037.txt-581-12	annotator0	4.0	 	quilt_nn	2
fic_2008_36221.txt-155-13	mag_2006_384882.txt-68-13	annotator0	4.0	 	quilt_nn	2
fic_1853_9040.txt-423-9	fic_2003_29829.txt-309-9	annotator0	4.0	 	quilt_nn	2
fic_1853_9040.txt-378-68	fic_1859_9037.txt-378-20	annotator0	4.0	 	quilt_nn	2
fic_1843_7325.txt-208-35	fic_1859_9037.txt-581-12	annotator0	4.0	 	quilt_nn	2
fic_2003_29829.txt-20-29	mag_2006_384882.txt-68-13	annotator0	4.0	 	quilt_nn	2
fic_1970_23869.txt-164-2	fic_2001_45724.txt-441-5	annotator0	4.0	 	quilt_nn	2
fic_2002_46770.txt-193-22	fic_1853_9040.txt-98-30	annotator0	4.0	 	quilt_nn	2
nf_1838_747585.txt-1930-56	fic_2003_27792.txt-295-11	annotator0	4.0	 	quilt_nn	2
fic_1972_10558.txt-5772-6	mag_2002_395216.txt-152-8	annotator0	4.0	 	quilt_nn	2
fic_2003_29829.txt-309-9	mag_2006_384882.txt-68-13	annotator0	4.0	 	quilt_nn	2
mag_1979_490819.txt-62-19	fic_1853_9040.txt-360-9	annotator0	4.0	 	quilt_nn	2
fic_1853_9040.txt-336-27	fic_1993_53808.txt-495-32	annotator0	4.0	 	quilt_nn	2
fic_1849_7192.txt-1467-17	fic_1853_3465.txt-747-10	annotator0	4.0	 	quilt_nn	2
mag_2003_402116.txt-22-10	fic_1823_7241.txt-198-31	annotator0	4.0	 	quilt_nn	2
fic_1966_23832.txt-501-11	fic_1845_7183.txt-2506-19	annotator0	4.0	 	quilt_nn	2
fic_1996_41636.txt-253-2	fic_1854_9230.txt-3965-48	annotator0	4.0	 	quilt_nn	2
nf_1987_773961.txt-32-6	fic_1852_9804.txt-139-32	annotator0	4.0	 	quilt_nn	2
fic_1846_7036.txt-1797-2	fic_1859_9037.txt-581-12	annotator0	4.0	 	quilt_nn	2
fic_1973_23893.txt-190-24	fic_2001_45724.txt-441-5	annotator0	4.0	 	quilt_nn	2
mag_2001_419629.txt-54-12	fic_1853_3465.txt-747-10	annotator0	4.0	 	quilt_nn	2
fic_1835_7268.txt-1888-52	fic_1823_7241.txt-198-31	annotator0	4.0	 	quilt_nn	2
fic_1854_2820.txt-3581-19	fic_1853_9040.txt-377-25	annotator0	4.0	 	quilt_nn	2
fic_1988_24000.txt-228-1	mag_2002_395216.txt-152-8	annotator0	4.0	 	quilt_nn	2
fic_1843_7325.txt-221-12	fic_1859_9037.txt-581-12	annotator0	4.0	 	quilt_nn	2
fic_1839_7182.txt-137-2	mag_1987_487710.txt-71-10	annotator2	2.0	 	quilt_nn	4
fic_1835_7268.txt-1888-52	fic_1859_9037.txt-612-11	annotator2	4.0	 	quilt_nn	4
fic_1859_9037.txt-612-11	fic_1851_746.txt-758-90	annotator2	4.0	 	quilt_nn	4
mag_1987_487710.txt-71-10	fic_1851_746.txt-758-90	annotator2	3.0	 	quilt_nn	4
fic_1859_9037.txt-612-11	fic_1853_9040.txt-423-9	annotator2	4.0	 	quilt_nn	4
fic_1996_41838.txt-907-2	fic_1843_7325.txt-778-98	annotator8	4.0	 	quilt_nn	4
mag_1968_490663.txt-60-13	fic_1966_10468.txt-2642-33	annotator8	4.0	 	quilt_nn	4
fic_1966_10468.txt-2642-33	fic_1835_7268.txt-1888-52	annotator8	4.0	 	quilt_nn	4
fic_1845_7183.txt-2471-9	fic_1823_7241.txt-198-31	annotator8	2.0	S1 is an event where you make a quilt/blanket (S2) and since an event and object are very different, I gave it a 2	quilt_nn	4
fic_1850_7171.txt-237-80	fic_1843_7325.txt-221-12	annotator8	2.0	 	quilt_nn	4
fic_1997_43068.txt-391-8	fic_1859_9037.txt-612-11	annotator6	3.0	 	quilt_nn	4
fic_1853_9040.txt-336-27	mag_2001_413995.txt-26-11	annotator6	4.0	 	quilt_nn	4
mag_1987_487710.txt-71-10	fic_1966_10468.txt-2642-33	annotator6	3.0	 	quilt_nn	4
fic_1823_7241.txt-198-31	fic_1835_7268.txt-1888-52	annotator6	3.0	 	quilt_nn	4
fic_1845_7183.txt-2471-9	fic_1853_9040.txt-377-25	annotator6	4.0	 	quilt_nn	4
fic_1835_7268.txt-1888-52	mag_1968_490663.txt-60-13	annotator6	2.0	 	quilt_nn	4
fic_1835_7268.txt-1888-52	mag_1987_487710.txt-71-10	annotator5	2.0	 	quilt_nn	4
fic_1997_43068.txt-391-8	fic_1835_7268.txt-1888-52	annotator5	4.0	 	quilt_nn	4
mag_1968_490663.txt-60-13	fic_1851_746.txt-758-90	annotator5	2.0	 	quilt_nn	4
fic_1966_10468.txt-2642-33	fic_1997_43068.txt-391-8	annotator0	2.0	 	quilt_nn	4
mag_1987_487710.txt-71-10	fic_1997_43068.txt-391-8	annotator0	2.0	 	quilt_nn	4
fic_1997_43068.txt-391-8	fic_1839_7182.txt-137-2	annotator0	4.0	 	quilt_nn	4
fic_1859_9037.txt-612-11	fic_1853_9040.txt-419-10	annotator0	4.0	 	quilt_nn	4
fic_1839_7182.txt-137-2	fic_1851_746.txt-758-90	annotator0	4.0	 	quilt_nn	4
fic_2001_45724.txt-441-5	fic_1858_1282.txt-1571-6	annotator2	4.0	 	quilt_nn	1
fic_1853_3465.txt-747-10	fic_2001_45724.txt-441-5	annotator2	3.0	 	quilt_nn	1
fic_1823_7241.txt-198-31	fic_1852_9804.txt-139-32	annotator2	1.0	 	quilt_nn	1
mag_2006_384882.txt-68-13	fic_1854_9230.txt-1114-18	annotator2	4.0	 	quilt_nn	1
fic_1853_9040.txt-98-30	fic_1852_9804.txt-139-32	annotator2	3.0	 	quilt_nn	1
fic_1853_9040.txt-377-25	fic_1845_7183.txt-2471-9	annotator2	2.0	 	quilt_nn	1
fic_2003_27792.txt-295-11	fic_1858_1282.txt-1571-6	annotator2	4.0	 	quilt_nn	1
fic_1858_1282.txt-1571-6	mag_2006_384882.txt-68-13	annotator2	4.0	 	quilt_nn	1
fic_1859_9037.txt-378-20	mag_2006_384882.txt-68-13	annotator2	4.0	 	quilt_nn	1
fic_2001_45724.txt-441-5	fic_1993_53808.txt-495-32	annotator2	4.0	 	quilt_nn	1
mag_2006_384882.txt-68-13	fic_1859_9037.txt-397-2	annotator2	4.0	 	quilt_nn	1
fic_1859_9037.txt-378-20	mag_1972_316160.txt-16-22	annotator2	4.0	 	quilt_nn	1
fic_1858_1282.txt-1571-6	fic_1993_53808.txt-495-32	annotator2	4.0	 	quilt_nn	1
mag_1972_316160.txt-16-22	fic_1853_3465.txt-747-10	annotator2	4.0	 	quilt_nn	1
fic_1853_9040.txt-377-25	fic_1823_7241.txt-198-31	annotator2	1.0	 	quilt_nn	1
fic_1854_9230.txt-1114-18	fic_1854_9230.txt-3965-48	annotator2	4.0	 	quilt_nn	1
fic_1988_16142.txt-474-6	mag_1972_316160.txt-16-22	annotator2	3.0	 	quilt_nn	1
fic_1845_7183.txt-2471-9	fic_1823_7241.txt-198-31	annotator2	1.0	 	quilt_nn	1
mag_2002_395216.txt-152-8	fic_1823_7241.txt-198-31	annotator2	1.0	 	quilt_nn	1
fic_1823_7241.txt-198-31	fic_1859_9037.txt-397-2	annotator2	1.0	 	quilt_nn	1
fic_1854_9230.txt-1114-18	fic_1853_9040.txt-98-30	annotator2	4.0	 	quilt_nn	1
fic_1854_9230.txt-1114-18	fic_2003_27792.txt-295-11	annotator2	4.0	 	quilt_nn	1
fic_1853_9040.txt-98-30	mag_2006_384882.txt-68-13	annotator2	4.0	 	quilt_nn	1
fic_1845_7183.txt-2506-19	fic_1858_1282.txt-1571-6	annotator2	4.0	 	quilt_nn	1
mag_2006_384882.txt-68-13	fic_1845_7183.txt-2506-19	annotator2	4.0	 	quilt_nn	1
fic_1845_7183.txt-2506-19	fic_1854_9230.txt-1114-18	annotator1	4.0	 	quilt_nn	1
fic_1854_9230.txt-3965-48	mag_1972_316160.txt-16-22	annotator1	2.0	 	quilt_nn	1
fic_1845_7183.txt-2471-9	fic_1858_1282.txt-1571-6	annotator1	4.0	 	quilt_nn	1
fic_1854_9230.txt-1114-18	fic_2001_45724.txt-441-5	annotator1	4.0	 	quilt_nn	1
fic_1853_3465.txt-747-10	fic_1859_9037.txt-397-2	annotator1	4.0	 	quilt_nn	1
fic_1845_7183.txt-2471-9	fic_1853_9040.txt-98-30	annotator1	0.0	Not enough information	quilt_nn	1
fic_1852_9804.txt-139-32	fic_1845_7183.txt-2471-9	annotator1	4.0	 	quilt_nn	1
fic_1854_9230.txt-3965-48	fic_1845_7183.txt-2471-9	annotator1	4.0	 	quilt_nn	1
fic_1854_9230.txt-1114-18	fic_2003_27792.txt-295-11	annotator3	4.0	 	quilt_nn	1
fic_1853_3465.txt-747-10	fic_1858_1282.txt-1571-6	annotator3	4.0	 	quilt_nn	1
fic_1993_53808.txt-495-32	fic_1854_9230.txt-1114-18	annotator3	4.0	 	quilt_nn	1
fic_1854_9230.txt-1114-18	fic_1853_9040.txt-98-30	annotator3	4.0	 	quilt_nn	1
mag_1972_316160.txt-16-22	fic_1993_53808.txt-495-32	annotator3	3.0	 	quilt_nn	1
fic_1858_1282.txt-1571-6	fic_1854_9230.txt-3965-48	annotator3	4.0	 	quilt_nn	1
fic_1852_9804.txt-139-32	fic_1859_9037.txt-581-12	annotator3	3.0	 	quilt_nn	1
fic_1859_9037.txt-397-2	mag_2002_395216.txt-152-8	annotator3	4.0	 	quilt_nn	1
fic_1853_9040.txt-377-25	fic_1823_7241.txt-198-31	annotator3	3.0	 	quilt_nn	1
fic_1853_3465.txt-747-10	fic_1859_9037.txt-397-2	annotator3	4.0	 	quilt_nn	1
fic_1845_7183.txt-2471-9	fic_1823_7241.txt-198-31	annotator3	4.0	 	quilt_nn	1
fic_1859_9037.txt-397-2	fic_1845_7183.txt-2506-19	annotator3	4.0	 	quilt_nn	1
fic_1858_1282.txt-1571-6	fic_1853_9040.txt-377-25	annotator3	4.0	 	quilt_nn	1
fic_1845_7183.txt-2471-9	fic_1845_7183.txt-2506-19	annotator3	4.0	 	quilt_nn	1
fic_1854_9230.txt-1114-18	fic_1854_9230.txt-3965-48	annotator3	4.0	 	quilt_nn	1
fic_1853_9040.txt-98-30	fic_1852_9804.txt-139-32	annotator3	4.0	 	quilt_nn	1
fic_1853_9040.txt-98-30	mag_2006_384882.txt-68-13	annotator3	4.0	 	quilt_nn	1
fic_1993_53808.txt-495-32	mag_2006_384882.txt-68-13	annotator3	4.0	 	quilt_nn	1
fic_2001_45724.txt-441-5	fic_1853_9040.txt-377-25	annotator3	4.0	 	quilt_nn	1
fic_1845_7183.txt-2506-19	fic_1853_3465.txt-747-10	annotator3	4.0	 	quilt_nn	1
fic_1988_16142.txt-474-6	mag_1972_316160.txt-16-22	annotator3	4.0	 	quilt_nn	1
mag_1972_316160.txt-16-22	mag_2006_384882.txt-68-13	annotator3	4.0	 	quilt_nn	1
fic_1859_9037.txt-581-12	fic_1859_9037.txt-378-20	annotator3	4.0	 	quilt_nn	1
fic_1858_1282.txt-1571-6	fic_1859_9037.txt-378-20	annotator3	4.0	 	quilt_nn	1
fic_2001_45724.txt-441-5	fic_1858_1282.txt-1571-6	annotator3	4.0	 	quilt_nn	1
mag_2006_384882.txt-68-13	fic_1853_3465.txt-747-10	annotator0	4.0	 	quilt_nn	1
fic_1854_9230.txt-1114-18	fic_2001_45724.txt-441-5	annotator0	4.0	 	quilt_nn	1
mag_1972_316160.txt-16-22	mag_2006_384882.txt-68-13	annotator0	3.0	Unsure	quilt_nn	1
fic_1845_7183.txt-2506-19	fic_1853_3465.txt-747-10	annotator0	4.0	 	quilt_nn	1
mag_2006_384882.txt-68-13	fic_1845_7183.txt-2471-9	annotator0	4.0	Unsure	quilt_nn	1
fic_1858_1282.txt-1571-6	fic_1993_53808.txt-495-32	annotator0	4.0	 	quilt_nn	1
fic_1859_9037.txt-378-20	fic_1823_7241.txt-198-31	annotator0	4.0	 	quilt_nn	1
fic_1858_1282.txt-1571-6	fic_1853_9040.txt-377-25	annotator0	4.0	 	quilt_nn	1
fic_1823_7241.txt-198-31	fic_1852_9804.txt-139-32	annotator0	4.0	 	quilt_nn	1
fic_1854_9230.txt-1114-18	fic_1853_9040.txt-98-30	annotator0	4.0	 	quilt_nn	1
fic_1845_7183.txt-2471-9	fic_1858_1282.txt-1571-6	annotator0	4.0	Unsure; the context in sentence 1 is unclear	quilt_nn	1
fic_2003_27792.txt-295-11	fic_1858_1282.txt-1571-6	annotator0	4.0	 	quilt_nn	1
fic_1853_9040.txt-377-25	fic_1823_7241.txt-198-31	annotator0	4.0	 	quilt_nn	1
fic_1853_3465.txt-747-10	fic_1852_9804.txt-139-32	annotator0	4.0	 	quilt_nn	1
fic_1859_9037.txt-397-2	fic_2001_45724.txt-441-5	annotator0	4.0	 	quilt_nn	1
fic_1988_16142.txt-474-6	mag_1972_316160.txt-16-22	annotator0	3.0	 	quilt_nn	1
fic_1854_9230.txt-3965-48	fic_1845_7183.txt-2471-9	annotator0	4.0	 	quilt_nn	1
fic_1823_7241.txt-198-31	fic_1859_9037.txt-397-2	annotator0	4.0	 	quilt_nn	1
fic_1993_53808.txt-495-32	fic_1854_9230.txt-1114-18	annotator0	4.0	 	quilt_nn	1
fic_1845_7183.txt-2506-19	fic_1858_1282.txt-1571-6	annotator0	4.0	 	quilt_nn	1
fic_1853_3465.txt-747-10	fic_1858_1282.txt-1571-6	annotator0	4.0	 	quilt_nn	1
mag_2006_384882.txt-68-13	fic_1859_9037.txt-397-2	annotator0	4.0	 	quilt_nn	1
fic_1853_9040.txt-377-25	fic_1845_7183.txt-2471-9	annotator0	4.0	 	quilt_nn	1
fic_1859_9037.txt-581-12	fic_1859_9037.txt-378-20	annotator0	4.0	 	quilt_nn	1
fic_1853_3465.txt-747-10	fic_2001_45724.txt-441-5	annotator0	4.0	 	quilt_nn	1
fic_1823_7241.txt-198-31	fic_1988_16142.txt-474-6	annotator0	4.0	 	quilt_nn	1
fic_1845_7170.txt-988-68	mag_1968_490663.txt-60-13	annotator0	3.0	Unsure	quilt_nn	5
mag_2001_419629.txt-54-12	nf_1856_755595.txt-2201-2	annotator0	4.0	 	quilt_nn	5
fic_1859_9037.txt-403-24	mag_1968_490663.txt-60-13	annotator0	2.0	 	quilt_nn	5
fic_1854_9218.txt-3375-34	fic_2009_36595.txt-134-32	annotator0	4.0	 	quilt_nn	5
news_2000_627649.txt-1752-1	fic_1853_9040.txt-378-68	annotator0	4.0	 	quilt_nn	5
fic_1850_7171.txt-420-13	fic_2006_27838.txt-31-6	annotator0	3.0	 	quilt_nn	5
fic_2003_29829.txt-68-24	fic_1994_41330.txt-6-21	annotator0	3.0	 	quilt_nn	5
fic_2009_36595.txt-134-32	nf_1987_773961.txt-0-4	annotator0	4.0	 	quilt_nn	5
fic_2003_29829.txt-301-21	fic_1843_7325.txt-296-24	annotator0	4.0	 	quilt_nn	5
fic_1853_9040.txt-544-20	fic_1997_43068.txt-391-8	annotator0	4.0	 	quilt_nn	5
fic_1967_10486.txt-1986-21	fic_1853_9040.txt-469-1	annotator0	4.0	 	quilt_nn	5
mag_1968_490663.txt-60-13	fic_1843_7325.txt-233-48	annotator0	2.0	 	quilt_nn	5
fic_1966_10468.txt-2642-33	mag_1987_487710.txt-71-10	annotator0	3.0	Unsure	quilt_nn	5
fic_1994_41330.txt-139-26	fic_1966_10468.txt-2642-33	annotator0	2.0	 	quilt_nn	5
fic_1847_2352.txt-781-19	fic_1966_10468.txt-2642-33	annotator0	2.0	 	quilt_nn	5
mag_1968_490663.txt-60-13	mag_1987_487710.txt-71-10	annotator0	4.0	 	quilt_nn	5
nf_1987_773961.txt-32-6	fic_1994_41330.txt-169-19	annotator0	4.0	 	quilt_nn	5
fic_1859_9037.txt-449-17	fic_1849_7167.txt-1527-19	annotator0	4.0	 	quilt_nn	5
fic_1999_30271.txt-351-17	fic_1853_9040.txt-345-11	annotator0	4.0	 	quilt_nn	5
fic_1859_9037.txt-382-4	mag_1987_487710.txt-71-10	annotator0	2.0	 	quilt_nn	5
fic_1853_9040.txt-594-12	fic_1972_10558.txt-5897-16	annotator0	4.0	 	quilt_nn	5
fic_1982_10695.txt-1606-3	fic_1859_9037.txt-427-43	annotator0	4.0	 	quilt_nn	5
fic_1992_53593.txt-135-10	fic_1980_10661.txt-1624-16	annotator0	3.0	 	quilt_nn	5
fic_2009_36595.txt-134-32	fic_2003_29829.txt-42-10	annotator8	4.0	 	quilt_nn	5
fic_1845_7183.txt-149-44	fic_1859_9220.txt-1273-124	annotator8	4.0	 	quilt_nn	5
fic_1992_53593.txt-135-10	fic_1980_10661.txt-1624-16	annotator8	4.0	 	quilt_nn	5
fic_2009_36595.txt-134-32	nf_1987_773961.txt-0-4	annotator8	4.0	 	quilt_nn	5
fic_2000_32016.txt-346-19	fic_1980_10661.txt-2769-23	annotator8	4.0	 	quilt_nn	5
mag_1857_523523.txt-643-9	fic_1852_9804.txt-140-14	annotator8	4.0	 	quilt_nn	5
fic_2006_28357.txt-52-18	fic_1960_23758.txt-244-5	annotator8	4.0	 	quilt_nn	5
fic_2003_29829.txt-301-21	fic_1843_7325.txt-296-24	annotator8	4.0	 	quilt_nn	5
fic_1960_23758.txt-244-5	fic_1966_10470.txt-484-8	annotator8	4.0	 	quilt_nn	5
fic_1859_9037.txt-427-43	fic_1994_54045.txt-357-20	annotator8	4.0	 	quilt_nn	5
mag_2001_419629.txt-54-8	fic_2003_29829.txt-394-9	annotator8	4.0	 	quilt_nn	5
mag_1968_490663.txt-60-13	fic_1966_10468.txt-2642-33	annotator8	4.0	 	quilt_nn	5
fic_1980_10661.txt-1624-16	fic_2000_32016.txt-346-19	annotator8	4.0	 	quilt_nn	5
fic_1972_10558.txt-5897-16	fic_1843_7325.txt-208-35	annotator8	4.0	 	quilt_nn	5
fic_1988_24000.txt-228-1	mag_1968_490663.txt-60-13	annotator8	3.0	 	quilt_nn	5
fic_1995_39362.txt-547-10	mag_1968_490663.txt-60-13	annotator8	3.0	 	quilt_nn	5
fic_1845_7170.txt-988-68	mag_1968_490663.txt-60-13	annotator8	4.0	 	quilt_nn	5
fic_1853_9040.txt-594-12	fic_1972_10558.txt-5897-16	annotator8	4.0	 	quilt_nn	5
fic_1827_7168.txt-962-53	fic_1994_41330.txt-132-1	annotator8	4.0	 	quilt_nn	5
mag_2001_419629.txt-54-12	nf_1856_755595.txt-2201-2	annotator8	4.0	 	quilt_nn	5
fic_1853_9040.txt-438-32	fic_1972_10558.txt-6041-5	annotator8	4.0	 	quilt_nn	5
fic_1991_53496.txt-38-6	nf_1856_755595.txt-438-35	annotator8	4.0	 	quilt_nn	5
fic_1859_9037.txt-382-4	mag_1987_487710.txt-71-10	annotator9	1.0	 	quilt_nn	5
fic_1994_41330.txt-80-9	fic_1999_55557.txt-360-37	annotator9	3.0	 	quilt_nn	5
fic_1991_53496.txt-38-6	mag_1968_490663.txt-60-13	annotator9	2.0	 	quilt_nn	5
fic_2006_51071.txt-56-1	fic_1859_9037.txt-427-43	annotator9	3.0	 	quilt_nn	5
mag_1857_523523.txt-643-9	fic_1852_9804.txt-140-14	annotator9	4.0	 	quilt_nn	5
fic_2003_29829.txt-301-21	fic_1843_7325.txt-296-24	annotator9	2.0	 	quilt_nn	5
fic_2003_29829.txt-301-21	fic_1966_10468.txt-2642-33	annotator9	2.0	 	quilt_nn	5
mag_1976_290955.txt-20-4	fic_1853_9040.txt-345-11	annotator9	3.0	 	quilt_nn	5
news_1998_615318.txt-26-18	fic_1823_7241.txt-198-31	annotator9	3.0	 	quilt_nn	5
fic_1853_9040.txt-377-25	fic_1843_7325.txt-778-98	annotator9	4.0	 	quilt_nn	5
fic_1853_9040.txt-594-12	fic_1972_10558.txt-5897-16	annotator9	3.0	 	quilt_nn	5
mag_2001_419629.txt-54-12	nf_1856_755595.txt-2201-2	annotator9	3.0	 	quilt_nn	5
nf_1856_755595.txt-2201-2	fic_1966_10468.txt-2642-33	annotator9	1.0	 	quilt_nn	5
fic_2003_29829.txt-68-24	fic_1994_41330.txt-6-21	annotator9	4.0	 	quilt_nn	5
fic_1966_10468.txt-2642-33	fic_1852_9804.txt-140-14	annotator9	1.0	 	quilt_nn	5
fic_1992_53593.txt-135-10	fic_1980_10661.txt-1624-16	annotator9	3.0	 	quilt_nn	5
fic_2002_46770.txt-193-22	mag_2003_400888.txt-5-72	annotator9	4.0	 	quilt_nn	5
mag_1997_398797.txt-19-2	fic_1845_7170.txt-988-68	annotator9	2.0	 	quilt_nn	5
fic_1995_39238.txt-29-3	nf_1987_773961.txt-0-4	annotator9	4.0	 	quilt_nn	5
fic_1853_9040.txt-424-15	fic_1994_54045.txt-357-20	annotator9	4.0	 	quilt_nn	5
fic_1960_23758.txt-244-5	fic_1966_10470.txt-484-8	annotator9	4.0	 	quilt_nn	5
fic_1982_10695.txt-1606-3	fic_1859_9037.txt-427-43	annotator9	3.0	 	quilt_nn	5
