identifier1	identifier2	annotator	judgment	comment	lemma
2532889X_1954-09-12_01_130.tcf.xml-15-16	2532889X_1959-08-15_01_134.tcf.xml-39-12	inferred	0	 	ausspannen
2532889X_1954-09-12_01_130.tcf.xml-15-16	2532889X_1961-02-17_01_046.tcf.xml-35-11	inferred	0	 	ausspannen
2532889X_1954-09-12_01_130.tcf.xml-15-16	2532889X_1961-10-28_01_150.tcf.xml-8-8	inferred	0	 	ausspannen
2532889X_1954-09-12_01_130.tcf.xml-15-16	2532889X_1966-01-11_01_157.tcf.xml-24-12	inferred	0	 	ausspannen
2532889X_1954-09-12_01_130.tcf.xml-15-16	2532889X_1980-10-18_01_072.tcf.xml-9-15	inferred	0	 	ausspannen
2532889X_1954-09-12_01_130.tcf.xml-15-16	2532889X_1981-05-02_01_137.tcf.xml-113-29	inferred	0	 	ausspannen
2532889X_1954-09-12_01_130.tcf.xml-15-16	2532889X_1982-03-23_01_152.tcf.xml-37-11	inferred	0	 	ausspannen
2532889X_1954-09-12_01_130.tcf.xml-15-16	2532889X_1988-09-29_01_066.tcf.xml-14-10	inferred	0	 	ausspannen
2532889X_1954-09-12_01_130.tcf.xml-15-16	26120215_1954_01_26_01_178.tcf.xml-21-9	inferred	1	 	ausspannen
2532889X_1954-09-12_01_130.tcf.xml-15-16	26120215_1955_12_18_02_208.tcf.xml-34-10	inferred	1	 	ausspannen
2532889X_1954-09-12_01_130.tcf.xml-15-16	26120215_1960_04_15_01_377.tcf.xml-13-12	inferred	0	 	ausspannen
2532889X_1954-09-12_01_130.tcf.xml-15-16	26120215_1970_06_01_01_089.tcf.xml-75-11	inferred	0	 	ausspannen
2532889X_1954-09-12_01_130.tcf.xml-15-16	26120215_1973_08_22_01_053.tcf.xml-18-4	inferred	0	 	ausspannen
2532889X_1954-09-12_01_130.tcf.xml-15-16	26120215_1975_09_02_01_194.tcf.xml-13-12	inferred	0	 	ausspannen
2532889X_1954-09-12_01_130.tcf.xml-15-16	26120215_1985_09_12_01_093.tcf.xml-45-28	inferred	1	 	ausspannen
2532889X_1954-09-12_01_130.tcf.xml-15-16	26120215_1985_11_06_01_226.tcf.xml-36-23	inferred	1	 	ausspannen
2532889X_1954-09-12_01_130.tcf.xml-15-16	26120215_1988_12_20_01_113.tcf.xml-11-4	inferred	0	 	ausspannen
2532889X_1954-09-12_01_130.tcf.xml-15-16	alexis_ruhe04_1852-4102-41	inferred	1	 	ausspannen
2532889X_1954-09-12_01_130.tcf.xml-15-16	baumstark_encyclopaedie_1835-8093-35	inferred	1	 	ausspannen
2532889X_1954-09-12_01_130.tcf.xml-15-16	blumenbach_knochen_1807-2733-21	inferred	1	 	ausspannen
2532889X_1954-09-12_01_130.tcf.xml-15-16	blumenbach_knochen_1807-4106-61	inferred	1	 	ausspannen
2532889X_1954-09-12_01_130.tcf.xml-15-16	blumenbach_naturgeschichte_1807-823-25	inferred	1	 	ausspannen
2532889X_1954-09-12_01_130.tcf.xml-15-16	blumenbach_naturgeschichte_1816-481-20	inferred	1	 	ausspannen
2532889X_1954-09-12_01_130.tcf.xml-15-16	clodius_poetik01_1804-3729-19	inferred	1	 	ausspannen
2532889X_1954-09-12_01_130.tcf.xml-15-16	fontane_brandenburg04_1882-617-18	inferred	0	 	ausspannen
2532889X_1954-09-12_01_130.tcf.xml-15-16	hug_familie_1896-6016-3	inferred	1	 	ausspannen
2532889X_1954-09-12_01_130.tcf.xml-15-16	laube_europa0201_1837-327-10	inferred	0	 	ausspannen
2532889X_1954-09-12_01_130.tcf.xml-15-16	schroeder_logik01_1890-906-70	inferred	1	 	ausspannen
2532889X_1954-09-12_01_130.tcf.xml-15-16	schubert_naturwissenschaft_1808-1556-30	inferred	1	 	ausspannen
2532889X_1954-09-12_01_130.tcf.xml-15-16	schwab_sagen01_1838-3289-48	inferred	1	 	ausspannen
2532889X_1954-09-12_01_130.tcf.xml-15-16	tieck_phantasus01_1812-2957-35	inferred	1	 	ausspannen
2532889X_1954-09-12_01_130.tcf.xml-15-16	vogt_briefe02_1851-2090-25	inferred	1	 	ausspannen
2532889X_1954-09-12_01_130.tcf.xml-15-16	vogt_briefe02_1851-227-17	inferred	1	 	ausspannen
2532889X_1954-09-12_01_130.tcf.xml-15-16	wrangel_luxusfuhrwerk_1898-454-27	inferred	0	 	ausspannen
2532889X_1954-09-12_01_130.tcf.xml-15-16	wundt_medizinische_1867-3076-13	inferred	1	 	ausspannen
2532889X_1959-08-15_01_134.tcf.xml-39-12	2532889X_1961-02-17_01_046.tcf.xml-35-11	inferred	1	 	ausspannen
2532889X_1959-08-15_01_134.tcf.xml-39-12	2532889X_1961-10-28_01_150.tcf.xml-8-8	inferred	1	 	ausspannen
2532889X_1959-08-15_01_134.tcf.xml-39-12	2532889X_1966-01-11_01_157.tcf.xml-24-12	inferred	1	 	ausspannen
2532889X_1959-08-15_01_134.tcf.xml-39-12	2532889X_1980-10-18_01_072.tcf.xml-9-15	inferred	0	 	ausspannen
2532889X_1959-08-15_01_134.tcf.xml-39-12	2532889X_1981-05-02_01_137.tcf.xml-113-29	inferred	0	 	ausspannen
2532889X_1959-08-15_01_134.tcf.xml-39-12	2532889X_1982-03-23_01_152.tcf.xml-37-11	inferred	0	 	ausspannen
2532889X_1959-08-15_01_134.tcf.xml-39-12	2532889X_1988-09-29_01_066.tcf.xml-14-10	inferred	1	 	ausspannen
2532889X_1959-08-15_01_134.tcf.xml-39-12	26120215_1954_01_26_01_178.tcf.xml-21-9	inferred	0	 	ausspannen
2532889X_1959-08-15_01_134.tcf.xml-39-12	26120215_1955_12_18_02_208.tcf.xml-34-10	inferred	0	 	ausspannen
2532889X_1959-08-15_01_134.tcf.xml-39-12	26120215_1960_04_15_01_377.tcf.xml-13-12	inferred	0	 	ausspannen
2532889X_1959-08-15_01_134.tcf.xml-39-12	26120215_1970_06_01_01_089.tcf.xml-75-11	inferred	1	 	ausspannen
2532889X_1959-08-15_01_134.tcf.xml-39-12	26120215_1973_08_22_01_053.tcf.xml-18-4	inferred	1	 	ausspannen
2532889X_1959-08-15_01_134.tcf.xml-39-12	26120215_1975_09_02_01_194.tcf.xml-13-12	inferred	1	 	ausspannen
2532889X_1959-08-15_01_134.tcf.xml-39-12	26120215_1985_09_12_01_093.tcf.xml-45-28	inferred	0	 	ausspannen
2532889X_1959-08-15_01_134.tcf.xml-39-12	26120215_1985_11_06_01_226.tcf.xml-36-23	inferred	0	 	ausspannen
2532889X_1959-08-15_01_134.tcf.xml-39-12	26120215_1988_12_20_01_113.tcf.xml-11-4	inferred	0	 	ausspannen
2532889X_1959-08-15_01_134.tcf.xml-39-12	alexis_ruhe04_1852-4102-41	inferred	0	 	ausspannen
2532889X_1959-08-15_01_134.tcf.xml-39-12	baumstark_encyclopaedie_1835-8093-35	inferred	0	 	ausspannen
2532889X_1959-08-15_01_134.tcf.xml-39-12	blumenbach_knochen_1807-2733-21	inferred	0	 	ausspannen
2532889X_1959-08-15_01_134.tcf.xml-39-12	blumenbach_knochen_1807-4106-61	inferred	0	 	ausspannen
2532889X_1959-08-15_01_134.tcf.xml-39-12	blumenbach_naturgeschichte_1807-823-25	inferred	0	 	ausspannen
2532889X_1959-08-15_01_134.tcf.xml-39-12	blumenbach_naturgeschichte_1816-481-20	inferred	0	 	ausspannen
2532889X_1959-08-15_01_134.tcf.xml-39-12	clodius_poetik01_1804-3729-19	inferred	0	 	ausspannen
2532889X_1959-08-15_01_134.tcf.xml-39-12	fontane_brandenburg04_1882-617-18	inferred	0	 	ausspannen
2532889X_1959-08-15_01_134.tcf.xml-39-12	hug_familie_1896-6016-3	inferred	0	 	ausspannen
2532889X_1959-08-15_01_134.tcf.xml-39-12	laube_europa0201_1837-327-10	inferred	0	 	ausspannen
2532889X_1959-08-15_01_134.tcf.xml-39-12	schroeder_logik01_1890-906-70	inferred	0	 	ausspannen
2532889X_1959-08-15_01_134.tcf.xml-39-12	schubert_naturwissenschaft_1808-1556-30	inferred	0	 	ausspannen
2532889X_1959-08-15_01_134.tcf.xml-39-12	schwab_sagen01_1838-3289-48	inferred	0	 	ausspannen
2532889X_1959-08-15_01_134.tcf.xml-39-12	tieck_phantasus01_1812-2957-35	inferred	0	 	ausspannen
2532889X_1959-08-15_01_134.tcf.xml-39-12	vogt_briefe02_1851-2090-25	inferred	0	 	ausspannen
2532889X_1959-08-15_01_134.tcf.xml-39-12	vogt_briefe02_1851-227-17	inferred	0	 	ausspannen
2532889X_1959-08-15_01_134.tcf.xml-39-12	wrangel_luxusfuhrwerk_1898-454-27	inferred	0	 	ausspannen
2532889X_1959-08-15_01_134.tcf.xml-39-12	wundt_medizinische_1867-3076-13	inferred	0	 	ausspannen
2532889X_1961-02-17_01_046.tcf.xml-35-11	2532889X_1961-10-28_01_150.tcf.xml-8-8	inferred	1	 	ausspannen
2532889X_1961-02-17_01_046.tcf.xml-35-11	2532889X_1966-01-11_01_157.tcf.xml-24-12	inferred	1	 	ausspannen
2532889X_1961-02-17_01_046.tcf.xml-35-11	2532889X_1980-10-18_01_072.tcf.xml-9-15	inferred	0	 	ausspannen
2532889X_1961-02-17_01_046.tcf.xml-35-11	2532889X_1981-05-02_01_137.tcf.xml-113-29	inferred	0	 	ausspannen
2532889X_1961-02-17_01_046.tcf.xml-35-11	2532889X_1982-03-23_01_152.tcf.xml-37-11	inferred	0	 	ausspannen
2532889X_1961-02-17_01_046.tcf.xml-35-11	2532889X_1988-09-29_01_066.tcf.xml-14-10	inferred	1	 	ausspannen
2532889X_1961-02-17_01_046.tcf.xml-35-11	26120215_1954_01_26_01_178.tcf.xml-21-9	inferred	0	 	ausspannen
2532889X_1961-02-17_01_046.tcf.xml-35-11	26120215_1955_12_18_02_208.tcf.xml-34-10	inferred	0	 	ausspannen
2532889X_1961-02-17_01_046.tcf.xml-35-11	26120215_1960_04_15_01_377.tcf.xml-13-12	inferred	0	 	ausspannen
2532889X_1961-02-17_01_046.tcf.xml-35-11	26120215_1970_06_01_01_089.tcf.xml-75-11	inferred	1	 	ausspannen
2532889X_1961-02-17_01_046.tcf.xml-35-11	26120215_1973_08_22_01_053.tcf.xml-18-4	inferred	1	 	ausspannen
2532889X_1961-02-17_01_046.tcf.xml-35-11	26120215_1975_09_02_01_194.tcf.xml-13-12	inferred	1	 	ausspannen
2532889X_1961-02-17_01_046.tcf.xml-35-11	26120215_1985_09_12_01_093.tcf.xml-45-28	inferred	0	 	ausspannen
2532889X_1961-02-17_01_046.tcf.xml-35-11	26120215_1985_11_06_01_226.tcf.xml-36-23	inferred	0	 	ausspannen
2532889X_1961-02-17_01_046.tcf.xml-35-11	26120215_1988_12_20_01_113.tcf.xml-11-4	inferred	0	 	ausspannen
2532889X_1961-02-17_01_046.tcf.xml-35-11	alexis_ruhe04_1852-4102-41	inferred	0	 	ausspannen
2532889X_1961-02-17_01_046.tcf.xml-35-11	baumstark_encyclopaedie_1835-8093-35	inferred	0	 	ausspannen
2532889X_1961-02-17_01_046.tcf.xml-35-11	blumenbach_knochen_1807-2733-21	inferred	0	 	ausspannen
2532889X_1961-02-17_01_046.tcf.xml-35-11	blumenbach_knochen_1807-4106-61	inferred	0	 	ausspannen
2532889X_1961-02-17_01_046.tcf.xml-35-11	blumenbach_naturgeschichte_1807-823-25	inferred	0	 	ausspannen
2532889X_1961-02-17_01_046.tcf.xml-35-11	blumenbach_naturgeschichte_1816-481-20	inferred	0	 	ausspannen
2532889X_1961-02-17_01_046.tcf.xml-35-11	clodius_poetik01_1804-3729-19	inferred	0	 	ausspannen
2532889X_1961-02-17_01_046.tcf.xml-35-11	fontane_brandenburg04_1882-617-18	inferred	0	 	ausspannen
2532889X_1961-02-17_01_046.tcf.xml-35-11	hug_familie_1896-6016-3	inferred	0	 	ausspannen
2532889X_1961-02-17_01_046.tcf.xml-35-11	laube_europa0201_1837-327-10	inferred	0	 	ausspannen
2532889X_1961-02-17_01_046.tcf.xml-35-11	schroeder_logik01_1890-906-70	inferred	0	 	ausspannen
2532889X_1961-02-17_01_046.tcf.xml-35-11	schubert_naturwissenschaft_1808-1556-30	inferred	0	 	ausspannen
2532889X_1961-02-17_01_046.tcf.xml-35-11	schwab_sagen01_1838-3289-48	inferred	0	 	ausspannen
2532889X_1961-02-17_01_046.tcf.xml-35-11	tieck_phantasus01_1812-2957-35	inferred	0	 	ausspannen
2532889X_1961-02-17_01_046.tcf.xml-35-11	vogt_briefe02_1851-2090-25	inferred	0	 	ausspannen
2532889X_1961-02-17_01_046.tcf.xml-35-11	vogt_briefe02_1851-227-17	inferred	0	 	ausspannen
2532889X_1961-02-17_01_046.tcf.xml-35-11	wrangel_luxusfuhrwerk_1898-454-27	inferred	0	 	ausspannen
2532889X_1961-02-17_01_046.tcf.xml-35-11	wundt_medizinische_1867-3076-13	inferred	0	 	ausspannen
2532889X_1961-10-28_01_150.tcf.xml-8-8	2532889X_1966-01-11_01_157.tcf.xml-24-12	inferred	1	 	ausspannen
2532889X_1961-10-28_01_150.tcf.xml-8-8	2532889X_1980-10-18_01_072.tcf.xml-9-15	inferred	0	 	ausspannen
2532889X_1961-10-28_01_150.tcf.xml-8-8	2532889X_1981-05-02_01_137.tcf.xml-113-29	inferred	0	 	ausspannen
2532889X_1961-10-28_01_150.tcf.xml-8-8	2532889X_1982-03-23_01_152.tcf.xml-37-11	inferred	0	 	ausspannen
2532889X_1961-10-28_01_150.tcf.xml-8-8	2532889X_1988-09-29_01_066.tcf.xml-14-10	inferred	1	 	ausspannen
2532889X_1961-10-28_01_150.tcf.xml-8-8	26120215_1954_01_26_01_178.tcf.xml-21-9	inferred	0	 	ausspannen
2532889X_1961-10-28_01_150.tcf.xml-8-8	26120215_1955_12_18_02_208.tcf.xml-34-10	inferred	0	 	ausspannen
2532889X_1961-10-28_01_150.tcf.xml-8-8	26120215_1960_04_15_01_377.tcf.xml-13-12	inferred	0	 	ausspannen
2532889X_1961-10-28_01_150.tcf.xml-8-8	26120215_1970_06_01_01_089.tcf.xml-75-11	inferred	1	 	ausspannen
2532889X_1961-10-28_01_150.tcf.xml-8-8	26120215_1973_08_22_01_053.tcf.xml-18-4	inferred	1	 	ausspannen
2532889X_1961-10-28_01_150.tcf.xml-8-8	26120215_1975_09_02_01_194.tcf.xml-13-12	inferred	1	 	ausspannen
2532889X_1961-10-28_01_150.tcf.xml-8-8	26120215_1985_09_12_01_093.tcf.xml-45-28	inferred	0	 	ausspannen
2532889X_1961-10-28_01_150.tcf.xml-8-8	26120215_1985_11_06_01_226.tcf.xml-36-23	inferred	0	 	ausspannen
2532889X_1961-10-28_01_150.tcf.xml-8-8	26120215_1988_12_20_01_113.tcf.xml-11-4	inferred	0	 	ausspannen
2532889X_1961-10-28_01_150.tcf.xml-8-8	alexis_ruhe04_1852-4102-41	inferred	0	 	ausspannen
2532889X_1961-10-28_01_150.tcf.xml-8-8	baumstark_encyclopaedie_1835-8093-35	inferred	0	 	ausspannen
2532889X_1961-10-28_01_150.tcf.xml-8-8	blumenbach_knochen_1807-2733-21	inferred	0	 	ausspannen
2532889X_1961-10-28_01_150.tcf.xml-8-8	blumenbach_knochen_1807-4106-61	inferred	0	 	ausspannen
2532889X_1961-10-28_01_150.tcf.xml-8-8	blumenbach_naturgeschichte_1807-823-25	inferred	0	 	ausspannen
2532889X_1961-10-28_01_150.tcf.xml-8-8	blumenbach_naturgeschichte_1816-481-20	inferred	0	 	ausspannen
2532889X_1961-10-28_01_150.tcf.xml-8-8	clodius_poetik01_1804-3729-19	inferred	0	 	ausspannen
2532889X_1961-10-28_01_150.tcf.xml-8-8	fontane_brandenburg04_1882-617-18	inferred	0	 	ausspannen
2532889X_1961-10-28_01_150.tcf.xml-8-8	hug_familie_1896-6016-3	inferred	0	 	ausspannen
2532889X_1961-10-28_01_150.tcf.xml-8-8	laube_europa0201_1837-327-10	inferred	0	 	ausspannen
2532889X_1961-10-28_01_150.tcf.xml-8-8	schroeder_logik01_1890-906-70	inferred	0	 	ausspannen
2532889X_1961-10-28_01_150.tcf.xml-8-8	schubert_naturwissenschaft_1808-1556-30	inferred	0	 	ausspannen
2532889X_1961-10-28_01_150.tcf.xml-8-8	schwab_sagen01_1838-3289-48	inferred	0	 	ausspannen
2532889X_1961-10-28_01_150.tcf.xml-8-8	tieck_phantasus01_1812-2957-35	inferred	0	 	ausspannen
2532889X_1961-10-28_01_150.tcf.xml-8-8	vogt_briefe02_1851-2090-25	inferred	0	 	ausspannen
2532889X_1961-10-28_01_150.tcf.xml-8-8	vogt_briefe02_1851-227-17	inferred	0	 	ausspannen
2532889X_1961-10-28_01_150.tcf.xml-8-8	wrangel_luxusfuhrwerk_1898-454-27	inferred	0	 	ausspannen
2532889X_1961-10-28_01_150.tcf.xml-8-8	wundt_medizinische_1867-3076-13	inferred	0	 	ausspannen
2532889X_1966-01-11_01_157.tcf.xml-24-12	2532889X_1980-10-18_01_072.tcf.xml-9-15	inferred	0	 	ausspannen
2532889X_1966-01-11_01_157.tcf.xml-24-12	2532889X_1981-05-02_01_137.tcf.xml-113-29	inferred	0	 	ausspannen
2532889X_1966-01-11_01_157.tcf.xml-24-12	2532889X_1982-03-23_01_152.tcf.xml-37-11	inferred	0	 	ausspannen
2532889X_1966-01-11_01_157.tcf.xml-24-12	2532889X_1988-09-29_01_066.tcf.xml-14-10	inferred	1	 	ausspannen
2532889X_1966-01-11_01_157.tcf.xml-24-12	26120215_1954_01_26_01_178.tcf.xml-21-9	inferred	0	 	ausspannen
2532889X_1966-01-11_01_157.tcf.xml-24-12	26120215_1955_12_18_02_208.tcf.xml-34-10	inferred	0	 	ausspannen
2532889X_1966-01-11_01_157.tcf.xml-24-12	26120215_1960_04_15_01_377.tcf.xml-13-12	inferred	0	 	ausspannen
2532889X_1966-01-11_01_157.tcf.xml-24-12	26120215_1970_06_01_01_089.tcf.xml-75-11	inferred	1	 	ausspannen
2532889X_1966-01-11_01_157.tcf.xml-24-12	26120215_1973_08_22_01_053.tcf.xml-18-4	inferred	1	 	ausspannen
2532889X_1966-01-11_01_157.tcf.xml-24-12	26120215_1975_09_02_01_194.tcf.xml-13-12	inferred	1	 	ausspannen
2532889X_1966-01-11_01_157.tcf.xml-24-12	26120215_1985_09_12_01_093.tcf.xml-45-28	inferred	0	 	ausspannen
2532889X_1966-01-11_01_157.tcf.xml-24-12	26120215_1985_11_06_01_226.tcf.xml-36-23	inferred	0	 	ausspannen
2532889X_1966-01-11_01_157.tcf.xml-24-12	26120215_1988_12_20_01_113.tcf.xml-11-4	inferred	0	 	ausspannen
2532889X_1966-01-11_01_157.tcf.xml-24-12	alexis_ruhe04_1852-4102-41	inferred	0	 	ausspannen
2532889X_1966-01-11_01_157.tcf.xml-24-12	baumstark_encyclopaedie_1835-8093-35	inferred	0	 	ausspannen
2532889X_1966-01-11_01_157.tcf.xml-24-12	blumenbach_knochen_1807-2733-21	inferred	0	 	ausspannen
2532889X_1966-01-11_01_157.tcf.xml-24-12	blumenbach_knochen_1807-4106-61	inferred	0	 	ausspannen
2532889X_1966-01-11_01_157.tcf.xml-24-12	blumenbach_naturgeschichte_1807-823-25	inferred	0	 	ausspannen
2532889X_1966-01-11_01_157.tcf.xml-24-12	blumenbach_naturgeschichte_1816-481-20	inferred	0	 	ausspannen
2532889X_1966-01-11_01_157.tcf.xml-24-12	clodius_poetik01_1804-3729-19	inferred	0	 	ausspannen
2532889X_1966-01-11_01_157.tcf.xml-24-12	fontane_brandenburg04_1882-617-18	inferred	0	 	ausspannen
2532889X_1966-01-11_01_157.tcf.xml-24-12	hug_familie_1896-6016-3	inferred	0	 	ausspannen
2532889X_1966-01-11_01_157.tcf.xml-24-12	laube_europa0201_1837-327-10	inferred	0	 	ausspannen
2532889X_1966-01-11_01_157.tcf.xml-24-12	schroeder_logik01_1890-906-70	inferred	0	 	ausspannen
2532889X_1966-01-11_01_157.tcf.xml-24-12	schubert_naturwissenschaft_1808-1556-30	inferred	0	 	ausspannen
2532889X_1966-01-11_01_157.tcf.xml-24-12	schwab_sagen01_1838-3289-48	inferred	0	 	ausspannen
2532889X_1966-01-11_01_157.tcf.xml-24-12	tieck_phantasus01_1812-2957-35	inferred	0	 	ausspannen
2532889X_1966-01-11_01_157.tcf.xml-24-12	vogt_briefe02_1851-2090-25	inferred	0	 	ausspannen
2532889X_1966-01-11_01_157.tcf.xml-24-12	vogt_briefe02_1851-227-17	inferred	0	 	ausspannen
2532889X_1966-01-11_01_157.tcf.xml-24-12	wrangel_luxusfuhrwerk_1898-454-27	inferred	0	 	ausspannen
2532889X_1966-01-11_01_157.tcf.xml-24-12	wundt_medizinische_1867-3076-13	inferred	0	 	ausspannen
2532889X_1980-10-18_01_072.tcf.xml-9-15	2532889X_1981-05-02_01_137.tcf.xml-113-29	inferred	0	 	ausspannen
2532889X_1980-10-18_01_072.tcf.xml-9-15	2532889X_1982-03-23_01_152.tcf.xml-37-11	inferred	0	 	ausspannen
2532889X_1980-10-18_01_072.tcf.xml-9-15	2532889X_1988-09-29_01_066.tcf.xml-14-10	inferred	0	 	ausspannen
2532889X_1980-10-18_01_072.tcf.xml-9-15	26120215_1954_01_26_01_178.tcf.xml-21-9	inferred	0	 	ausspannen
2532889X_1980-10-18_01_072.tcf.xml-9-15	26120215_1955_12_18_02_208.tcf.xml-34-10	inferred	0	 	ausspannen
2532889X_1980-10-18_01_072.tcf.xml-9-15	26120215_1960_04_15_01_377.tcf.xml-13-12	inferred	1	 	ausspannen
2532889X_1980-10-18_01_072.tcf.xml-9-15	26120215_1970_06_01_01_089.tcf.xml-75-11	inferred	0	 	ausspannen
2532889X_1980-10-18_01_072.tcf.xml-9-15	26120215_1973_08_22_01_053.tcf.xml-18-4	inferred	0	 	ausspannen
2532889X_1980-10-18_01_072.tcf.xml-9-15	26120215_1975_09_02_01_194.tcf.xml-13-12	inferred	0	 	ausspannen
2532889X_1980-10-18_01_072.tcf.xml-9-15	26120215_1985_09_12_01_093.tcf.xml-45-28	inferred	0	 	ausspannen
2532889X_1980-10-18_01_072.tcf.xml-9-15	26120215_1985_11_06_01_226.tcf.xml-36-23	inferred	0	 	ausspannen
2532889X_1980-10-18_01_072.tcf.xml-9-15	26120215_1988_12_20_01_113.tcf.xml-11-4	inferred	0	 	ausspannen
2532889X_1980-10-18_01_072.tcf.xml-9-15	alexis_ruhe04_1852-4102-41	inferred	0	 	ausspannen
2532889X_1980-10-18_01_072.tcf.xml-9-15	baumstark_encyclopaedie_1835-8093-35	inferred	0	 	ausspannen
2532889X_1980-10-18_01_072.tcf.xml-9-15	blumenbach_knochen_1807-2733-21	inferred	0	 	ausspannen
2532889X_1980-10-18_01_072.tcf.xml-9-15	blumenbach_knochen_1807-4106-61	inferred	0	 	ausspannen
2532889X_1980-10-18_01_072.tcf.xml-9-15	blumenbach_naturgeschichte_1807-823-25	inferred	0	 	ausspannen
2532889X_1980-10-18_01_072.tcf.xml-9-15	blumenbach_naturgeschichte_1816-481-20	inferred	0	 	ausspannen
2532889X_1980-10-18_01_072.tcf.xml-9-15	clodius_poetik01_1804-3729-19	inferred	0	 	ausspannen
2532889X_1980-10-18_01_072.tcf.xml-9-15	fontane_brandenburg04_1882-617-18	inferred	0	 	ausspannen
2532889X_1980-10-18_01_072.tcf.xml-9-15	hug_familie_1896-6016-3	inferred	0	 	ausspannen
2532889X_1980-10-18_01_072.tcf.xml-9-15	laube_europa0201_1837-327-10	inferred	0	 	ausspannen
2532889X_1980-10-18_01_072.tcf.xml-9-15	schroeder_logik01_1890-906-70	inferred	0	 	ausspannen
2532889X_1980-10-18_01_072.tcf.xml-9-15	schubert_naturwissenschaft_1808-1556-30	inferred	0	 	ausspannen
2532889X_1980-10-18_01_072.tcf.xml-9-15	schwab_sagen01_1838-3289-48	inferred	0	 	ausspannen
2532889X_1980-10-18_01_072.tcf.xml-9-15	tieck_phantasus01_1812-2957-35	inferred	0	 	ausspannen
2532889X_1980-10-18_01_072.tcf.xml-9-15	vogt_briefe02_1851-2090-25	inferred	0	 	ausspannen
2532889X_1980-10-18_01_072.tcf.xml-9-15	vogt_briefe02_1851-227-17	inferred	0	 	ausspannen
2532889X_1980-10-18_01_072.tcf.xml-9-15	wrangel_luxusfuhrwerk_1898-454-27	inferred	0	 	ausspannen
2532889X_1980-10-18_01_072.tcf.xml-9-15	wundt_medizinische_1867-3076-13	inferred	0	 	ausspannen
2532889X_1981-05-02_01_137.tcf.xml-113-29	2532889X_1982-03-23_01_152.tcf.xml-37-11	inferred	1	 	ausspannen
2532889X_1981-05-02_01_137.tcf.xml-113-29	2532889X_1988-09-29_01_066.tcf.xml-14-10	inferred	0	 	ausspannen
2532889X_1981-05-02_01_137.tcf.xml-113-29	26120215_1954_01_26_01_178.tcf.xml-21-9	inferred	0	 	ausspannen
2532889X_1981-05-02_01_137.tcf.xml-113-29	26120215_1955_12_18_02_208.tcf.xml-34-10	inferred	0	 	ausspannen
2532889X_1981-05-02_01_137.tcf.xml-113-29	26120215_1960_04_15_01_377.tcf.xml-13-12	inferred	0	 	ausspannen
2532889X_1981-05-02_01_137.tcf.xml-113-29	26120215_1970_06_01_01_089.tcf.xml-75-11	inferred	0	 	ausspannen
2532889X_1981-05-02_01_137.tcf.xml-113-29	26120215_1973_08_22_01_053.tcf.xml-18-4	inferred	0	 	ausspannen
2532889X_1981-05-02_01_137.tcf.xml-113-29	26120215_1975_09_02_01_194.tcf.xml-13-12	inferred	0	 	ausspannen
2532889X_1981-05-02_01_137.tcf.xml-113-29	26120215_1985_09_12_01_093.tcf.xml-45-28	inferred	0	 	ausspannen
2532889X_1981-05-02_01_137.tcf.xml-113-29	26120215_1985_11_06_01_226.tcf.xml-36-23	inferred	0	 	ausspannen
2532889X_1981-05-02_01_137.tcf.xml-113-29	26120215_1988_12_20_01_113.tcf.xml-11-4	inferred	1	 	ausspannen
2532889X_1981-05-02_01_137.tcf.xml-113-29	alexis_ruhe04_1852-4102-41	inferred	0	 	ausspannen
2532889X_1981-05-02_01_137.tcf.xml-113-29	baumstark_encyclopaedie_1835-8093-35	inferred	0	 	ausspannen
2532889X_1981-05-02_01_137.tcf.xml-113-29	blumenbach_knochen_1807-2733-21	inferred	0	 	ausspannen
2532889X_1981-05-02_01_137.tcf.xml-113-29	blumenbach_knochen_1807-4106-61	inferred	0	 	ausspannen
2532889X_1981-05-02_01_137.tcf.xml-113-29	blumenbach_naturgeschichte_1807-823-25	inferred	0	 	ausspannen
2532889X_1981-05-02_01_137.tcf.xml-113-29	blumenbach_naturgeschichte_1816-481-20	inferred	0	 	ausspannen
2532889X_1981-05-02_01_137.tcf.xml-113-29	clodius_poetik01_1804-3729-19	inferred	0	 	ausspannen
2532889X_1981-05-02_01_137.tcf.xml-113-29	fontane_brandenburg04_1882-617-18	inferred	1	 	ausspannen
2532889X_1981-05-02_01_137.tcf.xml-113-29	hug_familie_1896-6016-3	inferred	0	 	ausspannen
2532889X_1981-05-02_01_137.tcf.xml-113-29	laube_europa0201_1837-327-10	inferred	1	 	ausspannen
2532889X_1981-05-02_01_137.tcf.xml-113-29	schroeder_logik01_1890-906-70	inferred	0	 	ausspannen
2532889X_1981-05-02_01_137.tcf.xml-113-29	schubert_naturwissenschaft_1808-1556-30	inferred	0	 	ausspannen
2532889X_1981-05-02_01_137.tcf.xml-113-29	schwab_sagen01_1838-3289-48	inferred	0	 	ausspannen
2532889X_1981-05-02_01_137.tcf.xml-113-29	tieck_phantasus01_1812-2957-35	inferred	0	 	ausspannen
2532889X_1981-05-02_01_137.tcf.xml-113-29	vogt_briefe02_1851-2090-25	inferred	0	 	ausspannen
2532889X_1981-05-02_01_137.tcf.xml-113-29	vogt_briefe02_1851-227-17	inferred	0	 	ausspannen
2532889X_1981-05-02_01_137.tcf.xml-113-29	wrangel_luxusfuhrwerk_1898-454-27	inferred	1	 	ausspannen
2532889X_1981-05-02_01_137.tcf.xml-113-29	wundt_medizinische_1867-3076-13	inferred	0	 	ausspannen
2532889X_1982-03-23_01_152.tcf.xml-37-11	2532889X_1988-09-29_01_066.tcf.xml-14-10	inferred	0	 	ausspannen
2532889X_1982-03-23_01_152.tcf.xml-37-11	26120215_1954_01_26_01_178.tcf.xml-21-9	inferred	0	 	ausspannen
2532889X_1982-03-23_01_152.tcf.xml-37-11	26120215_1955_12_18_02_208.tcf.xml-34-10	inferred	0	 	ausspannen
2532889X_1982-03-23_01_152.tcf.xml-37-11	26120215_1960_04_15_01_377.tcf.xml-13-12	inferred	0	 	ausspannen
2532889X_1982-03-23_01_152.tcf.xml-37-11	26120215_1970_06_01_01_089.tcf.xml-75-11	inferred	0	 	ausspannen
2532889X_1982-03-23_01_152.tcf.xml-37-11	26120215_1973_08_22_01_053.tcf.xml-18-4	inferred	0	 	ausspannen
2532889X_1982-03-23_01_152.tcf.xml-37-11	26120215_1975_09_02_01_194.tcf.xml-13-12	inferred	0	 	ausspannen
2532889X_1982-03-23_01_152.tcf.xml-37-11	26120215_1985_09_12_01_093.tcf.xml-45-28	inferred	0	 	ausspannen
2532889X_1982-03-23_01_152.tcf.xml-37-11	26120215_1985_11_06_01_226.tcf.xml-36-23	inferred	0	 	ausspannen
2532889X_1982-03-23_01_152.tcf.xml-37-11	26120215_1988_12_20_01_113.tcf.xml-11-4	inferred	1	 	ausspannen
2532889X_1982-03-23_01_152.tcf.xml-37-11	alexis_ruhe04_1852-4102-41	inferred	0	 	ausspannen
2532889X_1982-03-23_01_152.tcf.xml-37-11	baumstark_encyclopaedie_1835-8093-35	inferred	0	 	ausspannen
2532889X_1982-03-23_01_152.tcf.xml-37-11	blumenbach_knochen_1807-2733-21	inferred	0	 	ausspannen
2532889X_1982-03-23_01_152.tcf.xml-37-11	blumenbach_knochen_1807-4106-61	inferred	0	 	ausspannen
2532889X_1982-03-23_01_152.tcf.xml-37-11	blumenbach_naturgeschichte_1807-823-25	inferred	0	 	ausspannen
2532889X_1982-03-23_01_152.tcf.xml-37-11	blumenbach_naturgeschichte_1816-481-20	inferred	0	 	ausspannen
2532889X_1982-03-23_01_152.tcf.xml-37-11	clodius_poetik01_1804-3729-19	inferred	0	 	ausspannen
2532889X_1982-03-23_01_152.tcf.xml-37-11	fontane_brandenburg04_1882-617-18	inferred	1	 	ausspannen
2532889X_1982-03-23_01_152.tcf.xml-37-11	hug_familie_1896-6016-3	inferred	0	 	ausspannen
2532889X_1982-03-23_01_152.tcf.xml-37-11	laube_europa0201_1837-327-10	inferred	1	 	ausspannen
2532889X_1982-03-23_01_152.tcf.xml-37-11	schroeder_logik01_1890-906-70	inferred	0	 	ausspannen
2532889X_1982-03-23_01_152.tcf.xml-37-11	schubert_naturwissenschaft_1808-1556-30	inferred	0	 	ausspannen
2532889X_1982-03-23_01_152.tcf.xml-37-11	schwab_sagen01_1838-3289-48	inferred	0	 	ausspannen
2532889X_1982-03-23_01_152.tcf.xml-37-11	tieck_phantasus01_1812-2957-35	inferred	0	 	ausspannen
2532889X_1982-03-23_01_152.tcf.xml-37-11	vogt_briefe02_1851-2090-25	inferred	0	 	ausspannen
2532889X_1982-03-23_01_152.tcf.xml-37-11	vogt_briefe02_1851-227-17	inferred	0	 	ausspannen
2532889X_1982-03-23_01_152.tcf.xml-37-11	wrangel_luxusfuhrwerk_1898-454-27	inferred	1	 	ausspannen
2532889X_1982-03-23_01_152.tcf.xml-37-11	wundt_medizinische_1867-3076-13	inferred	0	 	ausspannen
2532889X_1988-09-29_01_066.tcf.xml-14-10	26120215_1954_01_26_01_178.tcf.xml-21-9	inferred	0	 	ausspannen
2532889X_1988-09-29_01_066.tcf.xml-14-10	26120215_1955_12_18_02_208.tcf.xml-34-10	inferred	0	 	ausspannen
2532889X_1988-09-29_01_066.tcf.xml-14-10	26120215_1960_04_15_01_377.tcf.xml-13-12	inferred	0	 	ausspannen
2532889X_1988-09-29_01_066.tcf.xml-14-10	26120215_1970_06_01_01_089.tcf.xml-75-11	inferred	1	 	ausspannen
2532889X_1988-09-29_01_066.tcf.xml-14-10	26120215_1973_08_22_01_053.tcf.xml-18-4	inferred	1	 	ausspannen
2532889X_1988-09-29_01_066.tcf.xml-14-10	26120215_1975_09_02_01_194.tcf.xml-13-12	inferred	1	 	ausspannen
2532889X_1988-09-29_01_066.tcf.xml-14-10	26120215_1985_09_12_01_093.tcf.xml-45-28	inferred	0	 	ausspannen
2532889X_1988-09-29_01_066.tcf.xml-14-10	26120215_1985_11_06_01_226.tcf.xml-36-23	inferred	0	 	ausspannen
2532889X_1988-09-29_01_066.tcf.xml-14-10	26120215_1988_12_20_01_113.tcf.xml-11-4	inferred	0	 	ausspannen
2532889X_1988-09-29_01_066.tcf.xml-14-10	alexis_ruhe04_1852-4102-41	inferred	0	 	ausspannen
2532889X_1988-09-29_01_066.tcf.xml-14-10	baumstark_encyclopaedie_1835-8093-35	inferred	0	 	ausspannen
2532889X_1988-09-29_01_066.tcf.xml-14-10	blumenbach_knochen_1807-2733-21	inferred	0	 	ausspannen
2532889X_1988-09-29_01_066.tcf.xml-14-10	blumenbach_knochen_1807-4106-61	inferred	0	 	ausspannen
2532889X_1988-09-29_01_066.tcf.xml-14-10	blumenbach_naturgeschichte_1807-823-25	inferred	0	 	ausspannen
2532889X_1988-09-29_01_066.tcf.xml-14-10	blumenbach_naturgeschichte_1816-481-20	inferred	0	 	ausspannen
2532889X_1988-09-29_01_066.tcf.xml-14-10	clodius_poetik01_1804-3729-19	inferred	0	 	ausspannen
2532889X_1988-09-29_01_066.tcf.xml-14-10	fontane_brandenburg04_1882-617-18	inferred	0	 	ausspannen
2532889X_1988-09-29_01_066.tcf.xml-14-10	hug_familie_1896-6016-3	inferred	0	 	ausspannen
2532889X_1988-09-29_01_066.tcf.xml-14-10	laube_europa0201_1837-327-10	inferred	0	 	ausspannen
2532889X_1988-09-29_01_066.tcf.xml-14-10	schroeder_logik01_1890-906-70	inferred	0	 	ausspannen
2532889X_1988-09-29_01_066.tcf.xml-14-10	schubert_naturwissenschaft_1808-1556-30	inferred	0	 	ausspannen
2532889X_1988-09-29_01_066.tcf.xml-14-10	schwab_sagen01_1838-3289-48	inferred	0	 	ausspannen
2532889X_1988-09-29_01_066.tcf.xml-14-10	tieck_phantasus01_1812-2957-35	inferred	0	 	ausspannen
2532889X_1988-09-29_01_066.tcf.xml-14-10	vogt_briefe02_1851-2090-25	inferred	0	 	ausspannen
2532889X_1988-09-29_01_066.tcf.xml-14-10	vogt_briefe02_1851-227-17	inferred	0	 	ausspannen
2532889X_1988-09-29_01_066.tcf.xml-14-10	wrangel_luxusfuhrwerk_1898-454-27	inferred	0	 	ausspannen
2532889X_1988-09-29_01_066.tcf.xml-14-10	wundt_medizinische_1867-3076-13	inferred	0	 	ausspannen
26120215_1954_01_26_01_178.tcf.xml-21-9	26120215_1955_12_18_02_208.tcf.xml-34-10	inferred	1	 	ausspannen
26120215_1954_01_26_01_178.tcf.xml-21-9	26120215_1960_04_15_01_377.tcf.xml-13-12	inferred	0	 	ausspannen
26120215_1954_01_26_01_178.tcf.xml-21-9	26120215_1970_06_01_01_089.tcf.xml-75-11	inferred	0	 	ausspannen
26120215_1954_01_26_01_178.tcf.xml-21-9	26120215_1973_08_22_01_053.tcf.xml-18-4	inferred	0	 	ausspannen
26120215_1954_01_26_01_178.tcf.xml-21-9	26120215_1975_09_02_01_194.tcf.xml-13-12	inferred	0	 	ausspannen
26120215_1954_01_26_01_178.tcf.xml-21-9	26120215_1985_09_12_01_093.tcf.xml-45-28	inferred	1	 	ausspannen
26120215_1954_01_26_01_178.tcf.xml-21-9	26120215_1985_11_06_01_226.tcf.xml-36-23	inferred	1	 	ausspannen
26120215_1954_01_26_01_178.tcf.xml-21-9	26120215_1988_12_20_01_113.tcf.xml-11-4	inferred	0	 	ausspannen
26120215_1954_01_26_01_178.tcf.xml-21-9	alexis_ruhe04_1852-4102-41	inferred	1	 	ausspannen
26120215_1954_01_26_01_178.tcf.xml-21-9	baumstark_encyclopaedie_1835-8093-35	inferred	1	 	ausspannen
26120215_1954_01_26_01_178.tcf.xml-21-9	blumenbach_knochen_1807-2733-21	inferred	1	 	ausspannen
26120215_1954_01_26_01_178.tcf.xml-21-9	blumenbach_knochen_1807-4106-61	inferred	1	 	ausspannen
26120215_1954_01_26_01_178.tcf.xml-21-9	blumenbach_naturgeschichte_1807-823-25	inferred	1	 	ausspannen
26120215_1954_01_26_01_178.tcf.xml-21-9	blumenbach_naturgeschichte_1816-481-20	inferred	1	 	ausspannen
26120215_1954_01_26_01_178.tcf.xml-21-9	clodius_poetik01_1804-3729-19	inferred	1	 	ausspannen
26120215_1954_01_26_01_178.tcf.xml-21-9	fontane_brandenburg04_1882-617-18	inferred	0	 	ausspannen
26120215_1954_01_26_01_178.tcf.xml-21-9	hug_familie_1896-6016-3	inferred	1	 	ausspannen
26120215_1954_01_26_01_178.tcf.xml-21-9	laube_europa0201_1837-327-10	inferred	0	 	ausspannen
26120215_1954_01_26_01_178.tcf.xml-21-9	schroeder_logik01_1890-906-70	inferred	1	 	ausspannen
26120215_1954_01_26_01_178.tcf.xml-21-9	schubert_naturwissenschaft_1808-1556-30	inferred	1	 	ausspannen
26120215_1954_01_26_01_178.tcf.xml-21-9	schwab_sagen01_1838-3289-48	inferred	1	 	ausspannen
26120215_1954_01_26_01_178.tcf.xml-21-9	tieck_phantasus01_1812-2957-35	inferred	1	 	ausspannen
26120215_1954_01_26_01_178.tcf.xml-21-9	vogt_briefe02_1851-2090-25	inferred	1	 	ausspannen
26120215_1954_01_26_01_178.tcf.xml-21-9	vogt_briefe02_1851-227-17	inferred	1	 	ausspannen
26120215_1954_01_26_01_178.tcf.xml-21-9	wrangel_luxusfuhrwerk_1898-454-27	inferred	0	 	ausspannen
26120215_1954_01_26_01_178.tcf.xml-21-9	wundt_medizinische_1867-3076-13	inferred	1	 	ausspannen
26120215_1955_12_18_02_208.tcf.xml-34-10	26120215_1960_04_15_01_377.tcf.xml-13-12	inferred	0	 	ausspannen
26120215_1955_12_18_02_208.tcf.xml-34-10	26120215_1970_06_01_01_089.tcf.xml-75-11	inferred	0	 	ausspannen
26120215_1955_12_18_02_208.tcf.xml-34-10	26120215_1973_08_22_01_053.tcf.xml-18-4	inferred	0	 	ausspannen
26120215_1955_12_18_02_208.tcf.xml-34-10	26120215_1975_09_02_01_194.tcf.xml-13-12	inferred	0	 	ausspannen
26120215_1955_12_18_02_208.tcf.xml-34-10	26120215_1985_09_12_01_093.tcf.xml-45-28	inferred	1	 	ausspannen
26120215_1955_12_18_02_208.tcf.xml-34-10	26120215_1985_11_06_01_226.tcf.xml-36-23	inferred	1	 	ausspannen
26120215_1955_12_18_02_208.tcf.xml-34-10	26120215_1988_12_20_01_113.tcf.xml-11-4	inferred	0	 	ausspannen
26120215_1955_12_18_02_208.tcf.xml-34-10	alexis_ruhe04_1852-4102-41	inferred	1	 	ausspannen
26120215_1955_12_18_02_208.tcf.xml-34-10	baumstark_encyclopaedie_1835-8093-35	inferred	1	 	ausspannen
26120215_1955_12_18_02_208.tcf.xml-34-10	blumenbach_knochen_1807-2733-21	inferred	1	 	ausspannen
26120215_1955_12_18_02_208.tcf.xml-34-10	blumenbach_knochen_1807-4106-61	inferred	1	 	ausspannen
26120215_1955_12_18_02_208.tcf.xml-34-10	blumenbach_naturgeschichte_1807-823-25	inferred	1	 	ausspannen
26120215_1955_12_18_02_208.tcf.xml-34-10	blumenbach_naturgeschichte_1816-481-20	inferred	1	 	ausspannen
26120215_1955_12_18_02_208.tcf.xml-34-10	clodius_poetik01_1804-3729-19	inferred	1	 	ausspannen
26120215_1955_12_18_02_208.tcf.xml-34-10	fontane_brandenburg04_1882-617-18	inferred	0	 	ausspannen
26120215_1955_12_18_02_208.tcf.xml-34-10	hug_familie_1896-6016-3	inferred	1	 	ausspannen
26120215_1955_12_18_02_208.tcf.xml-34-10	laube_europa0201_1837-327-10	inferred	0	 	ausspannen
26120215_1955_12_18_02_208.tcf.xml-34-10	schroeder_logik01_1890-906-70	inferred	1	 	ausspannen
26120215_1955_12_18_02_208.tcf.xml-34-10	schubert_naturwissenschaft_1808-1556-30	inferred	1	 	ausspannen
26120215_1955_12_18_02_208.tcf.xml-34-10	schwab_sagen01_1838-3289-48	inferred	1	 	ausspannen
26120215_1955_12_18_02_208.tcf.xml-34-10	tieck_phantasus01_1812-2957-35	inferred	1	 	ausspannen
26120215_1955_12_18_02_208.tcf.xml-34-10	vogt_briefe02_1851-2090-25	inferred	1	 	ausspannen
26120215_1955_12_18_02_208.tcf.xml-34-10	vogt_briefe02_1851-227-17	inferred	1	 	ausspannen
26120215_1955_12_18_02_208.tcf.xml-34-10	wrangel_luxusfuhrwerk_1898-454-27	inferred	0	 	ausspannen
26120215_1955_12_18_02_208.tcf.xml-34-10	wundt_medizinische_1867-3076-13	inferred	1	 	ausspannen
26120215_1960_04_15_01_377.tcf.xml-13-12	26120215_1970_06_01_01_089.tcf.xml-75-11	inferred	0	 	ausspannen
26120215_1960_04_15_01_377.tcf.xml-13-12	26120215_1973_08_22_01_053.tcf.xml-18-4	inferred	0	 	ausspannen
26120215_1960_04_15_01_377.tcf.xml-13-12	26120215_1975_09_02_01_194.tcf.xml-13-12	inferred	0	 	ausspannen
26120215_1960_04_15_01_377.tcf.xml-13-12	26120215_1985_09_12_01_093.tcf.xml-45-28	inferred	0	 	ausspannen
26120215_1960_04_15_01_377.tcf.xml-13-12	26120215_1985_11_06_01_226.tcf.xml-36-23	inferred	0	 	ausspannen
26120215_1960_04_15_01_377.tcf.xml-13-12	26120215_1988_12_20_01_113.tcf.xml-11-4	inferred	0	 	ausspannen
26120215_1960_04_15_01_377.tcf.xml-13-12	alexis_ruhe04_1852-4102-41	inferred	0	 	ausspannen
26120215_1960_04_15_01_377.tcf.xml-13-12	baumstark_encyclopaedie_1835-8093-35	inferred	0	 	ausspannen
26120215_1960_04_15_01_377.tcf.xml-13-12	blumenbach_knochen_1807-2733-21	inferred	0	 	ausspannen
26120215_1960_04_15_01_377.tcf.xml-13-12	blumenbach_knochen_1807-4106-61	inferred	0	 	ausspannen
26120215_1960_04_15_01_377.tcf.xml-13-12	blumenbach_naturgeschichte_1807-823-25	inferred	0	 	ausspannen
26120215_1960_04_15_01_377.tcf.xml-13-12	blumenbach_naturgeschichte_1816-481-20	inferred	0	 	ausspannen
26120215_1960_04_15_01_377.tcf.xml-13-12	clodius_poetik01_1804-3729-19	inferred	0	 	ausspannen
26120215_1960_04_15_01_377.tcf.xml-13-12	fontane_brandenburg04_1882-617-18	inferred	0	 	ausspannen
26120215_1960_04_15_01_377.tcf.xml-13-12	hug_familie_1896-6016-3	inferred	0	 	ausspannen
26120215_1960_04_15_01_377.tcf.xml-13-12	laube_europa0201_1837-327-10	inferred	0	 	ausspannen
26120215_1960_04_15_01_377.tcf.xml-13-12	schroeder_logik01_1890-906-70	inferred	0	 	ausspannen
26120215_1960_04_15_01_377.tcf.xml-13-12	schubert_naturwissenschaft_1808-1556-30	inferred	0	 	ausspannen
26120215_1960_04_15_01_377.tcf.xml-13-12	schwab_sagen01_1838-3289-48	inferred	0	 	ausspannen
26120215_1960_04_15_01_377.tcf.xml-13-12	tieck_phantasus01_1812-2957-35	inferred	0	 	ausspannen
26120215_1960_04_15_01_377.tcf.xml-13-12	vogt_briefe02_1851-2090-25	inferred	0	 	ausspannen
26120215_1960_04_15_01_377.tcf.xml-13-12	vogt_briefe02_1851-227-17	inferred	0	 	ausspannen
26120215_1960_04_15_01_377.tcf.xml-13-12	wrangel_luxusfuhrwerk_1898-454-27	inferred	0	 	ausspannen
26120215_1960_04_15_01_377.tcf.xml-13-12	wundt_medizinische_1867-3076-13	inferred	0	 	ausspannen
26120215_1970_06_01_01_089.tcf.xml-75-11	26120215_1973_08_22_01_053.tcf.xml-18-4	inferred	1	 	ausspannen
26120215_1970_06_01_01_089.tcf.xml-75-11	26120215_1975_09_02_01_194.tcf.xml-13-12	inferred	1	 	ausspannen
26120215_1970_06_01_01_089.tcf.xml-75-11	26120215_1985_09_12_01_093.tcf.xml-45-28	inferred	0	 	ausspannen
26120215_1970_06_01_01_089.tcf.xml-75-11	26120215_1985_11_06_01_226.tcf.xml-36-23	inferred	0	 	ausspannen
26120215_1970_06_01_01_089.tcf.xml-75-11	26120215_1988_12_20_01_113.tcf.xml-11-4	inferred	0	 	ausspannen
26120215_1970_06_01_01_089.tcf.xml-75-11	alexis_ruhe04_1852-4102-41	inferred	0	 	ausspannen
26120215_1970_06_01_01_089.tcf.xml-75-11	baumstark_encyclopaedie_1835-8093-35	inferred	0	 	ausspannen
26120215_1970_06_01_01_089.tcf.xml-75-11	blumenbach_knochen_1807-2733-21	inferred	0	 	ausspannen
26120215_1970_06_01_01_089.tcf.xml-75-11	blumenbach_knochen_1807-4106-61	inferred	0	 	ausspannen
26120215_1970_06_01_01_089.tcf.xml-75-11	blumenbach_naturgeschichte_1807-823-25	inferred	0	 	ausspannen
26120215_1970_06_01_01_089.tcf.xml-75-11	blumenbach_naturgeschichte_1816-481-20	inferred	0	 	ausspannen
26120215_1970_06_01_01_089.tcf.xml-75-11	clodius_poetik01_1804-3729-19	inferred	0	 	ausspannen
26120215_1970_06_01_01_089.tcf.xml-75-11	fontane_brandenburg04_1882-617-18	inferred	0	 	ausspannen
26120215_1970_06_01_01_089.tcf.xml-75-11	hug_familie_1896-6016-3	inferred	0	 	ausspannen
26120215_1970_06_01_01_089.tcf.xml-75-11	laube_europa0201_1837-327-10	inferred	0	 	ausspannen
26120215_1970_06_01_01_089.tcf.xml-75-11	schroeder_logik01_1890-906-70	inferred	0	 	ausspannen
26120215_1970_06_01_01_089.tcf.xml-75-11	schubert_naturwissenschaft_1808-1556-30	inferred	0	 	ausspannen
26120215_1970_06_01_01_089.tcf.xml-75-11	schwab_sagen01_1838-3289-48	inferred	0	 	ausspannen
26120215_1970_06_01_01_089.tcf.xml-75-11	tieck_phantasus01_1812-2957-35	inferred	0	 	ausspannen
26120215_1970_06_01_01_089.tcf.xml-75-11	vogt_briefe02_1851-2090-25	inferred	0	 	ausspannen
26120215_1970_06_01_01_089.tcf.xml-75-11	vogt_briefe02_1851-227-17	inferred	0	 	ausspannen
26120215_1970_06_01_01_089.tcf.xml-75-11	wrangel_luxusfuhrwerk_1898-454-27	inferred	0	 	ausspannen
26120215_1970_06_01_01_089.tcf.xml-75-11	wundt_medizinische_1867-3076-13	inferred	0	 	ausspannen
26120215_1973_08_22_01_053.tcf.xml-18-4	26120215_1975_09_02_01_194.tcf.xml-13-12	inferred	1	 	ausspannen
26120215_1973_08_22_01_053.tcf.xml-18-4	26120215_1985_09_12_01_093.tcf.xml-45-28	inferred	0	 	ausspannen
26120215_1973_08_22_01_053.tcf.xml-18-4	26120215_1985_11_06_01_226.tcf.xml-36-23	inferred	0	 	ausspannen
26120215_1973_08_22_01_053.tcf.xml-18-4	26120215_1988_12_20_01_113.tcf.xml-11-4	inferred	0	 	ausspannen
26120215_1973_08_22_01_053.tcf.xml-18-4	alexis_ruhe04_1852-4102-41	inferred	0	 	ausspannen
26120215_1973_08_22_01_053.tcf.xml-18-4	baumstark_encyclopaedie_1835-8093-35	inferred	0	 	ausspannen
26120215_1973_08_22_01_053.tcf.xml-18-4	blumenbach_knochen_1807-2733-21	inferred	0	 	ausspannen
26120215_1973_08_22_01_053.tcf.xml-18-4	blumenbach_knochen_1807-4106-61	inferred	0	 	ausspannen
26120215_1973_08_22_01_053.tcf.xml-18-4	blumenbach_naturgeschichte_1807-823-25	inferred	0	 	ausspannen
26120215_1973_08_22_01_053.tcf.xml-18-4	blumenbach_naturgeschichte_1816-481-20	inferred	0	 	ausspannen
26120215_1973_08_22_01_053.tcf.xml-18-4	clodius_poetik01_1804-3729-19	inferred	0	 	ausspannen
26120215_1973_08_22_01_053.tcf.xml-18-4	fontane_brandenburg04_1882-617-18	inferred	0	 	ausspannen
26120215_1973_08_22_01_053.tcf.xml-18-4	hug_familie_1896-6016-3	inferred	0	 	ausspannen
26120215_1973_08_22_01_053.tcf.xml-18-4	laube_europa0201_1837-327-10	inferred	0	 	ausspannen
26120215_1973_08_22_01_053.tcf.xml-18-4	schroeder_logik01_1890-906-70	inferred	0	 	ausspannen
26120215_1973_08_22_01_053.tcf.xml-18-4	schubert_naturwissenschaft_1808-1556-30	inferred	0	 	ausspannen
26120215_1973_08_22_01_053.tcf.xml-18-4	schwab_sagen01_1838-3289-48	inferred	0	 	ausspannen
26120215_1973_08_22_01_053.tcf.xml-18-4	tieck_phantasus01_1812-2957-35	inferred	0	 	ausspannen
26120215_1973_08_22_01_053.tcf.xml-18-4	vogt_briefe02_1851-2090-25	inferred	0	 	ausspannen
26120215_1973_08_22_01_053.tcf.xml-18-4	vogt_briefe02_1851-227-17	inferred	0	 	ausspannen
26120215_1973_08_22_01_053.tcf.xml-18-4	wrangel_luxusfuhrwerk_1898-454-27	inferred	0	 	ausspannen
26120215_1973_08_22_01_053.tcf.xml-18-4	wundt_medizinische_1867-3076-13	inferred	0	 	ausspannen
26120215_1975_09_02_01_194.tcf.xml-13-12	26120215_1985_09_12_01_093.tcf.xml-45-28	inferred	0	 	ausspannen
26120215_1975_09_02_01_194.tcf.xml-13-12	26120215_1985_11_06_01_226.tcf.xml-36-23	inferred	0	 	ausspannen
26120215_1975_09_02_01_194.tcf.xml-13-12	26120215_1988_12_20_01_113.tcf.xml-11-4	inferred	0	 	ausspannen
26120215_1975_09_02_01_194.tcf.xml-13-12	alexis_ruhe04_1852-4102-41	inferred	0	 	ausspannen
26120215_1975_09_02_01_194.tcf.xml-13-12	baumstark_encyclopaedie_1835-8093-35	inferred	0	 	ausspannen
26120215_1975_09_02_01_194.tcf.xml-13-12	blumenbach_knochen_1807-2733-21	inferred	0	 	ausspannen
26120215_1975_09_02_01_194.tcf.xml-13-12	blumenbach_knochen_1807-4106-61	inferred	0	 	ausspannen
26120215_1975_09_02_01_194.tcf.xml-13-12	blumenbach_naturgeschichte_1807-823-25	inferred	0	 	ausspannen
26120215_1975_09_02_01_194.tcf.xml-13-12	blumenbach_naturgeschichte_1816-481-20	inferred	0	 	ausspannen
26120215_1975_09_02_01_194.tcf.xml-13-12	clodius_poetik01_1804-3729-19	inferred	0	 	ausspannen
26120215_1975_09_02_01_194.tcf.xml-13-12	fontane_brandenburg04_1882-617-18	inferred	0	 	ausspannen
26120215_1975_09_02_01_194.tcf.xml-13-12	hug_familie_1896-6016-3	inferred	0	 	ausspannen
26120215_1975_09_02_01_194.tcf.xml-13-12	laube_europa0201_1837-327-10	inferred	0	 	ausspannen
26120215_1975_09_02_01_194.tcf.xml-13-12	schroeder_logik01_1890-906-70	inferred	0	 	ausspannen
26120215_1975_09_02_01_194.tcf.xml-13-12	schubert_naturwissenschaft_1808-1556-30	inferred	0	 	ausspannen
26120215_1975_09_02_01_194.tcf.xml-13-12	schwab_sagen01_1838-3289-48	inferred	0	 	ausspannen
26120215_1975_09_02_01_194.tcf.xml-13-12	tieck_phantasus01_1812-2957-35	inferred	0	 	ausspannen
26120215_1975_09_02_01_194.tcf.xml-13-12	vogt_briefe02_1851-2090-25	inferred	0	 	ausspannen
26120215_1975_09_02_01_194.tcf.xml-13-12	vogt_briefe02_1851-227-17	inferred	0	 	ausspannen
26120215_1975_09_02_01_194.tcf.xml-13-12	wrangel_luxusfuhrwerk_1898-454-27	inferred	0	 	ausspannen
26120215_1975_09_02_01_194.tcf.xml-13-12	wundt_medizinische_1867-3076-13	inferred	0	 	ausspannen
26120215_1985_09_12_01_093.tcf.xml-45-28	26120215_1985_11_06_01_226.tcf.xml-36-23	inferred	1	 	ausspannen
26120215_1985_09_12_01_093.tcf.xml-45-28	26120215_1988_12_20_01_113.tcf.xml-11-4	inferred	0	 	ausspannen
26120215_1985_09_12_01_093.tcf.xml-45-28	alexis_ruhe04_1852-4102-41	inferred	1	 	ausspannen
26120215_1985_09_12_01_093.tcf.xml-45-28	baumstark_encyclopaedie_1835-8093-35	inferred	1	 	ausspannen
26120215_1985_09_12_01_093.tcf.xml-45-28	blumenbach_knochen_1807-2733-21	inferred	1	 	ausspannen
26120215_1985_09_12_01_093.tcf.xml-45-28	blumenbach_knochen_1807-4106-61	inferred	1	 	ausspannen
26120215_1985_09_12_01_093.tcf.xml-45-28	blumenbach_naturgeschichte_1807-823-25	inferred	1	 	ausspannen
26120215_1985_09_12_01_093.tcf.xml-45-28	blumenbach_naturgeschichte_1816-481-20	inferred	1	 	ausspannen
26120215_1985_09_12_01_093.tcf.xml-45-28	clodius_poetik01_1804-3729-19	inferred	1	 	ausspannen
26120215_1985_09_12_01_093.tcf.xml-45-28	fontane_brandenburg04_1882-617-18	inferred	0	 	ausspannen
26120215_1985_09_12_01_093.tcf.xml-45-28	hug_familie_1896-6016-3	inferred	1	 	ausspannen
26120215_1985_09_12_01_093.tcf.xml-45-28	laube_europa0201_1837-327-10	inferred	0	 	ausspannen
26120215_1985_09_12_01_093.tcf.xml-45-28	schroeder_logik01_1890-906-70	inferred	1	 	ausspannen
26120215_1985_09_12_01_093.tcf.xml-45-28	schubert_naturwissenschaft_1808-1556-30	inferred	1	 	ausspannen
26120215_1985_09_12_01_093.tcf.xml-45-28	schwab_sagen01_1838-3289-48	inferred	1	 	ausspannen
26120215_1985_09_12_01_093.tcf.xml-45-28	tieck_phantasus01_1812-2957-35	inferred	1	 	ausspannen
26120215_1985_09_12_01_093.tcf.xml-45-28	vogt_briefe02_1851-2090-25	inferred	1	 	ausspannen
26120215_1985_09_12_01_093.tcf.xml-45-28	vogt_briefe02_1851-227-17	inferred	1	 	ausspannen
26120215_1985_09_12_01_093.tcf.xml-45-28	wrangel_luxusfuhrwerk_1898-454-27	inferred	0	 	ausspannen
26120215_1985_09_12_01_093.tcf.xml-45-28	wundt_medizinische_1867-3076-13	inferred	1	 	ausspannen
26120215_1985_11_06_01_226.tcf.xml-36-23	26120215_1988_12_20_01_113.tcf.xml-11-4	inferred	0	 	ausspannen
26120215_1985_11_06_01_226.tcf.xml-36-23	alexis_ruhe04_1852-4102-41	inferred	1	 	ausspannen
26120215_1985_11_06_01_226.tcf.xml-36-23	baumstark_encyclopaedie_1835-8093-35	inferred	1	 	ausspannen
26120215_1985_11_06_01_226.tcf.xml-36-23	blumenbach_knochen_1807-2733-21	inferred	1	 	ausspannen
26120215_1985_11_06_01_226.tcf.xml-36-23	blumenbach_knochen_1807-4106-61	inferred	1	 	ausspannen
26120215_1985_11_06_01_226.tcf.xml-36-23	blumenbach_naturgeschichte_1807-823-25	inferred	1	 	ausspannen
26120215_1985_11_06_01_226.tcf.xml-36-23	blumenbach_naturgeschichte_1816-481-20	inferred	1	 	ausspannen
26120215_1985_11_06_01_226.tcf.xml-36-23	clodius_poetik01_1804-3729-19	inferred	1	 	ausspannen
26120215_1985_11_06_01_226.tcf.xml-36-23	fontane_brandenburg04_1882-617-18	inferred	0	 	ausspannen
26120215_1985_11_06_01_226.tcf.xml-36-23	hug_familie_1896-6016-3	inferred	1	 	ausspannen
26120215_1985_11_06_01_226.tcf.xml-36-23	laube_europa0201_1837-327-10	inferred	0	 	ausspannen
26120215_1985_11_06_01_226.tcf.xml-36-23	schroeder_logik01_1890-906-70	inferred	1	 	ausspannen
26120215_1985_11_06_01_226.tcf.xml-36-23	schubert_naturwissenschaft_1808-1556-30	inferred	1	 	ausspannen
26120215_1985_11_06_01_226.tcf.xml-36-23	schwab_sagen01_1838-3289-48	inferred	1	 	ausspannen
26120215_1985_11_06_01_226.tcf.xml-36-23	tieck_phantasus01_1812-2957-35	inferred	1	 	ausspannen
26120215_1985_11_06_01_226.tcf.xml-36-23	vogt_briefe02_1851-2090-25	inferred	1	 	ausspannen
26120215_1985_11_06_01_226.tcf.xml-36-23	vogt_briefe02_1851-227-17	inferred	1	 	ausspannen
26120215_1985_11_06_01_226.tcf.xml-36-23	wrangel_luxusfuhrwerk_1898-454-27	inferred	0	 	ausspannen
26120215_1985_11_06_01_226.tcf.xml-36-23	wundt_medizinische_1867-3076-13	inferred	1	 	ausspannen
26120215_1988_12_20_01_113.tcf.xml-11-4	alexis_ruhe04_1852-4102-41	inferred	0	 	ausspannen
26120215_1988_12_20_01_113.tcf.xml-11-4	baumstark_encyclopaedie_1835-8093-35	inferred	0	 	ausspannen
26120215_1988_12_20_01_113.tcf.xml-11-4	blumenbach_knochen_1807-2733-21	inferred	0	 	ausspannen
26120215_1988_12_20_01_113.tcf.xml-11-4	blumenbach_knochen_1807-4106-61	inferred	0	 	ausspannen
26120215_1988_12_20_01_113.tcf.xml-11-4	blumenbach_naturgeschichte_1807-823-25	inferred	0	 	ausspannen
26120215_1988_12_20_01_113.tcf.xml-11-4	blumenbach_naturgeschichte_1816-481-20	inferred	0	 	ausspannen
26120215_1988_12_20_01_113.tcf.xml-11-4	clodius_poetik01_1804-3729-19	inferred	0	 	ausspannen
26120215_1988_12_20_01_113.tcf.xml-11-4	fontane_brandenburg04_1882-617-18	inferred	1	 	ausspannen
26120215_1988_12_20_01_113.tcf.xml-11-4	hug_familie_1896-6016-3	inferred	0	 	ausspannen
26120215_1988_12_20_01_113.tcf.xml-11-4	laube_europa0201_1837-327-10	inferred	1	 	ausspannen
26120215_1988_12_20_01_113.tcf.xml-11-4	schroeder_logik01_1890-906-70	inferred	0	 	ausspannen
26120215_1988_12_20_01_113.tcf.xml-11-4	schubert_naturwissenschaft_1808-1556-30	inferred	0	 	ausspannen
26120215_1988_12_20_01_113.tcf.xml-11-4	schwab_sagen01_1838-3289-48	inferred	0	 	ausspannen
26120215_1988_12_20_01_113.tcf.xml-11-4	tieck_phantasus01_1812-2957-35	inferred	0	 	ausspannen
26120215_1988_12_20_01_113.tcf.xml-11-4	vogt_briefe02_1851-2090-25	inferred	0	 	ausspannen
26120215_1988_12_20_01_113.tcf.xml-11-4	vogt_briefe02_1851-227-17	inferred	0	 	ausspannen
26120215_1988_12_20_01_113.tcf.xml-11-4	wrangel_luxusfuhrwerk_1898-454-27	inferred	1	 	ausspannen
26120215_1988_12_20_01_113.tcf.xml-11-4	wundt_medizinische_1867-3076-13	inferred	0	 	ausspannen
alexis_ruhe04_1852-4102-41	baumstark_encyclopaedie_1835-8093-35	inferred	1	 	ausspannen
alexis_ruhe04_1852-4102-41	blumenbach_knochen_1807-2733-21	inferred	1	 	ausspannen
alexis_ruhe04_1852-4102-41	blumenbach_knochen_1807-4106-61	inferred	1	 	ausspannen
alexis_ruhe04_1852-4102-41	blumenbach_naturgeschichte_1807-823-25	inferred	1	 	ausspannen
alexis_ruhe04_1852-4102-41	blumenbach_naturgeschichte_1816-481-20	inferred	1	 	ausspannen
alexis_ruhe04_1852-4102-41	clodius_poetik01_1804-3729-19	inferred	1	 	ausspannen
alexis_ruhe04_1852-4102-41	fontane_brandenburg04_1882-617-18	inferred	0	 	ausspannen
alexis_ruhe04_1852-4102-41	hug_familie_1896-6016-3	inferred	1	 	ausspannen
alexis_ruhe04_1852-4102-41	laube_europa0201_1837-327-10	inferred	0	 	ausspannen
alexis_ruhe04_1852-4102-41	schroeder_logik01_1890-906-70	inferred	1	 	ausspannen
alexis_ruhe04_1852-4102-41	schubert_naturwissenschaft_1808-1556-30	inferred	1	 	ausspannen
alexis_ruhe04_1852-4102-41	schwab_sagen01_1838-3289-48	inferred	1	 	ausspannen
alexis_ruhe04_1852-4102-41	tieck_phantasus01_1812-2957-35	inferred	1	 	ausspannen
alexis_ruhe04_1852-4102-41	vogt_briefe02_1851-2090-25	inferred	1	 	ausspannen
alexis_ruhe04_1852-4102-41	vogt_briefe02_1851-227-17	inferred	1	 	ausspannen
alexis_ruhe04_1852-4102-41	wrangel_luxusfuhrwerk_1898-454-27	inferred	0	 	ausspannen
alexis_ruhe04_1852-4102-41	wundt_medizinische_1867-3076-13	inferred	1	 	ausspannen
baumstark_encyclopaedie_1835-8093-35	blumenbach_knochen_1807-2733-21	inferred	1	 	ausspannen
baumstark_encyclopaedie_1835-8093-35	blumenbach_knochen_1807-4106-61	inferred	1	 	ausspannen
baumstark_encyclopaedie_1835-8093-35	blumenbach_naturgeschichte_1807-823-25	inferred	1	 	ausspannen
baumstark_encyclopaedie_1835-8093-35	blumenbach_naturgeschichte_1816-481-20	inferred	1	 	ausspannen
baumstark_encyclopaedie_1835-8093-35	clodius_poetik01_1804-3729-19	inferred	1	 	ausspannen
baumstark_encyclopaedie_1835-8093-35	fontane_brandenburg04_1882-617-18	inferred	0	 	ausspannen
baumstark_encyclopaedie_1835-8093-35	hug_familie_1896-6016-3	inferred	1	 	ausspannen
baumstark_encyclopaedie_1835-8093-35	laube_europa0201_1837-327-10	inferred	0	 	ausspannen
baumstark_encyclopaedie_1835-8093-35	schroeder_logik01_1890-906-70	inferred	1	 	ausspannen
baumstark_encyclopaedie_1835-8093-35	schubert_naturwissenschaft_1808-1556-30	inferred	1	 	ausspannen
baumstark_encyclopaedie_1835-8093-35	schwab_sagen01_1838-3289-48	inferred	1	 	ausspannen
baumstark_encyclopaedie_1835-8093-35	tieck_phantasus01_1812-2957-35	inferred	1	 	ausspannen
baumstark_encyclopaedie_1835-8093-35	vogt_briefe02_1851-2090-25	inferred	1	 	ausspannen
baumstark_encyclopaedie_1835-8093-35	vogt_briefe02_1851-227-17	inferred	1	 	ausspannen
baumstark_encyclopaedie_1835-8093-35	wrangel_luxusfuhrwerk_1898-454-27	inferred	0	 	ausspannen
baumstark_encyclopaedie_1835-8093-35	wundt_medizinische_1867-3076-13	inferred	1	 	ausspannen
blumenbach_knochen_1807-2733-21	blumenbach_knochen_1807-4106-61	inferred	1	 	ausspannen
blumenbach_knochen_1807-2733-21	blumenbach_naturgeschichte_1807-823-25	inferred	1	 	ausspannen
blumenbach_knochen_1807-2733-21	blumenbach_naturgeschichte_1816-481-20	inferred	1	 	ausspannen
blumenbach_knochen_1807-2733-21	clodius_poetik01_1804-3729-19	inferred	1	 	ausspannen
blumenbach_knochen_1807-2733-21	fontane_brandenburg04_1882-617-18	inferred	0	 	ausspannen
blumenbach_knochen_1807-2733-21	hug_familie_1896-6016-3	inferred	1	 	ausspannen
blumenbach_knochen_1807-2733-21	laube_europa0201_1837-327-10	inferred	0	 	ausspannen
blumenbach_knochen_1807-2733-21	schroeder_logik01_1890-906-70	inferred	1	 	ausspannen
blumenbach_knochen_1807-2733-21	schubert_naturwissenschaft_1808-1556-30	inferred	1	 	ausspannen
blumenbach_knochen_1807-2733-21	schwab_sagen01_1838-3289-48	inferred	1	 	ausspannen
blumenbach_knochen_1807-2733-21	tieck_phantasus01_1812-2957-35	inferred	1	 	ausspannen
blumenbach_knochen_1807-2733-21	vogt_briefe02_1851-2090-25	inferred	1	 	ausspannen
blumenbach_knochen_1807-2733-21	vogt_briefe02_1851-227-17	inferred	1	 	ausspannen
blumenbach_knochen_1807-2733-21	wrangel_luxusfuhrwerk_1898-454-27	inferred	0	 	ausspannen
blumenbach_knochen_1807-2733-21	wundt_medizinische_1867-3076-13	inferred	1	 	ausspannen
blumenbach_knochen_1807-4106-61	blumenbach_naturgeschichte_1807-823-25	inferred	1	 	ausspannen
blumenbach_knochen_1807-4106-61	blumenbach_naturgeschichte_1816-481-20	inferred	1	 	ausspannen
blumenbach_knochen_1807-4106-61	clodius_poetik01_1804-3729-19	inferred	1	 	ausspannen
blumenbach_knochen_1807-4106-61	fontane_brandenburg04_1882-617-18	inferred	0	 	ausspannen
blumenbach_knochen_1807-4106-61	hug_familie_1896-6016-3	inferred	1	 	ausspannen
blumenbach_knochen_1807-4106-61	laube_europa0201_1837-327-10	inferred	0	 	ausspannen
blumenbach_knochen_1807-4106-61	schroeder_logik01_1890-906-70	inferred	1	 	ausspannen
blumenbach_knochen_1807-4106-61	schubert_naturwissenschaft_1808-1556-30	inferred	1	 	ausspannen
blumenbach_knochen_1807-4106-61	schwab_sagen01_1838-3289-48	inferred	1	 	ausspannen
blumenbach_knochen_1807-4106-61	tieck_phantasus01_1812-2957-35	inferred	1	 	ausspannen
blumenbach_knochen_1807-4106-61	vogt_briefe02_1851-2090-25	inferred	1	 	ausspannen
blumenbach_knochen_1807-4106-61	vogt_briefe02_1851-227-17	inferred	1	 	ausspannen
blumenbach_knochen_1807-4106-61	wrangel_luxusfuhrwerk_1898-454-27	inferred	0	 	ausspannen
blumenbach_knochen_1807-4106-61	wundt_medizinische_1867-3076-13	inferred	1	 	ausspannen
blumenbach_naturgeschichte_1807-823-25	blumenbach_naturgeschichte_1816-481-20	inferred	1	 	ausspannen
blumenbach_naturgeschichte_1807-823-25	clodius_poetik01_1804-3729-19	inferred	1	 	ausspannen
blumenbach_naturgeschichte_1807-823-25	fontane_brandenburg04_1882-617-18	inferred	0	 	ausspannen
blumenbach_naturgeschichte_1807-823-25	hug_familie_1896-6016-3	inferred	1	 	ausspannen
blumenbach_naturgeschichte_1807-823-25	laube_europa0201_1837-327-10	inferred	0	 	ausspannen
blumenbach_naturgeschichte_1807-823-25	schroeder_logik01_1890-906-70	inferred	1	 	ausspannen
blumenbach_naturgeschichte_1807-823-25	schubert_naturwissenschaft_1808-1556-30	inferred	1	 	ausspannen
blumenbach_naturgeschichte_1807-823-25	schwab_sagen01_1838-3289-48	inferred	1	 	ausspannen
blumenbach_naturgeschichte_1807-823-25	tieck_phantasus01_1812-2957-35	inferred	1	 	ausspannen
blumenbach_naturgeschichte_1807-823-25	vogt_briefe02_1851-2090-25	inferred	1	 	ausspannen
blumenbach_naturgeschichte_1807-823-25	vogt_briefe02_1851-227-17	inferred	1	 	ausspannen
blumenbach_naturgeschichte_1807-823-25	wrangel_luxusfuhrwerk_1898-454-27	inferred	0	 	ausspannen
blumenbach_naturgeschichte_1807-823-25	wundt_medizinische_1867-3076-13	inferred	1	 	ausspannen
blumenbach_naturgeschichte_1816-481-20	clodius_poetik01_1804-3729-19	inferred	1	 	ausspannen
blumenbach_naturgeschichte_1816-481-20	fontane_brandenburg04_1882-617-18	inferred	0	 	ausspannen
blumenbach_naturgeschichte_1816-481-20	hug_familie_1896-6016-3	inferred	1	 	ausspannen
blumenbach_naturgeschichte_1816-481-20	laube_europa0201_1837-327-10	inferred	0	 	ausspannen
blumenbach_naturgeschichte_1816-481-20	schroeder_logik01_1890-906-70	inferred	1	 	ausspannen
blumenbach_naturgeschichte_1816-481-20	schubert_naturwissenschaft_1808-1556-30	inferred	1	 	ausspannen
blumenbach_naturgeschichte_1816-481-20	schwab_sagen01_1838-3289-48	inferred	1	 	ausspannen
blumenbach_naturgeschichte_1816-481-20	tieck_phantasus01_1812-2957-35	inferred	1	 	ausspannen
blumenbach_naturgeschichte_1816-481-20	vogt_briefe02_1851-2090-25	inferred	1	 	ausspannen
blumenbach_naturgeschichte_1816-481-20	vogt_briefe02_1851-227-17	inferred	1	 	ausspannen
blumenbach_naturgeschichte_1816-481-20	wrangel_luxusfuhrwerk_1898-454-27	inferred	0	 	ausspannen
blumenbach_naturgeschichte_1816-481-20	wundt_medizinische_1867-3076-13	inferred	1	 	ausspannen
clodius_poetik01_1804-3729-19	fontane_brandenburg04_1882-617-18	inferred	0	 	ausspannen
clodius_poetik01_1804-3729-19	hug_familie_1896-6016-3	inferred	1	 	ausspannen
clodius_poetik01_1804-3729-19	laube_europa0201_1837-327-10	inferred	0	 	ausspannen
clodius_poetik01_1804-3729-19	schroeder_logik01_1890-906-70	inferred	1	 	ausspannen
clodius_poetik01_1804-3729-19	schubert_naturwissenschaft_1808-1556-30	inferred	1	 	ausspannen
clodius_poetik01_1804-3729-19	schwab_sagen01_1838-3289-48	inferred	1	 	ausspannen
clodius_poetik01_1804-3729-19	tieck_phantasus01_1812-2957-35	inferred	1	 	ausspannen
clodius_poetik01_1804-3729-19	vogt_briefe02_1851-2090-25	inferred	1	 	ausspannen
clodius_poetik01_1804-3729-19	vogt_briefe02_1851-227-17	inferred	1	 	ausspannen
clodius_poetik01_1804-3729-19	wrangel_luxusfuhrwerk_1898-454-27	inferred	0	 	ausspannen
clodius_poetik01_1804-3729-19	wundt_medizinische_1867-3076-13	inferred	1	 	ausspannen
fontane_brandenburg04_1882-617-18	hug_familie_1896-6016-3	inferred	0	 	ausspannen
fontane_brandenburg04_1882-617-18	laube_europa0201_1837-327-10	inferred	1	 	ausspannen
fontane_brandenburg04_1882-617-18	schroeder_logik01_1890-906-70	inferred	0	 	ausspannen
fontane_brandenburg04_1882-617-18	schubert_naturwissenschaft_1808-1556-30	inferred	0	 	ausspannen
fontane_brandenburg04_1882-617-18	schwab_sagen01_1838-3289-48	inferred	0	 	ausspannen
fontane_brandenburg04_1882-617-18	tieck_phantasus01_1812-2957-35	inferred	0	 	ausspannen
fontane_brandenburg04_1882-617-18	vogt_briefe02_1851-2090-25	inferred	0	 	ausspannen
fontane_brandenburg04_1882-617-18	vogt_briefe02_1851-227-17	inferred	0	 	ausspannen
fontane_brandenburg04_1882-617-18	wrangel_luxusfuhrwerk_1898-454-27	inferred	1	 	ausspannen
fontane_brandenburg04_1882-617-18	wundt_medizinische_1867-3076-13	inferred	0	 	ausspannen
hug_familie_1896-6016-3	laube_europa0201_1837-327-10	inferred	0	 	ausspannen
hug_familie_1896-6016-3	schroeder_logik01_1890-906-70	inferred	1	 	ausspannen
hug_familie_1896-6016-3	schubert_naturwissenschaft_1808-1556-30	inferred	1	 	ausspannen
hug_familie_1896-6016-3	schwab_sagen01_1838-3289-48	inferred	1	 	ausspannen
hug_familie_1896-6016-3	tieck_phantasus01_1812-2957-35	inferred	1	 	ausspannen
hug_familie_1896-6016-3	vogt_briefe02_1851-2090-25	inferred	1	 	ausspannen
hug_familie_1896-6016-3	vogt_briefe02_1851-227-17	inferred	1	 	ausspannen
hug_familie_1896-6016-3	wrangel_luxusfuhrwerk_1898-454-27	inferred	0	 	ausspannen
hug_familie_1896-6016-3	wundt_medizinische_1867-3076-13	inferred	1	 	ausspannen
laube_europa0201_1837-327-10	schroeder_logik01_1890-906-70	inferred	0	 	ausspannen
laube_europa0201_1837-327-10	schubert_naturwissenschaft_1808-1556-30	inferred	0	 	ausspannen
laube_europa0201_1837-327-10	schwab_sagen01_1838-3289-48	inferred	0	 	ausspannen
laube_europa0201_1837-327-10	tieck_phantasus01_1812-2957-35	inferred	0	 	ausspannen
laube_europa0201_1837-327-10	vogt_briefe02_1851-2090-25	inferred	0	 	ausspannen
laube_europa0201_1837-327-10	vogt_briefe02_1851-227-17	inferred	0	 	ausspannen
laube_europa0201_1837-327-10	wrangel_luxusfuhrwerk_1898-454-27	inferred	1	 	ausspannen
laube_europa0201_1837-327-10	wundt_medizinische_1867-3076-13	inferred	0	 	ausspannen
schroeder_logik01_1890-906-70	schubert_naturwissenschaft_1808-1556-30	inferred	1	 	ausspannen
schroeder_logik01_1890-906-70	schwab_sagen01_1838-3289-48	inferred	1	 	ausspannen
schroeder_logik01_1890-906-70	tieck_phantasus01_1812-2957-35	inferred	1	 	ausspannen
schroeder_logik01_1890-906-70	vogt_briefe02_1851-2090-25	inferred	1	 	ausspannen
schroeder_logik01_1890-906-70	vogt_briefe02_1851-227-17	inferred	1	 	ausspannen
schroeder_logik01_1890-906-70	wrangel_luxusfuhrwerk_1898-454-27	inferred	0	 	ausspannen
schroeder_logik01_1890-906-70	wundt_medizinische_1867-3076-13	inferred	1	 	ausspannen
schubert_naturwissenschaft_1808-1556-30	schwab_sagen01_1838-3289-48	inferred	1	 	ausspannen
schubert_naturwissenschaft_1808-1556-30	tieck_phantasus01_1812-2957-35	inferred	1	 	ausspannen
schubert_naturwissenschaft_1808-1556-30	vogt_briefe02_1851-2090-25	inferred	1	 	ausspannen
schubert_naturwissenschaft_1808-1556-30	vogt_briefe02_1851-227-17	inferred	1	 	ausspannen
schubert_naturwissenschaft_1808-1556-30	wrangel_luxusfuhrwerk_1898-454-27	inferred	0	 	ausspannen
schubert_naturwissenschaft_1808-1556-30	wundt_medizinische_1867-3076-13	inferred	1	 	ausspannen
schwab_sagen01_1838-3289-48	tieck_phantasus01_1812-2957-35	inferred	1	 	ausspannen
schwab_sagen01_1838-3289-48	vogt_briefe02_1851-2090-25	inferred	1	 	ausspannen
schwab_sagen01_1838-3289-48	vogt_briefe02_1851-227-17	inferred	1	 	ausspannen
schwab_sagen01_1838-3289-48	wrangel_luxusfuhrwerk_1898-454-27	inferred	0	 	ausspannen
schwab_sagen01_1838-3289-48	wundt_medizinische_1867-3076-13	inferred	1	 	ausspannen
tieck_phantasus01_1812-2957-35	vogt_briefe02_1851-2090-25	inferred	1	 	ausspannen
tieck_phantasus01_1812-2957-35	vogt_briefe02_1851-227-17	inferred	1	 	ausspannen
tieck_phantasus01_1812-2957-35	wrangel_luxusfuhrwerk_1898-454-27	inferred	0	 	ausspannen
tieck_phantasus01_1812-2957-35	wundt_medizinische_1867-3076-13	inferred	1	 	ausspannen
vogt_briefe02_1851-2090-25	vogt_briefe02_1851-227-17	inferred	1	 	ausspannen
vogt_briefe02_1851-2090-25	wrangel_luxusfuhrwerk_1898-454-27	inferred	0	 	ausspannen
vogt_briefe02_1851-2090-25	wundt_medizinische_1867-3076-13	inferred	1	 	ausspannen
vogt_briefe02_1851-227-17	wrangel_luxusfuhrwerk_1898-454-27	inferred	0	 	ausspannen
vogt_briefe02_1851-227-17	wundt_medizinische_1867-3076-13	inferred	1	 	ausspannen
wrangel_luxusfuhrwerk_1898-454-27	wundt_medizinische_1867-3076-13	inferred	0	 	ausspannen
