lemma	pos	date	grouping	identifier	description	context	indexes_target_token	indexes_target_sentence	context_tokenized	indexes_target_token_tokenized	indexes_target_sentence_tokenized	context_lemmatized	context_pos	context_normalized
Sensation	NN	1957	2	2532889X_1957-10-06_01_008.tcf.xml-6-6	 	Polinowski bezeichnete die TASS-Meldung als größte Sensation der letzten Jahre.	51:60	0:79	Polinowski bezeichnete die TASS-Meldung als größte Sensation der letzten Jahre .	6	0:11	Polinowski bezeichnen d Tass-Meldung als groß Sensation d letzte Jahr .	NE VVFIN ART NN KOUS ADJA NN ART ADJA NN $.	
Sensation	NN	1964	2	2532889X_1964-11-24_01_060.tcf.xml-5-19	 	Die Burger bauten Stadt und Münster wieder auf. neue Industriewerke entstanden, der Reichtum wuchs, doch die Sensation, von der noch die Enkel sprechen würden, blieb aus.	109:118	0:170	Die Burger bauten Stadt und Münster wieder auf . neue Industriewerke entstanden , der Reichtum wuchs , doch die Sensation , von der noch die Enkel sprechen würden , blieb aus .	19	0:32	d Burger bauen Stadt und Münster wieder auf . neu Industriewerk entstehen , d Reichtum wachsen , doch d Sensation , von die noch d Enkel sprechen werden , bleiben aus .	ART NN VVFIN NN KON NE ADV PTKVZ $. ADJA NN VVPP $, ART NN VVFIN $, ADV ART NN $, APPR PRELS ADV ART NN VVINF VAFIN $, VVFIN PTKVZ $.	
Sensation	NN	1967	2	2532889X_1967-08-07_01_047.tcf.xml-2-5	 	Fernsehen: 10.35 Marktplatz der Sensationen: 11.55 Chilenische Impressionen (2): 15.30 Du und dein Haushalt: 16. 00. Meister des Liedes; 16.30 Ferien mit Pfiff: 17.05 Zu zweit kein Problem; 19.00 Die Umschau: 20.00 Chronik armer Liebesleute, Spielfilm; 21.45 Der schwarze Kanal: 22.09 Heute in Bialystok.	32:43	0:304	Fernsehen : 10.35 Marktplatz der Sensationen : 11.55 Chilenische Impressionen ( 2 ) : 15.30 Du und dein Haushalt : 16. 00. Meister des Liedes ; 16.30 Ferien mit Pfiff : 17.05 Zu zweit kein Problem ; 19.00 Die Umschau : 20.00 Chronik armer Liebesleute , Spielfilm ; 21.45 Der schwarze Kanal : 22.09 Heute in Bialystok .	5	0:58	Fernsehen : 10.35 Marktplatz d Sensation : 11.55 chilenisch Impression ( 2 ) : 15.30 du und dein Haushalt : 16. 00. Meister d Lied ; 16.30 Ferien mit Pfiff : 17.05 zu zweit keine Problem ; 19.00 d Umschau : 20.00 Chronik arm Liebesleute , Spielfilm ; 21.45 d schwarz Kanal : 22.09 heute in Bialystok .	NN $. CARD NN ART NN $. CARD ADJA NN $( CARD $( $. CARD PPER KON PPOSAT NN $. ADJA CARD NN ART NN $. CARD NN APPR NN $. CARD APPR ADJD PIAT NN $. CARD ART NN $. CARD NN ADJA NN $, NN $. CARD ART ADJA NN $. CARD ADV APPR NE $.	
Sensation	NN	1970	2	2532889X_1970-03-16_01_139.tcf.xml-8-49	 	Das Endergebnis war dann aber doch eindeutig, weil die Berliner, vor allem Harald Kratzer und Rainer Würdig, kaum Verständnis für die Schweizer Absichten aufbringen wollten, Mit 18: 8 schafften sie sich einen Vorsprung von zehn Toren, und es wäre in Zürich schon eine Sensation zu nennen, wenn Dynamo nicht das Halbfinale erreichen würde, Vor über 2000 Zuschauern	268:277	0:363	Das Endergebnis war dann aber doch eindeutig , weil die Berliner , vor allem Harald Kratzer und Rainer Würdig , kaum Verständnis für die Schweizer Absichten aufbringen wollten , Mit 18 : 8 schafften sie sich einen Vorsprung von zehn Toren , und es wäre in Zürich schon eine Sensation zu nennen , wenn Dynamo nicht das Halbfinale erreichen würde , Vor über 2000 Zuschauern	49	0:65	d Endeergebnis sein dann aber doch eindeutig , weil d Berliner , vor alle Harald Kratzer und Rainer Würdig , kaum Verständnis für d Schweizer Absicht aufbringen wollen , mit 18 : 8 schaffen sie sich eine Vorsprung von zehn Tor , und es sein in Zürich schon eine Sensation zu nennen , wenn Dynamo nicht d Halbfinale erreichen werden , vor über 2000 Zuschauer	ART NN VAFIN ADV ADV ADV ADJD $, KOUS ART ADJA $, APPR PIS NE NE KON NE NE $, ADV NN APPR ART ADJA NN VVINF VMFIN $, APPR CARD $( CARD VVFIN PPER PRF ART NN APPR CARD NN $, KON PPER VAFIN APPR NE ADV ART NN PTKZU VVINF $, KOUS NN PTKNEG ART NN VVINF VAFIN $, APPR APPR CARD NN	
Sensation	NN	1977	2	2532889X_1977-06-09_01_132.tcf.xml-16-44	 	Was die sogenannten sowjetischen Dissidenten betrifft, die in den letzten Jahren in den USA, speziell im Weißen Haus, so viel Aufmerksamkeit finden, so muß das wiederholt werden, was bereits wohlbekannt ist: Diejenigen, die es nach gefälschten antisowjetischen Sensationen gelüstet, können sich auch noch so sehr mühen, das Gewünschte für das Tatsächliche auszugeben und die Dissidenten als eine „innere Opposition" in der UdSSR darzustellen, sie in den Rang von Schriftstellern und Wissenschaftlern zu erheben, die angeblich wegen ihrer Überzeugungen verfolgt werden: Tatsache bleibt, daß es sich dabei um nichts anderes als um ein Häuf ein ehrloser Menschen handelt, die bereit sind, für dreißig Silberlinge oder noch billiger ihre Heimat zu verraten und sich als Agenten bei westlichen Geheimdiensten zu verdingen.	261:272	0:817	Was die sogenannten sowjetischen Dissidenten betrifft , die in den letzten Jahren in den USA , speziell im Weißen Haus , so viel Aufmerksamkeit finden , so muß das wiederholt werden , was bereits wohlbekannt ist : Diejenigen , die es nach gefälschten antisowjetischen Sensationen gelüstet , können sich auch noch so sehr mühen , das Gewünschte für das Tatsächliche auszugeben und die Dissidenten als eine „ innere Opposition " in der UdSSR darzustellen , sie in den Rang von Schriftstellern und Wissenschaftlern zu erheben , die angeblich wegen ihrer Überzeugungen verfolgt werden : Tatsache bleibt , daß es sich dabei um nichts anderes als um ein Häuf ein ehrloser Menschen handelt , die bereit sind , für dreißig Silberlinge oder noch billiger ihre Heimat zu verraten und sich als Agenten bei westlichen Geheimdiensten zu verdingen .	44	0:137	was d sogenannt sowjetisch Dissident betreffen , die in d letzte Jahr in d Usa , speziell im weiß Haus , so viel Aufmerksamkeit finden , so müssen die wiederholt werden , was bereits wohlbekannt sein : diejenige , die es nach gefälscht antisowjetisch Sensation gelüsten , können sich auch noch so sehr mühen , d Gewünschte für d Tatsächliche ausgeben und d Dissident als eine „ inner Opposition " in d UdSSR darstellen , sie in d Rang von Schriftsteller und Wissenschaftler zu erheben , die angeblich wegen ihr Überzeugung verfolgen werden : Tatsache bleiben , daß es sich dabei um nichts andere als um eine Häufen eine ehrelos Mensch handeln , die bereit sein , für dreißig Silberling oder noch billig ihr Heimat zu verraten und sich als Agent bei westlich Geheimdienst zu verdingen .	PWS ART ADJA ADJA NN VVFIN $, PRELS APPR ART ADJA NN APPR ART NE $, ADJD APPRART ADJA NN $, ADV PIAT NN VVINF $, ADV VMFIN PDS ADJD VAINF $, PRELS ADV ADJD VAFIN $. PDS $, PRELS PPER APPR ADJA ADJA NN VVFIN $, VMFIN PRF ADV ADV ADV ADV VVINF $, ART NN APPR ART NN VVIZU KON ART NN KOKOM ART $( ADJA NN $( APPR ART NN VVIZU $, PPER APPR ART NN APPR NN KON NN PTKZU VVINF $, PRELS ADJD APPR PPOSAT NN VVPP VAINF $. NN VVFIN $, KOUS PPER PRF PAV APPR PIS PIS KOKOM APPR ART NN ART ADJA NN VVFIN $, PRELS ADJD VAFIN $, APPR CARD NN KON ADV ADJD PPOSAT NN PTKZU VVPP KON PRF KOUS NN APPR ADJA NN PTKZU VVINF $.	
Sensation	NN	1988	2	2532889X_1988-02-17_01_026.tcf.xml-12-0	 	Sensation, Halbwahrheiten der 20er, 30er und 40er Jahre, das Abgehen von der	0:9	0:76	Sensation , Halbwahrheiten der 20er , 30er und 40er Jahre , das Abgehen von der	0	0:15	Sensation , Halbwahrheit d 20er , 30er und 40er Jahr , d Abgehen von d	NN $, NN ART ADJA $, ADJA KON ADJA NN $, ART NN APPR ART	
Sensation	NN	1949	2	26120215_1949_11_05_01_260.tcf.xml-3-25	 	Es. gibt neben der üblichen Voltige (Helma Ehlemannj, den gelungenen Pferdedressuren und einem exotischen Potpourri (Herrmann Ullmann) vor allem die Sensation im Löwenkäfig, in den hinein Hano Cimarro seinen Todessprung vollführt, eine doppelt tollkühne Angelegenheit, da die Löwinnen, die tragend sind, alles andere als friedlich gesonnen sind.	149:158	0:345	Es . gibt neben der üblichen Voltige ( Helma Ehlemannj , den gelungenen Pferdedressuren und einem exotischen Potpourri ( Herrmann Ullmann ) vor allem die Sensation im Löwenkäfig , in den hinein Hano Cimarro seinen Todessprung vollführt , eine doppelt tollkühne Angelegenheit , da die Löwinnen , die tragend sind , alles andere als friedlich gesonnen sind .	25	0:58	es . geben neben d üblich Voltige ( Helma Ehlemannj , d gelingen Pferdedressur und eine exotisch Potpourri ( Herrmann Ullmann ) vor alle d Sensation im Löwenkäfig , in die hinein Hano Cimarro seine Todessprung vollführen , eine doppelt tollkühn Angelegenheit , da d Löwin , die tragen sein , alle andere als friedlich sinnen sein .	PPER $. VVFIN APPR ART ADJA NN $( NE NE $, ART ADJA NN KON ART ADJA NN $( NE NE $( APPR PIS ART NN APPRART NN $, APPR PRELS ADV NE NE PPOSAT NN VVFIN $, ART ADJD ADJA NN $, KOUS ART NN $, PRELS VVPP VAFIN $, PIS PIS KOKOM ADJD VVPP VAFIN $.	
Sensation	NN	1950	2	26120215_1950_09_06_01_040.tcf.xml-10-13	 	Ehrlicher Wille mag bei der Produktion dieses Streifens geholfen haben, der keineswegs Sensationen bringt.	87:98	0:106	Ehrlicher Wille mag bei der Produktion dieses Streifens geholfen haben , der keineswegs Sensationen bringt .	13	0:16	ehrlich Wille mögen bei d Produktion diese Streifen helfen haben , die keineswegs Sensation bringen .	ADJA NN VMFIN APPR ART NN PDAT NN VVPP VAINF $, PRELS ADV NN VVFIN $.	
Sensation	NN	1951	2	26120215_1951_01_18_01_174.tcf.xml-5-17	 	Auch gestern wurde dem begeisterten Publikum und den Lesern der Westpresse wieder — wie angekündigt — eine Sensation serviert, die es in sich hatte.	107:116	0:148	Auch gestern wurde dem begeisterten Publikum und den Lesern der Westpresse wieder — wie angekündigt — eine Sensation serviert , die es in sich hatte .	17	0:26	auch gestern werden d begeistert Publikum und d Leser d Westenpresse wieder — wie ankündigen — eine Sensation servieren , die es in sich haben .	ADV ADV VAFIN ART ADJA NN KON ART NN ART NN ADV $( PWAV VVPP $( ART NN VVPP $, PRELS PPER APPR PRF VAFIN $.	
Sensation	NN	1951	2	26120215_1951_12_12_01_041.tcf.xml-11-1	 	Die Sensation in der dritten Runde der Berliner Schach-Mannschaftsmeisterschaft brachte die zum großen Teil aus jungen Nachwuchs-^ sPielern bestehende Mannschaft von Union	4:13	0:171	Die Sensation in der dritten Runde der Berliner Schach-Mannschaftsmeisterschaft brachte die zum großen Teil aus jungen Nachwuchs-^ sPielern bestehende Mannschaft von Union	1	0:22	d Sensation in d dritt Runde d berliner Schach-Mannschaftsmeisterschaft bringen d zum groß Teil aus jung Nachwuchs-^ Spielern bestehend Mannschaft von Union	ART NN APPR ART ADJA NN ART ADJA NN VVFIN ART APPRART ADJA NN APPR ADJA NN NE ADJA NN APPR NN	
Sensation	NN	1952	2	26120215_1952_04_24_01_036.tcf.xml-4-33	 	„Reporter des Satans" — auch viele Filmschreiber in Hollywood verdienten diesen Namen, die Verfälscher der Wahrheit, die Traumhändler und Giftverkäufer, die Ausbeuter der Kriminalaffären und Anpreiser der lüsternen Sensationen.	215:226	0:227	„ Reporter des Satans " — auch viele Filmschreiber in Hollywood verdienten diesen Namen , die Verfälscher der Wahrheit , die Traumhändler und Giftverkäufer , die Ausbeuter der Kriminalaffären und Anpreiser der lüsternen Sensationen .	33	0:35	„ Reporter d Satan " — auch viel Filmschreiber in Hollywood verdienen diese Namen , d Verfälscher d Wahrheit , d Traumhändler und Giftverkäufer , d Ausbeuter d Kriminalaffäre und Anpreiser d lüstern Sensation .	$( NN ART NN $( $( ADV PIAT NN APPR NE VVFIN PDAT NN $, ART NN ART NN $, ART NN KON NN $, ART NN ART NN KON NN ART ADJA NN $.	
Sensation	NN	1954	2	26120215_1954_06_09_01_082.tcf.xml-58-14	 	Zwei Spitzennummern: drei Frank «, Tänzer auf dem Drahtseil und (die Sensation des Programms)	69:78	0:93	Zwei Spitzennummern : drei Frank « , Tänzer auf dem Drahtseil und ( die Sensation des Programms )	14	0:18	zwei Spitzennummer : drei Frank « , Tänzer auf d Drahtseil und ( d Sensation d Programm )	CARD NN $. CARD NE $( $, NN APPR ART NN KON $( ART NN ART NN $(	
Sensation	NN	1955	2	26120215_1955_07_20_01_038.tcf.xml-44-6	 	Hier herrscht die Gier nach der Sensation, man versucht nicht einen Aueenblick Tatmotive zu finden, erklärt nichts, will nichts erklaren.	32:41	0:137	Hier herrscht die Gier nach der Sensation , man versucht nicht einen Aueenblick Tatmotive zu finden , erklärt nichts , will nichts erklaren .	6	0:24	hier herrschen d Gier nach d Sensation , man versuchen nicht eine aueenblick Tatmotiv zu finden , erklären nichts , wollen nichts Erklaren .	ADV VVFIN ART NN APPR ART NN $, PIS VVFIN PTKNEG ART ADJA NN PTKZU VVINF $, VVFIN PIS $, VMFIN PIS NE $.	
Sensation	NN	1956	2	26120215_1956_02_04_01_099.tcf.xml-41-3	 	Sie wollte die Sensation dieses Verhältnisses auskosten, das auch für sie neu war, seit sie das erstemal über Nacht geblieben war und daheim eine Freundin als Ausrede gebraucht hatte, Heute mußte die Feundin zum drittenmal herhalten.	15:24	0:233	Sie wollte die Sensation dieses Verhältnisses auskosten , das auch für sie neu war , seit sie das erstemal über Nacht geblieben war und daheim eine Freundin als Ausrede gebraucht hatte , Heute mußte die Feundin zum drittenmal herhalten .	3	0:40	sie wollen d Sensation diese Verhältnis auskosten , die auch für sie neu sein , seit sie d Erstemal über Nacht bleiben sein und daheim eine Freundin als Ausrede gebrauchen haben , heute müssen d Feundin zum drittenmal herhalten .	PPER VMFIN ART NN PDAT NN VVINF $, PRELS ADV APPR PPER ADJD VAFIN $, KOUS PPER ART NN APPR NN VVPP VAFIN KON ADV ART NN KOUS NN VVPP VAFIN $, ADV VMFIN ART NN APPRART ADV VVINF $.	
Sensation	NN	1959	2	26120215_1959_07_15_01_007.tcf.xml-3-2	 	Als eine Sensation und ein neues sicheres Anzeichen für die Isolierung Bo nns wurde am Dienstag in Genf die vorzeitige Veröffe ntlichung eines Memorandums der Bonner Regierung an die Westmächte gewertet.	9:18	0:203	Als eine Sensation und ein neues sicheres Anzeichen für die Isolierung Bo nns wurde am Dienstag in Genf die vorzeitige Veröffe ntlichung eines Memorandums der Bonner Regierung an die Westmächte gewertet .	2	0:32	als eine Sensation und eine neu sicher Anzeichen für d Isolierung Bo Nns werden am Dienstag in Genf d vorzeitig Veröffe Ntlichung eine Memorandum d bonner Regierung an d Westmächte werten .	KOUS ART NN KON ART ADJA ADJA NN APPR ART NN NE NE VAFIN APPRART NN APPR NE ART ADJA NE NE ART NN ART ADJA NN APPR ART NN VVPP $.	
Sensation	NN	1960	2	26120215_1960_09_10_01_097.tcf.xml-1-4	 	Für eine echte olympische Sensation sorgten gestern Pakistans Hokkeyspieler. als sie Indien, den Abonnementssieger seit seinem erstmaligen Auftreten 1928 in Amsterdam, mit 1:0 bezwangen,.wer allerdings die vorangegangenen Kämpfe der Inder verfolgt hatte, wird kaum überrascht gewesen sein.	26:35	0:289	Für eine echte olympische Sensation sorgten gestern Pakistans Hokkeyspieler . als sie Indien , den Abonnementssieger seit seinem erstmaligen Auftreten 1928 in Amsterdam , mit 1:0 bezwangen , .wer allerdings die vorangegangenen Kämpfe der Inder verfolgt hatte , wird kaum überrascht gewesen sein .	4	0:44	für eine echt olympisch Sensation sorgen gestern Pakistan Hokkeyspieler . als sie Indien , d Abonnementssieger seit seine erstmalig Auftreten 1928 in Amsterdam , mit 1:0 bezwingen , .wer allerdings d vorangegehen Kampf d Inder verfolgen haben , werden kaum überraschen sein sein .	APPR ART ADJA ADJA NN VVFIN ADV NE NE $. KOUS PPER NE $, ART NN APPR PPOSAT ADJA NN CARD APPR NE $, APPR CARD VVFIN $, VVFIN ADV ART ADJA NN ART NN VVPP VAFIN $, VAFIN ADV VVPP VAPP VAINF $.	
Sensation	NN	1964	2	26120215_1964_01_05_01_199.tcf.xml-6-3	 	So phantastisch und Sensationen diese Hinweise wirken mögen, so ist doch dies alles relativ bescheiden, wenn man daran denkt, was von der Kybernetik ko wird, dieser heute jungen Wissenschaft von den Steuerungs-und Regelungsvorgängen in dynamischen Systemen.	20:31	0:257	So phantastisch und Sensationen diese Hinweise wirken mögen , so ist doch dies alles relativ bescheiden , wenn man daran denkt , was von der Kybernetik ko wird , dieser heute jungen Wissenschaft von den Steuerungs- und Regelungsvorgängen in dynamischen Systemen .	3	0:42	so phantastisch und Sensation diese Hinweis wirken mögen , so sein doch diese alle relativ bescheiden , wenn man daran denken , was von d Kybernetik Ko werden , diese heute jung Wissenschaft von d steuerungs- und Regelungsvorgang in dynamisch System .	ADV ADJD KON NN PDAT NN VVINF VMFIN $, ADV VAFIN ADV PDS PIS ADJD ADJD $, KOUS PIS PAV VVFIN $, PRELS APPR ART NN NE VAFIN $, PDAT ADV ADJA NN APPR ART TRUNC KON NN APPR ADJA NN $.	
Sensation	NN	1970	2	26120215_1970_07_20_01_086.tcf.xml-16-8	 	Ingrids Doppelschraubensalto war damals bei den Frauen eine Sensation, doch heute springen viele Mädchen den Schraubensalto bereits mit einer dreifachen Drehung.	60:69	0:161	Ingrids Doppelschraubensalto war damals bei den Frauen eine Sensation , doch heute springen viele Mädchen den Schraubensalto bereits mit einer dreifachen Drehung .	8	0:23	Ingrid Doppelschraubensalto sein damals bei d Frau eine Sensation , doch heute springen viel Mädchen d Schraubensalto bereits mit eine dreifach Drehung .	NE NN VAFIN ADV APPR ART NN ART NN $, KON ADV VVFIN PIAT NN ART NN ADV APPR ART ADJA NN $.	
Sensation	NN	1970	2	26120215_1970_11_18_01_030.tcf.xml-14-5	 	.. Das ist eme echte Sensation von höchstem wissenschaftlichem Wert.	21:30	0:68	.. Das ist eme echte Sensation von höchstem wissenschaftlichem Wert .	5	0:11	.. die sein Eme echt Sensation von hoch wissenschaftlich Wert .	$( PDS VAFIN NE ADJA NN APPR ADJA ADJA NN $.	
Sensation	NN	1971	2	26120215_1971_07_16_01_102.tcf.xml-2-1	 	Eine Sensation, die jeder Besucher der Weltstadt Berlin gesehen haben mußte, war das orientalische „Cafe Ef! i' \ Ecke Friedrich-und Leipziger Straße, das ein betriebsamer Türke hingezaubert hatte.	5:14	0:197	Eine Sensation , die jeder Besucher der Weltstadt Berlin gesehen haben mußte , war das orientalische „ Cafe Ef ! i' \ Ecke Friedrich- und Leipziger Straße , das ein betriebsamer Türke hingezaubert hatte .	1	0:35	eine Sensation , die jede Besucher d Weltstadt Berlin sehen haben müssen , sein d orientalisch „ Cafe ef ! i' \ Ecke friedrich- und leipziger Straße , die eine betriebsam Türke hinzaubern haben .	ART NN $, PRELS PIAT NN ART NN NE VVPP VAINF VMFIN $, VAFIN ART ADJA $( NN XY $. XY $( NN TRUNC KON ADJA NN $, PRELS ART ADJA NN VVPP VAFIN $.	
Sensation	NN	1974	2	26120215_1974_07_11_01_188.tcf.xml-31-2	 	Denn nicht Sensationen nimmt die neue Sendereihe ins Visier, sondern die Schönheit des Alltäglichen, ausgedrückt in charakteristischen Begebenheiten.	11:22	0:149	Denn nicht Sensationen nimmt die neue Sendereihe ins Visier , sondern die Schönheit des Alltäglichen , ausgedrückt in charakteristischen Begebenheiten .	2	0:21	denn nicht Sensation nehmen d neu Sendereihe ins Visier , sondern d Schönheit d Alltägliche , ausdrücken in charakteristisch Begebenheit .	KON PTKNEG NN VVFIN ART ADJA NN APPRART NN $, KON ART NN ART NN $, VVPP APPR ADJA NN $.	
Sensation	NN	1974	2	26120215_1974_12_09_01_020.tcf.xml-4-16	 	Rostokteef Zoologischen Garten hat nach Ihrem legendären Wurf von Siebenlingen im Jahre 1970 für eine erneute Sensation gesorgt.	110:119	0:128	Rostokteef Zoologischen Garten hat nach Ihrem legendären Wurf von Siebenlingen im Jahre 1970 für eine erneute Sensation gesorgt .	16	0:19	Rostokteef zoologisch Garten haben nach ihr legendär Wurf von Siebenlingen im Jahr 1970 für eine erneut Sensation sorgen .	NE ADJA NN VAFIN APPR PPOSAT ADJA NN APPR NN APPRART NN CARD APPR ART ADJA NN VVPP $.	
Sensation	NN	1978	2	26120215_1978_01_18_01_122.tcf.xml-5-5	 	Was das Weltall an optischen Sensationen jedoch der wachsenden Interessentenschar 1977 kamen 60150 Besucher zu 1406 Veranstaltungen — schuldig bleibt, das macht das Sternwarten-Kollektiv doppelt wett; mit interessanten Vorträgen, Filmen, thematischen Veranstaltungen, Führungen.	29:40	0:278	Was das Weltall an optischen Sensationen jedoch der wachsenden Interessentenschar 1977 kamen 60150 Besucher zu 1406 Veranstaltungen — schuldig bleibt , das macht das Sternwarten-Kollektiv doppelt wett ; mit interessanten Vorträgen , Filmen , thematischen Veranstaltungen , Führungen .	5	0:39	was d Weltall an optisch Sensation jedoch d wachsend Interessentenschar 1977 kommen 60150 Besucher zu 1406 Veranstaltung — schuldig bleiben , die machen d Sternwarten-Kollektiv doppelt wett ; mit interessant Vortrag , Film , thematisch Veranstaltung , Führung .	PWS ART NN APPR ADJA NN ADV ART ADJA NN CARD VVFIN CARD NN APPR CARD NN $( ADJD VVFIN $, PDS VVFIN ART NN ADJD PTKVZ $. APPR ADJA NN $, NN $, ADJA NN $, NN $.	
Sensation	NN	1986	2	26120215_1986_08_06_01_108.tcf.xml-8-12	 	Aufgenommen wurden dabei die Vorarbeiten zum zweiten Band des „Marktplatz der Sensationen sowie der geplanten Fortsetzung seiner „Entdeckungen".	78:89	0:144	Aufgenommen wurden dabei die Vorarbeiten zum zweiten Band des „ Marktplatz der Sensationen sowie der geplanten Fortsetzung seiner „ Entdeckungen " .	12	0:22	aufnehmen werden dabei d Vorarbeit zum zweit Band d „ Marktplatz d Sensation sowie d geplant Fortsetzung seine „ Entdeckung " .	VVPP VAFIN PAV ART NN APPRART ADJA NN ART $( NN ART NN KON ART ADJA NN PPOSAT $( NN $( $.	
Sensation	NN	1987	2	26120215_1987_11_20_01_102.tcf.xml-34-12	 	zum festen Bestandteil des Programms gehört die Retrospektive so manche brachte filmische Sensationen.	90:101	0:102	zum festen Bestandteil des Programms gehört die Retrospektive so manche brachte filmische Sensationen .	12	0:14	zum fest Bestandteil d Programm gehören d Retrospektive so manche bringen filmisch Sensation .	APPRART ADJA NN ART NN VVFIN ART NN ADV PIS VVFIN ADJA NN $.	
Sensation	NN	1898	1	andreas_fenitschka_1898-1244-55	 	Seit ich überhaupt denken kann, seit ich von eignen Wünschen und Hoffnungen bewegt werde, bin ich der Kunst entgegengegangen, habe ich mich an ihr entzückt, oder um sie gelitten, und lange noch ehe ich mich ihr wirklich widmen durfte, in irgend einem Sinne schon im Umkreis der ihr verwandten Sensationen gelebt.	293:304	0:312	Seit ich überhaupt denken kann , ſeit ich von eignen Wünſchen und Hoffnungen bewegt werde , bin ich der Kunſt entgegengegangen , habe ich mich an ihr entzückt , oder um ſie gelitten , und lange noch ehe ich mich ihr wirklich widmen durfte , in irgend einem Sinne ſchon im Umkreis der ihr verwandten Senſationen gelebt .	55	0:58	seit ich überhaupt denken können , seit ich von eigen Wunsch und Hoffnung bewegen werden , sein ich d Kunst entgegengehen , haben ich mich an sie entzücken , oder um sie leiden , und lange noch ehe ich ich sie wirklich widmen dürfen , in irgend eine Sinn schon im Umkreis d sie verwandt Sensation leben .	KOUS PPER ADV VVINF VMFIN $, KOUS PPER APPR ADJA NN KON NN VVPP VAFIN $, VAFIN PPER ART NN VVPP $, VAFIN PPER PRF APPR PPER VVPP $, KON APPR PPER VVPP $, KON ADV ADV KOUS PPER PPER PPER ADJD VVINF VMFIN $, APPR ADV ART NN ADV APPRART NN ART PPER ADJA NN VVPP $.	Seit ich überhaupt denken kann , seit ich von eigenen Wünschen und Hoffnungen bewegt werde , bin ich der Kunst entgegengegangen , habe ich mich an ihr entzückt , oder um sie gelitten , und lange noch ehe ich mich ihr wirklich widmen durfte , in irgend einem Sinne schon im Umkreis der ihr verwandten Sensationen gelebt .
Sensation	NN	1884	1	beck_eisen01_1884-10056-7	 	Selten wohl hat eine archäologische Entdeckung solche Sensation hervorgerufen, als diejenige des Pfahlbaues bei Meilen im Zürichersee und die geniale Interpretation derselben durch Ferdinand Keller.	54:63	0:198	Selten wohl hat eine archäologische Entdeckung solche Sensation hervorgerufen , als diejenige des Pfahlbaues bei Meilen im Zürichersee und die geniale Interpretation derselben durch Ferdinand Keller .	7	0:27	selten wohl haben eine archäologisch Entdeckung solch Sensation hervorrufen , als diejenige d Pfahlbau bei Meile im Zürichersee und d genial Interpretation dieselbe durch Ferdinand Keller .	ADV ADV VAFIN ART ADJA NN PIAT NN VVPP $, KOKOM PDS ART NN APPR NN APPRART NN KON ART ADJA NN PDAT APPR NE NE $.	Selten wohl hat eine archäologische Entdeckung solche Sensation hervorgerufen , als diejenige des Pfahlbaues bei Meilen im Zürichersee und die geniale Interpretation derselben durch Ferdinand Keller .
Sensation	NN	1883	1	beyer_poetik02_1883-11562-27	 	Jn neuester Zeit ist leider die Posse um so beliebter, je mehr sie schon durch den Ort der Handlung (Eisenbahnperron, Tingeltangel, Skating-Rink) Sensation erregt und sich der Lokalposse nähert.	146:155	0:194	Jn neuester Zeit ist leider die Posse um so beliebter , je mehr sie schon durch den Ort der Handlung ( Eisenbahnperron , Tingeltangel , Skating-Rink ) Sensation erregt und sich der Lokalposse nähert .	27	0:35	in neu Zeit sein leider d Posse um so beliebt , je mehr sie schon durch d Ort d Handlung ( Eisenbahnperron , Tingeltangel , Skating-Rink ) Sensation erregen und sich d Lokalposse nähern .	APPR ADJA NN VAFIN ADV ART NN APPR ADV ADJD $, ADV PIS PPER ADV APPR ART NN ART NN $( NN $, NN $, NE $( NN VVPP KON PRF ART NN VVFIN $.	In neuester Zeit ist leider die Posse um so beliebter , je mehr sie schon durch den Ort der Handlung ( Eisenbahnperron , Tingeltangel , Skating-Rink ) Sensation erregt und sich der Lokalposse nähert .
Sensation	NN	1802	1	fessler_eleusinien01_1802-1334-9	 	Dieses machte unter den gegenwärtigen B B. eine gewaltige Sensation und als die Tafel ▭ aufgehoben war, fragte einer den andern:	58:67	0:128	Dieſes machte unter den gegenwaͤrtigen B B. eine gewaltige Senſation und als die Tafel ▭ aufgehoben war , fragte einer den andern :	9	0:23	diese machen unter d gegenwärtig b b. eine gewaltig Sensation und als d Tafel ▭ aufheben sein , fragen eine d ander :	PDS VVFIN APPR ART ADJA XY XY ART ADJA NN KON KOKOM ART NN NN VVPP VAFIN $, VVFIN ART ART ADJA $.	Dieses machte unter den gegenwärtigen B B. eine gewaltige Sensation und als die Tafel ▭ aufgehoben war , fragte einer den anderen :
Sensation	NN	1862	1	fontane_brandenburg01_1862-3207-6	 	Der Vorfall machte in ganz Europa Sensation und wurde wie ein neuer Sieg Brandenburgs gefeiert, nicht viel geringer, als sei eine zweite Schlacht von Fehrbellin geschlagen und gewonnen worden.	34:43	0:192	Der Vorfall machte in ganz Europa Senſation und wurde wie ein neuer Sieg Brandenburgs gefeiert , nicht viel geringer , als ſei eine zweite Schlacht von Fehrbellin geſchlagen und gewonnen worden .	6	0:32	d Vorfall machen in ganz Europa Sensation und werden wie eine neu Sieg Brandenburg feiern , nicht viel gering , als sein eine zweit Schlacht von Fehrbellin schlagen und gewinnen werden .	ART NN VVFIN APPR ADV NE NN KON VAFIN KOKOM ART ADJA NN NE VVPP $, PTKNEG ADV ADJD $, KOKOM VAFIN ART ADJA NN APPR NE VVPP KON VVPP VAPP $.	Der Vorfall machte in ganz Europa Sensation und wurde wie ein neuer Sieg Brandenburgs gefeiert , nicht viel geringer , als sei eine zweite Schlacht von Fehrbellin geschlagen und gewonnen worden .
Sensation	NN	1895	1	freud_hysterie_1895-2484-2	 	All diese Sensationen und Innervationen gehören dem „Ausdruck der Gemüthsbewegungen“ an, der, wie uns Darwin gelehrt hat, aus ursprünglich sinnvollen und zweckmässigen Leistungen besteht; sie mögen gegenwärtig zumeist so weit abgeschwächt sein, dass ihr sprachlicher Ausdruck uns als bildliche Uebertragung erscheint, allein sehr wahrscheinlich war das alles einmal wörtlich gemeint, und die Hysterie thut Recht daran, wenn sie für ihre stärkeren Innervationen den ursprünglichen Wortsinn wieder herstellt.	10:21	0:506	All diese Sensationen und Innervationen gehören dem „ Ausdruck der Gemüthsbewegungen “ an , der , wie uns Darwin gelehrt hat , aus ursprünglich sinnvollen und zweckmässigen Leistungen besteht ; sie mögen gegenwärtig zumeist so weit abgeschwächt sein , dass ihr sprachlicher Ausdruck uns als bildliche Uebertragung erscheint , allein sehr wahrscheinlich war das alles einmal wörtlich gemeint , und die Hysterie thut Recht daran , wenn sie für ihre stärkeren Innervationen den ursprünglichen Wortsinn wieder herstellt .	2	0:78	all diese Sensation und Innervation gehören d " Ausdruck d Gemütsbewegung " an , d , wie wir Darwin lehren haben , aus ursprünglich sinnvoll und zweckmässig Leistung bestehen ; sie mögen gegenwärtig zumeist so weit abschwächen sein , dass ihr sprachlich Ausdruck wir als bildlich Übertragung erscheinen , allein sehr wahrscheinlich sein d alle einmal wörtlich meinen , und d Hysterie tun Recht daran , wenn sie für ihr stark Innervation d ursprünglich Wortsinn wieder herstellen .	PIAT PDAT NN KON NN VVFIN ART $( NN ART NN $( PTKVZ $, ART $, PWAV PPER NE VVPP VAFIN $, APPR ADJD ADJA KON ADJA NN VVFIN $. PPER VMFIN ADJD ADV ADV ADJD VVPP VAINF $, KOUS PPOSAT ADJA NN PPER KOKOM ADJA NN VVFIN $, ADV ADV ADJD VAFIN ART PIS ADV ADJD VVPP $, KON ART NN VVFIN NN PAV $, KOUS PPER APPR PPOSAT ADJA NN ART ADJA NN ADV VVFIN $.	All diese Sensationen und Innervationen gehören dem " Ausdruck der Gemütsbewegungen " an , der , wie uns Darwin gelehrt hat , aus ursprünglich sinnvollen und zweckmässigen Leistungen besteht ; sie mögen gegenwärtig zumeist so weit abgeschwächt sein , dass ihr sprachlicher Ausdruck uns als bildliche Übertragung erscheint , allein sehr wahrscheinlich war das alles einmal wörtlich gemeint , und die Hysterie tut Recht daran , wenn sie für ihre stärkeren Innervationen den ursprünglichen Wortsinn wieder herstellt .
Sensation	NN	1845	1	griesinger_psychische_1845-1977-19	 	Jenes körperliche Gefühl des Krankseins ist bald ein dunkles und allgemeines, bald ist es in einzelne, anomale Sensationen auseinandergegangen; es beruht häufig auf Irritation der Nervencentra von peripherischen, oft sehr versteckten und dunkeln Erkrankungen der Eingeweide aus, aber es wird auch central, durch direct psychische Ursachen hervorgerufen (Lesen medicinischer Schriften, ansteckender Umgang mit Hypochondristen).	111:122	0:426	Jenes körperliche Gefühl des Krankseins ist bald ein dunkles und allgemeines , bald ist es in einzelne , anomale Sensationen auseinandergegangen ; es beruht häufig auf Irritation der Nervencentra von peripherischen , oft sehr versteckten und dunkeln Erkrankungen der Eingeweide aus , aber es wird auch central , durch direct psychische Ursachen hervorgerufen ( Lesen medicinischer Schriften , ansteckender Umgang mit Hypochondristen ) .	19	0:64	jen körperlich Gefühl d Kranksein sein bald eine dunkel und allgemein , bald sein es in einzeln , anomal Sensation auseinandergehen ; es beruhen häufig auf Irritation d Nervencentra von peripherisch , oft sehr versteckt und dunkel Erkrankung d Eingeweide aus , aber es werden auch zentral , durch direkt psychisch Ursache hervorrufen ( Lesen medizinisch Schrift , ansteckend Umgang mit Hypochondrischist ) .	PDAT ADJA NN ART NN VAFIN ADV ART ADJA KON ADJA $, ADV VAFIN PPER APPR ADJA $, ADJA NN VVPP $. PPER VVFIN ADJD APPR NN ART NN APPR ADJA $, ADV ADV ADJA KON ADJA NN ART NN PTKVZ $, KON PPER VAFIN ADV ADJD $, APPR ADJD ADJA NN VVPP $( NN ADJA NN $, ADJD NN APPR NN $( $.	Jenes körperliche Gefühl des Krankseins ist bald ein dunkles und allgemeines , bald ist es in einzelne , anomale Sensationen auseinandergegangen ; es beruht häufig auf Irritation der Nervencentra von peripherischen , oft sehr versteckten und dunklen Erkrankungen der Eingeweide aus , aber es wird auch zentral , durch direkt psychische Ursachen hervorgerufen ( Lesen medizinischer Schriften , ansteckender Umgang mit Hypochondristen ) .
Sensation	NN	1801	1	hc_183101_1801-180-22	 	Die hier gestern eingetroffene Nachricht, daß in den Englischen Häfen auch auf alle Dänische Schiffe Embargo gelegt worden, hat viele Sensation erregt, und es sind desfalls heute an die Obrigkeiten in Norwegen Estafetten mit Verhaltungsbefehlen in Hinsicht des Handels und der Seepässe abgesandt.	134:143	0:296	Die hier geſtern eingetroffene Nachricht , daß in den Engliſchen Haͤfen auch auf alle Daͤniſche Schiffe Embargo gelegt worden , hat viele Senſation erregt , und es ſind desfalls heute an die Obrigkeiten in Norwegen Eſtafetten mit Verhaltungsbefehlen in Hinſicht des Handels und der Seepaͤſſe abgeſandt .	22	0:47	d hier gestern eingetreffen Nachricht , daß in d Englische Hafen auch auf alle dänisch Schiff Embargo legen werden , haben viel Sensation erregen , und es sein desfalls heute an d Obrigkeit in Norwegen Estafette mit Verhaltungsbefehl in Hinsicht d Handel und d Seepaß absenden .	ART ADV ADV ADJA NN $, KOUS APPR ART NN NN ADV APPR PIAT ADJA NN NN VVPP VAPP $, VAFIN PIAT NN VVPP $, KON PPER VAFIN ADV ADV APPR ART NN APPR NE NN APPR NN APPR NN ART NN KON ART NN VVPP $.	Die hier gestern eingetroffene Nachricht , daß in den Englischen Häfen auch auf alle Dänische Schiffe Embargo gelegt worden , hat viele Sensation erregt , und es sind desfalls heute an die Obrigkeiten in Norwegen Estafetten mit Verhaltungsbefehlen in Hinsicht des Handels und der Seepässe abgesandt .
Sensation	NN	1801	1	hc_271702_1801-58-21	 	Das Embargo, welches zu Smyrna und in andern Häfen auf das Algierische rc. Eigenthum gelegt worden, hat hier große Sensation erregt.	115:124	0:132	Das Embargo , welches zu Smyrna und in andern Haͤfen auf das Algieriſche ꝛc. Eigenthum gelegt worden , hat hier große Senſation erregt .	21	0:24	d Embargo , welche zu Smyrna und in ander Hafen auf d Algierische etc. Eigentum legen werden , haben hier groß Sensation erregen .	ART NN $, PRELS APPR NN KON APPR ADJA NN APPR ART NN ADV NN VVPP VAPP $, VAFIN ADV ADJA NN VVPP $.	Das Embargo , welches zu Smyrna und in anderen Häfen auf das Algierische etc. Eigentum gelegt worden , hat hier große Sensation erregt .
Sensation	NN	1809	1	heeren_staatensystem_1809-2664-13	 	11. Außerdem machten aber auch die großen wirklichen Fortschritte Frankreichs eine ganz andere Sensation in Europa, als bloße Unterhandlungen hatten machen können.	95:104	0:163	11. Außerdem machten aber auch die großen wirklichen Fortſchritte Frankreichs eine ganz andere Senſation in Europa , als bloße Unterhandlungen hatten machen koͤnnen .	13	0:24	11. außerdem machen aber auch d groß wirklich Fortschritt Frankreich eine ganz ander Sensation in Europa , als bloß Unterhandlung haben machen können .	ADV PAV VVFIN ADV ADV ART ADJA ADJA NN NE ART ADV ADJA NN APPR NE $, KOKOM ADJA NN VAFIN VVINF VMINF $.	11. Außerdem machten aber auch die großen wirklichen Fortschritte Frankreichs eine ganz andere Sensation in Europa , als bloße Unterhandlungen hatten machen können .
Sensation	NN	1825	1	herbart_psychologie02_1825-3297-76	 	Leibnitz muss durch Locke’s Weitläuftigkeit gehindert seyn, sich in dem, von ihm zwar ausgezogenen Werke genau umzusehn; sonst würden ihm mehrere Stellen, unter andern folgende aufgestossen seyn, aus der er sehen konnte, dass sein Gegner wenigstens einen Theil dessen wohl wusste, was er ihn lehren wollte: It is evident, that the bulk, figure, and motion of several bodies about us, produce in us several sensations, as of colours, sounds, tastes, smells, pleasure, and pain, etc.. Trotz dem sagt Leibnitz:	406:416	0:507	Leibnitz muſs durch Locke’s Weitläuftigkeit gehindert seyn , sich in dem , von ihm zwar ausgezogenen Werke genau umzusehn ; sonst würden ihm mehrere Stellen , unter andern folgende aufgestoſsen seyn , aus der er sehen konnte , daſs sein Gegner wenigstens einen Theil dessen wohl wuſste , was er ihn lehren wollte : It is evident , that the bulk , figure , and motion of ſeveral bodies about us , produce in us ſeveral ſenſations , as of colours , ſounds , taſtes , ſmells , pleaſure , and pain , etc. . Trotz dem sagt Leibnitz :	76	0:100	Leibnitz müssen durch Lock Weitläufigkeit hindern sein , sich in d , von er zwar ausgeziehen Werk genau umsehen ; sonst werden er mehrere Stelle , unter ander folgend aufstoßen sein , aus die er sehen können , dass sein Gegner wenigstens eine Teil die wohl wissen , was er er lehren wollen : it is evident , tun the bulk , figure , and motion of several bodies about us , produce in us several Sensation , as of colours , sounds , tastes , smells , pleasure , and pain , etc. . trotz d sagen Leibnitz :	NE VMFIN APPR NN NN VVPP VAINF $, PRF APPR ART $, APPR PPER ADV ADJA NN ADJD VVIZU $. ADV VAFIN PPER PIAT NN $, APPR ADJA ADJA VVPP VAINF $, APPR PRELS PPER VVINF VMFIN $, KOUS PPOSAT NN ADV ART NN PDS ADV VVFIN $, PWS PPER PPER VVINF VMFIN $. FM FM FM $, VVFIN FM FM $, FM $, FM FM FM FM FM FM FM $, FM FM FM FM NN $, FM FM FM $, FM $, FM $, FM $, FM $, FM FM $, ADV $. APPR ART VVFIN NE $.	Leibnitz muss durch Locke's Weitläufigkeit gehindert sein , sich in dem , von ihm zwar ausgezogenen Werke genau umzusehen ; sonst würden ihm mehrere Stellen , unter anderen folgende aufgestoßen sein , aus der er sehen konnte , dass sein Gegner wenigstens einen Teil dessen wohl wusste , was er ihn lehren wollte : It is evident , tat the bulk , figure , and motion of several bodies about us , produce in us several Sensation , as of colours , sounds , tastes , smells , pleasure , and pain , etc. . Trotz dem sagt Leibnitz :
Sensation	NN	1825	1	herbart_psychologie02_1825-4886-21	 	Ich führe noch an, dass die Hypothese von der Beweglichkeit der Seele, also von der Veränderlichkeit des Mittelpuncts aller Sensationen, vielleicht die kürzeste Erklärung für einige seltene Phänomene, wie für den thierischen Magnetismus, für das Nachtwandeln, u. s. w. darbieten würde.	124:135	0:285	Ich führe noch an , daſs die Hypothese von der Beweglichkeit der Seele , also von der Veränderlichkeit des Mittelpuncts aller Sensationen , vielleicht die kürzeste Erklärung für einige seltene Phänomene , wie für den thierischen Magnetismus , für das Nachtwandeln , u. s. w. darbieten würde .	21	0:48	ich führen noch an , dass d Hypothese von d Beweglichkeit d Seele , also von d Veränderlichkeit d Mittelpunkt alle Sensation , vielleicht d kurz Erklärung für einige selten Phänomen , wie für d tierisch Magnetismus , für d Nachtwandeln , u. s. W. darbieten werden .	PPER VVFIN ADV PTKVZ $, KOUS ART NN APPR ART NN ART NN $, ADV APPR ART NN ART NN PIAT NN $, ADV ART ADJA NN APPR PIAT ADJA NN $, PWAV APPR ART ADJA NN $, APPR ART NN $, KON VVIMP NE VVFIN VAFIN $.	Ich führe noch an , dass die Hypothese von der Beweglichkeit der Seele , also von der Veränderlichkeit des Mittelpunkts aller Sensationen , vielleicht die kürzeste Erklärung für einige seltene Phänomene , wie für den tierischen Magnetismus , für das Nachtwandeln , u. s. w. darbieten würde .
Sensation	NN	1835	1	jung_lebensgeschichte_1835-6643-3	 	Diese ziemlich allgemeine Sensation unter den wahren Christen kam Stilling bedenklich vor und er war Willens, im grauen Manne davor zu warnen.	26:35	0:142	Dieſe ziemlich allgemeine Senſation unter den wahren Chriſten kam Stilling bedenklich vor und er war Willens , im grauen Manne davor zu warnen .	3	0:24	diese ziemlich allgemein Sensation unter d wahr Christ kommen Stilling bedenklich vor und er sein Willen , im grau Mann davor zu warnen .	PDAT ADV ADJA NN APPR ART ADJA NN VVFIN NE ADJD PTKVZ KON PPER VAFIN NN $, APPRART ADJA NN PAV PTKZU VVINF $.	Diese ziemlich allgemeine Sensation unter den wahren Christen kam Stilling bedenklich vor und er war Willens , im grauen Manne davor zu warnen .
Sensation	NN	1878	1	liebknecht_frage_1878-858-1	 	Große Sensation in Europa, große Entrüstung in England; Wellington schäumte; selbst Aberdeen wies in einer Depesche die Gefahr nach, die hinter jeder einzelnen Friedensklausel lauerte, und versuchte eine allgemeine Allianz hervorzurufen, wodurch alle Großmächte (Rußland eingeschlossen) den Frieden im Orient garantiren würden.	6:15	0:327	Große Senſation in Europa , große Entrüſtung in England ; Wellington ſchäumte ; ſelbſt Aberdeen wies in einer Depeſche die Gefahr nach , die hinter jeder einzelnen Friedensklauſel lauerte , und verſuchte eine allgemeine Allianz hervorzurufen , wodurch alle Großmächte ( Rußland eingeſchloſſen ) den Frieden im Orient garantiren würden .	1	0:51	groß Sensation in Europa , groß Entrüstung in England ; Wellington schäumen ; selbst Aberdeen weisen in eine Depesche d Gefahr nach , die hinter jede einzeln Friedensklausel lauern , und versuchen eine allgemein Allianz hervorrufen , wodurch alle Großmacht ( Rußland einschließen ) d Frieden im Orient garantieren werden .	ADJA NN APPR NE $, ADJA NN APPR NE $. NE VVFIN $. ADV NE VVFIN APPR ART NN ART NN PTKVZ $, PRELS APPR PIAT ADJA NN VVFIN $, KON VVFIN ART ADJA NN VVIZU $, PWAV PIAT NN $( NE VVPP $( ART NN APPRART NN VVINF VAFIN $.	Große Sensation in Europa , große Entrüstung in England ; Wellington schäumte ; selbst Aberdeen wies in einer Depesche die Gefahr nach , die hinter jeder einzelnen Friedensklausel lauerte , und versuchte eine allgemeine Allianz hervorzurufen , wodurch alle Großmächte ( Rußland eingeschlossen ) den Frieden im Orient garantieren würden .
Sensation	NN	1848	1	nn_nrhz092_1848-192-2	 	Diese „Sensation“ auf eine der leersten Phrasen, die je ausgesprochen wurde, ist die beste Kritik, mit der wir von dieser Debatte Abschied nehmen können.	7:16	0:153	Diese „ Sensation “ auf eine der leersten Phrasen , die je ausgesprochen wurde , ist die beste Kritik , mit der wir von dieser Debatte Abschied nehmen können .	2	0:30	diese " Sensation " auf eine d leer Phrase , die je aussprechen werden , sein d gut Kritik , mit die wir von diese Debatte Abschied nehmen können .	PDAT $( NN $( APPR ART ART ADJA NN $, PRELS ADV VVPP VAFIN $, VAFIN ART ADJA NN $, APPR PRELS PPER APPR PDAT NN NN VVINF VMINF $.	Diese " Sensation " auf eine der leersten Phrasen , die je ausgesprochen wurde , ist die beste Kritik , mit der wir von dieser Debatte Abschied nehmen können .
Sensation	NN	1848	1	nn_nrhz093_1848-80-19	 	Ja, der Teufel, der doch sicher ein berühmter Mann ist, könnte durch sein Erscheinen nicht mehr Sensation machen, als das berüchtigte Mitglied des provisorischen Gouvernements.	96:105	0:176	Ja , der Teufel , der doch sicher ein berühmter Mann ist , könnte durch sein Erscheinen nicht mehr Sensation machen , als das berüchtigte Mitglied des provisorischen Gouvernements .	19	0:30	ja , d Teufel , die doch sicher eine berühmt Mann sein , können durch sein Erscheinen nicht mehr Sensation machen , als d berüchtigt Mitglied d provisorisch Gouvernement .	PTKANT $, ART NN $, PRELS ADV ADJD ART ADJA NN VAFIN $, VMFIN APPR PPOSAT NN PTKNEG PIAT NN VVINF $, KOUS ART ADJA NN ART ADJA NN $.	Ja , der Teufel , der doch sicher ein berühmter Mann ist , könnte durch sein Erscheinen nicht mehr Sensation machen , als das berüchtigte Mitglied des provisorischen Gouvernements .
Sensation	NN	1848	1	nn_nrhz106_1848-470-6	 	‒ (Tiefste Stille ‒ große Sensation!) ‒ „Die Bewegung der Demokratie ist wieder lebhaft geworden in der neuesten Zeit, denn die Reaktion war doch gar zu schnell.	26:35	0:161	‒ ( Tiefste Stille ‒ große Sensation ! ) ‒ „ Die Bewegung der Demokratie ist wieder lebhaft geworden in der neuesten Zeit , denn die Reaktion war doch gar zu schnell .	6	0:33	- ( tief Stille - groß Sensation ! ) - " d Bewegung d Demokratie sein wieder lebhaft werden in d neu Zeit , denn d Reaktion sein doch gar zu schnell .	$( $( ADJA NN $( ADJA NN $. $( $( $( ART NN ART NN VAFIN ADV ADJD VAPP APPR ART ADJA NN $, KON ART NN VAFIN ADV ADV PTKA ADJD $.	- ( Tiefste Stille - große Sensation ! ) - " Die Bewegung der Demokratie ist wieder lebhaft geworden in der neuesten Zeit , denn die Reaktion war doch gar zu schnell .
Sensation	NN	1848	1	nn_nrhz139_1848-737-10	 	Der Protest der Herren Stedmann und v. Reedtz hat große Sensation erregt.	56:65	0:73	Der Protest der Herren Stedmann und v. Reedtz hat große Sensation erregt .	10	0:13	d Protest d Herr Stedmann und v. Reedtz haben groß Sensation erregen .	ART NN ART NN NE KON APPR NE VAFIN ADJA NN VVPP $.	Der Protest der Herren Stedmann und v. Reedtz hat große Sensation erregt .
Sensation	NN	1848	1	nn_nrhz231b2_1849-269-7	 	Die Entscheidung ist: Nein. (Sensation).	29:38	0:40	Die Entscheidung ist : Nein . ( Sensation ) .	7	0:10	d Entscheidung sein : nein . ( Sensation ) .	ART NN VAFIN $. PTKANT $. $( NN $( $.	Die Entscheidung ist : Nein . ( Sensation ) .
Sensation	NN	1848	1	nn_nrhz239_1849-249-1	 	Die Sensation, welche der östreichische Einfall in Ferrara in der Constituante hervorruft, ist unbeschreiblich.	4:13	0:111	Die Sensation , welche der östreichische Einfall in Ferrara in der Constituante hervorruft , ist unbeschreiblich .	1	0:17	d Sensation , welche d österreichisch Einfall in Ferrarum in d Constituante hervorrufen , sein unbeschreiblich .	ART NN $, PRELS ART ADJA NN APPR NN APPR ART NN VVFIN $, VAFIN ADJD $.	Die Sensation , welche der österreichische Einfall in Ferrara in der Constituante hervorruft , ist unbeschreiblich .
Sensation	NN	1848	1	nn_nrhz269_1849-214-3	 	‒ Nicht geringe Sensation erregt in Havre ein Befehl des Pariser Gerichtshofes, einen Fremden zu verhaften, der De Chambord heiße und im Hotel de France am Grand Ouai wohne.	16:25	0:173	‒ Nicht geringe Sensation erregt in Havre ein Befehl des Pariser Gerichtshofes , einen Fremden zu verhaften , der De Chambord heiße und im Hotel de France am Grand Ouai wohne .	3	0:32	- nicht gering Sensation erregen in Havre eine Befehl d Pariser Gerichtshof , eine Fremde zu verhaften , die De Chambord heißen und im Hotel De France am Grand Ouai wohnen .	$( PTKNEG ADJA NN VVFIN APPR NE ART NN ART ADJA NN $, ART NN PTKZU VVINF $, PRELS NE NE VVFIN KON APPRART NN NE NE APPRART NE NE VVFIN $.	- Nicht geringe Sensation erregt in Havre ein Befehl des Pariser Gerichtshofes , einen Fremden zu verhaften , der De Chambord heiße und im Hotel de France am Grand Ouai wohne .
Sensation	NN	1888	1	scherer_poetik_1888-2121-12	 	So gehen die Ankündigungen im 16. Jahrhundert auf Actualität und dadurch auf Sensation: „Neues Lied“, „Neue Zeitung“.	77:86	0:117	So gehen die Ankündigungen im 16. Jahrhundert auf Actualität und dadurch auf Sensation : „ Neues Lied “ , „ Neue Zeitung “ .	12	0:24	so gehen d Ankündigung im 16. Jahrhundert auf Aktualität und dadurch auf Sensation : " neu Lied " , " neu Zeitung " .	ADV VVFIN ART NN APPRART ADJA NN APPR NN KON PAV APPR NN $. $( ADJA NN $( $, $( ADJA NN $( $.	So gehen die Ankündigungen im 16. Jahrhundert auf Aktualität und dadurch auf Sensation : " Neues Lied " , " Neue Zeitung " .
Sensation	NN	1861	1	spielhagen_problematische02_1861-1394-7	 	Sie erzählte der horchenden Primula, welche Sensation Oswald's Geschicklichkeit im Schießen unter den jungen Männern hervorgebracht, welche Anerkennung seine schöne Gestalt, seine feinen Manieren in der Damenwelt gefunden; wie er mit Hortense getanzt, Frau von Berkow zu Tische geführt habe; und eigentlich, Alles in Allem, der Löwe des Tages gewesen sei.	44:53	0:355	Sie erzählte der horchenden Primula , welche Senſation Oswald's Geſchicklichkeit im Schießen unter den jungen Männern hervorgebracht , welche Anerkennung ſeine ſchöne Geſtalt , ſeine feinen Manieren in der Damenwelt gefunden ; wie er mit Hortenſe getanzt , Frau von Berkow zu Tiſche geführt habe ; und eigentlich , Alles in Allem , der Löwe des Tages geweſen ſei .	7	0:60	sie erzählen d horchend Primula , welche Sensation Oswald Geschicklichkeit im Schießen unter d jung Mann hervorbringen , welche Anerkennung seine schön Gestalt , seine fein Manier in d Damenwelt finden ; wie er mit Hortense tanzen , Frau von Berkow zu Tisch führen haben ; und eigentlich , alle in alle , die Löwe d Tag sein sein .	PPER VVFIN ART ADJA NE $, PWAT NN ADJA NN APPRART NN APPR ART ADJA NN VVPP $, PWAT NN PPOSAT ADJA NN $, PPOSAT ADJA NN APPR ART NN VVPP $. PWAV PPER APPR NE VVPP $, NN APPR NE APPR NN VVPP VAFIN $. KON ADV $, PIS APPR PIS $, PRELS NE ART NN VAPP VAFIN $.	Sie erzählte der horchenden Primula , welche Sensation Oswalds Geschicklichkeit im Schießen unter den jungen Männern hervorgebracht , welche Anerkennung seine schöne Gestalt , seine feinen Manieren in der Damenwelt gefunden ; wie er mit Hortense getanzt , Frau von Berkow zu Tische geführt habe ; und eigentlich , Alles in Allem , der Löwe des Tages gewesen sei .
Sensation	NN	1834	1	varnhagen_rahel03_1834-1540-5	 	Alle deine Gedanken, deine Sensationen, dein Sitzen, deinen Schlaf, das Wetter, alles rechnete ich nach!	27:38	0:104	Alle deine Gedanken , deine Senſationen , dein Sitzen , deinen Schlaf , das Wetter , alles rechnete ich nach !	5	0:21	alle deine Gedanke , deine Sensation , dein Sitz , deine Schlaf , d Wetter , alle rechnen ich nach !	PIAT PPOSAT NN $, PPOSAT NN $, PPOSAT NN $, PPOSAT NN $, ART NN $, PIS VVFIN PPER PTKVZ $.	Alle deine Gedanken , deine Sensationen , dein Sitzen , deinen Schlaf , das Wetter , alles rechnete ich nach !
Sensation	NN	1874	1	wernicke_symptomencomplex_1874-1065-4	 	Dass der Ursprung der Sensationen in die Sinnesorgane und demgemäss in die Aussenwelt verlegt wird, ist dann ebenso wenig befremdend, wie der Schmerz, den der Amputirte in die abgeschnittene kleine Zehe verlegt.	22:33	0:211	Dass der Ursprung der Sensationen in die Sinnesorgane und demgemäss in die Aussenwelt verlegt wird , ist dann ebenso wenig befremdend , wie der Schmerz , den der Amputirte in die abgeschnittene kleine Zehe verlegt .	4	0:36	dass d Ursprung d Sensation in d Sinnesorgan und demgemäß in d Außenwelt verlegen werden , sein dann ebenso wenig befremden , wie d Schmerz , die d Amputierte in d abgeschneiden klein Zehe verlegen .	KOUS ART NN ART NN APPR ART NN KON PWAV APPR ART NN VVPP VAFIN $, VAFIN ADV ADV PIS VVPP $, PWAV ART NN $, PRELS ART NN APPR ART ADJA ADJA NN VVPP $.	Dass der Ursprung der Sensationen in die Sinnesorgane und demgemäß in die Außenwelt verlegt wird , ist dann ebenso wenig befremdend , wie der Schmerz , den der Amputierte in die abgeschnittene kleine Zehe verlegt .
