identifier1	identifier2	annotator	judgment	comment	lemma	round
fic_1835_7339.txt-1086-45	fic_1854_8328.txt-459-64	annotator2	2.0	 	heel_nn	3
fic_1852_9232.txt-1069-16	fic_2006_29091.txt-101-8	annotator2	3.0	 	heel_nn	3
news_1977_733054.txt-45-14	fic_1995_39356.txt-46-9	annotator2	1.0	 	heel_nn	3
fic_1995_39735.txt-513-7	fic_1849_7333.txt-787-43	annotator2	1.0	 	heel_nn	3
fic_1835_7339.txt-1086-45	fic_1998_43802.txt-23-18	annotator2	3.0	 	heel_nn	3
news_1977_733054.txt-45-14	fic_1961_10411.txt-7836-20	annotator2	1.0	 	heel_nn	3
fic_1853_3465.txt-426-13	fic_1860_2807.txt-2886-19	annotator2	4.0	 	heel_nn	3
fic_2009_36395.txt-19-14	fic_1997_54603.txt-36-13	annotator2	4.0	 	heel_nn	3
fic_1849_7230.txt-2460-19	fic_1980_780027.txt-3182-15	annotator2	3.0	 	heel_nn	3
news_1977_733054.txt-45-14	fic_1853_3465.txt-426-13	annotator2	1.0	 	heel_nn	3
news_2003_603960.txt-23-12	news_1968_727533.txt-17-4	annotator2	4.0	 	heel_nn	3
fic_1978_10634.txt-6656-6	news_1977_733054.txt-45-14	annotator2	1.0	 	heel_nn	3
fic_1972_780010.txt-462-12	fic_1835_7339.txt-1086-45	annotator2	3.0	 	heel_nn	3
fic_2006_50943.txt-754-18	fic_1997_54603.txt-36-13	annotator2	4.0	 	heel_nn	3
fic_1849_7333.txt-787-43	fic_1993_1040079.txt-2278-18	annotator2	4.0	 	heel_nn	3
fic_1961_10411.txt-7836-20	fic_1844_7148.txt-905-4	annotator2	1.0	 	heel_nn	3
fic_1978_10634.txt-6656-6	fic_2008_36192.txt-52-7	annotator2	4.0	 	heel_nn	3
fic_1852_9232.txt-1069-16	mag_2009_405414.txt-39-4	annotator2	2.0	 	heel_nn	3
fic_1845_7342.txt-312-27	fic_1978_10634.txt-6656-6	annotator2	2.0	 	heel_nn	3
fic_1849_7333.txt-787-43	fic_1846_4464.txt-2099-20	annotator2	4.0	 	heel_nn	3
fic_1846_4464.txt-2099-20	fic_1849_7192.txt-7233-5	annotator2	4.0	 	heel_nn	3
mag_1963_244008.txt-14-2	fic_1978_10634.txt-6656-6	annotator2	1.0	 	heel_nn	3
fic_1995_39735.txt-513-7	news_2003_603960.txt-23-12	annotator2	2.0	 	heel_nn	3
fic_1835_7339.txt-1086-45	fic_1827_7168.txt-812-3	annotator2	3.0	 	heel_nn	3
nf_1985_774316.txt-437-56	fic_1827_8772.txt-128-25	annotator2	2.0	 	heel_nn	3
fic_1995_39735.txt-513-7	fic_1835_7339.txt-1086-45	annotator2	2.0	 	heel_nn	3
fic_2009_36640.txt-13-23	fic_1846_8891.txt-2192-12	annotator2	2.0	 	heel_nn	3
fic_1849_7230.txt-2460-19	fic_1849_7192.txt-7233-5	annotator2	3.0	 	heel_nn	3
fic_1992_53585.txt-527-25	nf_1855_748018.txt-1729-11	annotator2	3.0	 	heel_nn	3
fic_1855_9098.txt-2073-8	fic_1835_7272.txt-1369-10	annotator2	4.0	 	heel_nn	3
mag_1963_244008.txt-14-2	fic_1845_7342.txt-312-27	annotator2	3.0	 	heel_nn	3
mag_1961_490586.txt-79-46	fic_1835_7339.txt-1086-45	annotator2	2.0	 	heel_nn	3
fic_1848_7193.txt-10121-1	fic_1848_7193.txt-10971-18	annotator2	4.0	 	heel_nn	3
fic_1849_7333.txt-787-43	fic_1838_7086.txt-1397-55	annotator2	2.0	 	heel_nn	3
fic_1822_7243.txt-6594-27	news_1994_606820.txt-64-12	annotator2	3.0	 	heel_nn	3
nf_1965_773954.txt-883-23	fic_2009_36763.txt-107-14	annotator2	2.0	 	heel_nn	3
fic_1845_7162.txt-1020-51	fic_1842_7206.txt-4992-65	annotator2	4.0	 	heel_nn	3
fic_2005_31871.txt-3-7	fic_1848_7193.txt-10971-18	annotator2	2.0	 	heel_nn	3
fic_1849_7333.txt-787-43	fic_1823_7246.txt-1513-12	annotator2	3.0	 	heel_nn	3
mag_2009_405414.txt-39-4	fic_1843_7208.txt-7858-16	annotator2	2.0	 	heel_nn	3
fic_1818_8886.txt-185-5	fic_2003_31457.txt-218-9	annotator2	1.0	 	heel_nn	3
mag_1990_388655.txt-38-20	fic_1835_7339.txt-1086-45	annotator2	4.0	 	heel_nn	3
fic_1854_2820.txt-648-7	fic_1835_7339.txt-1086-45	annotator6	3.0	 	heel_nn	3
fic_2006_50943.txt-754-18	fic_1849_7333.txt-787-43	annotator6	2.0	 	heel_nn	3
fic_1848_7193.txt-10971-18	fic_1824_7278.txt-1568-20	annotator6	4.0	 	heel_nn	3
fic_1964_10452.txt-922-18	nf_1855_748018.txt-1815-15	annotator6	3.0	 	heel_nn	3
fic_1978_10634.txt-6656-6	fic_1961_10411.txt-7836-20	annotator6	2.0	 	heel_nn	3
news_1977_733054.txt-45-14	fic_1853_3465.txt-426-13	annotator6	3.0	 	heel_nn	3
fic_2006_50943.txt-754-18	fic_1860_9188.txt-1406-18	annotator6	3.0	 	heel_nn	3
nf_1855_748018.txt-1815-15	news_1994_606820.txt-64-12	annotator6	3.0	 	heel_nn	3
fic_2006_29091.txt-101-8	fic_1860_2807.txt-4807-17	annotator6	3.0	 	heel_nn	3
fic_1961_10411.txt-7836-20	fic_1997_54603.txt-36-13	annotator6	4.0	 	heel_nn	3
fic_1835_7339.txt-1086-45	fic_1852_69.txt-1683-27	annotator6	3.0	 	heel_nn	3
fic_1835_7339.txt-1086-45	fic_1974_10590.txt-1512-5	annotator6	3.0	 	heel_nn	3
nf_1990_774020.txt-1666-35	mag_2001_407931.txt-27-9	annotator6	2.0	 	heel_nn	3
fic_1846_8891.txt-2192-12	fic_1978_10634.txt-6656-6	annotator6	2.0	 	heel_nn	3
fic_1845_7183.txt-2743-8	fic_1853_9158.txt-662-54	annotator6	3.0	 	heel_nn	3
fic_1846_8891.txt-2192-12	fic_1842_7206.txt-4992-65	annotator6	4.0	 	heel_nn	3
fic_1849_7333.txt-787-43	fic_1846_7036.txt-2789-8	annotator6	2.0	 	heel_nn	3
fic_1992_40270.txt-88-18	fic_1827_8772.txt-128-25	annotator6	2.0	 	heel_nn	3
fic_1835_7339.txt-1086-45	nf_1985_774316.txt-437-56	annotator6	2.0	 	heel_nn	3
fic_1849_7333.txt-787-43	fic_1845_7183.txt-2743-8	annotator6	2.0	 	heel_nn	3
fic_1853_9158.txt-40-11	fic_1835_7339.txt-1086-45	annotator6	2.0	 	heel_nn	3
fic_1860_2807.txt-2613-2	fic_2001_55630.txt-380-33	annotator6	2.0	 	heel_nn	3
mag_1961_490586.txt-79-46	fic_1835_7339.txt-1086-45	annotator6	2.0	 	heel_nn	3
fic_1842_7206.txt-4992-65	fic_1961_10411.txt-7836-20	annotator6	2.0	 	heel_nn	3
fic_1853_3465.txt-426-13	fic_1846_8891.txt-2192-12	annotator6	4.0	 	heel_nn	3
fic_1855_9098.txt-2073-8	fic_1835_7272.txt-1369-10	annotator6	2.0	 	heel_nn	3
fic_1835_7339.txt-1086-45	fic_1998_43802.txt-23-18	annotator6	2.0	 	heel_nn	3
fic_1964_10452.txt-922-18	fic_1967_10489.txt-4087-13	annotator6	3.0	 	heel_nn	3
fic_1849_7230.txt-2460-19	fic_1849_7192.txt-7233-5	annotator6	2.0	 	heel_nn	3
fic_1995_39735.txt-513-7	fic_1849_7333.txt-787-43	annotator6	2.0	 	heel_nn	3
fic_1961_10411.txt-7836-20	fic_2009_36640.txt-13-23	annotator6	4.0	 	heel_nn	3
fic_1849_7333.txt-787-43	fic_1822_7243.txt-113-6	annotator6	2.0	 	heel_nn	3
fic_1848_7154.txt-1881-30	mag_2007_387965.txt-24-10	annotator6	2.0	 	heel_nn	3
fic_2006_50943.txt-754-18	fic_1978_10634.txt-6656-6	annotator6	2.0	 	heel_nn	3
fic_1964_10452.txt-922-18	fic_1974_10590.txt-1512-5	annotator6	2.0	 	heel_nn	3
fic_1849_7333.txt-787-43	fic_1823_7246.txt-1513-12	annotator6	2.0	 	heel_nn	3
fic_1860_2807.txt-2886-19	fic_2009_36395.txt-19-14	annotator6	2.0	 	heel_nn	3
fic_1980_780027.txt-895-24	fic_1848_7193.txt-10971-18	annotator6	2.0	 	heel_nn	3
fic_1836_7052.txt-3090-36	fic_1835_7339.txt-1086-45	annotator6	3.0	 	heel_nn	3
fic_1973_10568.txt-1121-16	fic_2003_31457.txt-218-9	annotator6	2.0	 	heel_nn	3
fic_1964_10452.txt-922-18	fic_1845_7162.txt-1020-51	annotator6	2.0	 	heel_nn	3
mag_1963_244008.txt-14-2	fic_1978_10634.txt-6656-6	annotator6	2.0	 	heel_nn	3
fic_1849_7333.txt-787-43	fic_1996_41638.txt-260-12	annotator6	2.0	 	heel_nn	3
mag_2005_422872.txt-44-10	fic_1835_7339.txt-1086-45	annotator6	2.0	 	heel_nn	3
nf_1851_758845.txt-2797-14	fic_1835_7339.txt-1086-45	annotator6	2.0	 	heel_nn	3
fic_2007_34216.txt-23-23	fic_1851_746.txt-2547-1	annotator6	4.0	 	heel_nn	3
fic_1964_10452.txt-922-18	fic_2001_45868.txt-263-10	annotator6	2.0	 	heel_nn	3
fic_1854_70.txt-2563-57	fic_1835_7339.txt-1086-45	annotator6	2.0	 	heel_nn	3
nf_1855_748018.txt-1815-15	fic_1835_7339.txt-1086-45	annotator6	2.0	 	heel_nn	3
fic_1992_53585.txt-527-25	fic_1835_7339.txt-1086-45	annotator6	2.0	 	heel_nn	3
fic_1849_7333.txt-787-43	fic_1996_30482.txt-7-16	annotator6	2.0	 	heel_nn	3
fic_1822_7243.txt-6594-27	mag_2001_407931.txt-27-9	annotator6	2.0	 	heel_nn	3
fic_1856_9779.txt-3394-30	fic_1835_7339.txt-1086-45	annotator6	2.0	 	heel_nn	3
fic_1846_4464.txt-2099-20	fic_1961_10411.txt-447-10	annotator6	2.0	 	heel_nn	3
fic_1849_7333.txt-787-43	nf_1838_747585.txt-1509-44	annotator6	2.0	 	heel_nn	3
fic_1844_7148.txt-905-4	fic_2006_50943.txt-754-18	annotator6	2.0	 	heel_nn	3
fic_1992_40270.txt-88-18	nf_1855_748018.txt-1815-15	annotator6	2.0	 	heel_nn	3
nf_1990_774020.txt-1666-35	mag_1840_586584.txt-233-29	annotator6	2.0	 	heel_nn	3
fic_1845_7183.txt-2743-8	fic_1845_7342.txt-312-27	annotator6	2.0	 	heel_nn	3
fic_1827_7168.txt-618-3	fic_1849_7333.txt-787-43	annotator6	2.0	 	heel_nn	3
mag_1980_494008.txt-84-36	fic_1827_8772.txt-128-25	annotator6	2.0	 	heel_nn	3
fic_1842_7206.txt-4992-65	fic_1978_10634.txt-6656-6	annotator6	2.0	 	heel_nn	3
fic_1812_8987.txt-1407-11	fic_1824_7278.txt-1568-20	annotator5	4.0	 	heel_nn	3
fic_1992_40270.txt-88-18	fic_1835_7339.txt-1086-45	annotator5	2.0	 	heel_nn	3
fic_1848_7154.txt-1881-30	mag_2007_387965.txt-24-10	annotator5	2.0	 	heel_nn	3
fic_1843_7208.txt-9167-3	fic_1849_7333.txt-787-43	annotator5	3.0	 	heel_nn	3
fic_1968_10508.txt-6594-8	fic_1835_7339.txt-1086-45	annotator5	2.0	 	heel_nn	3
fic_1849_7333.txt-787-43	nf_1838_747585.txt-1509-44	annotator5	4.0	 	heel_nn	3
fic_1846_8891.txt-2192-12	fic_1844_7148.txt-905-4	annotator5	2.0	 	heel_nn	3
fic_1999_44508.txt-233-14	fic_1835_7339.txt-1086-45	annotator5	4.0	 	heel_nn	3
nf_1851_758845.txt-2797-14	fic_1846_7036.txt-2789-8	annotator5	2.0	 	heel_nn	3
fic_1975_10595.txt-11281-7	fic_1846_8891.txt-2192-12	annotator5	2.0	 	heel_nn	3
fic_1843_7208.txt-7858-16	mag_2005_377098.txt-17-9	annotator5	2.0	 	heel_nn	3
fic_1846_8891.txt-2192-12	fic_1842_7206.txt-4992-65	annotator5	4.0	 	heel_nn	3
fic_1961_10411.txt-7836-20	fic_2009_36640.txt-13-23	annotator5	4.0	 	heel_nn	3
fic_1848_8147.txt-405-10	mag_1990_388655.txt-38-20	annotator5	4.0	 	heel_nn	3
fic_1980_780027.txt-895-24	fic_1848_7193.txt-10971-18	annotator5	2.0	 	heel_nn	3
fic_1842_7206.txt-4992-65	mag_1963_244008.txt-14-2	annotator5	2.0	 	heel_nn	3
fic_1840_7057.txt-4202-0	fic_1812_8987.txt-1407-11	annotator5	4.0	 	heel_nn	3
fic_1846_4464.txt-2099-20	fic_1849_7192.txt-7233-5	annotator5	4.0	 	heel_nn	3
fic_2006_26313.txt-32-29	fic_1849_7333.txt-787-43	annotator5	2.0	 	heel_nn	3
fic_2006_50943.txt-754-18	fic_1849_7333.txt-787-43	annotator5	2.0	 	heel_nn	3
fic_1976_10612.txt-3153-12	fic_1849_7333.txt-787-43	annotator5	4.0	 	heel_nn	3
fic_2008_36192.txt-52-7	news_1977_733054.txt-45-14	annotator5	2.0	 	heel_nn	3
mag_1993_396023.txt-13-8	mag_2005_377098.txt-17-9	annotator5	2.0	 	heel_nn	3
fic_1855_9098.txt-2073-8	fic_1849_7230.txt-2460-19	annotator5	4.0	 	heel_nn	3
fic_1818_8886.txt-185-5	mag_2005_377098.txt-17-9	annotator5	4.0	 	heel_nn	3
nf_1855_748018.txt-1815-15	fic_1843_7208.txt-9320-65	annotator5	4.0	 	heel_nn	3
nf_1851_758845.txt-2797-14	fic_1835_7339.txt-1086-45	annotator5	2.0	 	heel_nn	3
fic_1818_8886.txt-185-5	fic_2003_31457.txt-218-9	annotator5	4.0	 	heel_nn	3
fic_1997_54603.txt-36-13	fic_1845_7183.txt-2743-8	annotator5	2.0	 	heel_nn	3
mag_1960_204866.txt-23-12	fic_1849_7333.txt-787-43	annotator5	2.0	 	heel_nn	3
fic_1995_39356.txt-46-9	fic_1975_10595.txt-11281-7	annotator5	2.0	 	heel_nn	3
fic_2006_29091.txt-101-8	fic_1860_2807.txt-4807-17	annotator5	4.0	 	heel_nn	3
fic_1835_7339.txt-1086-45	fic_1843_7208.txt-9167-3	annotator5	3.0	 	heel_nn	3
fic_2003_31457.txt-218-9	mag_2001_407931.txt-27-9	annotator5	4.0	 	heel_nn	3
fic_1995_39735.txt-513-7	news_2003_603960.txt-23-12	annotator5	3.0	 	heel_nn	3
fic_2008_36192.txt-52-7	nf_1855_748018.txt-1729-11	annotator5	2.0	 	heel_nn	3
fic_1827_8772.txt-128-25	news_1994_606820.txt-64-12	annotator5	4.0	 	heel_nn	3
fic_1962_10427.txt-1041-23	fic_1976_16789.txt-1227-7	annotator5	3.0	 	heel_nn	3
fic_1860_2807.txt-2886-19	fic_1845_7183.txt-2743-8	annotator5	2.0	 	heel_nn	3
fic_1998_44208.txt-485-12	fic_1849_7192.txt-7233-5	annotator5	2.0	 	heel_nn	3
fic_1849_7333.txt-787-43	fic_1835_7339.txt-1086-45	annotator5	4.0	 	heel_nn	3
fic_1997_54603.txt-36-13	news_1977_733054.txt-45-14	annotator5	3.0	 	heel_nn	3
fic_1964_10452.txt-922-18	fic_1974_10590.txt-1512-5	annotator5	2.0	 	heel_nn	3
nf_1855_748018.txt-1815-15	fic_1835_7339.txt-1086-45	annotator5	3.0	 	heel_nn	3
fic_1845_7183.txt-2743-8	fic_1961_10411.txt-7836-20	annotator0	4.0	 	heel_nn	3
mag_1963_244008.txt-14-2	fic_1845_7162.txt-1020-51	annotator0	3.0	 	heel_nn	3
mag_1980_494008.txt-84-36	fic_1822_7243.txt-113-6	annotator0	3.0	Unsure	heel_nn	3
fic_1845_7162.txt-1020-51	fic_1846_8891.txt-2192-12	annotator0	4.0	 	heel_nn	3
mag_2005_422872.txt-44-10	fic_1835_7339.txt-1086-45	annotator0	3.0	Unsure	heel_nn	3
fic_1860_2807.txt-2886-19	mag_1963_244008.txt-14-2	annotator0	3.0	 	heel_nn	3
fic_1995_39735.txt-513-7	fic_1849_7333.txt-787-43	annotator0	2.0	 	heel_nn	3
fic_1835_7339.txt-1086-45	fic_1848_7193.txt-10121-1	annotator0	4.0	 	heel_nn	3
fic_1835_7063.txt-837-29	fic_1845_7342.txt-312-27	annotator0	4.0	 	heel_nn	3
fic_1995_39356.txt-46-9	fic_2009_36395.txt-19-14	annotator0	4.0	 	heel_nn	3
fic_1822_7243.txt-6594-27	mag_2001_407931.txt-27-9	annotator0	4.0	 	heel_nn	3
fic_1860_2807.txt-2886-19	fic_1845_7183.txt-2743-8	annotator0	3.0	 	heel_nn	3
nf_1845_747502.txt-1349-17	fic_1835_7339.txt-1086-45	annotator0	4.0	 	heel_nn	3
mag_1966_210443.txt-50-25	fic_2003_31457.txt-218-9	annotator0	4.0	 	heel_nn	3
fic_1835_7339.txt-1086-45	fic_1854_8328.txt-459-64	annotator0	4.0	 	heel_nn	3
fic_1849_7333.txt-787-43	news_2001_627694.txt-1435-11	annotator0	2.0	 	heel_nn	3
fic_1995_39356.txt-46-9	fic_1975_10595.txt-11281-7	annotator0	3.0	Unsure	heel_nn	3
fic_1978_10634.txt-6656-6	fic_2008_36192.txt-52-7	annotator0	4.0	 	heel_nn	3
fic_1978_10634.txt-6656-6	fic_1853_3465.txt-426-13	annotator0	3.0	 	heel_nn	3
fic_1845_7162.txt-1020-51	fic_1995_39356.txt-46-9	annotator0	3.0	 	heel_nn	3
fic_1964_10452.txt-922-18	fic_1972_23889.txt-204-4	annotator0	3.0	 	heel_nn	3
fic_1849_7333.txt-787-43	fic_1996_41638.txt-260-12	annotator0	2.0	 	heel_nn	3
fic_1993_53808.txt-660-41	mag_1840_586584.txt-233-29	annotator0	2.0	 	heel_nn	3
fic_1978_10634.txt-6656-6	fic_2009_36395.txt-19-14	annotator0	3.0	 	heel_nn	3
fic_1835_7339.txt-1086-45	fic_1843_7208.txt-9167-3	annotator0	4.0	 	heel_nn	3
fic_1845_7162.txt-1020-51	fic_1860_2807.txt-2886-19	annotator0	4.0	 	heel_nn	3
fic_1827_8772.txt-128-25	news_1994_606820.txt-64-12	annotator0	4.0	 	heel_nn	3
mag_1999_407852.txt-59-11	fic_1855_2965.txt-1296-11	annotator0	4.0	 	heel_nn	3
news_1968_727533.txt-17-4	fic_2003_31457.txt-218-9	annotator0	2.0	 	heel_nn	3
mag_2007_387965.txt-24-10	fic_1846_8891.txt-2192-12	annotator0	4.0	 	heel_nn	3
fic_1835_7339.txt-1086-45	fic_1818_8886.txt-185-5	annotator0	4.0	 	heel_nn	3
fic_1835_7339.txt-1086-45	fic_1961_10411.txt-447-10	annotator0	4.0	 	heel_nn	3
fic_1996_41638.txt-260-12	fic_1812_8987.txt-1407-11	annotator0	4.0	 	heel_nn	3
fic_1845_7342.txt-312-27	fic_1978_10634.txt-6656-6	annotator0	3.0	 	heel_nn	3
fic_1827_8772.txt-128-25	fic_1859_9192.txt-12629-8	annotator0	4.0	 	heel_nn	3
fic_2006_50943.txt-754-18	fic_1997_54603.txt-36-13	annotator0	4.0	 	heel_nn	3
fic_1997_54603.txt-36-13	fic_1845_7162.txt-1020-51	annotator0	3.0	 	heel_nn	3
fic_1849_7333.txt-787-43	fic_1834_2652.txt-2954-10	annotator0	2.0	 	heel_nn	3
fic_1998_43802.txt-23-18	fic_1848_7193.txt-10971-18	annotator0	4.0	 	heel_nn	3
fic_1855_9098.txt-2073-8	mag_1840_586584.txt-233-29	annotator0	4.0	 	heel_nn	3
fic_1961_10411.txt-7836-20	fic_1845_7162.txt-1020-51	annotator0	3.0	 	heel_nn	3
fic_1835_7339.txt-1086-45	fic_1974_10590.txt-1512-5	annotator0	4.0	 	heel_nn	3
fic_1848_7154.txt-1881-30	fic_1855_9098.txt-2073-8	annotator0	2.0	Unsure	heel_nn	3
fic_1848_8147.txt-405-10	mag_1990_388655.txt-38-20	annotator0	4.0	 	heel_nn	3
fic_1999_16181.txt-4-2	fic_1835_7339.txt-1086-45	annotator2	4.0	 	heel_nn	2
fic_1839_7296.txt-3291-17	mag_2005_377098.txt-17-9	annotator2	4.0	 	heel_nn	2
mag_1999_407852.txt-26-28	fic_1849_7333.txt-787-43	annotator2	2.0	 	heel_nn	2
mag_1960_204866.txt-23-12	fic_1849_7333.txt-787-43	annotator2	0.0	no clue what heels are referring to in s1	heel_nn	2
fic_1855_9098.txt-2073-8	fic_1849_7230.txt-2460-19	annotator2	3.0	 	heel_nn	2
fic_1989_24010.txt-238-13	mag_2001_407931.txt-27-9	annotator2	3.0	 	heel_nn	2
fic_1822_7243.txt-6594-27	mag_2001_407931.txt-27-9	annotator2	2.0	 	heel_nn	2
fic_2003_31973.txt-377-51	mag_2005_377098.txt-17-9	annotator2	4.0	 	heel_nn	2
nf_1838_747585.txt-1509-44	fic_1849_7333.txt-787-43	annotator2	3.0	 	heel_nn	2
fic_1993_25035.txt-2043-20	fic_1835_7339.txt-1086-45	annotator2	2.0	 	heel_nn	2
fic_1843_7208.txt-9320-65	fic_1835_7339.txt-1086-45	annotator2	4.0	 	heel_nn	2
fic_1848_8147.txt-405-10	fic_1835_7339.txt-1086-45	annotator2	2.0	 	heel_nn	2
fic_1822_7243.txt-113-6	fic_1849_7333.txt-787-43	annotator2	4.0	 	heel_nn	2
nf_1979_774342.txt-854-2	fic_1964_10452.txt-922-18	annotator2	4.0	 	heel_nn	2
fic_1835_7272.txt-1369-10	fic_1860_9188.txt-1406-18	annotator2	3.0	 	heel_nn	2
mag_1840_586584.txt-233-29	mag_2007_387965.txt-24-10	annotator2	1.0	 	heel_nn	2
fic_1843_7155.txt-1279-8	mag_2001_407931.txt-27-9	annotator2	3.0	 	heel_nn	2
fic_1975_10605.txt-3654-15	fic_1835_7339.txt-1086-45	annotator2	4.0	 	heel_nn	2
fic_1822_7243.txt-6594-27	fic_1835_7339.txt-1086-45	annotator2	1.0	 	heel_nn	2
fic_1983_10712.txt-335-24	mag_2007_387965.txt-24-10	annotator2	4.0	 	heel_nn	2
fic_2005_31871.txt-3-7	fic_1835_7339.txt-1086-45	annotator2	2.0	 	heel_nn	2
nf_1985_774316.txt-437-56	fic_1835_7339.txt-1086-45	annotator2	2.0	 	heel_nn	2
news_1987_669609.txt-33-8	fic_1843_7208.txt-7858-16	annotator2	4.0	 	heel_nn	2
fic_1978_10634.txt-6656-6	fic_1849_7333.txt-787-43	annotator2	1.0	 	heel_nn	2
nf_1851_758845.txt-2797-14	fic_1835_7339.txt-1086-45	annotator2	2.0	 	heel_nn	2
fic_1854_8328.txt-459-64	nf_1855_748018.txt-1815-15	annotator2	3.0	 	heel_nn	2
fic_1846_8891.txt-2192-12	fic_1849_7333.txt-787-43	annotator2	4.0	 	heel_nn	2
fic_1852_69.txt-5987-9	fic_1824_7278.txt-1568-20	annotator2	3.0	 	heel_nn	2
mag_1999_407852.txt-59-11	nf_1855_748018.txt-1729-11	annotator2	4.0	 	heel_nn	2
fic_1818_8860.txt-721-6	fic_1849_7333.txt-787-43	annotator2	2.0	 	heel_nn	2
fic_1856_9797.txt-3078-18	fic_1849_7333.txt-787-43	annotator2	2.0	 	heel_nn	2
fic_1836_7052.txt-3090-36	fic_1835_7339.txt-1086-45	annotator2	2.0	 	heel_nn	2
mag_1980_494008.txt-84-36	fic_1840_7057.txt-4202-0	annotator2	1.0	 	heel_nn	2
news_2001_627694.txt-1435-11	fic_1849_7333.txt-787-43	annotator2	3.0	 	heel_nn	2
fic_1972_780010.txt-1528-10	fic_1820_7562.txt-525-2	annotator2	0.0	 	heel_nn	2
fic_1976_16789.txt-1227-7	fic_2006_29091.txt-101-8	annotator2	3.0	 	heel_nn	2
fic_2001_55630.txt-380-33	fic_1849_7333.txt-787-43	annotator2	1.0	 	heel_nn	2
mag_2005_422872.txt-44-10	mag_2007_387965.txt-24-10	annotator2	4.0	 	heel_nn	2
fic_1999_44508.txt-233-14	fic_1835_7339.txt-1086-45	annotator2	4.0	 	heel_nn	2
fic_1845_7183.txt-2510-4	fic_1835_7339.txt-1086-45	annotator2	4.0	 	heel_nn	2
fic_1995_39356.txt-46-9	fic_1824_7278.txt-1568-20	annotator2	1.0	 	heel_nn	2
mag_1992_394703.txt-189-22	fic_1849_7333.txt-787-43	annotator2	3.0	 	heel_nn	2
fic_1856_9797.txt-3078-18	fic_1843_7208.txt-7858-16	annotator2	4.0	 	heel_nn	2
fic_1972_23889.txt-204-4	fic_1964_10452.txt-922-18	annotator2	3.0	 	heel_nn	2
nf_1845_747502.txt-1349-17	fic_1835_7339.txt-1086-45	annotator2	4.0	 	heel_nn	2
fic_2006_51259.txt-1869-16	fic_1849_7333.txt-787-43	annotator2	2.0	 	heel_nn	2
fic_1822_7243.txt-113-6	mag_2005_377098.txt-17-9	annotator2	4.0	 	heel_nn	2
fic_1999_44508.txt-233-14	fic_1824_7278.txt-1568-20	annotator2	3.0	 	heel_nn	2
nf_1979_774342.txt-854-2	fic_1849_7333.txt-787-43	annotator2	2.0	 	heel_nn	2
fic_1854_70.txt-2563-57	fic_1835_7339.txt-1086-45	annotator2	3.0	 	heel_nn	2
fic_1984_14568.txt-1281-14	mag_2007_387965.txt-24-10	annotator2	3.0	 	heel_nn	2
fic_1997_54621.txt-205-11	fic_2007_34216.txt-23-23	annotator2	3.0	 	heel_nn	2
fic_1852_9232.txt-1069-16	fic_1835_7339.txt-1086-45	annotator2	2.0	 	heel_nn	2
fic_1853_9040.txt-1459-8	fic_1835_7339.txt-1086-45	annotator2	3.0	 	heel_nn	2
fic_1973_10568.txt-1121-16	fic_1835_7339.txt-1086-45	annotator2	2.0	 	heel_nn	2
fic_2006_50943.txt-754-18	fic_1860_9188.txt-1406-18	annotator2	3.0	 	heel_nn	2
fic_2008_36192.txt-52-7	fic_1849_7333.txt-787-43	annotator2	1.0	 	heel_nn	2
fic_1997_54603.txt-36-13	fic_1824_7278.txt-1568-20	annotator2	2.0	 	heel_nn	2
fic_1976_10612.txt-3153-12	fic_1849_7333.txt-787-43	annotator2	4.0	 	heel_nn	2
fic_1854_9193.txt-7092-27	fic_1860_9188.txt-1406-18	annotator2	4.0	 	heel_nn	2
fic_1848_7154.txt-1881-30	mag_2007_387965.txt-24-10	annotator2	3.0	 	heel_nn	2
fic_1835_7016.txt-3297-13	fic_1824_7278.txt-1568-20	annotator2	4.0	 	heel_nn	2
fic_1996_41638.txt-260-12	fic_1849_7333.txt-787-43	annotator2	2.0	 	heel_nn	2
fic_1967_10489.txt-4087-13	fic_1835_7339.txt-1086-45	annotator2	3.0	 	heel_nn	2
mag_1993_396023.txt-13-8	fic_1835_7339.txt-1086-45	annotator2	3.0	 	heel_nn	2
fic_1976_16789.txt-1227-7	fic_1849_7333.txt-787-43	annotator2	1.0	 	heel_nn	2
fic_1976_14235.txt-1923-25	fic_1835_7339.txt-1086-45	annotator2	3.0	 	heel_nn	2
fic_1853_9040.txt-1459-8	nf_1855_748018.txt-1815-15	annotator2	3.0	 	heel_nn	2
fic_1847_1094.txt-1442-3	fic_1849_7230.txt-2460-19	annotator2	3.0	 	heel_nn	2
fic_1839_7011.txt-269-23	fic_1835_7339.txt-1086-45	annotator2	4.0	 	heel_nn	2
mag_1963_244008.txt-14-2	fic_1849_7333.txt-787-43	annotator2	2.0	 	heel_nn	2
fic_1972_780010.txt-462-12	mag_2007_387965.txt-24-10	annotator2	4.0	 	heel_nn	2
fic_1848_7341.txt-2550-10	mag_2005_377098.txt-17-9	annotator2	2.0	 	heel_nn	2
fic_1843_7208.txt-9167-3	fic_1835_7339.txt-1086-45	annotator2	3.0	 	heel_nn	2
news_2003_603960.txt-23-12	fic_1835_7339.txt-1086-45	annotator2	4.0	 	heel_nn	2
fic_2009_36555.txt-338-10	fic_1843_7208.txt-7858-16	annotator2	3.0	 	heel_nn	2
fic_1859_9192.txt-12629-8	fic_1835_7339.txt-1086-45	annotator2	4.0	 	heel_nn	2
fic_1843_7325.txt-352-37	fic_1835_7339.txt-1086-45	annotator2	1.0	 	heel_nn	2
fic_1848_7341.txt-2550-10	fic_2008_36192.txt-52-7	annotator2	1.0	 	heel_nn	2
mag_2000_369092.txt-9-3	fic_1964_10452.txt-922-18	annotator2	2.0	 	heel_nn	2
fic_1983_10712.txt-335-24	fic_1849_7333.txt-787-43	annotator2	3.0	 	heel_nn	2
mag_1966_210443.txt-50-25	fic_1835_7339.txt-1086-45	annotator2	3.0	 	heel_nn	2
fic_1965_23823.txt-512-5	fic_1835_7339.txt-1086-45	annotator2	3.0	 	heel_nn	2
fic_1846_7121.txt-1671-18	fic_1849_7230.txt-2460-19	annotator2	3.0	 	heel_nn	2
fic_2006_50943.txt-754-18	fic_1849_7333.txt-787-43	annotator2	3.0	 	heel_nn	2
mag_1999_407852.txt-59-11	fic_1835_7339.txt-1086-45	annotator2	3.0	 	heel_nn	2
fic_1962_781986.txt-779-27	fic_1849_7333.txt-787-43	annotator2	3.0	 	heel_nn	2
fic_1835_7016.txt-3297-13	fic_1835_7339.txt-1086-45	annotator2	4.0	 	heel_nn	2
fic_1845_7316.txt-413-9	mag_2001_407931.txt-27-9	annotator2	4.0	 	heel_nn	2
fic_1848_7009.txt-3822-16	fic_1835_7339.txt-1086-45	annotator2	3.0	 	heel_nn	2
fic_1854_9193.txt-7092-27	fic_1835_7339.txt-1086-45	annotator2	2.0	 	heel_nn	2
fic_1851_746.txt-2547-1	fic_1835_7339.txt-1086-45	annotator2	2.0	 	heel_nn	2
fic_1812_8987.txt-1407-11	fic_1849_7333.txt-787-43	annotator2	4.0	 	heel_nn	2
fic_1838_7086.txt-102-45	fic_1860_9188.txt-1406-18	annotator2	3.0	 	heel_nn	2
fic_1975_10595.txt-11281-7	fic_1964_10452.txt-922-18	annotator2	1.0	 	heel_nn	2
fic_1853_3465.txt-426-13	fic_1849_7333.txt-787-43	annotator2	2.0	 	heel_nn	2
mag_1961_490586.txt-79-46	fic_1964_10452.txt-922-18	annotator2	4.0	 	heel_nn	2
fic_2009_36763.txt-107-14	fic_1835_7339.txt-1086-45	annotator2	4.0	 	heel_nn	2
fic_1996_30482.txt-7-16	fic_1849_7333.txt-787-43	annotator2	3.0	 	heel_nn	2
fic_2009_36395.txt-19-14	nf_1855_748018.txt-1729-11	annotator2	2.0	 	heel_nn	2
mag_1980_494008.txt-84-36	fic_1849_7230.txt-2460-19	annotator2	1.0	 	heel_nn	2
fic_1830_8660.txt-422-27	nf_1855_748018.txt-1815-15	annotator2	4.0	 	heel_nn	2
news_1969_727774.txt-14-15	fic_1849_7333.txt-787-43	annotator2	4.0	 	heel_nn	2
fic_1848_7193.txt-11944-21	fic_1824_7278.txt-1568-20	annotator2	4.0	 	heel_nn	2
fic_1998_44208.txt-485-12	fic_1849_7333.txt-787-43	annotator2	2.0	 	heel_nn	2
fic_1999_16181.txt-4-2	fic_1849_7230.txt-2460-19	annotator2	3.0	 	heel_nn	2
fic_1989_10786.txt-4583-27	fic_1849_7333.txt-787-43	annotator2	3.0	 	heel_nn	2
fic_1851_201.txt-587-13	fic_1849_7333.txt-787-43	annotator2	3.0	 	heel_nn	2
news_1969_727774.txt-14-15	fic_1820_7562.txt-525-2	annotator2	0.0	 	heel_nn	2
fic_1839_7296.txt-3852-25	fic_1849_7333.txt-787-43	annotator2	2.0	 	heel_nn	2
fic_1815_9352.txt-1559-11	fic_1835_7339.txt-1086-45	annotator2	3.0	 	heel_nn	2
fic_1823_7213.txt-3609-15	mag_2001_407931.txt-27-9	annotator2	4.0	 	heel_nn	2
fic_1845_7162.txt-1020-51	fic_1964_10452.txt-922-18	annotator2	3.0	 	heel_nn	2
fic_1855_2965.txt-1296-11	fic_1849_7230.txt-2460-19	annotator2	4.0	 	heel_nn	2
fic_1992_53585.txt-527-25	fic_1835_7339.txt-1086-45	annotator2	3.0	 	heel_nn	2
fic_2006_26313.txt-32-29	fic_1849_7333.txt-787-43	annotator2	3.0	 	heel_nn	2
mag_1983_480476.txt-75-9	fic_1820_7562.txt-525-2	annotator2	0.0	 	heel_nn	2
fic_1980_780027.txt-3182-15	fic_1835_7339.txt-1086-45	annotator2	3.0	 	heel_nn	2
fic_1860_2807.txt-4807-17	fic_2006_29091.txt-101-8	annotator2	3.0	 	heel_nn	2
nf_1965_773954.txt-883-23	fic_1849_7333.txt-787-43	annotator2	2.0	 	heel_nn	2
mag_2000_412570.txt-48-7	fic_1820_7562.txt-525-2	annotator2	0.0	 	heel_nn	2
fic_1848_7193.txt-10121-1	fic_1835_7339.txt-1086-45	annotator2	3.0	 	heel_nn	2
fic_1835_7272.txt-1369-10	fic_1835_7339.txt-1086-45	annotator2	4.0	 	heel_nn	2
fic_1834_2652.txt-2954-10	fic_1849_7333.txt-787-43	annotator2	2.0	 	heel_nn	2
fic_2003_30537.txt-215-4	fic_1820_7562.txt-525-2	annotator2	0.0	 	heel_nn	2
fic_1827_7168.txt-618-3	fic_1843_7208.txt-7858-16	annotator2	3.0	 	heel_nn	2
fic_1989_24010.txt-238-13	fic_1849_7333.txt-787-43	annotator2	1.0	 	heel_nn	2
fic_1853_9158.txt-662-54	nf_1855_748018.txt-1729-11	annotator2	2.0	 	heel_nn	2
nf_1990_774020.txt-1666-35	mag_2001_407931.txt-27-9	annotator2	2.0	 	heel_nn	2
mag_1983_480476.txt-75-9	fic_1835_7339.txt-1086-45	annotator2	4.0	 	heel_nn	2
fic_1839_7233.txt-1176-12	nf_1855_748018.txt-1729-11	annotator2	3.0	 	heel_nn	2
fic_1980_780027.txt-895-24	fic_1835_7339.txt-1086-45	annotator2	1.0	 	heel_nn	2
fic_1835_7172.txt-5109-14	mag_2007_387965.txt-24-10	annotator2	4.0	 	heel_nn	2
mag_1835_565208.txt-27-39	mag_2005_377098.txt-17-9	annotator2	4.0	 	heel_nn	2
fic_1844_7148.txt-905-4	mag_2005_377098.txt-17-9	annotator2	2.0	 	heel_nn	2
fic_1993_1040079.txt-2278-18	fic_1824_7278.txt-1568-20	annotator2	4.0	 	heel_nn	2
fic_1840_7057.txt-4202-0	fic_2007_34216.txt-23-23	annotator2	3.0	 	heel_nn	2
fic_2001_55630.txt-380-33	fic_1964_10452.txt-922-18	annotator2	4.0	 	heel_nn	2
fic_1844_7148.txt-905-4	fic_1849_7333.txt-787-43	annotator2	1.0	 	heel_nn	2
fic_2003_30537.txt-215-4	fic_1849_7333.txt-787-43	annotator2	2.0	 	heel_nn	2
fic_1853_3465.txt-426-13	mag_2007_387965.txt-24-10	annotator2	1.0	 	heel_nn	2
fic_1834_2652.txt-2954-10	fic_2006_29091.txt-101-8	annotator2	4.0	 	heel_nn	2
mag_1999_404191.txt-52-9	fic_1835_7339.txt-1086-45	annotator2	4.0	 	heel_nn	2
fic_1827_7168.txt-812-3	mag_2005_377098.txt-17-9	annotator2	4.0	 	heel_nn	2
fic_1845_7316.txt-413-9	fic_1835_7339.txt-1086-45	annotator2	4.0	 	heel_nn	2
fic_1972_780010.txt-1528-10	fic_1835_7339.txt-1086-45	annotator2	4.0	 	heel_nn	2
nf_1851_758845.txt-2797-14	nf_1855_748018.txt-1815-15	annotator2	4.0	 	heel_nn	2
fic_1976_14235.txt-1923-25	fic_2007_34216.txt-23-23	annotator2	4.0	 	heel_nn	2
fic_1972_23889.txt-204-4	fic_1835_7339.txt-1086-45	annotator2	4.0	 	heel_nn	2
fic_2009_36763.txt-107-14	fic_2006_29091.txt-101-8	annotator2	4.0	 	heel_nn	2
fic_1854_2820.txt-648-7	fic_1860_9188.txt-1406-18	annotator2	3.0	 	heel_nn	2
fic_1845_7162.txt-674-56	fic_1824_7278.txt-1568-20	annotator2	4.0	 	heel_nn	2
fic_1978_10634.txt-6656-6	mag_2007_387965.txt-24-10	annotator2	2.0	 	heel_nn	2
mag_2009_405414.txt-39-4	fic_1849_7333.txt-787-43	annotator2	4.0	 	heel_nn	2
fic_1835_5605.txt-2350-13	fic_1835_7339.txt-1086-45	annotator2	4.0	 	heel_nn	2
fic_1818_8886.txt-185-5	mag_2005_377098.txt-17-9	annotator2	3.0	 	heel_nn	2
fic_2006_51124.txt-508-18	fic_1849_7333.txt-787-43	annotator2	2.0	 	heel_nn	2
fic_1827_8772.txt-128-25	fic_1964_10452.txt-922-18	annotator2	2.0	 	heel_nn	2
fic_1995_39735.txt-513-7	fic_1844_7148.txt-905-4	annotator2	1.0	 	heel_nn	2
fic_1992_40270.txt-88-18	fic_1835_7339.txt-1086-45	annotator2	2.0	 	heel_nn	2
fic_1968_24505.txt-2499-3	mag_2005_377098.txt-17-9	annotator2	4.0	 	heel_nn	2
news_1994_606820.txt-64-12	nf_1855_748018.txt-1815-15	annotator2	3.0	 	heel_nn	2
fic_1851_746.txt-2547-1	fic_2007_34216.txt-23-23	annotator2	3.0	 	heel_nn	2
fic_1974_10590.txt-1512-5	fic_1835_7339.txt-1086-45	annotator2	3.0	 	heel_nn	2
news_1968_727533.txt-17-4	mag_2001_407931.txt-27-9	annotator2	1.0	 	heel_nn	2
fic_1997_54621.txt-205-11	fic_1835_7339.txt-1086-45	annotator2	4.0	 	heel_nn	2
fic_1830_8660.txt-422-27	fic_1849_7333.txt-787-43	annotator2	1.0	 	heel_nn	2
fic_1843_7208.txt-9167-3	fic_1843_7208.txt-7858-16	annotator2	3.0	 	heel_nn	2
news_2001_627694.txt-1435-11	nf_1855_748018.txt-1729-11	annotator5	3.0	 	heel_nn	2
nf_1985_774316.txt-437-56	fic_1835_7339.txt-1086-45	annotator5	3.0	 	heel_nn	2
fic_1856_7698.txt-529-9	fic_1824_7278.txt-1568-20	annotator5	4.0	 	heel_nn	2
fic_1995_39735.txt-513-7	fic_1844_7148.txt-905-4	annotator5	2.0	 	heel_nn	2
fic_1827_7169.txt-167-75	fic_1849_7333.txt-787-43	annotator5	3.0	 	heel_nn	2
fic_1855_2965.txt-1296-11	fic_1835_7339.txt-1086-45	annotator5	3.0	 	heel_nn	2
fic_2009_36395.txt-19-14	fic_1849_7333.txt-787-43	annotator5	2.0	 	heel_nn	2
fic_2009_36640.txt-13-23	fic_1860_9188.txt-1406-18	annotator5	2.0	 	heel_nn	2
fic_1839_7011.txt-269-23	fic_1835_7339.txt-1086-45	annotator5	4.0	 	heel_nn	2
fic_2009_36555.txt-338-10	fic_1843_7208.txt-7858-16	annotator5	3.0	 	heel_nn	2
fic_1827_7168.txt-812-3	mag_2005_377098.txt-17-9	annotator5	3.0	 	heel_nn	2
fic_1851_746.txt-2547-1	fic_2007_34216.txt-23-23	annotator5	3.0	 	heel_nn	2
fic_1997_54621.txt-205-11	fic_1835_7339.txt-1086-45	annotator5	2.0	 	heel_nn	2
fic_1996_41638.txt-260-12	nf_1855_748018.txt-1815-15	annotator5	4.0	 	heel_nn	2
fic_1996_41638.txt-260-12	fic_1849_7333.txt-787-43	annotator5	3.0	 	heel_nn	2
fic_1854_3384.txt-828-27	fic_1849_7333.txt-787-43	annotator5	4.0	 	heel_nn	2
nf_1965_773954.txt-883-23	fic_1820_7562.txt-525-2	annotator5	3.0	 	heel_nn	2
fic_1838_7086.txt-1397-55	fic_1849_7333.txt-787-43	annotator5	3.0	 	heel_nn	2
fic_1838_7086.txt-1397-55	fic_1849_7230.txt-2460-19	annotator5	3.0	 	heel_nn	2
fic_1835_7172.txt-5109-14	mag_2007_387965.txt-24-10	annotator5	3.0	 	heel_nn	2
nf_1979_774342.txt-854-2	fic_1849_7333.txt-787-43	annotator5	3.0	 	heel_nn	2
fic_1845_7183.txt-2743-8	fic_1860_9188.txt-1406-18	annotator5	2.0	 	heel_nn	2
fic_1822_7243.txt-6594-27	mag_2001_407931.txt-27-9	annotator5	4.0	 	heel_nn	2
fic_1854_3384.txt-828-27	fic_1849_7230.txt-2460-19	annotator5	3.0	 	heel_nn	2
fic_1832_7176.txt-1123-40	fic_1849_7333.txt-787-43	annotator5	3.0	 	heel_nn	2
fic_2009_36763.txt-107-14	fic_2006_29091.txt-101-8	annotator5	4.0	 	heel_nn	2
fic_1856_9779.txt-3394-30	fic_1964_10452.txt-922-18	annotator5	2.0	 	heel_nn	2
fic_1845_7162.txt-674-56	fic_1835_7339.txt-1086-45	annotator5	3.0	 	heel_nn	2
fic_1845_7183.txt-2510-4	fic_1824_7278.txt-1568-20	annotator5	3.0	 	heel_nn	2
fic_2006_51259.txt-1869-16	fic_1849_7230.txt-2460-19	annotator5	3.0	 	heel_nn	2
mag_1999_404191.txt-52-9	fic_1849_7230.txt-2460-19	annotator5	3.0	 	heel_nn	2
mag_1966_210443.txt-50-25	mag_2007_387965.txt-24-10	annotator5	2.0	 	heel_nn	2
nf_1979_774342.txt-854-2	fic_1964_10452.txt-922-18	annotator5	2.0	 	heel_nn	2
fic_1999_44508.txt-233-14	fic_1824_7278.txt-1568-20	annotator5	3.0	 	heel_nn	2
fic_1995_39383.txt-279-34	mag_2001_407931.txt-27-9	annotator5	4.0	 	heel_nn	2
fic_1853_9158.txt-662-54	nf_1855_748018.txt-1729-11	annotator5	4.0	 	heel_nn	2
fic_1961_10411.txt-447-10	fic_1835_7339.txt-1086-45	annotator5	3.0	 	heel_nn	2
fic_1827_8772.txt-128-25	fic_1859_9192.txt-12629-8	annotator5	3.0	 	heel_nn	2
fic_1835_7016.txt-3297-13	fic_1835_7339.txt-1086-45	annotator5	4.0	 	heel_nn	2
fic_1976_14235.txt-1923-25	fic_2007_34216.txt-23-23	annotator5	3.0	 	heel_nn	2
fic_1858_1282.txt-4982-72	fic_1849_7333.txt-787-43	annotator5	2.0	 	heel_nn	2
fic_1965_23823.txt-512-5	fic_1835_7339.txt-1086-45	annotator5	3.0	 	heel_nn	2
fic_2006_51124.txt-508-18	mag_2001_407931.txt-27-9	annotator5	3.0	 	heel_nn	2
fic_1843_7208.txt-9167-3	fic_1843_7208.txt-7858-16	annotator5	2.0	 	heel_nn	2
fic_2007_34216.txt-23-23	fic_1849_7230.txt-2460-19	annotator5	3.0	 	heel_nn	2
fic_1980_780027.txt-3182-15	fic_1849_7230.txt-2460-19	annotator5	2.0	 	heel_nn	2
fic_1835_7172.txt-5109-14	fic_1835_7339.txt-1086-45	annotator5	4.0	 	heel_nn	2
fic_1854_2820.txt-648-7	fic_1835_7339.txt-1086-45	annotator5	3.0	 	heel_nn	2
fic_1854_9193.txt-6819-5	fic_1835_7339.txt-1086-45	annotator5	4.0	 	heel_nn	2
fic_1845_7162.txt-674-56	fic_1824_7278.txt-1568-20	annotator5	3.0	 	heel_nn	2
fic_1857_9075.txt-1980-10	fic_1835_7339.txt-1086-45	annotator5	3.0	 	heel_nn	2
fic_1997_54603.txt-36-13	fic_1824_7278.txt-1568-20	annotator5	2.0	 	heel_nn	2
fic_1823_7246.txt-1513-12	mag_2005_377098.txt-17-9	annotator5	3.0	 	heel_nn	2
fic_1859_9192.txt-12629-8	fic_1835_7339.txt-1086-45	annotator5	4.0	 	heel_nn	2
fic_1846_4464.txt-2099-20	fic_1849_7333.txt-787-43	annotator5	3.0	 	heel_nn	2
fic_1973_10568.txt-1121-16	fic_1843_7208.txt-7858-16	annotator5	2.0	 	heel_nn	2
fic_1975_10605.txt-3654-15	fic_1843_7208.txt-7858-16	annotator5	3.0	 	heel_nn	2
fic_1852_69.txt-5987-9	fic_1824_7278.txt-1568-20	annotator5	3.0	 	heel_nn	2
fic_1996_30482.txt-7-16	mag_2005_377098.txt-17-9	annotator5	4.0	 	heel_nn	2
fic_1979_10650.txt-4408-11	nf_1855_748018.txt-1729-11	annotator5	3.0	 	heel_nn	2
fic_1860_8118.txt-1879-10	fic_1843_7208.txt-7858-16	annotator5	3.0	 	heel_nn	2
fic_1964_10452.txt-922-18	fic_1835_7339.txt-1086-45	annotator5	2.0	 	heel_nn	2
fic_1822_7243.txt-113-6	fic_1849_7333.txt-787-43	annotator5	3.0	 	heel_nn	2
fic_1964_10452.txt-922-18	nf_1855_748018.txt-1815-15	annotator5	4.0	 	heel_nn	2
fic_1836_7052.txt-3090-36	fic_1835_7339.txt-1086-45	annotator5	4.0	 	heel_nn	2
fic_1995_39735.txt-513-7	fic_1835_7339.txt-1086-45	annotator5	3.0	 	heel_nn	2
fic_1840_7057.txt-4202-0	fic_2007_34216.txt-23-23	annotator5	4.0	 	heel_nn	2
fic_1998_44208.txt-485-12	nf_1855_748018.txt-1729-11	annotator5	4.0	 	heel_nn	2
fic_1975_10605.txt-3654-15	fic_1835_7339.txt-1086-45	annotator5	3.0	 	heel_nn	2
mag_2009_405414.txt-39-4	fic_1849_7333.txt-787-43	annotator5	4.0	 	heel_nn	2
fic_1845_7162.txt-1020-51	fic_1964_10452.txt-922-18	annotator5	2.0	 	heel_nn	2
fic_1846_7036.txt-2789-8	nf_1855_748018.txt-1815-15	annotator5	3.0	 	heel_nn	2
news_1994_606820.txt-64-12	nf_1855_748018.txt-1815-15	annotator5	4.0	 	heel_nn	2
fic_1846_4464.txt-3499-23	fic_1860_9188.txt-1983-30	annotator5	3.0	 	heel_nn	2
fic_1818_8886.txt-185-5	fic_1835_7339.txt-1086-45	annotator5	3.0	 	heel_nn	2
mag_2000_369092.txt-9-3	fic_1849_7333.txt-787-43	annotator5	3.0	 	heel_nn	2
fic_1968_10508.txt-6594-8	fic_1843_7208.txt-7858-16	annotator5	4.0	 	heel_nn	2
mag_1963_244008.txt-14-2	fic_1849_7333.txt-787-43	annotator5	2.0	 	heel_nn	2
mag_1990_388655.txt-38-20	fic_1835_7339.txt-1086-45	annotator5	4.0	 	heel_nn	2
fic_1962_10427.txt-1041-23	fic_1820_7562.txt-525-2	annotator5	2.0	 	heel_nn	2
fic_1845_7183.txt-2743-8	fic_1849_7333.txt-787-43	annotator5	3.0	 	heel_nn	2
fic_1843_7155.txt-1279-8	mag_2001_407931.txt-27-9	annotator5	4.0	 	heel_nn	2
fic_1823_7246.txt-1513-12	fic_1849_7333.txt-787-43	annotator5	4.0	 	heel_nn	2
fic_1856_9797.txt-3078-18	fic_1854_2820.txt-648-7	annotator5	4.0	 	heel_nn	2
fic_2009_36763.txt-107-14	fic_1835_7339.txt-1086-45	annotator5	3.0	 	heel_nn	2
fic_1962_10427.txt-1041-23	fic_1849_7333.txt-787-43	annotator5	3.0	 	heel_nn	2
mag_1992_394703.txt-189-22	fic_1820_7562.txt-525-2	annotator5	4.0	 	heel_nn	2
fic_1972_780010.txt-1528-10	fic_1820_7562.txt-525-2	annotator5	3.0	 	heel_nn	2
fic_1984_14568.txt-1281-14	fic_1843_7208.txt-7858-16	annotator5	4.0	 	heel_nn	2
fic_1996_30482.txt-7-16	fic_1849_7333.txt-787-43	annotator5	4.0	 	heel_nn	2
mag_1960_204866.txt-23-12	fic_1860_9188.txt-1406-18	annotator5	1.0	 	heel_nn	2
mag_1983_480476.txt-75-9	fic_1820_7562.txt-525-2	annotator5	4.0	 	heel_nn	2
mag_1980_494008.txt-84-36	fic_1835_7339.txt-1086-45	annotator5	2.0	 	heel_nn	2
fic_1848_7341.txt-2550-10	fic_2008_36192.txt-52-7	annotator5	2.0	 	heel_nn	2
mag_1980_494008.txt-84-36	fic_1849_7230.txt-2460-19	annotator5	2.0	 	heel_nn	2
fic_2005_31871.txt-3-7	fic_1860_9188.txt-1406-18	annotator5	2.0	 	heel_nn	2
fic_1998_43802.txt-23-18	fic_1964_10452.txt-922-18	annotator5	2.0	 	heel_nn	2
fic_1851_201.txt-587-13	fic_1849_7333.txt-787-43	annotator5	2.0	 	heel_nn	2
fic_1839_7296.txt-3291-17	fic_1849_7333.txt-787-43	annotator5	2.0	 	heel_nn	2
fic_1849_7192.txt-7233-5	fic_1835_7339.txt-1086-45	annotator5	4.0	 	heel_nn	2
fic_1846_4464.txt-3499-23	fic_1835_7339.txt-1086-45	annotator5	4.0	 	heel_nn	2
fic_1843_7155.txt-1279-8	fic_1835_7339.txt-1086-45	annotator5	3.0	 	heel_nn	2
fic_1835_7272.txt-1369-10	fic_1860_9188.txt-1406-18	annotator5	3.0	 	heel_nn	2
fic_1853_9158.txt-40-11	fic_1835_7339.txt-1086-45	annotator5	4.0	 	heel_nn	2
fic_1835_7063.txt-837-29	fic_1843_7208.txt-7858-16	annotator5	3.0	 	heel_nn	2
fic_1856_9779.txt-3394-30	fic_1835_7339.txt-1086-45	annotator5	3.0	 	heel_nn	2
fic_1820_7562.txt-525-2	fic_1824_7278.txt-1568-20	annotator5	3.0	 	heel_nn	2
mag_1980_494008.txt-84-36	fic_1840_7057.txt-4202-0	annotator5	2.0	 	heel_nn	2
fic_1848_7341.txt-2550-10	mag_2005_377098.txt-17-9	annotator5	4.0	 	heel_nn	2
fic_1972_23889.txt-204-4	fic_1964_10452.txt-922-18	annotator5	2.0	 	heel_nn	2
fic_1827_8772.txt-128-25	fic_1849_7333.txt-787-43	annotator5	3.0	 	heel_nn	2
fic_1855_9098.txt-2073-8	fic_1849_7333.txt-787-43	annotator5	4.0	 	heel_nn	2
fic_1848_7193.txt-10971-18	fic_1824_7278.txt-1568-20	annotator5	4.0	 	heel_nn	2
fic_1852_69.txt-1683-27	nf_1855_748018.txt-1815-15	annotator5	3.0	 	heel_nn	2
mag_2009_405414.txt-39-4	fic_1843_7208.txt-7858-16	annotator5	3.0	 	heel_nn	2
fic_1839_7296.txt-3291-17	mag_2005_377098.txt-17-9	annotator5	4.0	 	heel_nn	2
fic_1820_7562.txt-525-2	fic_1849_7230.txt-2460-19	annotator5	3.0	 	heel_nn	2
mag_2005_422872.txt-44-10	mag_2007_387965.txt-24-10	annotator5	4.0	 	heel_nn	2
fic_2003_31457.txt-218-9	fic_1849_7333.txt-787-43	annotator5	4.0	 	heel_nn	2
fic_1860_2807.txt-2613-2	fic_2001_55630.txt-380-33	annotator5	2.0	 	heel_nn	2
mag_2007_387965.txt-24-10	fic_1820_7562.txt-525-2	annotator5	3.0	 	heel_nn	2
fic_1845_7162.txt-1020-51	fic_1849_7333.txt-787-43	annotator5	3.0	 	heel_nn	2
fic_1855_9098.txt-2073-8	fic_1835_7272.txt-1369-10	annotator5	3.0	 	heel_nn	2
fic_1984_14568.txt-1281-14	mag_2007_387965.txt-24-10	annotator5	2.0	 	heel_nn	2
fic_1854_70.txt-2563-57	nf_1855_748018.txt-1729-11	annotator5	3.0	 	heel_nn	2
fic_1999_16181.txt-4-2	fic_1849_7230.txt-2460-19	annotator5	4.0	 	heel_nn	2
fic_1989_10786.txt-4583-27	fic_2006_29091.txt-101-8	annotator5	4.0	 	heel_nn	2
fic_1839_7296.txt-3852-25	fic_2007_34216.txt-23-23	annotator5	4.0	 	heel_nn	2
fic_1823_7248.txt-1078-22	fic_1843_7208.txt-7858-16	annotator5	4.0	 	heel_nn	2
fic_2006_26313.txt-32-29	fic_2007_34216.txt-23-23	annotator5	3.0	 	heel_nn	2
fic_1827_7168.txt-618-3	fic_1843_7208.txt-7858-16	annotator5	4.0	 	heel_nn	2
mag_1961_490586.txt-79-46	fic_1964_10452.txt-922-18	annotator5	3.0	 	heel_nn	2
fic_1848_8147.txt-405-10	mag_2005_377098.txt-17-9	annotator5	4.0	 	heel_nn	2
fic_1848_7193.txt-10971-18	fic_1849_7333.txt-787-43	annotator5	4.0	 	heel_nn	2
fic_1851_201.txt-587-13	mag_2001_407931.txt-27-9	annotator5	3.0	 	heel_nn	2
fic_1846_7036.txt-2789-8	fic_1849_7333.txt-787-43	annotator5	3.0	 	heel_nn	2
fic_1967_10489.txt-4087-13	fic_1964_10452.txt-922-18	annotator5	2.0	 	heel_nn	2
fic_1976_16789.txt-1227-7	fic_2006_29091.txt-101-8	annotator5	4.0	 	heel_nn	2
fic_1993_1040079.txt-2278-18	fic_1849_7333.txt-787-43	annotator5	3.0	 	heel_nn	2
mag_1999_407852.txt-59-11	fic_1835_7339.txt-1086-45	annotator5	3.0	 	heel_nn	2
mag_1963_244008.txt-14-2	nf_1855_748018.txt-1815-15	annotator5	2.0	 	heel_nn	2
mag_2007_387965.txt-24-10	fic_1835_7339.txt-1086-45	annotator5	3.0	 	heel_nn	2
news_1987_669609.txt-33-8	fic_1835_7339.txt-1086-45	annotator5	3.0	 	heel_nn	2
fic_1835_7063.txt-837-29	fic_1835_7339.txt-1086-45	annotator5	4.0	 	heel_nn	2
mag_1840_586584.txt-233-29	fic_1849_7333.txt-787-43	annotator5	4.0	 	heel_nn	2
mag_1961_490586.txt-79-46	fic_1835_7339.txt-1086-45	annotator5	2.0	 	heel_nn	2
mag_1966_210443.txt-50-25	fic_1835_7339.txt-1086-45	annotator5	2.0	 	heel_nn	2
nf_1990_774020.txt-1666-35	fic_1835_7339.txt-1086-45	annotator5	2.0	 	heel_nn	2
news_1987_669609.txt-33-8	fic_1843_7208.txt-7858-16	annotator5	3.0	 	heel_nn	2
fic_1834_2652.txt-2954-10	fic_1849_7333.txt-787-43	annotator5	3.0	 	heel_nn	2
mag_1835_565208.txt-27-39	mag_2005_377098.txt-17-9	annotator5	4.0	 	heel_nn	2
fic_1966_10481.txt-2797-6	mag_2001_407931.txt-27-9	annotator5	3.0	 	heel_nn	2
fic_1860_2807.txt-4807-17	fic_1835_7339.txt-1086-45	annotator5	3.0	 	heel_nn	2
fic_1964_10452.txt-922-18	mag_2007_387965.txt-24-10	annotator5	2.0	 	heel_nn	2
fic_1980_780027.txt-895-24	fic_1835_7339.txt-1086-45	annotator5	2.0	 	heel_nn	2
fic_1845_7342.txt-312-27	fic_1849_7333.txt-787-43	annotator5	3.0	 	heel_nn	2
fic_1960_5311.txt-1415-10	fic_1835_7339.txt-1086-45	annotator5	2.0	 	heel_nn	2
fic_1975_10595.txt-11281-7	fic_1849_7333.txt-787-43	annotator5	2.0	 	heel_nn	2
fic_1992_53585.txt-527-25	nf_1855_748018.txt-1729-11	annotator5	4.0	 	heel_nn	2
fic_1830_8660.txt-422-27	nf_1855_748018.txt-1815-15	annotator5	3.0	 	heel_nn	2
fic_2006_50943.txt-754-18	fic_1860_9188.txt-1406-18	annotator5	2.0	 	heel_nn	2
fic_1962_781986.txt-779-27	nf_1855_748018.txt-1815-15	annotator5	3.0	 	heel_nn	2
mag_1840_586584.txt-233-29	mag_2007_387965.txt-24-10	annotator5	2.0	 	heel_nn	2
fic_1823_7248.txt-1078-22	fic_1835_7339.txt-1086-45	annotator5	4.0	 	heel_nn	2
fic_1835_7272.txt-1369-10	fic_1835_7339.txt-1086-45	annotator5	4.0	 	heel_nn	2
news_1969_727774.txt-14-15	fic_1820_7562.txt-525-2	annotator5	3.0	 	heel_nn	2
fic_1845_7342.txt-312-27	fic_1964_10452.txt-922-18	annotator5	2.0	 	heel_nn	2
fic_1846_8891.txt-2192-12	mag_2007_387965.txt-24-10	annotator5	3.0	 	heel_nn	2
fic_1998_44208.txt-485-12	fic_1849_7333.txt-787-43	annotator5	2.0	 	heel_nn	2
fic_1853_9158.txt-662-54	fic_1849_7333.txt-787-43	annotator5	2.0	 	heel_nn	2
mag_2005_422872.txt-44-10	fic_1835_7339.txt-1086-45	annotator5	3.0	 	heel_nn	2
news_1994_606820.txt-64-12	fic_1849_7333.txt-787-43	annotator5	3.0	 	heel_nn	2
news_1977_733054.txt-45-14	fic_2007_34216.txt-23-23	annotator5	2.0	 	heel_nn	2
fic_1967_10489.txt-4087-13	fic_1835_7339.txt-1086-45	annotator4	4.0	 	heel_nn	2
mag_1993_396023.txt-13-8	fic_1835_7339.txt-1086-45	annotator4	2.0	 	heel_nn	2
fic_2006_51259.txt-1869-16	fic_1849_7333.txt-787-43	annotator4	2.0	 	heel_nn	2
fic_1978_10634.txt-6656-6	fic_1849_7333.txt-787-43	annotator4	1.0	 	heel_nn	2
fic_1860_2807.txt-2886-19	fic_1849_7230.txt-2460-19	annotator4	2.0	 	heel_nn	2
fic_1836_7052.txt-3090-36	fic_1835_7339.txt-1086-45	annotator4	2.0	 	heel_nn	2
mag_1966_210443.txt-50-25	fic_1835_7339.txt-1086-45	annotator4	1.0	 	heel_nn	2
fic_1852_69.txt-5987-9	fic_1849_7333.txt-787-43	annotator4	1.0	 	heel_nn	2
fic_1962_781986.txt-779-27	nf_1855_748018.txt-1815-15	annotator4	3.0	 	heel_nn	2
fic_1827_7169.txt-167-75	fic_1824_7278.txt-1568-20	annotator4	0.0	body part vs to waste time	heel_nn	2
fic_1992_40270.txt-88-18	fic_1843_7208.txt-7858-16	annotator4	2.0	 	heel_nn	2
fic_1860_2807.txt-2886-19	fic_1849_7333.txt-787-43	annotator4	2.0	 	heel_nn	2
fic_1842_7206.txt-4992-65	nf_1855_748018.txt-1729-11	annotator4	2.0	 	heel_nn	2
fic_1961_10411.txt-7836-20	fic_1824_7278.txt-1568-20	annotator4	2.0	 	heel_nn	2
fic_1845_7183.txt-2743-8	fic_1849_7333.txt-787-43	annotator4	1.0	 	heel_nn	2
mag_1963_244008.txt-14-2	nf_1855_748018.txt-1815-15	annotator4	2.0	 	heel_nn	2
fic_1823_7248.txt-1078-22	fic_1835_7339.txt-1086-45	annotator4	4.0	 	heel_nn	2
fic_1976_10612.txt-3153-12	fic_1820_7562.txt-525-2	annotator4	2.0	 	heel_nn	2
fic_2003_30537.txt-215-4	fic_1849_7333.txt-787-43	annotator4	1.0	 	heel_nn	2
fic_1853_9158.txt-40-11	fic_1835_7339.txt-1086-45	annotator4	2.0	 	heel_nn	2
fic_1966_10481.txt-2797-6	fic_1849_7333.txt-787-43	annotator4	1.0	 	heel_nn	2
mag_2000_412570.txt-48-7	fic_1849_7333.txt-787-43	annotator4	1.0	 	heel_nn	2
fic_1846_4464.txt-3499-23	fic_1824_7278.txt-1568-20	annotator4	4.0	 	heel_nn	2
nf_1965_773954.txt-883-23	fic_1820_7562.txt-525-2	annotator4	0.0	I don't understand s2	heel_nn	2
mag_2005_422872.txt-44-10	fic_1835_7339.txt-1086-45	annotator4	2.0	 	heel_nn	2
fic_1852_69.txt-5987-9	fic_1824_7278.txt-1568-20	annotator4	2.0	 	heel_nn	2
fic_1998_43802.txt-23-18	fic_1835_7339.txt-1086-45	annotator4	2.0	 	heel_nn	2
fic_1993_1040079.txt-2278-18	fic_1824_7278.txt-1568-20	annotator4	3.0	 	heel_nn	2
fic_2006_50943.txt-754-18	fic_1860_9188.txt-1406-18	annotator4	2.0	 	heel_nn	2
fic_1822_7243.txt-113-6	mag_2005_377098.txt-17-9	annotator4	4.0	 	heel_nn	2
fic_1995_39356.txt-46-9	fic_1849_7333.txt-787-43	annotator4	1.0	 	heel_nn	2
nf_1845_747502.txt-1349-17	fic_1843_7208.txt-7858-16	annotator4	4.0	 	heel_nn	2
fic_1823_7248.txt-1078-22	fic_1843_7208.txt-7858-16	annotator4	3.0	 	heel_nn	2
fic_1968_10508.txt-6594-8	fic_1843_7208.txt-7858-16	annotator4	4.0	 	heel_nn	2
fic_1847_1094.txt-1442-3	fic_1849_7230.txt-2460-19	annotator4	4.0	 	heel_nn	2
fic_1854_70.txt-2563-57	fic_1835_7339.txt-1086-45	annotator4	2.0	 	heel_nn	2
fic_1846_8891.txt-2192-12	fic_1849_7333.txt-787-43	annotator4	1.0	 	heel_nn	2
fic_1992_53585.txt-527-25	fic_1835_7339.txt-1086-45	annotator4	2.0	 	heel_nn	2
fic_1848_7154.txt-1881-30	mag_2007_387965.txt-24-10	annotator4	1.0	 	heel_nn	2
fic_1852_69.txt-1683-27	nf_1855_748018.txt-1815-15	annotator4	4.0	 	heel_nn	2
fic_2009_36763.txt-107-14	fic_2006_29091.txt-101-8	annotator4	2.0	 	heel_nn	2
nf_1838_747585.txt-1509-44	mag_2007_387965.txt-24-10	annotator4	4.0	 	heel_nn	2
fic_1999_28854.txt-37-27	fic_1843_7208.txt-7858-16	annotator4	4.0	 	heel_nn	2
fic_1835_7063.txt-837-29	fic_1843_7208.txt-7858-16	annotator4	4.0	 	heel_nn	2
fic_1833_7059.txt-551-42	fic_1849_7333.txt-787-43	annotator4	1.0	 	heel_nn	2
fic_1972_780010.txt-462-12	fic_1835_7339.txt-1086-45	annotator4	2.0	 	heel_nn	2
fic_1961_10411.txt-447-10	fic_1835_7339.txt-1086-45	annotator4	2.0	 	heel_nn	2
fic_1997_54603.txt-36-13	fic_1824_7278.txt-1568-20	annotator4	1.0	 	heel_nn	2
fic_1838_7086.txt-1397-55	fic_1849_7333.txt-787-43	annotator4	1.0	 	heel_nn	2
fic_1854_2820.txt-648-7	fic_1860_9188.txt-1406-18	annotator4	4.0	 	heel_nn	2
fic_1854_9193.txt-7092-27	fic_1835_7339.txt-1086-45	annotator4	1.0	 	heel_nn	2
fic_1989_24010.txt-238-13	fic_1849_7333.txt-787-43	annotator4	1.0	 	heel_nn	2
fic_2006_51259.txt-1869-16	fic_1849_7230.txt-2460-19	annotator4	4.0	 	heel_nn	2
fic_1839_7233.txt-1176-12	fic_1835_7339.txt-1086-45	annotator4	4.0	 	heel_nn	2
fic_1823_7213.txt-3609-15	mag_2001_407931.txt-27-9	annotator4	4.0	 	heel_nn	2
news_2001_627694.txt-1435-11	nf_1855_748018.txt-1729-11	annotator4	4.0	 	heel_nn	2
nf_1985_774316.txt-437-56	mag_2007_387965.txt-24-10	annotator4	2.0	 	heel_nn	2
fic_1849_7192.txt-7233-5	fic_1849_7230.txt-2460-19	annotator4	2.0	 	heel_nn	2
mag_1835_565208.txt-27-39	mag_2005_377098.txt-17-9	annotator4	4.0	 	heel_nn	2
fic_1964_10452.txt-922-18	mag_2007_387965.txt-24-10	annotator4	1.0	 	heel_nn	2
fic_1997_54621.txt-205-11	fic_2007_34216.txt-23-23	annotator4	2.0	 	heel_nn	2
fic_1962_781986.txt-779-27	fic_1849_7333.txt-787-43	annotator4	1.0	 	heel_nn	2
fic_2006_32801.txt-71-29	fic_1849_7333.txt-787-43	annotator4	1.0	 	heel_nn	2
fic_1843_7325.txt-352-37	fic_1835_7339.txt-1086-45	annotator4	2.0	 	heel_nn	2
fic_1857_9075.txt-1980-10	nf_1855_748018.txt-1729-11	annotator4	4.0	 	heel_nn	2
fic_1853_9158.txt-662-54	nf_1855_748018.txt-1729-11	annotator4	4.0	 	heel_nn	2
news_1987_669609.txt-33-8	fic_1835_7339.txt-1086-45	annotator4	1.0	 	heel_nn	2
fic_1827_7168.txt-812-3	fic_1835_7339.txt-1086-45	annotator4	2.0	 	heel_nn	2
fic_1818_8886.txt-185-5	fic_1835_7339.txt-1086-45	annotator4	1.0	 	heel_nn	2
nf_1851_758845.txt-2797-14	fic_1835_7339.txt-1086-45	annotator4	2.0	 	heel_nn	2
fic_1996_41638.txt-260-12	nf_1855_748018.txt-1815-15	annotator4	4.0	 	heel_nn	2
fic_1843_7325.txt-352-37	nf_1855_748018.txt-1815-15	annotator4	4.0	 	heel_nn	2
fic_1976_16789.txt-1227-7	fic_2006_29091.txt-101-8	annotator4	2.0	 	heel_nn	2
mag_1999_407852.txt-26-28	mag_2007_387965.txt-24-10	annotator4	4.0	 	heel_nn	2
fic_1843_7155.txt-1279-8	mag_2001_407931.txt-27-9	annotator4	4.0	 	heel_nn	2
fic_1853_9158.txt-662-54	fic_1849_7333.txt-787-43	annotator4	1.0	 	heel_nn	2
fic_1995_39383.txt-279-34	fic_1835_7339.txt-1086-45	annotator4	2.0	 	heel_nn	2
fic_1843_7208.txt-9320-65	nf_1855_748018.txt-1815-15	annotator4	2.0	 	heel_nn	2
fic_1818_8860.txt-721-6	fic_1843_7208.txt-7858-16	annotator4	4.0	 	heel_nn	2
fic_2006_32801.txt-71-29	fic_1843_7208.txt-7858-16	annotator4	2.0	 	heel_nn	2
fic_1984_14568.txt-1281-14	fic_1843_7208.txt-7858-16	annotator4	2.0	 	heel_nn	2
fic_1846_4464.txt-2099-20	fic_2006_29091.txt-101-8	annotator4	3.0	 	heel_nn	2
nf_1845_747502.txt-1349-17	fic_1835_7339.txt-1086-45	annotator4	2.0	 	heel_nn	2
fic_2009_36395.txt-19-14	nf_1855_748018.txt-1729-11	annotator4	2.0	 	heel_nn	2
fic_2009_36555.txt-338-10	fic_1835_7339.txt-1086-45	annotator4	2.0	 	heel_nn	2
fic_1976_16789.txt-1227-7	fic_1849_7333.txt-787-43	annotator4	1.0	 	heel_nn	2
fic_1968_10508.txt-6594-8	fic_1835_7339.txt-1086-45	annotator4	2.0	 	heel_nn	2
fic_1851_201.txt-587-13	fic_1849_7333.txt-787-43	annotator4	1.0	 	heel_nn	2
fic_2003_30537.txt-215-4	fic_1820_7562.txt-525-2	annotator4	0.0	I don't understand s1	heel_nn	2
fic_1848_7193.txt-10121-1	fic_1835_7339.txt-1086-45	annotator4	2.0	 	heel_nn	2
mag_1961_490586.txt-79-46	fic_1835_7339.txt-1086-45	annotator4	2.0	 	heel_nn	2
fic_1843_7208.txt-9167-3	fic_1843_7208.txt-7858-16	annotator4	2.0	 	heel_nn	2
fic_1854_2820.txt-648-7	fic_1835_7339.txt-1086-45	annotator4	2.0	 	heel_nn	2
mag_1994_62708.txt-9-4	nf_1855_748018.txt-1729-11	annotator4	0.0	 	heel_nn	2
fic_1812_8987.txt-1407-11	fic_1824_7278.txt-1568-20	annotator4	4.0	 	heel_nn	2
fic_1848_7193.txt-10971-18	fic_1824_7278.txt-1568-20	annotator4	4.0	 	heel_nn	2
fic_2003_31973.txt-377-51	fic_1849_7333.txt-787-43	annotator4	1.0	 	heel_nn	2
fic_1846_8891.txt-2192-12	mag_2007_387965.txt-24-10	annotator4	2.0	 	heel_nn	2
fic_1961_10411.txt-7836-20	fic_1849_7333.txt-787-43	annotator4	1.0	 	heel_nn	2
fic_1822_7243.txt-6594-27	fic_1835_7339.txt-1086-45	annotator4	2.0	 	heel_nn	2
fic_1860_2807.txt-2613-2	fic_2001_55630.txt-380-33	annotator4	2.0	 	heel_nn	2
fic_2001_45868.txt-263-10	fic_1964_10452.txt-922-18	annotator4	2.0	 	heel_nn	2
mag_1835_565208.txt-27-39	fic_1849_7333.txt-787-43	annotator4	1.0	 	heel_nn	2
news_1977_733054.txt-45-14	fic_1849_7333.txt-787-43	annotator4	1.0	 	heel_nn	2
fic_2006_51124.txt-508-18	fic_1849_7333.txt-787-43	annotator4	1.0	 	heel_nn	2
mag_2005_422872.txt-32-7	fic_1835_7339.txt-1086-45	annotator4	2.0	 	heel_nn	2
mag_1840_586584.txt-233-29	fic_1849_7333.txt-787-43	annotator4	4.0	 	heel_nn	2
fic_1827_7168.txt-618-3	fic_1843_7208.txt-7858-16	annotator4	4.0	 	heel_nn	2
mag_1992_394703.txt-189-22	fic_1820_7562.txt-525-2	annotator4	0.0	I don't understand s1	heel_nn	2
fic_1991_53423.txt-712-9	fic_1843_7208.txt-7858-16	annotator4	4.0	 	heel_nn	2
fic_1827_8772.txt-128-25	fic_1964_10452.txt-922-18	annotator4	2.0	 	heel_nn	2
fic_1965_23823.txt-512-5	fic_1964_10452.txt-922-18	annotator4	4.0	 	heel_nn	2
fic_1852_69.txt-1683-27	fic_1835_7339.txt-1086-45	annotator4	2.0	 	heel_nn	2
fic_1856_9779.txt-3394-30	fic_1835_7339.txt-1086-45	annotator4	2.0	 	heel_nn	2
fic_1999_28854.txt-37-27	fic_1849_7333.txt-787-43	annotator4	1.0	 	heel_nn	2
fic_1995_39735.txt-513-7	fic_1835_7339.txt-1086-45	annotator4	1.0	 	heel_nn	2
fic_1856_9797.txt-3078-18	fic_1854_2820.txt-648-7	annotator4	4.0	 	heel_nn	2
fic_1834_2652.txt-2954-10	fic_2006_29091.txt-101-8	annotator4	4.0	 	heel_nn	2
fic_1842_7206.txt-4992-65	fic_1849_7333.txt-787-43	annotator4	1.0	 	heel_nn	2
mag_2005_422872.txt-44-10	mag_2007_387965.txt-24-10	annotator4	4.0	 	heel_nn	2
fic_1983_10712.txt-335-24	fic_1849_7333.txt-787-43	annotator4	1.0	 	heel_nn	2
fic_1846_7036.txt-2789-8	nf_1855_748018.txt-1815-15	annotator4	4.0	 	heel_nn	2
fic_1855_9098.txt-2073-8	fic_1835_7272.txt-1369-10	annotator4	2.0	 	heel_nn	2
mag_1993_396023.txt-13-8	mag_2005_377098.txt-17-9	annotator4	1.0	 	heel_nn	2
fic_1973_10568.txt-1121-16	fic_1835_7339.txt-1086-45	annotator4	1.0	 	heel_nn	2
fic_1848_7341.txt-2550-10	fic_2008_36192.txt-52-7	annotator4	1.0	 	heel_nn	2
fic_1972_780010.txt-1528-10	fic_1820_7562.txt-525-2	annotator4	0.0	I don't understand s1	heel_nn	2
fic_1962_10427.txt-1041-23	fic_1849_7333.txt-787-43	annotator4	1.0	 	heel_nn	2
news_1987_669609.txt-33-8	fic_1843_7208.txt-7858-16	annotator4	2.0	 	heel_nn	2
fic_1848_7154.txt-1881-30	fic_1835_7339.txt-1086-45	annotator4	1.0	 	heel_nn	2
fic_1972_780010.txt-462-12	mag_2007_387965.txt-24-10	annotator4	4.0	 	heel_nn	2
fic_1860_9188.txt-1983-30	mag_2001_407931.txt-27-9	annotator4	4.0	 	heel_nn	2
fic_1845_7342.txt-312-27	fic_1849_7333.txt-787-43	annotator4	1.0	 	heel_nn	2
fic_1845_7183.txt-2510-4	fic_1824_7278.txt-1568-20	annotator4	2.0	 	heel_nn	2
fic_1978_10634.txt-6656-6	mag_2007_387965.txt-24-10	annotator4	1.0	 	heel_nn	2
fic_1836_7052.txt-3090-36	fic_2006_29091.txt-101-8	annotator4	4.0	 	heel_nn	2
fic_1966_10481.txt-2797-6	mag_2001_407931.txt-27-9	annotator4	4.0	 	heel_nn	2
mag_1990_388655.txt-38-20	fic_1835_7339.txt-1086-45	annotator4	3.0	 	heel_nn	2
fic_1848_7341.txt-2550-10	mag_2005_377098.txt-17-9	annotator4	2.0	 	heel_nn	2
fic_2009_36395.txt-19-14	fic_1849_7333.txt-787-43	annotator4	1.0	 	heel_nn	2
nf_1855_748018.txt-1815-15	fic_2006_29091.txt-101-8	annotator4	4.0	 	heel_nn	2
fic_1967_10489.txt-4087-13	fic_1964_10452.txt-922-18	annotator4	2.0	 	heel_nn	2
fic_1976_10612.txt-3153-12	fic_1849_7333.txt-787-43	annotator4	1.0	 	heel_nn	2
fic_1835_7063.txt-837-29	fic_1834_2652.txt-2954-10	annotator4	4.0	 	heel_nn	2
fic_1989_10786.txt-4583-27	fic_2006_29091.txt-101-8	annotator4	4.0	 	heel_nn	2
fic_1860_2807.txt-2613-2	fic_1824_7278.txt-1568-20	annotator4	4.0	 	heel_nn	2
fic_1854_8328.txt-459-64	fic_1835_7339.txt-1086-45	annotator4	2.0	 	heel_nn	2
fic_1960_5311.txt-1415-10	fic_2006_29091.txt-101-8	annotator4	0.0	s2 is ambiguous	heel_nn	2
fic_1995_39356.txt-46-9	fic_1824_7278.txt-1568-20	annotator4	2.0	 	heel_nn	2
fic_1848_7193.txt-11944-21	fic_1849_7333.txt-787-43	annotator4	1.0	 	heel_nn	2
fic_1995_39735.txt-513-7	mag_2001_407931.txt-27-9	annotator4	2.0	 	heel_nn	2
fic_1855_9098.txt-2073-8	fic_1849_7230.txt-2460-19	annotator4	4.0	 	heel_nn	2
fic_1820_7562.txt-525-2	fic_1849_7230.txt-2460-19	annotator4	0.0	I don't understand s2	heel_nn	2
fic_1858_1282.txt-4982-72	fic_1849_7333.txt-787-43	annotator4	1.0	 	heel_nn	2
fic_1823_7213.txt-3609-15	fic_1849_7333.txt-787-43	annotator4	1.0	 	heel_nn	2
fic_1975_10595.txt-11281-7	fic_1849_7333.txt-787-43	annotator4	1.0	 	heel_nn	2
fic_1832_7176.txt-1123-40	fic_1820_7562.txt-525-2	annotator4	0.0	I don't understand s2	heel_nn	2
fic_1860_2807.txt-4807-17	fic_2006_29091.txt-101-8	annotator4	2.0	 	heel_nn	2
news_1968_727533.txt-17-4	fic_1835_7339.txt-1086-45	annotator4	2.0	 	heel_nn	2
fic_1853_3465.txt-426-13	fic_1849_7333.txt-787-43	annotator4	1.0	 	heel_nn	2
fic_1839_7011.txt-269-23	fic_1824_7278.txt-1568-20	annotator4	4.0	 	heel_nn	2
fic_1854_3384.txt-828-27	fic_1849_7333.txt-787-43	annotator4	1.0	 	heel_nn	2
fic_1846_4464.txt-3499-23	fic_1835_7339.txt-1086-45	annotator4	4.0	 	heel_nn	2
fic_1989_10786.txt-4583-27	fic_1849_7333.txt-787-43	annotator4	1.0	 	heel_nn	2
fic_1839_7296.txt-3852-25	fic_1849_7333.txt-787-43	annotator4	1.0	 	heel_nn	2
mag_1963_244008.txt-14-2	fic_1849_7333.txt-787-43	annotator4	1.0	 	heel_nn	2
fic_1827_7168.txt-618-3	fic_1849_7333.txt-787-43	annotator4	1.0	 	heel_nn	2
fic_1993_25035.txt-2043-20	fic_1843_7208.txt-7858-16	annotator4	2.0	 	heel_nn	2
fic_1974_10590.txt-1512-5	fic_1964_10452.txt-922-18	annotator4	2.0	 	heel_nn	2
fic_1848_7193.txt-10121-1	fic_1824_7278.txt-1568-20	annotator4	2.0	 	heel_nn	2
fic_1999_44508.txt-233-14	fic_1835_7339.txt-1086-45	annotator4	2.0	 	heel_nn	2
fic_1844_7148.txt-905-4	fic_1849_7333.txt-787-43	annotator4	1.0	 	heel_nn	2
fic_1846_4464.txt-3499-23	fic_1860_9188.txt-1983-30	annotator0	4.0	 	heel_nn	2
fic_1984_14568.txt-1281-14	fic_1843_7208.txt-7858-16	annotator0	4.0	 	heel_nn	2
fic_1848_7193.txt-11944-21	fic_1824_7278.txt-1568-20	annotator0	4.0	 	heel_nn	2
fic_1848_7154.txt-1881-30	fic_1835_7339.txt-1086-45	annotator0	2.0	 	heel_nn	2
fic_1989_10786.txt-4583-27	fic_1849_7333.txt-787-43	annotator0	2.0	 	heel_nn	2
fic_1997_54621.txt-205-11	fic_1835_7339.txt-1086-45	annotator0	4.0	 	heel_nn	2
fic_1839_7011.txt-269-23	fic_1824_7278.txt-1568-20	annotator0	4.0	 	heel_nn	2
fic_1820_7562.txt-525-2	fic_1824_7278.txt-1568-20	annotator0	0.0	UNK; I can't determine the meaning in sentence 2	heel_nn	2
fic_1980_780027.txt-895-24	fic_1964_10452.txt-922-18	annotator0	2.0	Unsure	heel_nn	2
fic_2006_51259.txt-1869-16	fic_1849_7333.txt-787-43	annotator0	2.0	 	heel_nn	2
fic_1962_10427.txt-1041-23	fic_1849_7333.txt-787-43	annotator0	2.0	Unsure	heel_nn	2
fic_1836_7052.txt-3090-36	fic_1835_7339.txt-1086-45	annotator0	4.0	 	heel_nn	2
fic_1853_3465.txt-426-13	mag_2007_387965.txt-24-10	annotator0	4.0	 	heel_nn	2
fic_1995_39735.txt-513-7	fic_1835_7339.txt-1086-45	annotator0	4.0	 	heel_nn	2
fic_1856_9797.txt-3078-18	fic_1843_7208.txt-7858-16	annotator0	4.0	 	heel_nn	2
fic_1855_9098.txt-2073-8	fic_1835_7272.txt-1369-10	annotator0	3.0	Unsure	heel_nn	2
fic_1995_39383.txt-279-34	fic_1835_7339.txt-1086-45	annotator0	4.0	 	heel_nn	2
fic_1849_7192.txt-7233-5	fic_1835_7339.txt-1086-45	annotator0	4.0	 	heel_nn	2
fic_1853_9158.txt-40-11	nf_1855_748018.txt-1729-11	annotator0	3.0	 	heel_nn	2
fic_1991_53423.txt-712-9	fic_1849_7333.txt-787-43	annotator0	2.0	 	heel_nn	2
fic_1840_7057.txt-4202-0	fic_1849_7333.txt-787-43	annotator0	2.0	 	heel_nn	2
nf_1845_747502.txt-1349-17	fic_1843_7208.txt-7858-16	annotator0	3.0	 	heel_nn	2
fic_2007_34216.txt-23-23	fic_1849_7230.txt-2460-19	annotator0	3.0	 	heel_nn	2
fic_1999_16181.txt-4-2	fic_1835_7339.txt-1086-45	annotator0	4.0	 	heel_nn	2
nf_1985_774316.txt-437-56	mag_2007_387965.txt-24-10	annotator0	3.0	 	heel_nn	2
fic_1848_7193.txt-10971-18	fic_1824_7278.txt-1568-20	annotator0	4.0	 	heel_nn	2
fic_1984_14568.txt-1281-14	fic_1835_7339.txt-1086-45	annotator0	3.0	 	heel_nn	2
fic_1999_28854.txt-37-27	fic_1849_7333.txt-787-43	annotator0	2.0	 	heel_nn	2
fic_2003_31457.txt-218-9	mag_2001_407931.txt-27-9	annotator0	4.0	 	heel_nn	2
fic_2008_36192.txt-52-7	fic_1849_7333.txt-787-43	annotator0	2.0	 	heel_nn	2
fic_1847_1094.txt-1442-3	fic_1835_7339.txt-1086-45	annotator0	4.0	 	heel_nn	2
fic_1846_4464.txt-2099-20	fic_2006_29091.txt-101-8	annotator0	4.0	 	heel_nn	2
fic_1966_10481.txt-2797-6	mag_2001_407931.txt-27-9	annotator0	4.0	 	heel_nn	2
fic_1995_39356.txt-46-9	fic_1849_7333.txt-787-43	annotator0	2.0	 	heel_nn	2
fic_1853_9040.txt-1459-8	fic_1835_7339.txt-1086-45	annotator0	3.0	 	heel_nn	2
nf_1979_774342.txt-854-2	fic_1849_7333.txt-787-43	annotator0	2.0	 	heel_nn	2
fic_1854_70.txt-2563-57	nf_1855_748018.txt-1729-11	annotator0	3.0	 	heel_nn	2
fic_1980_780027.txt-3182-15	fic_1849_7230.txt-2460-19	annotator0	4.0	 	heel_nn	2
fic_1843_7208.txt-7858-16	mag_2005_377098.txt-17-9	annotator0	4.0	 	heel_nn	2
fic_1860_9188.txt-1983-30	mag_2001_407931.txt-27-9	annotator0	4.0	 	heel_nn	2
fic_1992_53585.txt-527-25	nf_1855_748018.txt-1729-11	annotator0	3.0	 	heel_nn	2
mag_1999_404191.txt-52-9	fic_1849_7230.txt-2460-19	annotator0	4.0	 	heel_nn	2
fic_1856_9779.txt-3394-30	fic_1835_7339.txt-1086-45	annotator0	3.0	 	heel_nn	2
fic_2006_51259.txt-1869-16	fic_1849_7230.txt-2460-19	annotator0	4.0	 	heel_nn	2
fic_1835_7272.txt-1369-10	fic_1860_9188.txt-1406-18	annotator0	4.0	 	heel_nn	2
news_1987_669609.txt-33-8	fic_1835_7339.txt-1086-45	annotator0	4.0	 	heel_nn	2
fic_1854_9193.txt-6819-5	fic_1860_9188.txt-1406-18	annotator0	4.0	 	heel_nn	2
fic_1835_7272.txt-1369-10	fic_1835_7339.txt-1086-45	annotator0	4.0	 	heel_nn	2
fic_1856_9797.txt-3078-18	fic_1849_7333.txt-787-43	annotator0	2.0	 	heel_nn	2
fic_2006_50943.txt-754-18	fic_1849_7333.txt-787-43	annotator0	2.0	 	heel_nn	2
fic_1848_8147.txt-405-10	fic_1835_7339.txt-1086-45	annotator0	4.0	 	heel_nn	2
fic_1968_24505.txt-2499-3	mag_2005_377098.txt-17-9	annotator0	4.0	 	heel_nn	2
fic_1962_781986.txt-779-27	nf_1855_748018.txt-1815-15	annotator0	4.0	 	heel_nn	2
fic_1835_5605.txt-2350-13	fic_1820_7562.txt-525-2	annotator0	0.0	UNK; I can't determine the meaning in sentence 2	heel_nn	2
fic_1846_7036.txt-2789-8	fic_1849_7333.txt-787-43	annotator0	2.0	 	heel_nn	2
fic_1839_7296.txt-3291-17	fic_1849_7333.txt-787-43	annotator0	2.0	 	heel_nn	2
fic_2001_45868.txt-263-10	fic_1964_10452.txt-922-18	annotator0	4.0	 	heel_nn	2
fic_1855_2965.txt-1296-11	fic_1849_7230.txt-2460-19	annotator0	4.0	 	heel_nn	2
news_1969_727774.txt-14-15	fic_1820_7562.txt-525-2	annotator0	0.0	UNK; I can't determine the meaning in sentence 2	heel_nn	2
fic_1845_7183.txt-2510-4	fic_1824_7278.txt-1568-20	annotator0	4.0	 	heel_nn	2
fic_1860_2807.txt-2613-2	fic_1835_7339.txt-1086-45	annotator0	4.0	 	heel_nn	2
fic_1854_8328.txt-459-64	nf_1855_748018.txt-1815-15	annotator0	4.0	 	heel_nn	2
fic_1823_7213.txt-3609-15	fic_1849_7333.txt-787-43	annotator0	2.0	 	heel_nn	2
fic_1845_7342.txt-312-27	fic_1964_10452.txt-922-18	annotator0	3.0	 	heel_nn	2
fic_1860_8118.txt-1879-10	fic_1843_7208.txt-7858-16	annotator0	4.0	 	heel_nn	2
fic_2006_32801.txt-71-29	fic_1843_7208.txt-7858-16	annotator0	4.0	 	heel_nn	2
fic_1848_7009.txt-3822-16	fic_1835_7339.txt-1086-45	annotator0	4.0	 	heel_nn	2
fic_1845_7162.txt-674-56	fic_1835_7339.txt-1086-45	annotator0	4.0	 	heel_nn	2
fic_1996_30482.txt-7-16	mag_2005_377098.txt-17-9	annotator0	4.0	 	heel_nn	2
mag_2007_387965.txt-24-10	fic_1820_7562.txt-525-2	annotator0	0.0	UNK; I can't determine the meaning in sentence 2	heel_nn	2
nf_1855_748018.txt-1815-15	fic_2006_29091.txt-101-8	annotator0	4.0	 	heel_nn	2
fic_1856_7698.txt-529-9	fic_1835_7339.txt-1086-45	annotator0	4.0	 	heel_nn	2
fic_1815_9352.txt-1559-11	fic_1860_9188.txt-1406-18	annotator0	4.0	 	heel_nn	2
fic_1843_7208.txt-9320-65	fic_1835_7339.txt-1086-45	annotator0	4.0	 	heel_nn	2
fic_1823_7246.txt-1513-12	mag_2005_377098.txt-17-9	annotator0	4.0	 	heel_nn	2
fic_1856_7698.txt-529-9	fic_1824_7278.txt-1568-20	annotator0	4.0	 	heel_nn	2
mag_1980_494008.txt-84-36	fic_1849_7230.txt-2460-19	annotator0	2.0	 	heel_nn	2
fic_1993_1040075.txt-1567-6	fic_1849_7333.txt-787-43	annotator0	2.0	 	heel_nn	2
fic_1979_10650.txt-4408-11	fic_1835_7339.txt-1086-45	annotator0	4.0	 	heel_nn	2
fic_1833_7059.txt-551-42	fic_2006_29091.txt-101-8	annotator0	4.0	 	heel_nn	2
mag_2000_369092.txt-9-3	fic_1849_7333.txt-787-43	annotator0	4.0	 	heel_nn	2
fic_1846_8891.txt-2192-12	fic_1849_7333.txt-787-43	annotator0	2.0	 	heel_nn	2
fic_1854_9193.txt-6819-5	fic_1835_7339.txt-1086-45	annotator0	4.0	 	heel_nn	2
nf_1851_758845.txt-2797-14	fic_1835_7339.txt-1086-45	annotator0	4.0	 	heel_nn	2
fic_1823_7246.txt-1513-12	fic_1849_7333.txt-787-43	annotator0	2.0	 	heel_nn	2
fic_1845_7162.txt-1020-51	fic_1849_7333.txt-787-43	annotator0	2.0	 	heel_nn	2
fic_1822_7243.txt-6594-27	fic_1835_7339.txt-1086-45	annotator0	4.0	 	heel_nn	2
fic_1975_10595.txt-11281-7	fic_1849_7333.txt-787-43	annotator0	1.0	Unsure	heel_nn	2
fic_1858_1282.txt-4982-72	fic_1843_7208.txt-7858-16	annotator0	4.0	 	heel_nn	2
fic_1975_10605.txt-3654-15	fic_1835_7339.txt-1086-45	annotator0	4.0	 	heel_nn	2
fic_1835_7172.txt-5109-14	mag_2007_387965.txt-24-10	annotator0	3.0	 	heel_nn	2
fic_2001_45868.txt-263-10	fic_1849_7333.txt-787-43	annotator0	2.0	 	heel_nn	2
fic_1961_10411.txt-447-10	fic_2007_34216.txt-23-23	annotator0	4.0	 	heel_nn	2
fic_1968_24505.txt-2499-3	fic_1835_7339.txt-1086-45	annotator0	4.0	 	heel_nn	2
news_1968_727533.txt-17-4	mag_2001_407931.txt-27-9	annotator0	2.0	 	heel_nn	2
mag_2007_387965.txt-24-10	fic_1835_7339.txt-1086-45	annotator0	4.0	 	heel_nn	2
fic_1976_14235.txt-1923-25	fic_1835_7339.txt-1086-45	annotator0	4.0	 	heel_nn	2
fic_1961_10411.txt-7836-20	fic_1824_7278.txt-1568-20	annotator0	3.0	 	heel_nn	2
fic_1844_7148.txt-905-4	fic_1849_7333.txt-787-43	annotator0	2.0	 	heel_nn	2
fic_1827_7168.txt-812-3	fic_1835_7339.txt-1086-45	annotator0	4.0	 	heel_nn	2
fic_1995_39735.txt-513-7	fic_1844_7148.txt-905-4	annotator0	3.0	 	heel_nn	2
fic_2009_36555.txt-338-10	fic_1835_7339.txt-1086-45	annotator0	4.0	 	heel_nn	2
fic_1860_8118.txt-1879-10	fic_1835_7339.txt-1086-45	annotator0	4.0	 	heel_nn	2
mag_1960_204866.txt-23-12	fic_1860_9188.txt-1406-18	annotator0	1.0	 	heel_nn	2
fic_1855_2965.txt-1296-11	fic_1835_7339.txt-1086-45	annotator0	4.0	 	heel_nn	2
fic_1822_7243.txt-113-6	fic_1849_7333.txt-787-43	annotator0	2.0	 	heel_nn	2
fic_1979_10650.txt-4408-11	nf_1855_748018.txt-1729-11	annotator0	4.0	 	heel_nn	2
fic_1835_7063.txt-837-29	fic_1834_2652.txt-2954-10	annotator0	4.0	 	heel_nn	2
fic_1849_583.txt-4743-7	fic_1835_7339.txt-1086-45	annotator0	4.0	 	heel_nn	2
fic_1992_40270.txt-88-18	fic_1835_7339.txt-1086-45	annotator0	3.0	 	heel_nn	2
fic_1848_7154.txt-1881-30	mag_2007_387965.txt-24-10	annotator0	3.0	 	heel_nn	2
fic_2006_51124.txt-508-18	fic_1849_7333.txt-787-43	annotator0	2.0	 	heel_nn	2
fic_1843_7155.txt-1279-8	mag_2001_407931.txt-27-9	annotator0	4.0	 	heel_nn	2
fic_1997_54603.txt-36-13	fic_1849_7333.txt-787-43	annotator0	2.0	 	heel_nn	2
fic_1972_23889.txt-204-4	fic_1835_7339.txt-1086-45	annotator0	4.0	 	heel_nn	2
fic_1846_4464.txt-3499-23	fic_1824_7278.txt-1568-20	annotator0	4.0	 	heel_nn	2
fic_2003_30537.txt-215-4	fic_1820_7562.txt-525-2	annotator0	0.0	UNK; I can't determine the meaning in sentence 2	heel_nn	2
fic_1823_7213.txt-3609-15	mag_2001_407931.txt-27-9	annotator0	4.0	 	heel_nn	2
fic_1827_7168.txt-618-3	fic_1849_7333.txt-787-43	annotator0	2.0	 	heel_nn	2
mag_1983_480476.txt-75-9	fic_1820_7562.txt-525-2	annotator0	0.0	UNK; I can't determine the meaning in sentence 1	heel_nn	2
fic_2008_36192.txt-52-7	nf_1855_748018.txt-1729-11	annotator0	3.0	Unsure	heel_nn	2
fic_1968_10508.txt-6594-8	fic_1835_7339.txt-1086-45	annotator0	4.0	 	heel_nn	2
fic_2003_31973.txt-377-51	fic_1849_7333.txt-787-43	annotator0	2.0	 	heel_nn	2
fic_1852_69.txt-5987-9	fic_1824_7278.txt-1568-20	annotator0	4.0	 	heel_nn	2
fic_1835_5605.txt-2350-13	fic_1835_7339.txt-1086-45	annotator0	2.0	 	heel_nn	2
fic_1845_7316.txt-413-9	mag_2001_407931.txt-27-9	annotator0	4.0	 	heel_nn	2
fic_1852_9232.txt-1069-16	fic_2006_29091.txt-101-8	annotator0	3.0	 	heel_nn	2
fic_2009_36395.txt-19-14	fic_1849_7333.txt-787-43	annotator0	2.0	 	heel_nn	2
fic_2006_26313.txt-32-29	fic_1849_7333.txt-787-43	annotator0	2.0	 	heel_nn	2
fic_1846_7121.txt-1671-18	fic_1849_7333.txt-787-43	annotator0	2.0	 	heel_nn	2
nf_1990_774020.txt-1666-35	mag_2001_407931.txt-27-9	annotator0	3.0	 	heel_nn	2
mag_1992_394703.txt-189-22	fic_1820_7562.txt-525-2	annotator0	0.0	UNK; I can't determine the meaning in sentence 1	heel_nn	2
fic_1853_9040.txt-1459-8	nf_1855_748018.txt-1815-15	annotator0	4.0	 	heel_nn	2
fic_1993_1040075.txt-1567-6	nf_1855_748018.txt-1815-15	annotator0	4.0	 	heel_nn	2
fic_1860_9188.txt-1983-30	fic_1835_7339.txt-1086-45	annotator0	4.0	 	heel_nn	2
mag_1999_404191.txt-52-9	fic_1835_7339.txt-1086-45	annotator0	4.0	 	heel_nn	2
fic_1827_8772.txt-128-25	fic_1964_10452.txt-922-18	annotator0	3.0	 	heel_nn	2
fic_1966_10481.txt-2797-6	fic_1849_7333.txt-787-43	annotator0	2.0	 	heel_nn	2
fic_1853_9158.txt-662-54	nf_1855_748018.txt-1729-11	annotator0	3.0	 	heel_nn	2
nf_1979_774342.txt-854-2	fic_1964_10452.txt-922-18	annotator0	3.0	 	heel_nn	2
nf_1838_747585.txt-1509-44	fic_1849_7333.txt-787-43	annotator0	2.0	 	heel_nn	2
mag_1994_62708.txt-9-4	fic_1849_7333.txt-787-43	annotator0	0.0	 	heel_nn	2
fic_2009_36763.txt-107-14	fic_1835_7339.txt-1086-45	annotator0	4.0	 	heel_nn	2
fic_1962_781986.txt-779-27	fic_1849_7333.txt-787-43	annotator0	2.0	 	heel_nn	2
mag_2005_422872.txt-44-10	mag_2007_387965.txt-24-10	annotator0	4.0	 	heel_nn	2
fic_1848_7341.txt-2550-10	fic_1835_7339.txt-1086-45	annotator0	4.0	 	heel_nn	2
mag_1993_396023.txt-13-8	mag_2005_377098.txt-17-9	annotator0	4.0	 	heel_nn	2
fic_1845_7342.txt-312-27	fic_1849_7333.txt-787-43	annotator0	2.0	 	heel_nn	2
mag_1999_407852.txt-59-11	nf_1855_748018.txt-1729-11	annotator0	4.0	 	heel_nn	2
fic_1995_39356.txt-46-9	fic_1824_7278.txt-1568-20	annotator0	4.0	 	heel_nn	2
fic_1860_2807.txt-2886-19	fic_1849_7333.txt-787-43	annotator0	2.0	 	heel_nn	2
fic_1960_5311.txt-1415-10	fic_2006_29091.txt-101-8	annotator0	0.0	UNK; I can't determine the meaning in sentence 1	heel_nn	2
fic_1984_14568.txt-1281-14	mag_2007_387965.txt-24-10	annotator0	3.0	 	heel_nn	2
fic_2006_50943.txt-754-18	fic_1860_9188.txt-1406-18	annotator0	3.0	 	heel_nn	2
fic_1998_43802.txt-23-18	fic_1835_7339.txt-1086-45	annotator0	4.0	 	heel_nn	2
fic_1835_7063.txt-837-29	fic_1843_7208.txt-7858-16	annotator0	3.0	 	heel_nn	2
fic_2009_36640.txt-13-23	fic_1849_7333.txt-787-43	annotator0	2.0	 	heel_nn	2
fic_1999_16181.txt-4-2	fic_1849_7230.txt-2460-19	annotator0	4.0	 	heel_nn	2
news_2003_603960.txt-23-12	mag_2001_407931.txt-27-9	annotator0	2.0	 	heel_nn	2
fic_1847_1094.txt-1442-3	fic_1849_7230.txt-2460-19	annotator0	4.0	 	heel_nn	2
fic_1840_7057.txt-4202-0	fic_2007_34216.txt-23-23	annotator0	3.0	 	heel_nn	2
fic_1838_7086.txt-102-45	fic_1849_7333.txt-787-43	annotator0	2.0	 	heel_nn	2
mag_2005_422872.txt-32-7	fic_1820_7562.txt-525-2	annotator0	0.0	UNK; I can't determine the meaning in sentence 1	heel_nn	2
fic_1849_583.txt-4743-7	nf_1855_748018.txt-1729-11	annotator0	4.0	 	heel_nn	2
fic_1859_9192.txt-12629-8	fic_1820_7562.txt-525-2	annotator0	0.0	UNK; I can't determine the meaning in sentence 1	heel_nn	2
fic_1974_10590.txt-1512-5	fic_1964_10452.txt-922-18	annotator0	4.0	 	heel_nn	2
fic_1848_7193.txt-11944-21	fic_1849_7333.txt-787-43	annotator0	2.0	 	heel_nn	2
fic_1848_7009.txt-3822-16	fic_1860_9188.txt-1406-18	annotator0	4.0	 	heel_nn	2
fic_1859_9192.txt-12629-8	fic_1835_7339.txt-1086-45	annotator0	4.0	 	heel_nn	2
mag_1999_407852.txt-26-28	fic_1849_7333.txt-787-43	annotator0	2.0	 	heel_nn	2
fic_1835_7172.txt-5109-14	fic_1835_7339.txt-1086-45	annotator0	4.0	 	heel_nn	2
fic_1993_25034.txt-123-3	mag_2007_387965.txt-24-10	annotator2	4.0	 	heel_nn	1
fic_1817_8785.txt-165-25	fic_1843_7208.txt-7858-16	annotator2	1.0	 	heel_nn	1
fic_1843_7208.txt-7858-16	nf_1855_748018.txt-1729-11	annotator2	4.0	 	heel_nn	1
fic_1817_8785.txt-165-25	fic_2006_29091.txt-101-8	annotator2	1.0	 	heel_nn	1
nf_1855_748018.txt-1729-11	fic_1849_7230.txt-2460-19	annotator2	3.0	 	heel_nn	1
fic_2006_29091.txt-101-8	nf_1855_748018.txt-1815-15	annotator2	2.0	 	heel_nn	1
fic_1849_7230.txt-2460-19	fic_1849_7333.txt-787-43	annotator2	1.0	 	heel_nn	1
fic_1820_7562.txt-525-2	fic_1817_8785.txt-165-25	annotator2	1.0	 	heel_nn	1
fic_1964_10452.txt-922-18	mag_2006_112394.txt-21-20	annotator2	1.0	 	heel_nn	1
fic_1964_10452.txt-922-18	mag_2007_387965.txt-24-10	annotator2	2.0	 	heel_nn	1
mag_2007_387965.txt-24-10	fic_1849_7230.txt-2460-19	annotator2	3.0	 	heel_nn	1
fic_1964_10452.txt-922-18	fic_1835_7339.txt-1086-45	annotator2	2.0	 	heel_nn	1
mag_1990_388655.txt-38-20	fic_1860_9188.txt-1406-18	annotator2	1.0	 	heel_nn	1
mag_2006_112394.txt-21-20	fic_1817_8785.txt-165-25	annotator2	1.0	 	heel_nn	1
fic_2007_34216.txt-23-23	fic_1824_7278.txt-1568-20	annotator2	3.0	 	heel_nn	1
fic_1820_7562.txt-525-2	fic_1849_7230.txt-2460-19	annotator2	1.0	 	heel_nn	1
fic_1843_7208.txt-7858-16	mag_1990_388655.txt-38-20	annotator2	1.0	 	heel_nn	1
nf_1855_748018.txt-1815-15	mag_2007_387965.txt-24-10	annotator2	3.0	 	heel_nn	1
fic_1849_7230.txt-2460-19	fic_2007_34216.txt-23-23	annotator2	1.0	 	heel_nn	1
fic_1824_7278.txt-1568-20	fic_1820_7562.txt-525-2	annotator2	1.0	 	heel_nn	1
fic_1993_53808.txt-660-41	mag_2005_377098.txt-17-9	annotator2	1.0	 	heel_nn	1
fic_1993_53808.txt-660-41	fic_2007_34216.txt-23-23	annotator2	1.0	 	heel_nn	1
fic_1817_8785.txt-165-25	nf_1855_748018.txt-1729-11	annotator2	1.0	 	heel_nn	1
nf_1855_748018.txt-1815-15	fic_1835_7339.txt-1086-45	annotator2	2.0	 	heel_nn	1
mag_2007_387965.txt-24-10	mag_2005_377098.txt-17-9	annotator2	4.0	 	heel_nn	1
fic_1993_25034.txt-123-3	mag_2007_387965.txt-24-10	annotator1	4.0	 	heel_nn	1
fic_2006_29091.txt-101-8	nf_1855_748018.txt-1815-15	annotator1	3.0	 	heel_nn	1
fic_1849_7333.txt-787-43	fic_1835_7339.txt-1086-45	annotator1	3.0	 	heel_nn	1
fic_2007_34216.txt-23-23	fic_1817_8785.txt-165-25	annotator1	1.0	 	heel_nn	1
fic_1849_7230.txt-2460-19	fic_1964_10452.txt-922-18	annotator1	2.0	 	heel_nn	1
fic_1817_8785.txt-165-25	fic_1843_7208.txt-7858-16	annotator1	1.0	 	heel_nn	1
nf_1855_748018.txt-1729-11	fic_1849_7230.txt-2460-19	annotator1	4.0	 	heel_nn	1
fic_1849_7230.txt-2460-19	fic_1843_7208.txt-7858-16	annotator1	4.0	 	heel_nn	1
fic_1843_7208.txt-7858-16	mag_2005_377098.txt-17-9	annotator3	2.0	 	heel_nn	1
fic_1843_7208.txt-7858-16	mag_1990_388655.txt-38-20	annotator3	2.0	 	heel_nn	1
fic_1964_10452.txt-922-18	nf_1855_748018.txt-1815-15	annotator3	2.0	 	heel_nn	1
fic_1820_7562.txt-525-2	fic_1849_7333.txt-787-43	annotator3	2.0	 	heel_nn	1
fic_1835_7339.txt-1086-45	mag_2007_387965.txt-24-10	annotator3	3.0	 	heel_nn	1
fic_1964_10452.txt-922-18	fic_1835_7339.txt-1086-45	annotator3	3.0	 	heel_nn	1
fic_1817_8785.txt-165-25	nf_1855_748018.txt-1729-11	annotator3	0.0	Sentence 2 cuts off too quickly	heel_nn	1
fic_1817_8785.txt-165-25	fic_1964_10452.txt-922-18	annotator3	0.0	Sentence 2 lacking context	heel_nn	1
fic_1849_7230.txt-2460-19	fic_2007_34216.txt-23-23	annotator3	4.0	 	heel_nn	1
fic_1817_8785.txt-165-25	fic_1849_7230.txt-2460-19	annotator3	0.0	#2 lacking context	heel_nn	1
fic_1835_7339.txt-1086-45	fic_1820_7562.txt-525-2	annotator3	2.0	 	heel_nn	1
mag_2007_387965.txt-24-10	fic_1820_7562.txt-525-2	annotator3	1.0	 	heel_nn	1
fic_1849_7333.txt-787-43	fic_1835_7339.txt-1086-45	annotator3	4.0	 	heel_nn	1
mag_2005_377098.txt-17-9	fic_1964_10452.txt-922-18	annotator3	3.0	 	heel_nn	1
mag_2001_407931.txt-27-9	fic_1820_7562.txt-525-2	annotator3	3.0	 	heel_nn	1
fic_1820_7562.txt-525-2	fic_1964_10452.txt-922-18	annotator3	4.0	 	heel_nn	1
fic_1820_7562.txt-525-2	fic_2007_34216.txt-23-23	annotator3	3.0	 	heel_nn	1
fic_1824_7278.txt-1568-20	fic_1820_7562.txt-525-2	annotator3	3.0	 	heel_nn	1
fic_1964_10452.txt-922-18	fic_1843_7208.txt-7858-16	annotator3	4.0	 	heel_nn	1
fic_2006_29091.txt-101-8	nf_1855_748018.txt-1815-15	annotator3	3.0	 	heel_nn	1
fic_1843_7208.txt-7858-16	nf_1855_748018.txt-1729-11	annotator3	3.0	 	heel_nn	1
fic_2007_34216.txt-23-23	fic_1817_8785.txt-165-25	annotator3	0.0	context of 2 not clear enough. 	heel_nn	1
fic_1849_7230.txt-2460-19	fic_1849_7333.txt-787-43	annotator3	2.0	 	heel_nn	1
fic_1820_7562.txt-525-2	fic_1817_8785.txt-165-25	annotator3	0.0	Sentence 2 does not provide adequate context 	heel_nn	1
fic_1820_7562.txt-525-2	fic_1849_7230.txt-2460-19	annotator3	3.0	 	heel_nn	1
fic_1820_7562.txt-525-2	fic_1993_25034.txt-123-3	annotator0	0.0	UNK	heel_nn	1
fic_1964_10452.txt-922-18	mag_2006_112394.txt-21-20	annotator0	0.0	 	heel_nn	1
mag_2007_387965.txt-24-10	fic_1817_8785.txt-165-25	annotator0	0.0	UNK	heel_nn	1
fic_1843_7208.txt-7858-16	nf_1855_748018.txt-1729-11	annotator0	2.0	Unsure; perhaps a 3	heel_nn	1
fic_1993_25034.txt-123-3	mag_2006_112394.txt-21-20	annotator0	0.0	 	heel_nn	1
fic_1964_10452.txt-922-18	mag_2007_387965.txt-24-10	annotator0	3.0	 	heel_nn	1
mag_2006_112394.txt-21-20	mag_2005_377098.txt-17-9	annotator0	0.0	 	heel_nn	1
mag_2005_377098.txt-17-9	fic_1964_10452.txt-922-18	annotator0	3.0	 	heel_nn	1
fic_1817_8785.txt-165-25	fic_1849_7230.txt-2460-19	annotator0	0.0	UNK	heel_nn	1
fic_1849_7333.txt-787-43	fic_1860_9188.txt-1406-18	annotator0	2.0	 	heel_nn	1
nf_1855_748018.txt-1729-11	mag_2001_407931.txt-27-9	annotator0	4.0	 	heel_nn	1
fic_1817_8785.txt-165-25	nf_1855_748018.txt-1729-11	annotator0	0.0	UNK	heel_nn	1
fic_1964_10452.txt-922-18	fic_1835_7339.txt-1086-45	annotator0	3.0	 	heel_nn	1
fic_1993_25034.txt-123-3	mag_2007_387965.txt-24-10	annotator0	3.0	 	heel_nn	1
fic_1835_7339.txt-1086-45	fic_1993_53808.txt-660-41	annotator0	2.0	 	heel_nn	1
fic_1820_7562.txt-525-2	fic_1849_7333.txt-787-43	annotator0	0.0	UNK	heel_nn	1
nf_1855_748018.txt-1815-15	fic_1820_7562.txt-525-2	annotator0	0.0	UNK	heel_nn	1
fic_1860_9188.txt-1406-18	fic_1964_10452.txt-922-18	annotator0	3.0	 	heel_nn	1
fic_1835_7339.txt-1086-45	fic_1820_7562.txt-525-2	annotator0	0.0	UNK	heel_nn	1
mag_2007_387965.txt-24-10	mag_2005_377098.txt-17-9	annotator0	3.0	 	heel_nn	1
mag_2006_112394.txt-21-20	fic_1817_8785.txt-165-25	annotator0	0.0	 	heel_nn	1
mag_1990_388655.txt-38-20	fic_1860_9188.txt-1406-18	annotator0	2.0	 	heel_nn	1
nf_1855_748018.txt-1729-11	fic_1849_7230.txt-2460-19	annotator0	4.0	 	heel_nn	1
mag_2007_387965.txt-24-10	fic_1849_7230.txt-2460-19	annotator0	4.0	 	heel_nn	1
fic_1993_53808.txt-660-41	mag_2005_377098.txt-17-9	annotator0	2.0	 	heel_nn	1
mag_2005_377098.txt-17-9	fic_1820_7562.txt-525-2	annotator0	0.0	UNK	heel_nn	1
