identifier1	identifier2	annotator	judgment	comment	lemma
2532889X_1950-05-07_01_127.tcf.xml-15-4	2532889X_1951-03-28_01_048.tcf.xml-76-13	inferred	0	 	Knotenpunkt
2532889X_1950-05-07_01_127.tcf.xml-15-4	2532889X_1958-11-27_01_040.tcf.xml-55-0	inferred	0	 	Knotenpunkt
2532889X_1950-05-07_01_127.tcf.xml-15-4	2532889X_1958-11-30_01_011.tcf.xml-4-13	inferred	0	 	Knotenpunkt
2532889X_1950-05-07_01_127.tcf.xml-15-4	2532889X_1962-03-02_01_062.tcf.xml-38-10	inferred	1	 	Knotenpunkt
2532889X_1950-05-07_01_127.tcf.xml-15-4	2532889X_1963-04-03_01_066.tcf.xml-66-12	inferred	0	 	Knotenpunkt
2532889X_1950-05-07_01_127.tcf.xml-15-4	2532889X_1965-01-19_01_055.tcf.xml-14-19	inferred	1	 	Knotenpunkt
2532889X_1950-05-07_01_127.tcf.xml-15-4	2532889X_1968-05-07_01_098.tcf.xml-4-7	inferred	0	 	Knotenpunkt
2532889X_1950-05-07_01_127.tcf.xml-15-4	2532889X_1970-04-02_01_150.tcf.xml-46-49	inferred	0	 	Knotenpunkt
2532889X_1950-05-07_01_127.tcf.xml-15-4	2532889X_1973-03-29_01_375.tcf.xml-0-27	inferred	1	 	Knotenpunkt
2532889X_1950-05-07_01_127.tcf.xml-15-4	2532889X_1977-07-28_01_097.tcf.xml-5-39	inferred	1	 	Knotenpunkt
2532889X_1950-05-07_01_127.tcf.xml-15-4	2532889X_1978-06-24_01_211.tcf.xml-16-13	inferred	1	 	Knotenpunkt
2532889X_1950-05-07_01_127.tcf.xml-15-4	2532889X_1980-02-09_01_592.tcf.xml-2-15	inferred	1	 	Knotenpunkt
2532889X_1950-05-07_01_127.tcf.xml-15-4	2532889X_1984-02-01_01_082.tcf.xml-17-7	inferred	1	 	Knotenpunkt
2532889X_1950-05-07_01_127.tcf.xml-15-4	2532889X_1988-09-10_01_026.tcf.xml-19-7	inferred	1	 	Knotenpunkt
2532889X_1950-05-07_01_127.tcf.xml-15-4	26120215_1948_06_19_01_181.tcf.xml-3-7	inferred	1	 	Knotenpunkt
2532889X_1950-05-07_01_127.tcf.xml-15-4	26120215_1949_09_09_01_190.tcf.xml-28-6	inferred	1	 	Knotenpunkt
2532889X_1950-05-07_01_127.tcf.xml-15-4	26120215_1962_06_23_01_221.tcf.xml-6-4	inferred	1	 	Knotenpunkt
2532889X_1950-05-07_01_127.tcf.xml-15-4	26120215_1962_08_28_01_163.tcf.xml-56-14	inferred	1	 	Knotenpunkt
2532889X_1950-05-07_01_127.tcf.xml-15-4	26120215_1966_09_18_01_339.tcf.xml-259-41	inferred	1	 	Knotenpunkt
2532889X_1950-05-07_01_127.tcf.xml-15-4	26120215_1971_07_25_01_162.tcf.xml-12-21	inferred	1	 	Knotenpunkt
2532889X_1950-05-07_01_127.tcf.xml-15-4	26120215_1973_04_09_01_003.tcf.xml-5-19	inferred	1	 	Knotenpunkt
2532889X_1950-05-07_01_127.tcf.xml-15-4	26120215_1982_05_13_01_282.tcf.xml-11-110	inferred	1	 	Knotenpunkt
2532889X_1950-05-07_01_127.tcf.xml-15-4	26120215_1985_08_08_01_180.tcf.xml-27-1	inferred	1	 	Knotenpunkt
2532889X_1950-05-07_01_127.tcf.xml-15-4	26120215_1989_01_09_01_036.tcf.xml-43-4	inferred	1	 	Knotenpunkt
2532889X_1950-05-07_01_127.tcf.xml-15-4	bluntschli_voelkerrecht_1868-505-6	inferred	1	 	Knotenpunkt
2532889X_1950-05-07_01_127.tcf.xml-15-4	lehnert_seehaefen01_1891-13281-14	inferred	1	 	Knotenpunkt
2532889X_1950-05-07_01_127.tcf.xml-15-4	ludwig_physiologie01_1852-2025-67	inferred	0	 	Knotenpunkt
2532889X_1950-05-07_01_127.tcf.xml-15-4	ludwig_physiologie01_1852-2873-59	inferred	1	 	Knotenpunkt
2532889X_1950-05-07_01_127.tcf.xml-15-4	marx_kapital01_1867-9505-91	inferred	0	 	Knotenpunkt
2532889X_1950-05-07_01_127.tcf.xml-15-4	mohr_fachwerk02_1875-128-9	inferred	0	 	Knotenpunkt
2532889X_1950-05-07_01_127.tcf.xml-15-4	mohr_fachwerk02_1875-154-31	inferred	0	 	Knotenpunkt
2532889X_1950-05-07_01_127.tcf.xml-15-4	mueller_festigkeitslehre_1886-1881-15	inferred	0	 	Knotenpunkt
2532889X_1950-05-07_01_127.tcf.xml-15-4	mueller_festigkeitslehre_1886-210-2	inferred	0	 	Knotenpunkt
2532889X_1950-05-07_01_127.tcf.xml-15-4	mueller_festigkeitslehre_1886-303-5	inferred	0	 	Knotenpunkt
2532889X_1950-05-07_01_127.tcf.xml-15-4	mueller_festigkeitslehre_1886-490-17	inferred	0	 	Knotenpunkt
2532889X_1950-05-07_01_127.tcf.xml-15-4	rein_japan01_1881-1660-24	inferred	0	 	Knotenpunkt
2532889X_1950-05-07_01_127.tcf.xml-15-4	schubert_naturwissenschaft_1808-2638-7	inferred	0	 	Knotenpunkt
2532889X_1950-05-07_01_127.tcf.xml-15-4	treitschke_geschichte01_1879-10728-61	inferred	1	 	Knotenpunkt
2532889X_1950-05-07_01_127.tcf.xml-15-4	vischer_aesthetik030201_1852-237-57	inferred	0	 	Knotenpunkt
2532889X_1951-03-28_01_048.tcf.xml-76-13	2532889X_1958-11-27_01_040.tcf.xml-55-0	inferred	1	 	Knotenpunkt
2532889X_1951-03-28_01_048.tcf.xml-76-13	2532889X_1958-11-30_01_011.tcf.xml-4-13	inferred	1	 	Knotenpunkt
2532889X_1951-03-28_01_048.tcf.xml-76-13	2532889X_1962-03-02_01_062.tcf.xml-38-10	inferred	0	 	Knotenpunkt
2532889X_1951-03-28_01_048.tcf.xml-76-13	2532889X_1963-04-03_01_066.tcf.xml-66-12	inferred	1	 	Knotenpunkt
2532889X_1951-03-28_01_048.tcf.xml-76-13	2532889X_1965-01-19_01_055.tcf.xml-14-19	inferred	0	 	Knotenpunkt
2532889X_1951-03-28_01_048.tcf.xml-76-13	2532889X_1968-05-07_01_098.tcf.xml-4-7	inferred	1	 	Knotenpunkt
2532889X_1951-03-28_01_048.tcf.xml-76-13	2532889X_1970-04-02_01_150.tcf.xml-46-49	inferred	1	 	Knotenpunkt
2532889X_1951-03-28_01_048.tcf.xml-76-13	2532889X_1973-03-29_01_375.tcf.xml-0-27	inferred	0	 	Knotenpunkt
2532889X_1951-03-28_01_048.tcf.xml-76-13	2532889X_1977-07-28_01_097.tcf.xml-5-39	inferred	0	 	Knotenpunkt
2532889X_1951-03-28_01_048.tcf.xml-76-13	2532889X_1978-06-24_01_211.tcf.xml-16-13	inferred	0	 	Knotenpunkt
2532889X_1951-03-28_01_048.tcf.xml-76-13	2532889X_1980-02-09_01_592.tcf.xml-2-15	inferred	0	 	Knotenpunkt
2532889X_1951-03-28_01_048.tcf.xml-76-13	2532889X_1984-02-01_01_082.tcf.xml-17-7	inferred	0	 	Knotenpunkt
2532889X_1951-03-28_01_048.tcf.xml-76-13	2532889X_1988-09-10_01_026.tcf.xml-19-7	inferred	0	 	Knotenpunkt
2532889X_1951-03-28_01_048.tcf.xml-76-13	26120215_1948_06_19_01_181.tcf.xml-3-7	inferred	0	 	Knotenpunkt
2532889X_1951-03-28_01_048.tcf.xml-76-13	26120215_1949_09_09_01_190.tcf.xml-28-6	inferred	0	 	Knotenpunkt
2532889X_1951-03-28_01_048.tcf.xml-76-13	26120215_1962_06_23_01_221.tcf.xml-6-4	inferred	0	 	Knotenpunkt
2532889X_1951-03-28_01_048.tcf.xml-76-13	26120215_1962_08_28_01_163.tcf.xml-56-14	inferred	0	 	Knotenpunkt
2532889X_1951-03-28_01_048.tcf.xml-76-13	26120215_1966_09_18_01_339.tcf.xml-259-41	inferred	0	 	Knotenpunkt
2532889X_1951-03-28_01_048.tcf.xml-76-13	26120215_1971_07_25_01_162.tcf.xml-12-21	inferred	0	 	Knotenpunkt
2532889X_1951-03-28_01_048.tcf.xml-76-13	26120215_1973_04_09_01_003.tcf.xml-5-19	inferred	0	 	Knotenpunkt
2532889X_1951-03-28_01_048.tcf.xml-76-13	26120215_1982_05_13_01_282.tcf.xml-11-110	inferred	0	 	Knotenpunkt
2532889X_1951-03-28_01_048.tcf.xml-76-13	26120215_1985_08_08_01_180.tcf.xml-27-1	inferred	0	 	Knotenpunkt
2532889X_1951-03-28_01_048.tcf.xml-76-13	26120215_1989_01_09_01_036.tcf.xml-43-4	inferred	0	 	Knotenpunkt
2532889X_1951-03-28_01_048.tcf.xml-76-13	bluntschli_voelkerrecht_1868-505-6	inferred	0	 	Knotenpunkt
2532889X_1951-03-28_01_048.tcf.xml-76-13	lehnert_seehaefen01_1891-13281-14	inferred	0	 	Knotenpunkt
2532889X_1951-03-28_01_048.tcf.xml-76-13	ludwig_physiologie01_1852-2025-67	inferred	1	 	Knotenpunkt
2532889X_1951-03-28_01_048.tcf.xml-76-13	ludwig_physiologie01_1852-2873-59	inferred	0	 	Knotenpunkt
2532889X_1951-03-28_01_048.tcf.xml-76-13	marx_kapital01_1867-9505-91	inferred	1	 	Knotenpunkt
2532889X_1951-03-28_01_048.tcf.xml-76-13	mohr_fachwerk02_1875-128-9	inferred	1	 	Knotenpunkt
2532889X_1951-03-28_01_048.tcf.xml-76-13	mohr_fachwerk02_1875-154-31	inferred	1	 	Knotenpunkt
2532889X_1951-03-28_01_048.tcf.xml-76-13	mueller_festigkeitslehre_1886-1881-15	inferred	1	 	Knotenpunkt
2532889X_1951-03-28_01_048.tcf.xml-76-13	mueller_festigkeitslehre_1886-210-2	inferred	1	 	Knotenpunkt
2532889X_1951-03-28_01_048.tcf.xml-76-13	mueller_festigkeitslehre_1886-303-5	inferred	1	 	Knotenpunkt
2532889X_1951-03-28_01_048.tcf.xml-76-13	mueller_festigkeitslehre_1886-490-17	inferred	1	 	Knotenpunkt
2532889X_1951-03-28_01_048.tcf.xml-76-13	rein_japan01_1881-1660-24	inferred	1	 	Knotenpunkt
2532889X_1951-03-28_01_048.tcf.xml-76-13	schubert_naturwissenschaft_1808-2638-7	inferred	1	 	Knotenpunkt
2532889X_1951-03-28_01_048.tcf.xml-76-13	treitschke_geschichte01_1879-10728-61	inferred	0	 	Knotenpunkt
2532889X_1951-03-28_01_048.tcf.xml-76-13	vischer_aesthetik030201_1852-237-57	inferred	1	 	Knotenpunkt
2532889X_1958-11-27_01_040.tcf.xml-55-0	2532889X_1958-11-30_01_011.tcf.xml-4-13	inferred	1	 	Knotenpunkt
2532889X_1958-11-27_01_040.tcf.xml-55-0	2532889X_1962-03-02_01_062.tcf.xml-38-10	inferred	0	 	Knotenpunkt
2532889X_1958-11-27_01_040.tcf.xml-55-0	2532889X_1963-04-03_01_066.tcf.xml-66-12	inferred	1	 	Knotenpunkt
2532889X_1958-11-27_01_040.tcf.xml-55-0	2532889X_1965-01-19_01_055.tcf.xml-14-19	inferred	0	 	Knotenpunkt
2532889X_1958-11-27_01_040.tcf.xml-55-0	2532889X_1968-05-07_01_098.tcf.xml-4-7	inferred	1	 	Knotenpunkt
2532889X_1958-11-27_01_040.tcf.xml-55-0	2532889X_1970-04-02_01_150.tcf.xml-46-49	inferred	1	 	Knotenpunkt
2532889X_1958-11-27_01_040.tcf.xml-55-0	2532889X_1973-03-29_01_375.tcf.xml-0-27	inferred	0	 	Knotenpunkt
2532889X_1958-11-27_01_040.tcf.xml-55-0	2532889X_1977-07-28_01_097.tcf.xml-5-39	inferred	0	 	Knotenpunkt
2532889X_1958-11-27_01_040.tcf.xml-55-0	2532889X_1978-06-24_01_211.tcf.xml-16-13	inferred	0	 	Knotenpunkt
2532889X_1958-11-27_01_040.tcf.xml-55-0	2532889X_1980-02-09_01_592.tcf.xml-2-15	inferred	0	 	Knotenpunkt
2532889X_1958-11-27_01_040.tcf.xml-55-0	2532889X_1984-02-01_01_082.tcf.xml-17-7	inferred	0	 	Knotenpunkt
2532889X_1958-11-27_01_040.tcf.xml-55-0	2532889X_1988-09-10_01_026.tcf.xml-19-7	inferred	0	 	Knotenpunkt
2532889X_1958-11-27_01_040.tcf.xml-55-0	26120215_1948_06_19_01_181.tcf.xml-3-7	inferred	0	 	Knotenpunkt
2532889X_1958-11-27_01_040.tcf.xml-55-0	26120215_1949_09_09_01_190.tcf.xml-28-6	inferred	0	 	Knotenpunkt
2532889X_1958-11-27_01_040.tcf.xml-55-0	26120215_1962_06_23_01_221.tcf.xml-6-4	inferred	0	 	Knotenpunkt
2532889X_1958-11-27_01_040.tcf.xml-55-0	26120215_1962_08_28_01_163.tcf.xml-56-14	inferred	0	 	Knotenpunkt
2532889X_1958-11-27_01_040.tcf.xml-55-0	26120215_1966_09_18_01_339.tcf.xml-259-41	inferred	0	 	Knotenpunkt
2532889X_1958-11-27_01_040.tcf.xml-55-0	26120215_1971_07_25_01_162.tcf.xml-12-21	inferred	0	 	Knotenpunkt
2532889X_1958-11-27_01_040.tcf.xml-55-0	26120215_1973_04_09_01_003.tcf.xml-5-19	inferred	0	 	Knotenpunkt
2532889X_1958-11-27_01_040.tcf.xml-55-0	26120215_1982_05_13_01_282.tcf.xml-11-110	inferred	0	 	Knotenpunkt
2532889X_1958-11-27_01_040.tcf.xml-55-0	26120215_1985_08_08_01_180.tcf.xml-27-1	inferred	0	 	Knotenpunkt
2532889X_1958-11-27_01_040.tcf.xml-55-0	26120215_1989_01_09_01_036.tcf.xml-43-4	inferred	0	 	Knotenpunkt
2532889X_1958-11-27_01_040.tcf.xml-55-0	bluntschli_voelkerrecht_1868-505-6	inferred	0	 	Knotenpunkt
2532889X_1958-11-27_01_040.tcf.xml-55-0	lehnert_seehaefen01_1891-13281-14	inferred	0	 	Knotenpunkt
2532889X_1958-11-27_01_040.tcf.xml-55-0	ludwig_physiologie01_1852-2025-67	inferred	1	 	Knotenpunkt
2532889X_1958-11-27_01_040.tcf.xml-55-0	ludwig_physiologie01_1852-2873-59	inferred	0	 	Knotenpunkt
2532889X_1958-11-27_01_040.tcf.xml-55-0	marx_kapital01_1867-9505-91	inferred	1	 	Knotenpunkt
2532889X_1958-11-27_01_040.tcf.xml-55-0	mohr_fachwerk02_1875-128-9	inferred	1	 	Knotenpunkt
2532889X_1958-11-27_01_040.tcf.xml-55-0	mohr_fachwerk02_1875-154-31	inferred	1	 	Knotenpunkt
2532889X_1958-11-27_01_040.tcf.xml-55-0	mueller_festigkeitslehre_1886-1881-15	inferred	1	 	Knotenpunkt
2532889X_1958-11-27_01_040.tcf.xml-55-0	mueller_festigkeitslehre_1886-210-2	inferred	1	 	Knotenpunkt
2532889X_1958-11-27_01_040.tcf.xml-55-0	mueller_festigkeitslehre_1886-303-5	inferred	1	 	Knotenpunkt
2532889X_1958-11-27_01_040.tcf.xml-55-0	mueller_festigkeitslehre_1886-490-17	inferred	1	 	Knotenpunkt
2532889X_1958-11-27_01_040.tcf.xml-55-0	rein_japan01_1881-1660-24	inferred	1	 	Knotenpunkt
2532889X_1958-11-27_01_040.tcf.xml-55-0	schubert_naturwissenschaft_1808-2638-7	inferred	1	 	Knotenpunkt
2532889X_1958-11-27_01_040.tcf.xml-55-0	treitschke_geschichte01_1879-10728-61	inferred	0	 	Knotenpunkt
2532889X_1958-11-27_01_040.tcf.xml-55-0	vischer_aesthetik030201_1852-237-57	inferred	1	 	Knotenpunkt
2532889X_1958-11-30_01_011.tcf.xml-4-13	2532889X_1962-03-02_01_062.tcf.xml-38-10	inferred	0	 	Knotenpunkt
2532889X_1958-11-30_01_011.tcf.xml-4-13	2532889X_1963-04-03_01_066.tcf.xml-66-12	inferred	1	 	Knotenpunkt
2532889X_1958-11-30_01_011.tcf.xml-4-13	2532889X_1965-01-19_01_055.tcf.xml-14-19	inferred	0	 	Knotenpunkt
2532889X_1958-11-30_01_011.tcf.xml-4-13	2532889X_1968-05-07_01_098.tcf.xml-4-7	inferred	1	 	Knotenpunkt
2532889X_1958-11-30_01_011.tcf.xml-4-13	2532889X_1970-04-02_01_150.tcf.xml-46-49	inferred	1	 	Knotenpunkt
2532889X_1958-11-30_01_011.tcf.xml-4-13	2532889X_1973-03-29_01_375.tcf.xml-0-27	inferred	0	 	Knotenpunkt
2532889X_1958-11-30_01_011.tcf.xml-4-13	2532889X_1977-07-28_01_097.tcf.xml-5-39	inferred	0	 	Knotenpunkt
2532889X_1958-11-30_01_011.tcf.xml-4-13	2532889X_1978-06-24_01_211.tcf.xml-16-13	inferred	0	 	Knotenpunkt
2532889X_1958-11-30_01_011.tcf.xml-4-13	2532889X_1980-02-09_01_592.tcf.xml-2-15	inferred	0	 	Knotenpunkt
2532889X_1958-11-30_01_011.tcf.xml-4-13	2532889X_1984-02-01_01_082.tcf.xml-17-7	inferred	0	 	Knotenpunkt
2532889X_1958-11-30_01_011.tcf.xml-4-13	2532889X_1988-09-10_01_026.tcf.xml-19-7	inferred	0	 	Knotenpunkt
2532889X_1958-11-30_01_011.tcf.xml-4-13	26120215_1948_06_19_01_181.tcf.xml-3-7	inferred	0	 	Knotenpunkt
2532889X_1958-11-30_01_011.tcf.xml-4-13	26120215_1949_09_09_01_190.tcf.xml-28-6	inferred	0	 	Knotenpunkt
2532889X_1958-11-30_01_011.tcf.xml-4-13	26120215_1962_06_23_01_221.tcf.xml-6-4	inferred	0	 	Knotenpunkt
2532889X_1958-11-30_01_011.tcf.xml-4-13	26120215_1962_08_28_01_163.tcf.xml-56-14	inferred	0	 	Knotenpunkt
2532889X_1958-11-30_01_011.tcf.xml-4-13	26120215_1966_09_18_01_339.tcf.xml-259-41	inferred	0	 	Knotenpunkt
2532889X_1958-11-30_01_011.tcf.xml-4-13	26120215_1971_07_25_01_162.tcf.xml-12-21	inferred	0	 	Knotenpunkt
2532889X_1958-11-30_01_011.tcf.xml-4-13	26120215_1973_04_09_01_003.tcf.xml-5-19	inferred	0	 	Knotenpunkt
2532889X_1958-11-30_01_011.tcf.xml-4-13	26120215_1982_05_13_01_282.tcf.xml-11-110	inferred	0	 	Knotenpunkt
2532889X_1958-11-30_01_011.tcf.xml-4-13	26120215_1985_08_08_01_180.tcf.xml-27-1	inferred	0	 	Knotenpunkt
2532889X_1958-11-30_01_011.tcf.xml-4-13	26120215_1989_01_09_01_036.tcf.xml-43-4	inferred	0	 	Knotenpunkt
2532889X_1958-11-30_01_011.tcf.xml-4-13	bluntschli_voelkerrecht_1868-505-6	inferred	0	 	Knotenpunkt
2532889X_1958-11-30_01_011.tcf.xml-4-13	lehnert_seehaefen01_1891-13281-14	inferred	0	 	Knotenpunkt
2532889X_1958-11-30_01_011.tcf.xml-4-13	ludwig_physiologie01_1852-2025-67	inferred	1	 	Knotenpunkt
2532889X_1958-11-30_01_011.tcf.xml-4-13	ludwig_physiologie01_1852-2873-59	inferred	0	 	Knotenpunkt
2532889X_1958-11-30_01_011.tcf.xml-4-13	marx_kapital01_1867-9505-91	inferred	1	 	Knotenpunkt
2532889X_1958-11-30_01_011.tcf.xml-4-13	mohr_fachwerk02_1875-128-9	inferred	1	 	Knotenpunkt
2532889X_1958-11-30_01_011.tcf.xml-4-13	mohr_fachwerk02_1875-154-31	inferred	1	 	Knotenpunkt
2532889X_1958-11-30_01_011.tcf.xml-4-13	mueller_festigkeitslehre_1886-1881-15	inferred	1	 	Knotenpunkt
2532889X_1958-11-30_01_011.tcf.xml-4-13	mueller_festigkeitslehre_1886-210-2	inferred	1	 	Knotenpunkt
2532889X_1958-11-30_01_011.tcf.xml-4-13	mueller_festigkeitslehre_1886-303-5	inferred	1	 	Knotenpunkt
2532889X_1958-11-30_01_011.tcf.xml-4-13	mueller_festigkeitslehre_1886-490-17	inferred	1	 	Knotenpunkt
2532889X_1958-11-30_01_011.tcf.xml-4-13	rein_japan01_1881-1660-24	inferred	1	 	Knotenpunkt
2532889X_1958-11-30_01_011.tcf.xml-4-13	schubert_naturwissenschaft_1808-2638-7	inferred	1	 	Knotenpunkt
2532889X_1958-11-30_01_011.tcf.xml-4-13	treitschke_geschichte01_1879-10728-61	inferred	0	 	Knotenpunkt
2532889X_1958-11-30_01_011.tcf.xml-4-13	vischer_aesthetik030201_1852-237-57	inferred	1	 	Knotenpunkt
2532889X_1962-03-02_01_062.tcf.xml-38-10	2532889X_1963-04-03_01_066.tcf.xml-66-12	inferred	0	 	Knotenpunkt
2532889X_1962-03-02_01_062.tcf.xml-38-10	2532889X_1965-01-19_01_055.tcf.xml-14-19	inferred	1	 	Knotenpunkt
2532889X_1962-03-02_01_062.tcf.xml-38-10	2532889X_1968-05-07_01_098.tcf.xml-4-7	inferred	0	 	Knotenpunkt
2532889X_1962-03-02_01_062.tcf.xml-38-10	2532889X_1970-04-02_01_150.tcf.xml-46-49	inferred	0	 	Knotenpunkt
2532889X_1962-03-02_01_062.tcf.xml-38-10	2532889X_1973-03-29_01_375.tcf.xml-0-27	inferred	1	 	Knotenpunkt
2532889X_1962-03-02_01_062.tcf.xml-38-10	2532889X_1977-07-28_01_097.tcf.xml-5-39	inferred	1	 	Knotenpunkt
2532889X_1962-03-02_01_062.tcf.xml-38-10	2532889X_1978-06-24_01_211.tcf.xml-16-13	inferred	1	 	Knotenpunkt
2532889X_1962-03-02_01_062.tcf.xml-38-10	2532889X_1980-02-09_01_592.tcf.xml-2-15	inferred	1	 	Knotenpunkt
2532889X_1962-03-02_01_062.tcf.xml-38-10	2532889X_1984-02-01_01_082.tcf.xml-17-7	inferred	1	 	Knotenpunkt
2532889X_1962-03-02_01_062.tcf.xml-38-10	2532889X_1988-09-10_01_026.tcf.xml-19-7	inferred	1	 	Knotenpunkt
2532889X_1962-03-02_01_062.tcf.xml-38-10	26120215_1948_06_19_01_181.tcf.xml-3-7	inferred	1	 	Knotenpunkt
2532889X_1962-03-02_01_062.tcf.xml-38-10	26120215_1949_09_09_01_190.tcf.xml-28-6	inferred	1	 	Knotenpunkt
2532889X_1962-03-02_01_062.tcf.xml-38-10	26120215_1962_06_23_01_221.tcf.xml-6-4	inferred	1	 	Knotenpunkt
2532889X_1962-03-02_01_062.tcf.xml-38-10	26120215_1962_08_28_01_163.tcf.xml-56-14	inferred	1	 	Knotenpunkt
2532889X_1962-03-02_01_062.tcf.xml-38-10	26120215_1966_09_18_01_339.tcf.xml-259-41	inferred	1	 	Knotenpunkt
2532889X_1962-03-02_01_062.tcf.xml-38-10	26120215_1971_07_25_01_162.tcf.xml-12-21	inferred	1	 	Knotenpunkt
2532889X_1962-03-02_01_062.tcf.xml-38-10	26120215_1973_04_09_01_003.tcf.xml-5-19	inferred	1	 	Knotenpunkt
2532889X_1962-03-02_01_062.tcf.xml-38-10	26120215_1982_05_13_01_282.tcf.xml-11-110	inferred	1	 	Knotenpunkt
2532889X_1962-03-02_01_062.tcf.xml-38-10	26120215_1985_08_08_01_180.tcf.xml-27-1	inferred	1	 	Knotenpunkt
2532889X_1962-03-02_01_062.tcf.xml-38-10	26120215_1989_01_09_01_036.tcf.xml-43-4	inferred	1	 	Knotenpunkt
2532889X_1962-03-02_01_062.tcf.xml-38-10	bluntschli_voelkerrecht_1868-505-6	inferred	1	 	Knotenpunkt
2532889X_1962-03-02_01_062.tcf.xml-38-10	lehnert_seehaefen01_1891-13281-14	inferred	1	 	Knotenpunkt
2532889X_1962-03-02_01_062.tcf.xml-38-10	ludwig_physiologie01_1852-2025-67	inferred	0	 	Knotenpunkt
2532889X_1962-03-02_01_062.tcf.xml-38-10	ludwig_physiologie01_1852-2873-59	inferred	1	 	Knotenpunkt
2532889X_1962-03-02_01_062.tcf.xml-38-10	marx_kapital01_1867-9505-91	inferred	0	 	Knotenpunkt
2532889X_1962-03-02_01_062.tcf.xml-38-10	mohr_fachwerk02_1875-128-9	inferred	0	 	Knotenpunkt
2532889X_1962-03-02_01_062.tcf.xml-38-10	mohr_fachwerk02_1875-154-31	inferred	0	 	Knotenpunkt
2532889X_1962-03-02_01_062.tcf.xml-38-10	mueller_festigkeitslehre_1886-1881-15	inferred	0	 	Knotenpunkt
2532889X_1962-03-02_01_062.tcf.xml-38-10	mueller_festigkeitslehre_1886-210-2	inferred	0	 	Knotenpunkt
2532889X_1962-03-02_01_062.tcf.xml-38-10	mueller_festigkeitslehre_1886-303-5	inferred	0	 	Knotenpunkt
2532889X_1962-03-02_01_062.tcf.xml-38-10	mueller_festigkeitslehre_1886-490-17	inferred	0	 	Knotenpunkt
2532889X_1962-03-02_01_062.tcf.xml-38-10	rein_japan01_1881-1660-24	inferred	0	 	Knotenpunkt
2532889X_1962-03-02_01_062.tcf.xml-38-10	schubert_naturwissenschaft_1808-2638-7	inferred	0	 	Knotenpunkt
2532889X_1962-03-02_01_062.tcf.xml-38-10	treitschke_geschichte01_1879-10728-61	inferred	1	 	Knotenpunkt
2532889X_1962-03-02_01_062.tcf.xml-38-10	vischer_aesthetik030201_1852-237-57	inferred	0	 	Knotenpunkt
2532889X_1963-04-03_01_066.tcf.xml-66-12	2532889X_1965-01-19_01_055.tcf.xml-14-19	inferred	0	 	Knotenpunkt
2532889X_1963-04-03_01_066.tcf.xml-66-12	2532889X_1968-05-07_01_098.tcf.xml-4-7	inferred	1	 	Knotenpunkt
2532889X_1963-04-03_01_066.tcf.xml-66-12	2532889X_1970-04-02_01_150.tcf.xml-46-49	inferred	1	 	Knotenpunkt
2532889X_1963-04-03_01_066.tcf.xml-66-12	2532889X_1973-03-29_01_375.tcf.xml-0-27	inferred	0	 	Knotenpunkt
2532889X_1963-04-03_01_066.tcf.xml-66-12	2532889X_1977-07-28_01_097.tcf.xml-5-39	inferred	0	 	Knotenpunkt
2532889X_1963-04-03_01_066.tcf.xml-66-12	2532889X_1978-06-24_01_211.tcf.xml-16-13	inferred	0	 	Knotenpunkt
2532889X_1963-04-03_01_066.tcf.xml-66-12	2532889X_1980-02-09_01_592.tcf.xml-2-15	inferred	0	 	Knotenpunkt
2532889X_1963-04-03_01_066.tcf.xml-66-12	2532889X_1984-02-01_01_082.tcf.xml-17-7	inferred	0	 	Knotenpunkt
2532889X_1963-04-03_01_066.tcf.xml-66-12	2532889X_1988-09-10_01_026.tcf.xml-19-7	inferred	0	 	Knotenpunkt
2532889X_1963-04-03_01_066.tcf.xml-66-12	26120215_1948_06_19_01_181.tcf.xml-3-7	inferred	0	 	Knotenpunkt
2532889X_1963-04-03_01_066.tcf.xml-66-12	26120215_1949_09_09_01_190.tcf.xml-28-6	inferred	0	 	Knotenpunkt
2532889X_1963-04-03_01_066.tcf.xml-66-12	26120215_1962_06_23_01_221.tcf.xml-6-4	inferred	0	 	Knotenpunkt
2532889X_1963-04-03_01_066.tcf.xml-66-12	26120215_1962_08_28_01_163.tcf.xml-56-14	inferred	0	 	Knotenpunkt
2532889X_1963-04-03_01_066.tcf.xml-66-12	26120215_1966_09_18_01_339.tcf.xml-259-41	inferred	0	 	Knotenpunkt
2532889X_1963-04-03_01_066.tcf.xml-66-12	26120215_1971_07_25_01_162.tcf.xml-12-21	inferred	0	 	Knotenpunkt
2532889X_1963-04-03_01_066.tcf.xml-66-12	26120215_1973_04_09_01_003.tcf.xml-5-19	inferred	0	 	Knotenpunkt
2532889X_1963-04-03_01_066.tcf.xml-66-12	26120215_1982_05_13_01_282.tcf.xml-11-110	inferred	0	 	Knotenpunkt
2532889X_1963-04-03_01_066.tcf.xml-66-12	26120215_1985_08_08_01_180.tcf.xml-27-1	inferred	0	 	Knotenpunkt
2532889X_1963-04-03_01_066.tcf.xml-66-12	26120215_1989_01_09_01_036.tcf.xml-43-4	inferred	0	 	Knotenpunkt
2532889X_1963-04-03_01_066.tcf.xml-66-12	bluntschli_voelkerrecht_1868-505-6	inferred	0	 	Knotenpunkt
2532889X_1963-04-03_01_066.tcf.xml-66-12	lehnert_seehaefen01_1891-13281-14	inferred	0	 	Knotenpunkt
2532889X_1963-04-03_01_066.tcf.xml-66-12	ludwig_physiologie01_1852-2025-67	inferred	1	 	Knotenpunkt
2532889X_1963-04-03_01_066.tcf.xml-66-12	ludwig_physiologie01_1852-2873-59	inferred	0	 	Knotenpunkt
2532889X_1963-04-03_01_066.tcf.xml-66-12	marx_kapital01_1867-9505-91	inferred	1	 	Knotenpunkt
2532889X_1963-04-03_01_066.tcf.xml-66-12	mohr_fachwerk02_1875-128-9	inferred	1	 	Knotenpunkt
2532889X_1963-04-03_01_066.tcf.xml-66-12	mohr_fachwerk02_1875-154-31	inferred	1	 	Knotenpunkt
2532889X_1963-04-03_01_066.tcf.xml-66-12	mueller_festigkeitslehre_1886-1881-15	inferred	1	 	Knotenpunkt
2532889X_1963-04-03_01_066.tcf.xml-66-12	mueller_festigkeitslehre_1886-210-2	inferred	1	 	Knotenpunkt
2532889X_1963-04-03_01_066.tcf.xml-66-12	mueller_festigkeitslehre_1886-303-5	inferred	1	 	Knotenpunkt
2532889X_1963-04-03_01_066.tcf.xml-66-12	mueller_festigkeitslehre_1886-490-17	inferred	1	 	Knotenpunkt
2532889X_1963-04-03_01_066.tcf.xml-66-12	rein_japan01_1881-1660-24	inferred	1	 	Knotenpunkt
2532889X_1963-04-03_01_066.tcf.xml-66-12	schubert_naturwissenschaft_1808-2638-7	inferred	1	 	Knotenpunkt
2532889X_1963-04-03_01_066.tcf.xml-66-12	treitschke_geschichte01_1879-10728-61	inferred	0	 	Knotenpunkt
2532889X_1963-04-03_01_066.tcf.xml-66-12	vischer_aesthetik030201_1852-237-57	inferred	1	 	Knotenpunkt
2532889X_1965-01-19_01_055.tcf.xml-14-19	2532889X_1968-05-07_01_098.tcf.xml-4-7	inferred	0	 	Knotenpunkt
2532889X_1965-01-19_01_055.tcf.xml-14-19	2532889X_1970-04-02_01_150.tcf.xml-46-49	inferred	0	 	Knotenpunkt
2532889X_1965-01-19_01_055.tcf.xml-14-19	2532889X_1973-03-29_01_375.tcf.xml-0-27	inferred	1	 	Knotenpunkt
2532889X_1965-01-19_01_055.tcf.xml-14-19	2532889X_1977-07-28_01_097.tcf.xml-5-39	inferred	1	 	Knotenpunkt
2532889X_1965-01-19_01_055.tcf.xml-14-19	2532889X_1978-06-24_01_211.tcf.xml-16-13	inferred	1	 	Knotenpunkt
2532889X_1965-01-19_01_055.tcf.xml-14-19	2532889X_1980-02-09_01_592.tcf.xml-2-15	inferred	1	 	Knotenpunkt
2532889X_1965-01-19_01_055.tcf.xml-14-19	2532889X_1984-02-01_01_082.tcf.xml-17-7	inferred	1	 	Knotenpunkt
2532889X_1965-01-19_01_055.tcf.xml-14-19	2532889X_1988-09-10_01_026.tcf.xml-19-7	inferred	1	 	Knotenpunkt
2532889X_1965-01-19_01_055.tcf.xml-14-19	26120215_1948_06_19_01_181.tcf.xml-3-7	inferred	1	 	Knotenpunkt
2532889X_1965-01-19_01_055.tcf.xml-14-19	26120215_1949_09_09_01_190.tcf.xml-28-6	inferred	1	 	Knotenpunkt
2532889X_1965-01-19_01_055.tcf.xml-14-19	26120215_1962_06_23_01_221.tcf.xml-6-4	inferred	1	 	Knotenpunkt
2532889X_1965-01-19_01_055.tcf.xml-14-19	26120215_1962_08_28_01_163.tcf.xml-56-14	inferred	1	 	Knotenpunkt
2532889X_1965-01-19_01_055.tcf.xml-14-19	26120215_1966_09_18_01_339.tcf.xml-259-41	inferred	1	 	Knotenpunkt
2532889X_1965-01-19_01_055.tcf.xml-14-19	26120215_1971_07_25_01_162.tcf.xml-12-21	inferred	1	 	Knotenpunkt
2532889X_1965-01-19_01_055.tcf.xml-14-19	26120215_1973_04_09_01_003.tcf.xml-5-19	inferred	1	 	Knotenpunkt
2532889X_1965-01-19_01_055.tcf.xml-14-19	26120215_1982_05_13_01_282.tcf.xml-11-110	inferred	1	 	Knotenpunkt
2532889X_1965-01-19_01_055.tcf.xml-14-19	26120215_1985_08_08_01_180.tcf.xml-27-1	inferred	1	 	Knotenpunkt
2532889X_1965-01-19_01_055.tcf.xml-14-19	26120215_1989_01_09_01_036.tcf.xml-43-4	inferred	1	 	Knotenpunkt
2532889X_1965-01-19_01_055.tcf.xml-14-19	bluntschli_voelkerrecht_1868-505-6	inferred	1	 	Knotenpunkt
2532889X_1965-01-19_01_055.tcf.xml-14-19	lehnert_seehaefen01_1891-13281-14	inferred	1	 	Knotenpunkt
2532889X_1965-01-19_01_055.tcf.xml-14-19	ludwig_physiologie01_1852-2025-67	inferred	0	 	Knotenpunkt
2532889X_1965-01-19_01_055.tcf.xml-14-19	ludwig_physiologie01_1852-2873-59	inferred	1	 	Knotenpunkt
2532889X_1965-01-19_01_055.tcf.xml-14-19	marx_kapital01_1867-9505-91	inferred	0	 	Knotenpunkt
2532889X_1965-01-19_01_055.tcf.xml-14-19	mohr_fachwerk02_1875-128-9	inferred	0	 	Knotenpunkt
2532889X_1965-01-19_01_055.tcf.xml-14-19	mohr_fachwerk02_1875-154-31	inferred	0	 	Knotenpunkt
2532889X_1965-01-19_01_055.tcf.xml-14-19	mueller_festigkeitslehre_1886-1881-15	inferred	0	 	Knotenpunkt
2532889X_1965-01-19_01_055.tcf.xml-14-19	mueller_festigkeitslehre_1886-210-2	inferred	0	 	Knotenpunkt
2532889X_1965-01-19_01_055.tcf.xml-14-19	mueller_festigkeitslehre_1886-303-5	inferred	0	 	Knotenpunkt
2532889X_1965-01-19_01_055.tcf.xml-14-19	mueller_festigkeitslehre_1886-490-17	inferred	0	 	Knotenpunkt
2532889X_1965-01-19_01_055.tcf.xml-14-19	rein_japan01_1881-1660-24	inferred	0	 	Knotenpunkt
2532889X_1965-01-19_01_055.tcf.xml-14-19	schubert_naturwissenschaft_1808-2638-7	inferred	0	 	Knotenpunkt
2532889X_1965-01-19_01_055.tcf.xml-14-19	treitschke_geschichte01_1879-10728-61	inferred	1	 	Knotenpunkt
2532889X_1965-01-19_01_055.tcf.xml-14-19	vischer_aesthetik030201_1852-237-57	inferred	0	 	Knotenpunkt
2532889X_1968-05-07_01_098.tcf.xml-4-7	2532889X_1970-04-02_01_150.tcf.xml-46-49	inferred	1	 	Knotenpunkt
2532889X_1968-05-07_01_098.tcf.xml-4-7	2532889X_1973-03-29_01_375.tcf.xml-0-27	inferred	0	 	Knotenpunkt
2532889X_1968-05-07_01_098.tcf.xml-4-7	2532889X_1977-07-28_01_097.tcf.xml-5-39	inferred	0	 	Knotenpunkt
2532889X_1968-05-07_01_098.tcf.xml-4-7	2532889X_1978-06-24_01_211.tcf.xml-16-13	inferred	0	 	Knotenpunkt
2532889X_1968-05-07_01_098.tcf.xml-4-7	2532889X_1980-02-09_01_592.tcf.xml-2-15	inferred	0	 	Knotenpunkt
2532889X_1968-05-07_01_098.tcf.xml-4-7	2532889X_1984-02-01_01_082.tcf.xml-17-7	inferred	0	 	Knotenpunkt
2532889X_1968-05-07_01_098.tcf.xml-4-7	2532889X_1988-09-10_01_026.tcf.xml-19-7	inferred	0	 	Knotenpunkt
2532889X_1968-05-07_01_098.tcf.xml-4-7	26120215_1948_06_19_01_181.tcf.xml-3-7	inferred	0	 	Knotenpunkt
2532889X_1968-05-07_01_098.tcf.xml-4-7	26120215_1949_09_09_01_190.tcf.xml-28-6	inferred	0	 	Knotenpunkt
2532889X_1968-05-07_01_098.tcf.xml-4-7	26120215_1962_06_23_01_221.tcf.xml-6-4	inferred	0	 	Knotenpunkt
2532889X_1968-05-07_01_098.tcf.xml-4-7	26120215_1962_08_28_01_163.tcf.xml-56-14	inferred	0	 	Knotenpunkt
2532889X_1968-05-07_01_098.tcf.xml-4-7	26120215_1966_09_18_01_339.tcf.xml-259-41	inferred	0	 	Knotenpunkt
2532889X_1968-05-07_01_098.tcf.xml-4-7	26120215_1971_07_25_01_162.tcf.xml-12-21	inferred	0	 	Knotenpunkt
2532889X_1968-05-07_01_098.tcf.xml-4-7	26120215_1973_04_09_01_003.tcf.xml-5-19	inferred	0	 	Knotenpunkt
2532889X_1968-05-07_01_098.tcf.xml-4-7	26120215_1982_05_13_01_282.tcf.xml-11-110	inferred	0	 	Knotenpunkt
2532889X_1968-05-07_01_098.tcf.xml-4-7	26120215_1985_08_08_01_180.tcf.xml-27-1	inferred	0	 	Knotenpunkt
2532889X_1968-05-07_01_098.tcf.xml-4-7	26120215_1989_01_09_01_036.tcf.xml-43-4	inferred	0	 	Knotenpunkt
2532889X_1968-05-07_01_098.tcf.xml-4-7	bluntschli_voelkerrecht_1868-505-6	inferred	0	 	Knotenpunkt
2532889X_1968-05-07_01_098.tcf.xml-4-7	lehnert_seehaefen01_1891-13281-14	inferred	0	 	Knotenpunkt
2532889X_1968-05-07_01_098.tcf.xml-4-7	ludwig_physiologie01_1852-2025-67	inferred	1	 	Knotenpunkt
2532889X_1968-05-07_01_098.tcf.xml-4-7	ludwig_physiologie01_1852-2873-59	inferred	0	 	Knotenpunkt
2532889X_1968-05-07_01_098.tcf.xml-4-7	marx_kapital01_1867-9505-91	inferred	1	 	Knotenpunkt
2532889X_1968-05-07_01_098.tcf.xml-4-7	mohr_fachwerk02_1875-128-9	inferred	1	 	Knotenpunkt
2532889X_1968-05-07_01_098.tcf.xml-4-7	mohr_fachwerk02_1875-154-31	inferred	1	 	Knotenpunkt
2532889X_1968-05-07_01_098.tcf.xml-4-7	mueller_festigkeitslehre_1886-1881-15	inferred	1	 	Knotenpunkt
2532889X_1968-05-07_01_098.tcf.xml-4-7	mueller_festigkeitslehre_1886-210-2	inferred	1	 	Knotenpunkt
2532889X_1968-05-07_01_098.tcf.xml-4-7	mueller_festigkeitslehre_1886-303-5	inferred	1	 	Knotenpunkt
2532889X_1968-05-07_01_098.tcf.xml-4-7	mueller_festigkeitslehre_1886-490-17	inferred	1	 	Knotenpunkt
2532889X_1968-05-07_01_098.tcf.xml-4-7	rein_japan01_1881-1660-24	inferred	1	 	Knotenpunkt
2532889X_1968-05-07_01_098.tcf.xml-4-7	schubert_naturwissenschaft_1808-2638-7	inferred	1	 	Knotenpunkt
2532889X_1968-05-07_01_098.tcf.xml-4-7	treitschke_geschichte01_1879-10728-61	inferred	0	 	Knotenpunkt
2532889X_1968-05-07_01_098.tcf.xml-4-7	vischer_aesthetik030201_1852-237-57	inferred	1	 	Knotenpunkt
2532889X_1970-04-02_01_150.tcf.xml-46-49	2532889X_1973-03-29_01_375.tcf.xml-0-27	inferred	0	 	Knotenpunkt
2532889X_1970-04-02_01_150.tcf.xml-46-49	2532889X_1977-07-28_01_097.tcf.xml-5-39	inferred	0	 	Knotenpunkt
2532889X_1970-04-02_01_150.tcf.xml-46-49	2532889X_1978-06-24_01_211.tcf.xml-16-13	inferred	0	 	Knotenpunkt
2532889X_1970-04-02_01_150.tcf.xml-46-49	2532889X_1980-02-09_01_592.tcf.xml-2-15	inferred	0	 	Knotenpunkt
2532889X_1970-04-02_01_150.tcf.xml-46-49	2532889X_1984-02-01_01_082.tcf.xml-17-7	inferred	0	 	Knotenpunkt
2532889X_1970-04-02_01_150.tcf.xml-46-49	2532889X_1988-09-10_01_026.tcf.xml-19-7	inferred	0	 	Knotenpunkt
2532889X_1970-04-02_01_150.tcf.xml-46-49	26120215_1948_06_19_01_181.tcf.xml-3-7	inferred	0	 	Knotenpunkt
2532889X_1970-04-02_01_150.tcf.xml-46-49	26120215_1949_09_09_01_190.tcf.xml-28-6	inferred	0	 	Knotenpunkt
2532889X_1970-04-02_01_150.tcf.xml-46-49	26120215_1962_06_23_01_221.tcf.xml-6-4	inferred	0	 	Knotenpunkt
2532889X_1970-04-02_01_150.tcf.xml-46-49	26120215_1962_08_28_01_163.tcf.xml-56-14	inferred	0	 	Knotenpunkt
2532889X_1970-04-02_01_150.tcf.xml-46-49	26120215_1966_09_18_01_339.tcf.xml-259-41	inferred	0	 	Knotenpunkt
2532889X_1970-04-02_01_150.tcf.xml-46-49	26120215_1971_07_25_01_162.tcf.xml-12-21	inferred	0	 	Knotenpunkt
2532889X_1970-04-02_01_150.tcf.xml-46-49	26120215_1973_04_09_01_003.tcf.xml-5-19	inferred	0	 	Knotenpunkt
2532889X_1970-04-02_01_150.tcf.xml-46-49	26120215_1982_05_13_01_282.tcf.xml-11-110	inferred	0	 	Knotenpunkt
2532889X_1970-04-02_01_150.tcf.xml-46-49	26120215_1985_08_08_01_180.tcf.xml-27-1	inferred	0	 	Knotenpunkt
2532889X_1970-04-02_01_150.tcf.xml-46-49	26120215_1989_01_09_01_036.tcf.xml-43-4	inferred	0	 	Knotenpunkt
2532889X_1970-04-02_01_150.tcf.xml-46-49	bluntschli_voelkerrecht_1868-505-6	inferred	0	 	Knotenpunkt
2532889X_1970-04-02_01_150.tcf.xml-46-49	lehnert_seehaefen01_1891-13281-14	inferred	0	 	Knotenpunkt
2532889X_1970-04-02_01_150.tcf.xml-46-49	ludwig_physiologie01_1852-2025-67	inferred	1	 	Knotenpunkt
2532889X_1970-04-02_01_150.tcf.xml-46-49	ludwig_physiologie01_1852-2873-59	inferred	0	 	Knotenpunkt
2532889X_1970-04-02_01_150.tcf.xml-46-49	marx_kapital01_1867-9505-91	inferred	1	 	Knotenpunkt
2532889X_1970-04-02_01_150.tcf.xml-46-49	mohr_fachwerk02_1875-128-9	inferred	1	 	Knotenpunkt
2532889X_1970-04-02_01_150.tcf.xml-46-49	mohr_fachwerk02_1875-154-31	inferred	1	 	Knotenpunkt
2532889X_1970-04-02_01_150.tcf.xml-46-49	mueller_festigkeitslehre_1886-1881-15	inferred	1	 	Knotenpunkt
2532889X_1970-04-02_01_150.tcf.xml-46-49	mueller_festigkeitslehre_1886-210-2	inferred	1	 	Knotenpunkt
2532889X_1970-04-02_01_150.tcf.xml-46-49	mueller_festigkeitslehre_1886-303-5	inferred	1	 	Knotenpunkt
2532889X_1970-04-02_01_150.tcf.xml-46-49	mueller_festigkeitslehre_1886-490-17	inferred	1	 	Knotenpunkt
2532889X_1970-04-02_01_150.tcf.xml-46-49	rein_japan01_1881-1660-24	inferred	1	 	Knotenpunkt
2532889X_1970-04-02_01_150.tcf.xml-46-49	schubert_naturwissenschaft_1808-2638-7	inferred	1	 	Knotenpunkt
2532889X_1970-04-02_01_150.tcf.xml-46-49	treitschke_geschichte01_1879-10728-61	inferred	0	 	Knotenpunkt
2532889X_1970-04-02_01_150.tcf.xml-46-49	vischer_aesthetik030201_1852-237-57	inferred	1	 	Knotenpunkt
2532889X_1973-03-29_01_375.tcf.xml-0-27	2532889X_1977-07-28_01_097.tcf.xml-5-39	inferred	1	 	Knotenpunkt
2532889X_1973-03-29_01_375.tcf.xml-0-27	2532889X_1978-06-24_01_211.tcf.xml-16-13	inferred	1	 	Knotenpunkt
2532889X_1973-03-29_01_375.tcf.xml-0-27	2532889X_1980-02-09_01_592.tcf.xml-2-15	inferred	1	 	Knotenpunkt
2532889X_1973-03-29_01_375.tcf.xml-0-27	2532889X_1984-02-01_01_082.tcf.xml-17-7	inferred	1	 	Knotenpunkt
2532889X_1973-03-29_01_375.tcf.xml-0-27	2532889X_1988-09-10_01_026.tcf.xml-19-7	inferred	1	 	Knotenpunkt
2532889X_1973-03-29_01_375.tcf.xml-0-27	26120215_1948_06_19_01_181.tcf.xml-3-7	inferred	1	 	Knotenpunkt
2532889X_1973-03-29_01_375.tcf.xml-0-27	26120215_1949_09_09_01_190.tcf.xml-28-6	inferred	1	 	Knotenpunkt
2532889X_1973-03-29_01_375.tcf.xml-0-27	26120215_1962_06_23_01_221.tcf.xml-6-4	inferred	1	 	Knotenpunkt
2532889X_1973-03-29_01_375.tcf.xml-0-27	26120215_1962_08_28_01_163.tcf.xml-56-14	inferred	1	 	Knotenpunkt
2532889X_1973-03-29_01_375.tcf.xml-0-27	26120215_1966_09_18_01_339.tcf.xml-259-41	inferred	1	 	Knotenpunkt
2532889X_1973-03-29_01_375.tcf.xml-0-27	26120215_1971_07_25_01_162.tcf.xml-12-21	inferred	1	 	Knotenpunkt
2532889X_1973-03-29_01_375.tcf.xml-0-27	26120215_1973_04_09_01_003.tcf.xml-5-19	inferred	1	 	Knotenpunkt
2532889X_1973-03-29_01_375.tcf.xml-0-27	26120215_1982_05_13_01_282.tcf.xml-11-110	inferred	1	 	Knotenpunkt
2532889X_1973-03-29_01_375.tcf.xml-0-27	26120215_1985_08_08_01_180.tcf.xml-27-1	inferred	1	 	Knotenpunkt
2532889X_1973-03-29_01_375.tcf.xml-0-27	26120215_1989_01_09_01_036.tcf.xml-43-4	inferred	1	 	Knotenpunkt
2532889X_1973-03-29_01_375.tcf.xml-0-27	bluntschli_voelkerrecht_1868-505-6	inferred	1	 	Knotenpunkt
2532889X_1973-03-29_01_375.tcf.xml-0-27	lehnert_seehaefen01_1891-13281-14	inferred	1	 	Knotenpunkt
2532889X_1973-03-29_01_375.tcf.xml-0-27	ludwig_physiologie01_1852-2025-67	inferred	0	 	Knotenpunkt
2532889X_1973-03-29_01_375.tcf.xml-0-27	ludwig_physiologie01_1852-2873-59	inferred	1	 	Knotenpunkt
2532889X_1973-03-29_01_375.tcf.xml-0-27	marx_kapital01_1867-9505-91	inferred	0	 	Knotenpunkt
2532889X_1973-03-29_01_375.tcf.xml-0-27	mohr_fachwerk02_1875-128-9	inferred	0	 	Knotenpunkt
2532889X_1973-03-29_01_375.tcf.xml-0-27	mohr_fachwerk02_1875-154-31	inferred	0	 	Knotenpunkt
2532889X_1973-03-29_01_375.tcf.xml-0-27	mueller_festigkeitslehre_1886-1881-15	inferred	0	 	Knotenpunkt
2532889X_1973-03-29_01_375.tcf.xml-0-27	mueller_festigkeitslehre_1886-210-2	inferred	0	 	Knotenpunkt
2532889X_1973-03-29_01_375.tcf.xml-0-27	mueller_festigkeitslehre_1886-303-5	inferred	0	 	Knotenpunkt
2532889X_1973-03-29_01_375.tcf.xml-0-27	mueller_festigkeitslehre_1886-490-17	inferred	0	 	Knotenpunkt
2532889X_1973-03-29_01_375.tcf.xml-0-27	rein_japan01_1881-1660-24	inferred	0	 	Knotenpunkt
2532889X_1973-03-29_01_375.tcf.xml-0-27	schubert_naturwissenschaft_1808-2638-7	inferred	0	 	Knotenpunkt
2532889X_1973-03-29_01_375.tcf.xml-0-27	treitschke_geschichte01_1879-10728-61	inferred	1	 	Knotenpunkt
2532889X_1973-03-29_01_375.tcf.xml-0-27	vischer_aesthetik030201_1852-237-57	inferred	0	 	Knotenpunkt
2532889X_1977-07-28_01_097.tcf.xml-5-39	2532889X_1978-06-24_01_211.tcf.xml-16-13	inferred	1	 	Knotenpunkt
2532889X_1977-07-28_01_097.tcf.xml-5-39	2532889X_1980-02-09_01_592.tcf.xml-2-15	inferred	1	 	Knotenpunkt
2532889X_1977-07-28_01_097.tcf.xml-5-39	2532889X_1984-02-01_01_082.tcf.xml-17-7	inferred	1	 	Knotenpunkt
2532889X_1977-07-28_01_097.tcf.xml-5-39	2532889X_1988-09-10_01_026.tcf.xml-19-7	inferred	1	 	Knotenpunkt
2532889X_1977-07-28_01_097.tcf.xml-5-39	26120215_1948_06_19_01_181.tcf.xml-3-7	inferred	1	 	Knotenpunkt
2532889X_1977-07-28_01_097.tcf.xml-5-39	26120215_1949_09_09_01_190.tcf.xml-28-6	inferred	1	 	Knotenpunkt
2532889X_1977-07-28_01_097.tcf.xml-5-39	26120215_1962_06_23_01_221.tcf.xml-6-4	inferred	1	 	Knotenpunkt
2532889X_1977-07-28_01_097.tcf.xml-5-39	26120215_1962_08_28_01_163.tcf.xml-56-14	inferred	1	 	Knotenpunkt
2532889X_1977-07-28_01_097.tcf.xml-5-39	26120215_1966_09_18_01_339.tcf.xml-259-41	inferred	1	 	Knotenpunkt
2532889X_1977-07-28_01_097.tcf.xml-5-39	26120215_1971_07_25_01_162.tcf.xml-12-21	inferred	1	 	Knotenpunkt
2532889X_1977-07-28_01_097.tcf.xml-5-39	26120215_1973_04_09_01_003.tcf.xml-5-19	inferred	1	 	Knotenpunkt
2532889X_1977-07-28_01_097.tcf.xml-5-39	26120215_1982_05_13_01_282.tcf.xml-11-110	inferred	1	 	Knotenpunkt
2532889X_1977-07-28_01_097.tcf.xml-5-39	26120215_1985_08_08_01_180.tcf.xml-27-1	inferred	1	 	Knotenpunkt
2532889X_1977-07-28_01_097.tcf.xml-5-39	26120215_1989_01_09_01_036.tcf.xml-43-4	inferred	1	 	Knotenpunkt
2532889X_1977-07-28_01_097.tcf.xml-5-39	bluntschli_voelkerrecht_1868-505-6	inferred	1	 	Knotenpunkt
2532889X_1977-07-28_01_097.tcf.xml-5-39	lehnert_seehaefen01_1891-13281-14	inferred	1	 	Knotenpunkt
2532889X_1977-07-28_01_097.tcf.xml-5-39	ludwig_physiologie01_1852-2025-67	inferred	0	 	Knotenpunkt
2532889X_1977-07-28_01_097.tcf.xml-5-39	ludwig_physiologie01_1852-2873-59	inferred	1	 	Knotenpunkt
2532889X_1977-07-28_01_097.tcf.xml-5-39	marx_kapital01_1867-9505-91	inferred	0	 	Knotenpunkt
2532889X_1977-07-28_01_097.tcf.xml-5-39	mohr_fachwerk02_1875-128-9	inferred	0	 	Knotenpunkt
2532889X_1977-07-28_01_097.tcf.xml-5-39	mohr_fachwerk02_1875-154-31	inferred	0	 	Knotenpunkt
2532889X_1977-07-28_01_097.tcf.xml-5-39	mueller_festigkeitslehre_1886-1881-15	inferred	0	 	Knotenpunkt
2532889X_1977-07-28_01_097.tcf.xml-5-39	mueller_festigkeitslehre_1886-210-2	inferred	0	 	Knotenpunkt
2532889X_1977-07-28_01_097.tcf.xml-5-39	mueller_festigkeitslehre_1886-303-5	inferred	0	 	Knotenpunkt
2532889X_1977-07-28_01_097.tcf.xml-5-39	mueller_festigkeitslehre_1886-490-17	inferred	0	 	Knotenpunkt
2532889X_1977-07-28_01_097.tcf.xml-5-39	rein_japan01_1881-1660-24	inferred	0	 	Knotenpunkt
2532889X_1977-07-28_01_097.tcf.xml-5-39	schubert_naturwissenschaft_1808-2638-7	inferred	0	 	Knotenpunkt
2532889X_1977-07-28_01_097.tcf.xml-5-39	treitschke_geschichte01_1879-10728-61	inferred	1	 	Knotenpunkt
2532889X_1977-07-28_01_097.tcf.xml-5-39	vischer_aesthetik030201_1852-237-57	inferred	0	 	Knotenpunkt
2532889X_1978-06-24_01_211.tcf.xml-16-13	2532889X_1980-02-09_01_592.tcf.xml-2-15	inferred	1	 	Knotenpunkt
2532889X_1978-06-24_01_211.tcf.xml-16-13	2532889X_1984-02-01_01_082.tcf.xml-17-7	inferred	1	 	Knotenpunkt
2532889X_1978-06-24_01_211.tcf.xml-16-13	2532889X_1988-09-10_01_026.tcf.xml-19-7	inferred	1	 	Knotenpunkt
2532889X_1978-06-24_01_211.tcf.xml-16-13	26120215_1948_06_19_01_181.tcf.xml-3-7	inferred	1	 	Knotenpunkt
2532889X_1978-06-24_01_211.tcf.xml-16-13	26120215_1949_09_09_01_190.tcf.xml-28-6	inferred	1	 	Knotenpunkt
2532889X_1978-06-24_01_211.tcf.xml-16-13	26120215_1962_06_23_01_221.tcf.xml-6-4	inferred	1	 	Knotenpunkt
2532889X_1978-06-24_01_211.tcf.xml-16-13	26120215_1962_08_28_01_163.tcf.xml-56-14	inferred	1	 	Knotenpunkt
2532889X_1978-06-24_01_211.tcf.xml-16-13	26120215_1966_09_18_01_339.tcf.xml-259-41	inferred	1	 	Knotenpunkt
2532889X_1978-06-24_01_211.tcf.xml-16-13	26120215_1971_07_25_01_162.tcf.xml-12-21	inferred	1	 	Knotenpunkt
2532889X_1978-06-24_01_211.tcf.xml-16-13	26120215_1973_04_09_01_003.tcf.xml-5-19	inferred	1	 	Knotenpunkt
2532889X_1978-06-24_01_211.tcf.xml-16-13	26120215_1982_05_13_01_282.tcf.xml-11-110	inferred	1	 	Knotenpunkt
2532889X_1978-06-24_01_211.tcf.xml-16-13	26120215_1985_08_08_01_180.tcf.xml-27-1	inferred	1	 	Knotenpunkt
2532889X_1978-06-24_01_211.tcf.xml-16-13	26120215_1989_01_09_01_036.tcf.xml-43-4	inferred	1	 	Knotenpunkt
2532889X_1978-06-24_01_211.tcf.xml-16-13	bluntschli_voelkerrecht_1868-505-6	inferred	1	 	Knotenpunkt
2532889X_1978-06-24_01_211.tcf.xml-16-13	lehnert_seehaefen01_1891-13281-14	inferred	1	 	Knotenpunkt
2532889X_1978-06-24_01_211.tcf.xml-16-13	ludwig_physiologie01_1852-2025-67	inferred	0	 	Knotenpunkt
2532889X_1978-06-24_01_211.tcf.xml-16-13	ludwig_physiologie01_1852-2873-59	inferred	1	 	Knotenpunkt
2532889X_1978-06-24_01_211.tcf.xml-16-13	marx_kapital01_1867-9505-91	inferred	0	 	Knotenpunkt
2532889X_1978-06-24_01_211.tcf.xml-16-13	mohr_fachwerk02_1875-128-9	inferred	0	 	Knotenpunkt
2532889X_1978-06-24_01_211.tcf.xml-16-13	mohr_fachwerk02_1875-154-31	inferred	0	 	Knotenpunkt
2532889X_1978-06-24_01_211.tcf.xml-16-13	mueller_festigkeitslehre_1886-1881-15	inferred	0	 	Knotenpunkt
2532889X_1978-06-24_01_211.tcf.xml-16-13	mueller_festigkeitslehre_1886-210-2	inferred	0	 	Knotenpunkt
2532889X_1978-06-24_01_211.tcf.xml-16-13	mueller_festigkeitslehre_1886-303-5	inferred	0	 	Knotenpunkt
2532889X_1978-06-24_01_211.tcf.xml-16-13	mueller_festigkeitslehre_1886-490-17	inferred	0	 	Knotenpunkt
2532889X_1978-06-24_01_211.tcf.xml-16-13	rein_japan01_1881-1660-24	inferred	0	 	Knotenpunkt
2532889X_1978-06-24_01_211.tcf.xml-16-13	schubert_naturwissenschaft_1808-2638-7	inferred	0	 	Knotenpunkt
2532889X_1978-06-24_01_211.tcf.xml-16-13	treitschke_geschichte01_1879-10728-61	inferred	1	 	Knotenpunkt
2532889X_1978-06-24_01_211.tcf.xml-16-13	vischer_aesthetik030201_1852-237-57	inferred	0	 	Knotenpunkt
2532889X_1980-02-09_01_592.tcf.xml-2-15	2532889X_1984-02-01_01_082.tcf.xml-17-7	inferred	1	 	Knotenpunkt
2532889X_1980-02-09_01_592.tcf.xml-2-15	2532889X_1988-09-10_01_026.tcf.xml-19-7	inferred	1	 	Knotenpunkt
2532889X_1980-02-09_01_592.tcf.xml-2-15	26120215_1948_06_19_01_181.tcf.xml-3-7	inferred	1	 	Knotenpunkt
2532889X_1980-02-09_01_592.tcf.xml-2-15	26120215_1949_09_09_01_190.tcf.xml-28-6	inferred	1	 	Knotenpunkt
2532889X_1980-02-09_01_592.tcf.xml-2-15	26120215_1962_06_23_01_221.tcf.xml-6-4	inferred	1	 	Knotenpunkt
2532889X_1980-02-09_01_592.tcf.xml-2-15	26120215_1962_08_28_01_163.tcf.xml-56-14	inferred	1	 	Knotenpunkt
2532889X_1980-02-09_01_592.tcf.xml-2-15	26120215_1966_09_18_01_339.tcf.xml-259-41	inferred	1	 	Knotenpunkt
2532889X_1980-02-09_01_592.tcf.xml-2-15	26120215_1971_07_25_01_162.tcf.xml-12-21	inferred	1	 	Knotenpunkt
2532889X_1980-02-09_01_592.tcf.xml-2-15	26120215_1973_04_09_01_003.tcf.xml-5-19	inferred	1	 	Knotenpunkt
2532889X_1980-02-09_01_592.tcf.xml-2-15	26120215_1982_05_13_01_282.tcf.xml-11-110	inferred	1	 	Knotenpunkt
2532889X_1980-02-09_01_592.tcf.xml-2-15	26120215_1985_08_08_01_180.tcf.xml-27-1	inferred	1	 	Knotenpunkt
2532889X_1980-02-09_01_592.tcf.xml-2-15	26120215_1989_01_09_01_036.tcf.xml-43-4	inferred	1	 	Knotenpunkt
2532889X_1980-02-09_01_592.tcf.xml-2-15	bluntschli_voelkerrecht_1868-505-6	inferred	1	 	Knotenpunkt
2532889X_1980-02-09_01_592.tcf.xml-2-15	lehnert_seehaefen01_1891-13281-14	inferred	1	 	Knotenpunkt
2532889X_1980-02-09_01_592.tcf.xml-2-15	ludwig_physiologie01_1852-2025-67	inferred	0	 	Knotenpunkt
2532889X_1980-02-09_01_592.tcf.xml-2-15	ludwig_physiologie01_1852-2873-59	inferred	1	 	Knotenpunkt
2532889X_1980-02-09_01_592.tcf.xml-2-15	marx_kapital01_1867-9505-91	inferred	0	 	Knotenpunkt
2532889X_1980-02-09_01_592.tcf.xml-2-15	mohr_fachwerk02_1875-128-9	inferred	0	 	Knotenpunkt
2532889X_1980-02-09_01_592.tcf.xml-2-15	mohr_fachwerk02_1875-154-31	inferred	0	 	Knotenpunkt
2532889X_1980-02-09_01_592.tcf.xml-2-15	mueller_festigkeitslehre_1886-1881-15	inferred	0	 	Knotenpunkt
2532889X_1980-02-09_01_592.tcf.xml-2-15	mueller_festigkeitslehre_1886-210-2	inferred	0	 	Knotenpunkt
2532889X_1980-02-09_01_592.tcf.xml-2-15	mueller_festigkeitslehre_1886-303-5	inferred	0	 	Knotenpunkt
2532889X_1980-02-09_01_592.tcf.xml-2-15	mueller_festigkeitslehre_1886-490-17	inferred	0	 	Knotenpunkt
2532889X_1980-02-09_01_592.tcf.xml-2-15	rein_japan01_1881-1660-24	inferred	0	 	Knotenpunkt
2532889X_1980-02-09_01_592.tcf.xml-2-15	schubert_naturwissenschaft_1808-2638-7	inferred	0	 	Knotenpunkt
2532889X_1980-02-09_01_592.tcf.xml-2-15	treitschke_geschichte01_1879-10728-61	inferred	1	 	Knotenpunkt
2532889X_1980-02-09_01_592.tcf.xml-2-15	vischer_aesthetik030201_1852-237-57	inferred	0	 	Knotenpunkt
2532889X_1984-02-01_01_082.tcf.xml-17-7	2532889X_1988-09-10_01_026.tcf.xml-19-7	inferred	1	 	Knotenpunkt
2532889X_1984-02-01_01_082.tcf.xml-17-7	26120215_1948_06_19_01_181.tcf.xml-3-7	inferred	1	 	Knotenpunkt
2532889X_1984-02-01_01_082.tcf.xml-17-7	26120215_1949_09_09_01_190.tcf.xml-28-6	inferred	1	 	Knotenpunkt
2532889X_1984-02-01_01_082.tcf.xml-17-7	26120215_1962_06_23_01_221.tcf.xml-6-4	inferred	1	 	Knotenpunkt
2532889X_1984-02-01_01_082.tcf.xml-17-7	26120215_1962_08_28_01_163.tcf.xml-56-14	inferred	1	 	Knotenpunkt
2532889X_1984-02-01_01_082.tcf.xml-17-7	26120215_1966_09_18_01_339.tcf.xml-259-41	inferred	1	 	Knotenpunkt
2532889X_1984-02-01_01_082.tcf.xml-17-7	26120215_1971_07_25_01_162.tcf.xml-12-21	inferred	1	 	Knotenpunkt
2532889X_1984-02-01_01_082.tcf.xml-17-7	26120215_1973_04_09_01_003.tcf.xml-5-19	inferred	1	 	Knotenpunkt
2532889X_1984-02-01_01_082.tcf.xml-17-7	26120215_1982_05_13_01_282.tcf.xml-11-110	inferred	1	 	Knotenpunkt
2532889X_1984-02-01_01_082.tcf.xml-17-7	26120215_1985_08_08_01_180.tcf.xml-27-1	inferred	1	 	Knotenpunkt
2532889X_1984-02-01_01_082.tcf.xml-17-7	26120215_1989_01_09_01_036.tcf.xml-43-4	inferred	1	 	Knotenpunkt
2532889X_1984-02-01_01_082.tcf.xml-17-7	bluntschli_voelkerrecht_1868-505-6	inferred	1	 	Knotenpunkt
2532889X_1984-02-01_01_082.tcf.xml-17-7	lehnert_seehaefen01_1891-13281-14	inferred	1	 	Knotenpunkt
2532889X_1984-02-01_01_082.tcf.xml-17-7	ludwig_physiologie01_1852-2025-67	inferred	0	 	Knotenpunkt
2532889X_1984-02-01_01_082.tcf.xml-17-7	ludwig_physiologie01_1852-2873-59	inferred	1	 	Knotenpunkt
2532889X_1984-02-01_01_082.tcf.xml-17-7	marx_kapital01_1867-9505-91	inferred	0	 	Knotenpunkt
2532889X_1984-02-01_01_082.tcf.xml-17-7	mohr_fachwerk02_1875-128-9	inferred	0	 	Knotenpunkt
2532889X_1984-02-01_01_082.tcf.xml-17-7	mohr_fachwerk02_1875-154-31	inferred	0	 	Knotenpunkt
2532889X_1984-02-01_01_082.tcf.xml-17-7	mueller_festigkeitslehre_1886-1881-15	inferred	0	 	Knotenpunkt
2532889X_1984-02-01_01_082.tcf.xml-17-7	mueller_festigkeitslehre_1886-210-2	inferred	0	 	Knotenpunkt
2532889X_1984-02-01_01_082.tcf.xml-17-7	mueller_festigkeitslehre_1886-303-5	inferred	0	 	Knotenpunkt
2532889X_1984-02-01_01_082.tcf.xml-17-7	mueller_festigkeitslehre_1886-490-17	inferred	0	 	Knotenpunkt
2532889X_1984-02-01_01_082.tcf.xml-17-7	rein_japan01_1881-1660-24	inferred	0	 	Knotenpunkt
2532889X_1984-02-01_01_082.tcf.xml-17-7	schubert_naturwissenschaft_1808-2638-7	inferred	0	 	Knotenpunkt
2532889X_1984-02-01_01_082.tcf.xml-17-7	treitschke_geschichte01_1879-10728-61	inferred	1	 	Knotenpunkt
2532889X_1984-02-01_01_082.tcf.xml-17-7	vischer_aesthetik030201_1852-237-57	inferred	0	 	Knotenpunkt
2532889X_1988-09-10_01_026.tcf.xml-19-7	26120215_1948_06_19_01_181.tcf.xml-3-7	inferred	1	 	Knotenpunkt
2532889X_1988-09-10_01_026.tcf.xml-19-7	26120215_1949_09_09_01_190.tcf.xml-28-6	inferred	1	 	Knotenpunkt
2532889X_1988-09-10_01_026.tcf.xml-19-7	26120215_1962_06_23_01_221.tcf.xml-6-4	inferred	1	 	Knotenpunkt
2532889X_1988-09-10_01_026.tcf.xml-19-7	26120215_1962_08_28_01_163.tcf.xml-56-14	inferred	1	 	Knotenpunkt
2532889X_1988-09-10_01_026.tcf.xml-19-7	26120215_1966_09_18_01_339.tcf.xml-259-41	inferred	1	 	Knotenpunkt
2532889X_1988-09-10_01_026.tcf.xml-19-7	26120215_1971_07_25_01_162.tcf.xml-12-21	inferred	1	 	Knotenpunkt
2532889X_1988-09-10_01_026.tcf.xml-19-7	26120215_1973_04_09_01_003.tcf.xml-5-19	inferred	1	 	Knotenpunkt
2532889X_1988-09-10_01_026.tcf.xml-19-7	26120215_1982_05_13_01_282.tcf.xml-11-110	inferred	1	 	Knotenpunkt
2532889X_1988-09-10_01_026.tcf.xml-19-7	26120215_1985_08_08_01_180.tcf.xml-27-1	inferred	1	 	Knotenpunkt
2532889X_1988-09-10_01_026.tcf.xml-19-7	26120215_1989_01_09_01_036.tcf.xml-43-4	inferred	1	 	Knotenpunkt
2532889X_1988-09-10_01_026.tcf.xml-19-7	bluntschli_voelkerrecht_1868-505-6	inferred	1	 	Knotenpunkt
2532889X_1988-09-10_01_026.tcf.xml-19-7	lehnert_seehaefen01_1891-13281-14	inferred	1	 	Knotenpunkt
2532889X_1988-09-10_01_026.tcf.xml-19-7	ludwig_physiologie01_1852-2025-67	inferred	0	 	Knotenpunkt
2532889X_1988-09-10_01_026.tcf.xml-19-7	ludwig_physiologie01_1852-2873-59	inferred	1	 	Knotenpunkt
2532889X_1988-09-10_01_026.tcf.xml-19-7	marx_kapital01_1867-9505-91	inferred	0	 	Knotenpunkt
2532889X_1988-09-10_01_026.tcf.xml-19-7	mohr_fachwerk02_1875-128-9	inferred	0	 	Knotenpunkt
2532889X_1988-09-10_01_026.tcf.xml-19-7	mohr_fachwerk02_1875-154-31	inferred	0	 	Knotenpunkt
2532889X_1988-09-10_01_026.tcf.xml-19-7	mueller_festigkeitslehre_1886-1881-15	inferred	0	 	Knotenpunkt
2532889X_1988-09-10_01_026.tcf.xml-19-7	mueller_festigkeitslehre_1886-210-2	inferred	0	 	Knotenpunkt
2532889X_1988-09-10_01_026.tcf.xml-19-7	mueller_festigkeitslehre_1886-303-5	inferred	0	 	Knotenpunkt
2532889X_1988-09-10_01_026.tcf.xml-19-7	mueller_festigkeitslehre_1886-490-17	inferred	0	 	Knotenpunkt
2532889X_1988-09-10_01_026.tcf.xml-19-7	rein_japan01_1881-1660-24	inferred	0	 	Knotenpunkt
2532889X_1988-09-10_01_026.tcf.xml-19-7	schubert_naturwissenschaft_1808-2638-7	inferred	0	 	Knotenpunkt
2532889X_1988-09-10_01_026.tcf.xml-19-7	treitschke_geschichte01_1879-10728-61	inferred	1	 	Knotenpunkt
2532889X_1988-09-10_01_026.tcf.xml-19-7	vischer_aesthetik030201_1852-237-57	inferred	0	 	Knotenpunkt
26120215_1948_06_19_01_181.tcf.xml-3-7	26120215_1949_09_09_01_190.tcf.xml-28-6	inferred	1	 	Knotenpunkt
26120215_1948_06_19_01_181.tcf.xml-3-7	26120215_1962_06_23_01_221.tcf.xml-6-4	inferred	1	 	Knotenpunkt
26120215_1948_06_19_01_181.tcf.xml-3-7	26120215_1962_08_28_01_163.tcf.xml-56-14	inferred	1	 	Knotenpunkt
26120215_1948_06_19_01_181.tcf.xml-3-7	26120215_1966_09_18_01_339.tcf.xml-259-41	inferred	1	 	Knotenpunkt
26120215_1948_06_19_01_181.tcf.xml-3-7	26120215_1971_07_25_01_162.tcf.xml-12-21	inferred	1	 	Knotenpunkt
26120215_1948_06_19_01_181.tcf.xml-3-7	26120215_1973_04_09_01_003.tcf.xml-5-19	inferred	1	 	Knotenpunkt
26120215_1948_06_19_01_181.tcf.xml-3-7	26120215_1982_05_13_01_282.tcf.xml-11-110	inferred	1	 	Knotenpunkt
26120215_1948_06_19_01_181.tcf.xml-3-7	26120215_1985_08_08_01_180.tcf.xml-27-1	inferred	1	 	Knotenpunkt
26120215_1948_06_19_01_181.tcf.xml-3-7	26120215_1989_01_09_01_036.tcf.xml-43-4	inferred	1	 	Knotenpunkt
26120215_1948_06_19_01_181.tcf.xml-3-7	bluntschli_voelkerrecht_1868-505-6	inferred	1	 	Knotenpunkt
26120215_1948_06_19_01_181.tcf.xml-3-7	lehnert_seehaefen01_1891-13281-14	inferred	1	 	Knotenpunkt
26120215_1948_06_19_01_181.tcf.xml-3-7	ludwig_physiologie01_1852-2025-67	inferred	0	 	Knotenpunkt
26120215_1948_06_19_01_181.tcf.xml-3-7	ludwig_physiologie01_1852-2873-59	inferred	1	 	Knotenpunkt
26120215_1948_06_19_01_181.tcf.xml-3-7	marx_kapital01_1867-9505-91	inferred	0	 	Knotenpunkt
26120215_1948_06_19_01_181.tcf.xml-3-7	mohr_fachwerk02_1875-128-9	inferred	0	 	Knotenpunkt
26120215_1948_06_19_01_181.tcf.xml-3-7	mohr_fachwerk02_1875-154-31	inferred	0	 	Knotenpunkt
26120215_1948_06_19_01_181.tcf.xml-3-7	mueller_festigkeitslehre_1886-1881-15	inferred	0	 	Knotenpunkt
26120215_1948_06_19_01_181.tcf.xml-3-7	mueller_festigkeitslehre_1886-210-2	inferred	0	 	Knotenpunkt
26120215_1948_06_19_01_181.tcf.xml-3-7	mueller_festigkeitslehre_1886-303-5	inferred	0	 	Knotenpunkt
26120215_1948_06_19_01_181.tcf.xml-3-7	mueller_festigkeitslehre_1886-490-17	inferred	0	 	Knotenpunkt
26120215_1948_06_19_01_181.tcf.xml-3-7	rein_japan01_1881-1660-24	inferred	0	 	Knotenpunkt
26120215_1948_06_19_01_181.tcf.xml-3-7	schubert_naturwissenschaft_1808-2638-7	inferred	0	 	Knotenpunkt
26120215_1948_06_19_01_181.tcf.xml-3-7	treitschke_geschichte01_1879-10728-61	inferred	1	 	Knotenpunkt
26120215_1948_06_19_01_181.tcf.xml-3-7	vischer_aesthetik030201_1852-237-57	inferred	0	 	Knotenpunkt
26120215_1949_09_09_01_190.tcf.xml-28-6	26120215_1962_06_23_01_221.tcf.xml-6-4	inferred	1	 	Knotenpunkt
26120215_1949_09_09_01_190.tcf.xml-28-6	26120215_1962_08_28_01_163.tcf.xml-56-14	inferred	1	 	Knotenpunkt
26120215_1949_09_09_01_190.tcf.xml-28-6	26120215_1966_09_18_01_339.tcf.xml-259-41	inferred	1	 	Knotenpunkt
26120215_1949_09_09_01_190.tcf.xml-28-6	26120215_1971_07_25_01_162.tcf.xml-12-21	inferred	1	 	Knotenpunkt
26120215_1949_09_09_01_190.tcf.xml-28-6	26120215_1973_04_09_01_003.tcf.xml-5-19	inferred	1	 	Knotenpunkt
26120215_1949_09_09_01_190.tcf.xml-28-6	26120215_1982_05_13_01_282.tcf.xml-11-110	inferred	1	 	Knotenpunkt
26120215_1949_09_09_01_190.tcf.xml-28-6	26120215_1985_08_08_01_180.tcf.xml-27-1	inferred	1	 	Knotenpunkt
26120215_1949_09_09_01_190.tcf.xml-28-6	26120215_1989_01_09_01_036.tcf.xml-43-4	inferred	1	 	Knotenpunkt
26120215_1949_09_09_01_190.tcf.xml-28-6	bluntschli_voelkerrecht_1868-505-6	inferred	1	 	Knotenpunkt
26120215_1949_09_09_01_190.tcf.xml-28-6	lehnert_seehaefen01_1891-13281-14	inferred	1	 	Knotenpunkt
26120215_1949_09_09_01_190.tcf.xml-28-6	ludwig_physiologie01_1852-2025-67	inferred	0	 	Knotenpunkt
26120215_1949_09_09_01_190.tcf.xml-28-6	ludwig_physiologie01_1852-2873-59	inferred	1	 	Knotenpunkt
26120215_1949_09_09_01_190.tcf.xml-28-6	marx_kapital01_1867-9505-91	inferred	0	 	Knotenpunkt
26120215_1949_09_09_01_190.tcf.xml-28-6	mohr_fachwerk02_1875-128-9	inferred	0	 	Knotenpunkt
26120215_1949_09_09_01_190.tcf.xml-28-6	mohr_fachwerk02_1875-154-31	inferred	0	 	Knotenpunkt
26120215_1949_09_09_01_190.tcf.xml-28-6	mueller_festigkeitslehre_1886-1881-15	inferred	0	 	Knotenpunkt
26120215_1949_09_09_01_190.tcf.xml-28-6	mueller_festigkeitslehre_1886-210-2	inferred	0	 	Knotenpunkt
26120215_1949_09_09_01_190.tcf.xml-28-6	mueller_festigkeitslehre_1886-303-5	inferred	0	 	Knotenpunkt
26120215_1949_09_09_01_190.tcf.xml-28-6	mueller_festigkeitslehre_1886-490-17	inferred	0	 	Knotenpunkt
26120215_1949_09_09_01_190.tcf.xml-28-6	rein_japan01_1881-1660-24	inferred	0	 	Knotenpunkt
26120215_1949_09_09_01_190.tcf.xml-28-6	schubert_naturwissenschaft_1808-2638-7	inferred	0	 	Knotenpunkt
26120215_1949_09_09_01_190.tcf.xml-28-6	treitschke_geschichte01_1879-10728-61	inferred	1	 	Knotenpunkt
26120215_1949_09_09_01_190.tcf.xml-28-6	vischer_aesthetik030201_1852-237-57	inferred	0	 	Knotenpunkt
26120215_1962_06_23_01_221.tcf.xml-6-4	26120215_1962_08_28_01_163.tcf.xml-56-14	inferred	1	 	Knotenpunkt
26120215_1962_06_23_01_221.tcf.xml-6-4	26120215_1966_09_18_01_339.tcf.xml-259-41	inferred	1	 	Knotenpunkt
26120215_1962_06_23_01_221.tcf.xml-6-4	26120215_1971_07_25_01_162.tcf.xml-12-21	inferred	1	 	Knotenpunkt
26120215_1962_06_23_01_221.tcf.xml-6-4	26120215_1973_04_09_01_003.tcf.xml-5-19	inferred	1	 	Knotenpunkt
26120215_1962_06_23_01_221.tcf.xml-6-4	26120215_1982_05_13_01_282.tcf.xml-11-110	inferred	1	 	Knotenpunkt
26120215_1962_06_23_01_221.tcf.xml-6-4	26120215_1985_08_08_01_180.tcf.xml-27-1	inferred	1	 	Knotenpunkt
26120215_1962_06_23_01_221.tcf.xml-6-4	26120215_1989_01_09_01_036.tcf.xml-43-4	inferred	1	 	Knotenpunkt
26120215_1962_06_23_01_221.tcf.xml-6-4	bluntschli_voelkerrecht_1868-505-6	inferred	1	 	Knotenpunkt
26120215_1962_06_23_01_221.tcf.xml-6-4	lehnert_seehaefen01_1891-13281-14	inferred	1	 	Knotenpunkt
26120215_1962_06_23_01_221.tcf.xml-6-4	ludwig_physiologie01_1852-2025-67	inferred	0	 	Knotenpunkt
26120215_1962_06_23_01_221.tcf.xml-6-4	ludwig_physiologie01_1852-2873-59	inferred	1	 	Knotenpunkt
26120215_1962_06_23_01_221.tcf.xml-6-4	marx_kapital01_1867-9505-91	inferred	0	 	Knotenpunkt
26120215_1962_06_23_01_221.tcf.xml-6-4	mohr_fachwerk02_1875-128-9	inferred	0	 	Knotenpunkt
26120215_1962_06_23_01_221.tcf.xml-6-4	mohr_fachwerk02_1875-154-31	inferred	0	 	Knotenpunkt
26120215_1962_06_23_01_221.tcf.xml-6-4	mueller_festigkeitslehre_1886-1881-15	inferred	0	 	Knotenpunkt
26120215_1962_06_23_01_221.tcf.xml-6-4	mueller_festigkeitslehre_1886-210-2	inferred	0	 	Knotenpunkt
26120215_1962_06_23_01_221.tcf.xml-6-4	mueller_festigkeitslehre_1886-303-5	inferred	0	 	Knotenpunkt
26120215_1962_06_23_01_221.tcf.xml-6-4	mueller_festigkeitslehre_1886-490-17	inferred	0	 	Knotenpunkt
26120215_1962_06_23_01_221.tcf.xml-6-4	rein_japan01_1881-1660-24	inferred	0	 	Knotenpunkt
26120215_1962_06_23_01_221.tcf.xml-6-4	schubert_naturwissenschaft_1808-2638-7	inferred	0	 	Knotenpunkt
26120215_1962_06_23_01_221.tcf.xml-6-4	treitschke_geschichte01_1879-10728-61	inferred	1	 	Knotenpunkt
26120215_1962_06_23_01_221.tcf.xml-6-4	vischer_aesthetik030201_1852-237-57	inferred	0	 	Knotenpunkt
26120215_1962_08_28_01_163.tcf.xml-56-14	26120215_1966_09_18_01_339.tcf.xml-259-41	inferred	1	 	Knotenpunkt
26120215_1962_08_28_01_163.tcf.xml-56-14	26120215_1971_07_25_01_162.tcf.xml-12-21	inferred	1	 	Knotenpunkt
26120215_1962_08_28_01_163.tcf.xml-56-14	26120215_1973_04_09_01_003.tcf.xml-5-19	inferred	1	 	Knotenpunkt
26120215_1962_08_28_01_163.tcf.xml-56-14	26120215_1982_05_13_01_282.tcf.xml-11-110	inferred	1	 	Knotenpunkt
26120215_1962_08_28_01_163.tcf.xml-56-14	26120215_1985_08_08_01_180.tcf.xml-27-1	inferred	1	 	Knotenpunkt
26120215_1962_08_28_01_163.tcf.xml-56-14	26120215_1989_01_09_01_036.tcf.xml-43-4	inferred	1	 	Knotenpunkt
26120215_1962_08_28_01_163.tcf.xml-56-14	bluntschli_voelkerrecht_1868-505-6	inferred	1	 	Knotenpunkt
26120215_1962_08_28_01_163.tcf.xml-56-14	lehnert_seehaefen01_1891-13281-14	inferred	1	 	Knotenpunkt
26120215_1962_08_28_01_163.tcf.xml-56-14	ludwig_physiologie01_1852-2025-67	inferred	0	 	Knotenpunkt
26120215_1962_08_28_01_163.tcf.xml-56-14	ludwig_physiologie01_1852-2873-59	inferred	1	 	Knotenpunkt
26120215_1962_08_28_01_163.tcf.xml-56-14	marx_kapital01_1867-9505-91	inferred	0	 	Knotenpunkt
26120215_1962_08_28_01_163.tcf.xml-56-14	mohr_fachwerk02_1875-128-9	inferred	0	 	Knotenpunkt
26120215_1962_08_28_01_163.tcf.xml-56-14	mohr_fachwerk02_1875-154-31	inferred	0	 	Knotenpunkt
26120215_1962_08_28_01_163.tcf.xml-56-14	mueller_festigkeitslehre_1886-1881-15	inferred	0	 	Knotenpunkt
26120215_1962_08_28_01_163.tcf.xml-56-14	mueller_festigkeitslehre_1886-210-2	inferred	0	 	Knotenpunkt
26120215_1962_08_28_01_163.tcf.xml-56-14	mueller_festigkeitslehre_1886-303-5	inferred	0	 	Knotenpunkt
26120215_1962_08_28_01_163.tcf.xml-56-14	mueller_festigkeitslehre_1886-490-17	inferred	0	 	Knotenpunkt
26120215_1962_08_28_01_163.tcf.xml-56-14	rein_japan01_1881-1660-24	inferred	0	 	Knotenpunkt
26120215_1962_08_28_01_163.tcf.xml-56-14	schubert_naturwissenschaft_1808-2638-7	inferred	0	 	Knotenpunkt
26120215_1962_08_28_01_163.tcf.xml-56-14	treitschke_geschichte01_1879-10728-61	inferred	1	 	Knotenpunkt
26120215_1962_08_28_01_163.tcf.xml-56-14	vischer_aesthetik030201_1852-237-57	inferred	0	 	Knotenpunkt
26120215_1966_09_18_01_339.tcf.xml-259-41	26120215_1971_07_25_01_162.tcf.xml-12-21	inferred	1	 	Knotenpunkt
26120215_1966_09_18_01_339.tcf.xml-259-41	26120215_1973_04_09_01_003.tcf.xml-5-19	inferred	1	 	Knotenpunkt
26120215_1966_09_18_01_339.tcf.xml-259-41	26120215_1982_05_13_01_282.tcf.xml-11-110	inferred	1	 	Knotenpunkt
26120215_1966_09_18_01_339.tcf.xml-259-41	26120215_1985_08_08_01_180.tcf.xml-27-1	inferred	1	 	Knotenpunkt
26120215_1966_09_18_01_339.tcf.xml-259-41	26120215_1989_01_09_01_036.tcf.xml-43-4	inferred	1	 	Knotenpunkt
26120215_1966_09_18_01_339.tcf.xml-259-41	bluntschli_voelkerrecht_1868-505-6	inferred	1	 	Knotenpunkt
26120215_1966_09_18_01_339.tcf.xml-259-41	lehnert_seehaefen01_1891-13281-14	inferred	1	 	Knotenpunkt
26120215_1966_09_18_01_339.tcf.xml-259-41	ludwig_physiologie01_1852-2025-67	inferred	0	 	Knotenpunkt
26120215_1966_09_18_01_339.tcf.xml-259-41	ludwig_physiologie01_1852-2873-59	inferred	1	 	Knotenpunkt
26120215_1966_09_18_01_339.tcf.xml-259-41	marx_kapital01_1867-9505-91	inferred	0	 	Knotenpunkt
26120215_1966_09_18_01_339.tcf.xml-259-41	mohr_fachwerk02_1875-128-9	inferred	0	 	Knotenpunkt
26120215_1966_09_18_01_339.tcf.xml-259-41	mohr_fachwerk02_1875-154-31	inferred	0	 	Knotenpunkt
26120215_1966_09_18_01_339.tcf.xml-259-41	mueller_festigkeitslehre_1886-1881-15	inferred	0	 	Knotenpunkt
26120215_1966_09_18_01_339.tcf.xml-259-41	mueller_festigkeitslehre_1886-210-2	inferred	0	 	Knotenpunkt
26120215_1966_09_18_01_339.tcf.xml-259-41	mueller_festigkeitslehre_1886-303-5	inferred	0	 	Knotenpunkt
26120215_1966_09_18_01_339.tcf.xml-259-41	mueller_festigkeitslehre_1886-490-17	inferred	0	 	Knotenpunkt
26120215_1966_09_18_01_339.tcf.xml-259-41	rein_japan01_1881-1660-24	inferred	0	 	Knotenpunkt
26120215_1966_09_18_01_339.tcf.xml-259-41	schubert_naturwissenschaft_1808-2638-7	inferred	0	 	Knotenpunkt
26120215_1966_09_18_01_339.tcf.xml-259-41	treitschke_geschichte01_1879-10728-61	inferred	1	 	Knotenpunkt
26120215_1966_09_18_01_339.tcf.xml-259-41	vischer_aesthetik030201_1852-237-57	inferred	0	 	Knotenpunkt
26120215_1971_07_25_01_162.tcf.xml-12-21	26120215_1973_04_09_01_003.tcf.xml-5-19	inferred	1	 	Knotenpunkt
26120215_1971_07_25_01_162.tcf.xml-12-21	26120215_1982_05_13_01_282.tcf.xml-11-110	inferred	1	 	Knotenpunkt
26120215_1971_07_25_01_162.tcf.xml-12-21	26120215_1985_08_08_01_180.tcf.xml-27-1	inferred	1	 	Knotenpunkt
26120215_1971_07_25_01_162.tcf.xml-12-21	26120215_1989_01_09_01_036.tcf.xml-43-4	inferred	1	 	Knotenpunkt
26120215_1971_07_25_01_162.tcf.xml-12-21	bluntschli_voelkerrecht_1868-505-6	inferred	1	 	Knotenpunkt
26120215_1971_07_25_01_162.tcf.xml-12-21	lehnert_seehaefen01_1891-13281-14	inferred	1	 	Knotenpunkt
26120215_1971_07_25_01_162.tcf.xml-12-21	ludwig_physiologie01_1852-2025-67	inferred	0	 	Knotenpunkt
26120215_1971_07_25_01_162.tcf.xml-12-21	ludwig_physiologie01_1852-2873-59	inferred	1	 	Knotenpunkt
26120215_1971_07_25_01_162.tcf.xml-12-21	marx_kapital01_1867-9505-91	inferred	0	 	Knotenpunkt
26120215_1971_07_25_01_162.tcf.xml-12-21	mohr_fachwerk02_1875-128-9	inferred	0	 	Knotenpunkt
26120215_1971_07_25_01_162.tcf.xml-12-21	mohr_fachwerk02_1875-154-31	inferred	0	 	Knotenpunkt
26120215_1971_07_25_01_162.tcf.xml-12-21	mueller_festigkeitslehre_1886-1881-15	inferred	0	 	Knotenpunkt
26120215_1971_07_25_01_162.tcf.xml-12-21	mueller_festigkeitslehre_1886-210-2	inferred	0	 	Knotenpunkt
26120215_1971_07_25_01_162.tcf.xml-12-21	mueller_festigkeitslehre_1886-303-5	inferred	0	 	Knotenpunkt
26120215_1971_07_25_01_162.tcf.xml-12-21	mueller_festigkeitslehre_1886-490-17	inferred	0	 	Knotenpunkt
26120215_1971_07_25_01_162.tcf.xml-12-21	rein_japan01_1881-1660-24	inferred	0	 	Knotenpunkt
26120215_1971_07_25_01_162.tcf.xml-12-21	schubert_naturwissenschaft_1808-2638-7	inferred	0	 	Knotenpunkt
26120215_1971_07_25_01_162.tcf.xml-12-21	treitschke_geschichte01_1879-10728-61	inferred	1	 	Knotenpunkt
26120215_1971_07_25_01_162.tcf.xml-12-21	vischer_aesthetik030201_1852-237-57	inferred	0	 	Knotenpunkt
26120215_1973_04_09_01_003.tcf.xml-5-19	26120215_1982_05_13_01_282.tcf.xml-11-110	inferred	1	 	Knotenpunkt
26120215_1973_04_09_01_003.tcf.xml-5-19	26120215_1985_08_08_01_180.tcf.xml-27-1	inferred	1	 	Knotenpunkt
26120215_1973_04_09_01_003.tcf.xml-5-19	26120215_1989_01_09_01_036.tcf.xml-43-4	inferred	1	 	Knotenpunkt
26120215_1973_04_09_01_003.tcf.xml-5-19	bluntschli_voelkerrecht_1868-505-6	inferred	1	 	Knotenpunkt
26120215_1973_04_09_01_003.tcf.xml-5-19	lehnert_seehaefen01_1891-13281-14	inferred	1	 	Knotenpunkt
26120215_1973_04_09_01_003.tcf.xml-5-19	ludwig_physiologie01_1852-2025-67	inferred	0	 	Knotenpunkt
26120215_1973_04_09_01_003.tcf.xml-5-19	ludwig_physiologie01_1852-2873-59	inferred	1	 	Knotenpunkt
26120215_1973_04_09_01_003.tcf.xml-5-19	marx_kapital01_1867-9505-91	inferred	0	 	Knotenpunkt
26120215_1973_04_09_01_003.tcf.xml-5-19	mohr_fachwerk02_1875-128-9	inferred	0	 	Knotenpunkt
26120215_1973_04_09_01_003.tcf.xml-5-19	mohr_fachwerk02_1875-154-31	inferred	0	 	Knotenpunkt
26120215_1973_04_09_01_003.tcf.xml-5-19	mueller_festigkeitslehre_1886-1881-15	inferred	0	 	Knotenpunkt
26120215_1973_04_09_01_003.tcf.xml-5-19	mueller_festigkeitslehre_1886-210-2	inferred	0	 	Knotenpunkt
26120215_1973_04_09_01_003.tcf.xml-5-19	mueller_festigkeitslehre_1886-303-5	inferred	0	 	Knotenpunkt
26120215_1973_04_09_01_003.tcf.xml-5-19	mueller_festigkeitslehre_1886-490-17	inferred	0	 	Knotenpunkt
26120215_1973_04_09_01_003.tcf.xml-5-19	rein_japan01_1881-1660-24	inferred	0	 	Knotenpunkt
26120215_1973_04_09_01_003.tcf.xml-5-19	schubert_naturwissenschaft_1808-2638-7	inferred	0	 	Knotenpunkt
26120215_1973_04_09_01_003.tcf.xml-5-19	treitschke_geschichte01_1879-10728-61	inferred	1	 	Knotenpunkt
26120215_1973_04_09_01_003.tcf.xml-5-19	vischer_aesthetik030201_1852-237-57	inferred	0	 	Knotenpunkt
26120215_1982_05_13_01_282.tcf.xml-11-110	26120215_1985_08_08_01_180.tcf.xml-27-1	inferred	1	 	Knotenpunkt
26120215_1982_05_13_01_282.tcf.xml-11-110	26120215_1989_01_09_01_036.tcf.xml-43-4	inferred	1	 	Knotenpunkt
26120215_1982_05_13_01_282.tcf.xml-11-110	bluntschli_voelkerrecht_1868-505-6	inferred	1	 	Knotenpunkt
26120215_1982_05_13_01_282.tcf.xml-11-110	lehnert_seehaefen01_1891-13281-14	inferred	1	 	Knotenpunkt
26120215_1982_05_13_01_282.tcf.xml-11-110	ludwig_physiologie01_1852-2025-67	inferred	0	 	Knotenpunkt
26120215_1982_05_13_01_282.tcf.xml-11-110	ludwig_physiologie01_1852-2873-59	inferred	1	 	Knotenpunkt
26120215_1982_05_13_01_282.tcf.xml-11-110	marx_kapital01_1867-9505-91	inferred	0	 	Knotenpunkt
26120215_1982_05_13_01_282.tcf.xml-11-110	mohr_fachwerk02_1875-128-9	inferred	0	 	Knotenpunkt
26120215_1982_05_13_01_282.tcf.xml-11-110	mohr_fachwerk02_1875-154-31	inferred	0	 	Knotenpunkt
26120215_1982_05_13_01_282.tcf.xml-11-110	mueller_festigkeitslehre_1886-1881-15	inferred	0	 	Knotenpunkt
26120215_1982_05_13_01_282.tcf.xml-11-110	mueller_festigkeitslehre_1886-210-2	inferred	0	 	Knotenpunkt
26120215_1982_05_13_01_282.tcf.xml-11-110	mueller_festigkeitslehre_1886-303-5	inferred	0	 	Knotenpunkt
26120215_1982_05_13_01_282.tcf.xml-11-110	mueller_festigkeitslehre_1886-490-17	inferred	0	 	Knotenpunkt
26120215_1982_05_13_01_282.tcf.xml-11-110	rein_japan01_1881-1660-24	inferred	0	 	Knotenpunkt
26120215_1982_05_13_01_282.tcf.xml-11-110	schubert_naturwissenschaft_1808-2638-7	inferred	0	 	Knotenpunkt
26120215_1982_05_13_01_282.tcf.xml-11-110	treitschke_geschichte01_1879-10728-61	inferred	1	 	Knotenpunkt
26120215_1982_05_13_01_282.tcf.xml-11-110	vischer_aesthetik030201_1852-237-57	inferred	0	 	Knotenpunkt
26120215_1985_08_08_01_180.tcf.xml-27-1	26120215_1989_01_09_01_036.tcf.xml-43-4	inferred	1	 	Knotenpunkt
26120215_1985_08_08_01_180.tcf.xml-27-1	bluntschli_voelkerrecht_1868-505-6	inferred	1	 	Knotenpunkt
26120215_1985_08_08_01_180.tcf.xml-27-1	lehnert_seehaefen01_1891-13281-14	inferred	1	 	Knotenpunkt
26120215_1985_08_08_01_180.tcf.xml-27-1	ludwig_physiologie01_1852-2025-67	inferred	0	 	Knotenpunkt
26120215_1985_08_08_01_180.tcf.xml-27-1	ludwig_physiologie01_1852-2873-59	inferred	1	 	Knotenpunkt
26120215_1985_08_08_01_180.tcf.xml-27-1	marx_kapital01_1867-9505-91	inferred	0	 	Knotenpunkt
26120215_1985_08_08_01_180.tcf.xml-27-1	mohr_fachwerk02_1875-128-9	inferred	0	 	Knotenpunkt
26120215_1985_08_08_01_180.tcf.xml-27-1	mohr_fachwerk02_1875-154-31	inferred	0	 	Knotenpunkt
26120215_1985_08_08_01_180.tcf.xml-27-1	mueller_festigkeitslehre_1886-1881-15	inferred	0	 	Knotenpunkt
26120215_1985_08_08_01_180.tcf.xml-27-1	mueller_festigkeitslehre_1886-210-2	inferred	0	 	Knotenpunkt
26120215_1985_08_08_01_180.tcf.xml-27-1	mueller_festigkeitslehre_1886-303-5	inferred	0	 	Knotenpunkt
26120215_1985_08_08_01_180.tcf.xml-27-1	mueller_festigkeitslehre_1886-490-17	inferred	0	 	Knotenpunkt
26120215_1985_08_08_01_180.tcf.xml-27-1	rein_japan01_1881-1660-24	inferred	0	 	Knotenpunkt
26120215_1985_08_08_01_180.tcf.xml-27-1	schubert_naturwissenschaft_1808-2638-7	inferred	0	 	Knotenpunkt
26120215_1985_08_08_01_180.tcf.xml-27-1	treitschke_geschichte01_1879-10728-61	inferred	1	 	Knotenpunkt
26120215_1985_08_08_01_180.tcf.xml-27-1	vischer_aesthetik030201_1852-237-57	inferred	0	 	Knotenpunkt
26120215_1989_01_09_01_036.tcf.xml-43-4	bluntschli_voelkerrecht_1868-505-6	inferred	1	 	Knotenpunkt
26120215_1989_01_09_01_036.tcf.xml-43-4	lehnert_seehaefen01_1891-13281-14	inferred	1	 	Knotenpunkt
26120215_1989_01_09_01_036.tcf.xml-43-4	ludwig_physiologie01_1852-2025-67	inferred	0	 	Knotenpunkt
26120215_1989_01_09_01_036.tcf.xml-43-4	ludwig_physiologie01_1852-2873-59	inferred	1	 	Knotenpunkt
26120215_1989_01_09_01_036.tcf.xml-43-4	marx_kapital01_1867-9505-91	inferred	0	 	Knotenpunkt
26120215_1989_01_09_01_036.tcf.xml-43-4	mohr_fachwerk02_1875-128-9	inferred	0	 	Knotenpunkt
26120215_1989_01_09_01_036.tcf.xml-43-4	mohr_fachwerk02_1875-154-31	inferred	0	 	Knotenpunkt
26120215_1989_01_09_01_036.tcf.xml-43-4	mueller_festigkeitslehre_1886-1881-15	inferred	0	 	Knotenpunkt
26120215_1989_01_09_01_036.tcf.xml-43-4	mueller_festigkeitslehre_1886-210-2	inferred	0	 	Knotenpunkt
26120215_1989_01_09_01_036.tcf.xml-43-4	mueller_festigkeitslehre_1886-303-5	inferred	0	 	Knotenpunkt
26120215_1989_01_09_01_036.tcf.xml-43-4	mueller_festigkeitslehre_1886-490-17	inferred	0	 	Knotenpunkt
26120215_1989_01_09_01_036.tcf.xml-43-4	rein_japan01_1881-1660-24	inferred	0	 	Knotenpunkt
26120215_1989_01_09_01_036.tcf.xml-43-4	schubert_naturwissenschaft_1808-2638-7	inferred	0	 	Knotenpunkt
26120215_1989_01_09_01_036.tcf.xml-43-4	treitschke_geschichte01_1879-10728-61	inferred	1	 	Knotenpunkt
26120215_1989_01_09_01_036.tcf.xml-43-4	vischer_aesthetik030201_1852-237-57	inferred	0	 	Knotenpunkt
bluntschli_voelkerrecht_1868-505-6	lehnert_seehaefen01_1891-13281-14	inferred	1	 	Knotenpunkt
bluntschli_voelkerrecht_1868-505-6	ludwig_physiologie01_1852-2025-67	inferred	0	 	Knotenpunkt
bluntschli_voelkerrecht_1868-505-6	ludwig_physiologie01_1852-2873-59	inferred	1	 	Knotenpunkt
bluntschli_voelkerrecht_1868-505-6	marx_kapital01_1867-9505-91	inferred	0	 	Knotenpunkt
bluntschli_voelkerrecht_1868-505-6	mohr_fachwerk02_1875-128-9	inferred	0	 	Knotenpunkt
bluntschli_voelkerrecht_1868-505-6	mohr_fachwerk02_1875-154-31	inferred	0	 	Knotenpunkt
bluntschli_voelkerrecht_1868-505-6	mueller_festigkeitslehre_1886-1881-15	inferred	0	 	Knotenpunkt
bluntschli_voelkerrecht_1868-505-6	mueller_festigkeitslehre_1886-210-2	inferred	0	 	Knotenpunkt
bluntschli_voelkerrecht_1868-505-6	mueller_festigkeitslehre_1886-303-5	inferred	0	 	Knotenpunkt
bluntschli_voelkerrecht_1868-505-6	mueller_festigkeitslehre_1886-490-17	inferred	0	 	Knotenpunkt
bluntschli_voelkerrecht_1868-505-6	rein_japan01_1881-1660-24	inferred	0	 	Knotenpunkt
bluntschli_voelkerrecht_1868-505-6	schubert_naturwissenschaft_1808-2638-7	inferred	0	 	Knotenpunkt
bluntschli_voelkerrecht_1868-505-6	treitschke_geschichte01_1879-10728-61	inferred	1	 	Knotenpunkt
bluntschli_voelkerrecht_1868-505-6	vischer_aesthetik030201_1852-237-57	inferred	0	 	Knotenpunkt
lehnert_seehaefen01_1891-13281-14	ludwig_physiologie01_1852-2025-67	inferred	0	 	Knotenpunkt
lehnert_seehaefen01_1891-13281-14	ludwig_physiologie01_1852-2873-59	inferred	1	 	Knotenpunkt
lehnert_seehaefen01_1891-13281-14	marx_kapital01_1867-9505-91	inferred	0	 	Knotenpunkt
lehnert_seehaefen01_1891-13281-14	mohr_fachwerk02_1875-128-9	inferred	0	 	Knotenpunkt
lehnert_seehaefen01_1891-13281-14	mohr_fachwerk02_1875-154-31	inferred	0	 	Knotenpunkt
lehnert_seehaefen01_1891-13281-14	mueller_festigkeitslehre_1886-1881-15	inferred	0	 	Knotenpunkt
lehnert_seehaefen01_1891-13281-14	mueller_festigkeitslehre_1886-210-2	inferred	0	 	Knotenpunkt
lehnert_seehaefen01_1891-13281-14	mueller_festigkeitslehre_1886-303-5	inferred	0	 	Knotenpunkt
lehnert_seehaefen01_1891-13281-14	mueller_festigkeitslehre_1886-490-17	inferred	0	 	Knotenpunkt
lehnert_seehaefen01_1891-13281-14	rein_japan01_1881-1660-24	inferred	0	 	Knotenpunkt
lehnert_seehaefen01_1891-13281-14	schubert_naturwissenschaft_1808-2638-7	inferred	0	 	Knotenpunkt
lehnert_seehaefen01_1891-13281-14	treitschke_geschichte01_1879-10728-61	inferred	1	 	Knotenpunkt
lehnert_seehaefen01_1891-13281-14	vischer_aesthetik030201_1852-237-57	inferred	0	 	Knotenpunkt
ludwig_physiologie01_1852-2025-67	ludwig_physiologie01_1852-2873-59	inferred	0	 	Knotenpunkt
ludwig_physiologie01_1852-2025-67	marx_kapital01_1867-9505-91	inferred	1	 	Knotenpunkt
ludwig_physiologie01_1852-2025-67	mohr_fachwerk02_1875-128-9	inferred	1	 	Knotenpunkt
ludwig_physiologie01_1852-2025-67	mohr_fachwerk02_1875-154-31	inferred	1	 	Knotenpunkt
ludwig_physiologie01_1852-2025-67	mueller_festigkeitslehre_1886-1881-15	inferred	1	 	Knotenpunkt
ludwig_physiologie01_1852-2025-67	mueller_festigkeitslehre_1886-210-2	inferred	1	 	Knotenpunkt
ludwig_physiologie01_1852-2025-67	mueller_festigkeitslehre_1886-303-5	inferred	1	 	Knotenpunkt
ludwig_physiologie01_1852-2025-67	mueller_festigkeitslehre_1886-490-17	inferred	1	 	Knotenpunkt
ludwig_physiologie01_1852-2025-67	rein_japan01_1881-1660-24	inferred	1	 	Knotenpunkt
ludwig_physiologie01_1852-2025-67	schubert_naturwissenschaft_1808-2638-7	inferred	1	 	Knotenpunkt
ludwig_physiologie01_1852-2025-67	treitschke_geschichte01_1879-10728-61	inferred	0	 	Knotenpunkt
ludwig_physiologie01_1852-2025-67	vischer_aesthetik030201_1852-237-57	inferred	1	 	Knotenpunkt
ludwig_physiologie01_1852-2873-59	marx_kapital01_1867-9505-91	inferred	0	 	Knotenpunkt
ludwig_physiologie01_1852-2873-59	mohr_fachwerk02_1875-128-9	inferred	0	 	Knotenpunkt
ludwig_physiologie01_1852-2873-59	mohr_fachwerk02_1875-154-31	inferred	0	 	Knotenpunkt
ludwig_physiologie01_1852-2873-59	mueller_festigkeitslehre_1886-1881-15	inferred	0	 	Knotenpunkt
ludwig_physiologie01_1852-2873-59	mueller_festigkeitslehre_1886-210-2	inferred	0	 	Knotenpunkt
ludwig_physiologie01_1852-2873-59	mueller_festigkeitslehre_1886-303-5	inferred	0	 	Knotenpunkt
ludwig_physiologie01_1852-2873-59	mueller_festigkeitslehre_1886-490-17	inferred	0	 	Knotenpunkt
ludwig_physiologie01_1852-2873-59	rein_japan01_1881-1660-24	inferred	0	 	Knotenpunkt
ludwig_physiologie01_1852-2873-59	schubert_naturwissenschaft_1808-2638-7	inferred	0	 	Knotenpunkt
ludwig_physiologie01_1852-2873-59	treitschke_geschichte01_1879-10728-61	inferred	1	 	Knotenpunkt
ludwig_physiologie01_1852-2873-59	vischer_aesthetik030201_1852-237-57	inferred	0	 	Knotenpunkt
marx_kapital01_1867-9505-91	mohr_fachwerk02_1875-128-9	inferred	1	 	Knotenpunkt
marx_kapital01_1867-9505-91	mohr_fachwerk02_1875-154-31	inferred	1	 	Knotenpunkt
marx_kapital01_1867-9505-91	mueller_festigkeitslehre_1886-1881-15	inferred	1	 	Knotenpunkt
marx_kapital01_1867-9505-91	mueller_festigkeitslehre_1886-210-2	inferred	1	 	Knotenpunkt
marx_kapital01_1867-9505-91	mueller_festigkeitslehre_1886-303-5	inferred	1	 	Knotenpunkt
marx_kapital01_1867-9505-91	mueller_festigkeitslehre_1886-490-17	inferred	1	 	Knotenpunkt
marx_kapital01_1867-9505-91	rein_japan01_1881-1660-24	inferred	1	 	Knotenpunkt
marx_kapital01_1867-9505-91	schubert_naturwissenschaft_1808-2638-7	inferred	1	 	Knotenpunkt
marx_kapital01_1867-9505-91	treitschke_geschichte01_1879-10728-61	inferred	0	 	Knotenpunkt
marx_kapital01_1867-9505-91	vischer_aesthetik030201_1852-237-57	inferred	1	 	Knotenpunkt
mohr_fachwerk02_1875-128-9	mohr_fachwerk02_1875-154-31	inferred	1	 	Knotenpunkt
mohr_fachwerk02_1875-128-9	mueller_festigkeitslehre_1886-1881-15	inferred	1	 	Knotenpunkt
mohr_fachwerk02_1875-128-9	mueller_festigkeitslehre_1886-210-2	inferred	1	 	Knotenpunkt
mohr_fachwerk02_1875-128-9	mueller_festigkeitslehre_1886-303-5	inferred	1	 	Knotenpunkt
mohr_fachwerk02_1875-128-9	mueller_festigkeitslehre_1886-490-17	inferred	1	 	Knotenpunkt
mohr_fachwerk02_1875-128-9	rein_japan01_1881-1660-24	inferred	1	 	Knotenpunkt
mohr_fachwerk02_1875-128-9	schubert_naturwissenschaft_1808-2638-7	inferred	1	 	Knotenpunkt
mohr_fachwerk02_1875-128-9	treitschke_geschichte01_1879-10728-61	inferred	0	 	Knotenpunkt
mohr_fachwerk02_1875-128-9	vischer_aesthetik030201_1852-237-57	inferred	1	 	Knotenpunkt
mohr_fachwerk02_1875-154-31	mueller_festigkeitslehre_1886-1881-15	inferred	1	 	Knotenpunkt
mohr_fachwerk02_1875-154-31	mueller_festigkeitslehre_1886-210-2	inferred	1	 	Knotenpunkt
mohr_fachwerk02_1875-154-31	mueller_festigkeitslehre_1886-303-5	inferred	1	 	Knotenpunkt
mohr_fachwerk02_1875-154-31	mueller_festigkeitslehre_1886-490-17	inferred	1	 	Knotenpunkt
mohr_fachwerk02_1875-154-31	rein_japan01_1881-1660-24	inferred	1	 	Knotenpunkt
mohr_fachwerk02_1875-154-31	schubert_naturwissenschaft_1808-2638-7	inferred	1	 	Knotenpunkt
mohr_fachwerk02_1875-154-31	treitschke_geschichte01_1879-10728-61	inferred	0	 	Knotenpunkt
mohr_fachwerk02_1875-154-31	vischer_aesthetik030201_1852-237-57	inferred	1	 	Knotenpunkt
mueller_festigkeitslehre_1886-1881-15	mueller_festigkeitslehre_1886-210-2	inferred	1	 	Knotenpunkt
mueller_festigkeitslehre_1886-1881-15	mueller_festigkeitslehre_1886-303-5	inferred	1	 	Knotenpunkt
mueller_festigkeitslehre_1886-1881-15	mueller_festigkeitslehre_1886-490-17	inferred	1	 	Knotenpunkt
mueller_festigkeitslehre_1886-1881-15	rein_japan01_1881-1660-24	inferred	1	 	Knotenpunkt
mueller_festigkeitslehre_1886-1881-15	schubert_naturwissenschaft_1808-2638-7	inferred	1	 	Knotenpunkt
mueller_festigkeitslehre_1886-1881-15	treitschke_geschichte01_1879-10728-61	inferred	0	 	Knotenpunkt
mueller_festigkeitslehre_1886-1881-15	vischer_aesthetik030201_1852-237-57	inferred	1	 	Knotenpunkt
mueller_festigkeitslehre_1886-210-2	mueller_festigkeitslehre_1886-303-5	inferred	1	 	Knotenpunkt
mueller_festigkeitslehre_1886-210-2	mueller_festigkeitslehre_1886-490-17	inferred	1	 	Knotenpunkt
mueller_festigkeitslehre_1886-210-2	rein_japan01_1881-1660-24	inferred	1	 	Knotenpunkt
mueller_festigkeitslehre_1886-210-2	schubert_naturwissenschaft_1808-2638-7	inferred	1	 	Knotenpunkt
mueller_festigkeitslehre_1886-210-2	treitschke_geschichte01_1879-10728-61	inferred	0	 	Knotenpunkt
mueller_festigkeitslehre_1886-210-2	vischer_aesthetik030201_1852-237-57	inferred	1	 	Knotenpunkt
mueller_festigkeitslehre_1886-303-5	mueller_festigkeitslehre_1886-490-17	inferred	1	 	Knotenpunkt
mueller_festigkeitslehre_1886-303-5	rein_japan01_1881-1660-24	inferred	1	 	Knotenpunkt
mueller_festigkeitslehre_1886-303-5	schubert_naturwissenschaft_1808-2638-7	inferred	1	 	Knotenpunkt
mueller_festigkeitslehre_1886-303-5	treitschke_geschichte01_1879-10728-61	inferred	0	 	Knotenpunkt
mueller_festigkeitslehre_1886-303-5	vischer_aesthetik030201_1852-237-57	inferred	1	 	Knotenpunkt
mueller_festigkeitslehre_1886-490-17	rein_japan01_1881-1660-24	inferred	1	 	Knotenpunkt
mueller_festigkeitslehre_1886-490-17	schubert_naturwissenschaft_1808-2638-7	inferred	1	 	Knotenpunkt
mueller_festigkeitslehre_1886-490-17	treitschke_geschichte01_1879-10728-61	inferred	0	 	Knotenpunkt
mueller_festigkeitslehre_1886-490-17	vischer_aesthetik030201_1852-237-57	inferred	1	 	Knotenpunkt
rein_japan01_1881-1660-24	schubert_naturwissenschaft_1808-2638-7	inferred	1	 	Knotenpunkt
rein_japan01_1881-1660-24	treitschke_geschichte01_1879-10728-61	inferred	0	 	Knotenpunkt
rein_japan01_1881-1660-24	vischer_aesthetik030201_1852-237-57	inferred	1	 	Knotenpunkt
schubert_naturwissenschaft_1808-2638-7	treitschke_geschichte01_1879-10728-61	inferred	0	 	Knotenpunkt
schubert_naturwissenschaft_1808-2638-7	vischer_aesthetik030201_1852-237-57	inferred	1	 	Knotenpunkt
treitschke_geschichte01_1879-10728-61	vischer_aesthetik030201_1852-237-57	inferred	0	 	Knotenpunkt
