identifier1	identifier2	annotator	judgment	comment	lemma
2532889X_1947-06-10_01_049.tcf.xml-10-2	2532889X_1948-02-05_01_130.tcf.xml-5-2	inferred	1	 	Engpaß
2532889X_1947-06-10_01_049.tcf.xml-10-2	2532889X_1949-02-06_01_163.tcf.xml-82-15	inferred	1	 	Engpaß
2532889X_1947-06-10_01_049.tcf.xml-10-2	2532889X_1949-04-06_01_054.tcf.xml-62-14	inferred	1	 	Engpaß
2532889X_1947-06-10_01_049.tcf.xml-10-2	2532889X_1949-07-16_01_087.tcf.xml-8-3	inferred	1	 	Engpaß
2532889X_1947-06-10_01_049.tcf.xml-10-2	2532889X_1952-10-08_01_019.tcf.xml-357-9	inferred	1	 	Engpaß
2532889X_1947-06-10_01_049.tcf.xml-10-2	2532889X_1954-07-25_01_051.tcf.xml-19-14	inferred	1	 	Engpaß
2532889X_1947-06-10_01_049.tcf.xml-10-2	2532889X_1955-10-25_01_121.tcf.xml-58-16	inferred	1	 	Engpaß
2532889X_1947-06-10_01_049.tcf.xml-10-2	2532889X_1956-09-07_01_041.tcf.xml-18-6	inferred	1	 	Engpaß
2532889X_1947-06-10_01_049.tcf.xml-10-2	2532889X_1958-09-27_01_157.tcf.xml-14-13	inferred	1	 	Engpaß
2532889X_1947-06-10_01_049.tcf.xml-10-2	2532889X_1965-12-17_01_165.tcf.xml-376-25	inferred	1	 	Engpaß
2532889X_1947-06-10_01_049.tcf.xml-10-2	2532889X_1971-11-28_01_047.tcf.xml-25-13	inferred	1	 	Engpaß
2532889X_1947-06-10_01_049.tcf.xml-10-2	2532889X_1972-04-14_01_342.tcf.xml-7-9	inferred	1	 	Engpaß
2532889X_1947-06-10_01_049.tcf.xml-10-2	2532889X_1973-09-22_01_089.tcf.xml-26-22	inferred	1	 	Engpaß
2532889X_1947-06-10_01_049.tcf.xml-10-2	2532889X_1976-06-22_01_063.tcf.xml-23-7	inferred	1	 	Engpaß
2532889X_1947-06-10_01_049.tcf.xml-10-2	26120215_1947_04_24_01_126.tcf.xml-7-9	inferred	1	 	Engpaß
2532889X_1947-06-10_01_049.tcf.xml-10-2	26120215_1948_08_13_01_091.tcf.xml-15-17	inferred	1	 	Engpaß
2532889X_1947-06-10_01_049.tcf.xml-10-2	26120215_1948_12_21_01_020.tcf.xml-6-1	inferred	1	 	Engpaß
2532889X_1947-06-10_01_049.tcf.xml-10-2	26120215_1949_10_22_01_196.tcf.xml-28-16	inferred	1	 	Engpaß
2532889X_1947-06-10_01_049.tcf.xml-10-2	26120215_1970_07_24_01_094.tcf.xml-56-11	inferred	1	 	Engpaß
2532889X_1947-06-10_01_049.tcf.xml-10-2	26120215_1971_02_12_01_346.tcf.xml-34-7	inferred	1	 	Engpaß
2532889X_1947-06-10_01_049.tcf.xml-10-2	26120215_1976_03_02_01_025.tcf.xml-160-22	inferred	1	 	Engpaß
2532889X_1947-06-10_01_049.tcf.xml-10-2	26120215_1977_12_01_01_218.tcf.xml-48-22	inferred	1	 	Engpaß
2532889X_1947-06-10_01_049.tcf.xml-10-2	26120215_1986_09_08_01_015.tcf.xml-13-39	inferred	1	 	Engpaß
2532889X_1947-06-10_01_049.tcf.xml-10-2	brehm_thierleben01_1864-6441-1	inferred	0	 	Engpaß
2532889X_1947-06-10_01_049.tcf.xml-10-2	droysen_alexander_1833-2064-57	inferred	0	 	Engpaß
2532889X_1947-06-10_01_049.tcf.xml-10-2	droysen_alexander_1833-2077-10	inferred	0	 	Engpaß
2532889X_1947-06-10_01_049.tcf.xml-10-2	erbkam_tagebuch02_1843-2490-21	inferred	0	 	Engpaß
2532889X_1947-06-10_01_049.tcf.xml-10-2	erbkam_tagebuch02_1843-2502-22	inferred	0	 	Engpaß
2532889X_1947-06-10_01_049.tcf.xml-10-2	fontane_stechlin_1899-7913-12	inferred	0	 	Engpaß
2532889X_1947-06-10_01_049.tcf.xml-10-2	freud_hysterie_1895-3853-35	inferred	1	 	Engpaß
2532889X_1947-06-10_01_049.tcf.xml-10-2	humboldt_aequinoktial02_1859-811-59	inferred	0	 	Engpaß
2532889X_1947-06-10_01_049.tcf.xml-10-2	humboldt_aequinoktial03_1859-2103-12	inferred	0	 	Engpaß
2532889X_1947-06-10_01_049.tcf.xml-10-2	humboldt_aequinoktial04_1859-1451-6	inferred	0	 	Engpaß
2532889X_1947-06-10_01_049.tcf.xml-10-2	humboldt_aequinoktial04_1859-2007-29	inferred	0	 	Engpaß
2532889X_1947-06-10_01_049.tcf.xml-10-2	humboldt_aequinoktial04_1859-2016-1	inferred	0	 	Engpaß
2532889X_1947-06-10_01_049.tcf.xml-10-2	lehnert_seehaefen01_1891-3266-10	inferred	0	 	Engpaß
2532889X_1947-06-10_01_049.tcf.xml-10-2	mommsen_roemische01_1854-4605-25	inferred	0	 	Engpaß
2532889X_1947-06-10_01_049.tcf.xml-10-2	mommsen_roemische01_1854-5155-79	inferred	0	 	Engpaß
2532889X_1947-06-10_01_049.tcf.xml-10-2	mueller_hellenische02_1824-5697-51	inferred	0	 	Engpaß
2532889X_1947-06-10_01_049.tcf.xml-10-2	nn_nrhz193_1849-455-27	inferred	0	 	Engpaß
2532889X_1947-06-10_01_049.tcf.xml-10-2	nn_nrhz300i_1849-169-15	inferred	0	 	Engpaß
2532889X_1947-06-10_01_049.tcf.xml-10-2	pfeiffer_frauenfahrt01_1850-1876-7	inferred	0	 	Engpaß
2532889X_1947-06-10_01_049.tcf.xml-10-2	treitschke_geschichte01_1879-6912-37	inferred	0	 	Engpaß
2532889X_1947-06-10_01_049.tcf.xml-10-2	vischer_aesthetik030203_1854-1875-31	inferred	0	 	Engpaß
2532889X_1948-02-05_01_130.tcf.xml-5-2	2532889X_1949-02-06_01_163.tcf.xml-82-15	inferred	1	 	Engpaß
2532889X_1948-02-05_01_130.tcf.xml-5-2	2532889X_1949-04-06_01_054.tcf.xml-62-14	inferred	1	 	Engpaß
2532889X_1948-02-05_01_130.tcf.xml-5-2	2532889X_1949-07-16_01_087.tcf.xml-8-3	inferred	1	 	Engpaß
2532889X_1948-02-05_01_130.tcf.xml-5-2	2532889X_1952-10-08_01_019.tcf.xml-357-9	inferred	1	 	Engpaß
2532889X_1948-02-05_01_130.tcf.xml-5-2	2532889X_1954-07-25_01_051.tcf.xml-19-14	inferred	1	 	Engpaß
2532889X_1948-02-05_01_130.tcf.xml-5-2	2532889X_1955-10-25_01_121.tcf.xml-58-16	inferred	1	 	Engpaß
2532889X_1948-02-05_01_130.tcf.xml-5-2	2532889X_1956-09-07_01_041.tcf.xml-18-6	inferred	1	 	Engpaß
2532889X_1948-02-05_01_130.tcf.xml-5-2	2532889X_1958-09-27_01_157.tcf.xml-14-13	inferred	1	 	Engpaß
2532889X_1948-02-05_01_130.tcf.xml-5-2	2532889X_1965-12-17_01_165.tcf.xml-376-25	inferred	1	 	Engpaß
2532889X_1948-02-05_01_130.tcf.xml-5-2	2532889X_1971-11-28_01_047.tcf.xml-25-13	inferred	1	 	Engpaß
2532889X_1948-02-05_01_130.tcf.xml-5-2	2532889X_1972-04-14_01_342.tcf.xml-7-9	inferred	1	 	Engpaß
2532889X_1948-02-05_01_130.tcf.xml-5-2	2532889X_1973-09-22_01_089.tcf.xml-26-22	inferred	1	 	Engpaß
2532889X_1948-02-05_01_130.tcf.xml-5-2	2532889X_1976-06-22_01_063.tcf.xml-23-7	inferred	1	 	Engpaß
2532889X_1948-02-05_01_130.tcf.xml-5-2	26120215_1947_04_24_01_126.tcf.xml-7-9	inferred	1	 	Engpaß
2532889X_1948-02-05_01_130.tcf.xml-5-2	26120215_1948_08_13_01_091.tcf.xml-15-17	inferred	1	 	Engpaß
2532889X_1948-02-05_01_130.tcf.xml-5-2	26120215_1948_12_21_01_020.tcf.xml-6-1	inferred	1	 	Engpaß
2532889X_1948-02-05_01_130.tcf.xml-5-2	26120215_1949_10_22_01_196.tcf.xml-28-16	inferred	1	 	Engpaß
2532889X_1948-02-05_01_130.tcf.xml-5-2	26120215_1970_07_24_01_094.tcf.xml-56-11	inferred	1	 	Engpaß
2532889X_1948-02-05_01_130.tcf.xml-5-2	26120215_1971_02_12_01_346.tcf.xml-34-7	inferred	1	 	Engpaß
2532889X_1948-02-05_01_130.tcf.xml-5-2	26120215_1976_03_02_01_025.tcf.xml-160-22	inferred	1	 	Engpaß
2532889X_1948-02-05_01_130.tcf.xml-5-2	26120215_1977_12_01_01_218.tcf.xml-48-22	inferred	1	 	Engpaß
2532889X_1948-02-05_01_130.tcf.xml-5-2	26120215_1986_09_08_01_015.tcf.xml-13-39	inferred	1	 	Engpaß
2532889X_1948-02-05_01_130.tcf.xml-5-2	brehm_thierleben01_1864-6441-1	inferred	0	 	Engpaß
2532889X_1948-02-05_01_130.tcf.xml-5-2	droysen_alexander_1833-2064-57	inferred	0	 	Engpaß
2532889X_1948-02-05_01_130.tcf.xml-5-2	droysen_alexander_1833-2077-10	inferred	0	 	Engpaß
2532889X_1948-02-05_01_130.tcf.xml-5-2	erbkam_tagebuch02_1843-2490-21	inferred	0	 	Engpaß
2532889X_1948-02-05_01_130.tcf.xml-5-2	erbkam_tagebuch02_1843-2502-22	inferred	0	 	Engpaß
2532889X_1948-02-05_01_130.tcf.xml-5-2	fontane_stechlin_1899-7913-12	inferred	0	 	Engpaß
2532889X_1948-02-05_01_130.tcf.xml-5-2	freud_hysterie_1895-3853-35	inferred	1	 	Engpaß
2532889X_1948-02-05_01_130.tcf.xml-5-2	humboldt_aequinoktial02_1859-811-59	inferred	0	 	Engpaß
2532889X_1948-02-05_01_130.tcf.xml-5-2	humboldt_aequinoktial03_1859-2103-12	inferred	0	 	Engpaß
2532889X_1948-02-05_01_130.tcf.xml-5-2	humboldt_aequinoktial04_1859-1451-6	inferred	0	 	Engpaß
2532889X_1948-02-05_01_130.tcf.xml-5-2	humboldt_aequinoktial04_1859-2007-29	inferred	0	 	Engpaß
2532889X_1948-02-05_01_130.tcf.xml-5-2	humboldt_aequinoktial04_1859-2016-1	inferred	0	 	Engpaß
2532889X_1948-02-05_01_130.tcf.xml-5-2	lehnert_seehaefen01_1891-3266-10	inferred	0	 	Engpaß
2532889X_1948-02-05_01_130.tcf.xml-5-2	mommsen_roemische01_1854-4605-25	inferred	0	 	Engpaß
2532889X_1948-02-05_01_130.tcf.xml-5-2	mommsen_roemische01_1854-5155-79	inferred	0	 	Engpaß
2532889X_1948-02-05_01_130.tcf.xml-5-2	mueller_hellenische02_1824-5697-51	inferred	0	 	Engpaß
2532889X_1948-02-05_01_130.tcf.xml-5-2	nn_nrhz193_1849-455-27	inferred	0	 	Engpaß
2532889X_1948-02-05_01_130.tcf.xml-5-2	nn_nrhz300i_1849-169-15	inferred	0	 	Engpaß
2532889X_1948-02-05_01_130.tcf.xml-5-2	pfeiffer_frauenfahrt01_1850-1876-7	inferred	0	 	Engpaß
2532889X_1948-02-05_01_130.tcf.xml-5-2	treitschke_geschichte01_1879-6912-37	inferred	0	 	Engpaß
2532889X_1948-02-05_01_130.tcf.xml-5-2	vischer_aesthetik030203_1854-1875-31	inferred	0	 	Engpaß
2532889X_1949-02-06_01_163.tcf.xml-82-15	2532889X_1949-04-06_01_054.tcf.xml-62-14	inferred	1	 	Engpaß
2532889X_1949-02-06_01_163.tcf.xml-82-15	2532889X_1949-07-16_01_087.tcf.xml-8-3	inferred	1	 	Engpaß
2532889X_1949-02-06_01_163.tcf.xml-82-15	2532889X_1952-10-08_01_019.tcf.xml-357-9	inferred	1	 	Engpaß
2532889X_1949-02-06_01_163.tcf.xml-82-15	2532889X_1954-07-25_01_051.tcf.xml-19-14	inferred	1	 	Engpaß
2532889X_1949-02-06_01_163.tcf.xml-82-15	2532889X_1955-10-25_01_121.tcf.xml-58-16	inferred	1	 	Engpaß
2532889X_1949-02-06_01_163.tcf.xml-82-15	2532889X_1956-09-07_01_041.tcf.xml-18-6	inferred	1	 	Engpaß
2532889X_1949-02-06_01_163.tcf.xml-82-15	2532889X_1958-09-27_01_157.tcf.xml-14-13	inferred	1	 	Engpaß
2532889X_1949-02-06_01_163.tcf.xml-82-15	2532889X_1965-12-17_01_165.tcf.xml-376-25	inferred	1	 	Engpaß
2532889X_1949-02-06_01_163.tcf.xml-82-15	2532889X_1971-11-28_01_047.tcf.xml-25-13	inferred	1	 	Engpaß
2532889X_1949-02-06_01_163.tcf.xml-82-15	2532889X_1972-04-14_01_342.tcf.xml-7-9	inferred	1	 	Engpaß
2532889X_1949-02-06_01_163.tcf.xml-82-15	2532889X_1973-09-22_01_089.tcf.xml-26-22	inferred	1	 	Engpaß
2532889X_1949-02-06_01_163.tcf.xml-82-15	2532889X_1976-06-22_01_063.tcf.xml-23-7	inferred	1	 	Engpaß
2532889X_1949-02-06_01_163.tcf.xml-82-15	26120215_1947_04_24_01_126.tcf.xml-7-9	inferred	1	 	Engpaß
2532889X_1949-02-06_01_163.tcf.xml-82-15	26120215_1948_08_13_01_091.tcf.xml-15-17	inferred	1	 	Engpaß
2532889X_1949-02-06_01_163.tcf.xml-82-15	26120215_1948_12_21_01_020.tcf.xml-6-1	inferred	1	 	Engpaß
2532889X_1949-02-06_01_163.tcf.xml-82-15	26120215_1949_10_22_01_196.tcf.xml-28-16	inferred	1	 	Engpaß
2532889X_1949-02-06_01_163.tcf.xml-82-15	26120215_1970_07_24_01_094.tcf.xml-56-11	inferred	1	 	Engpaß
2532889X_1949-02-06_01_163.tcf.xml-82-15	26120215_1971_02_12_01_346.tcf.xml-34-7	inferred	1	 	Engpaß
2532889X_1949-02-06_01_163.tcf.xml-82-15	26120215_1976_03_02_01_025.tcf.xml-160-22	inferred	1	 	Engpaß
2532889X_1949-02-06_01_163.tcf.xml-82-15	26120215_1977_12_01_01_218.tcf.xml-48-22	inferred	1	 	Engpaß
2532889X_1949-02-06_01_163.tcf.xml-82-15	26120215_1986_09_08_01_015.tcf.xml-13-39	inferred	1	 	Engpaß
2532889X_1949-02-06_01_163.tcf.xml-82-15	brehm_thierleben01_1864-6441-1	inferred	0	 	Engpaß
2532889X_1949-02-06_01_163.tcf.xml-82-15	droysen_alexander_1833-2064-57	inferred	0	 	Engpaß
2532889X_1949-02-06_01_163.tcf.xml-82-15	droysen_alexander_1833-2077-10	inferred	0	 	Engpaß
2532889X_1949-02-06_01_163.tcf.xml-82-15	erbkam_tagebuch02_1843-2490-21	inferred	0	 	Engpaß
2532889X_1949-02-06_01_163.tcf.xml-82-15	erbkam_tagebuch02_1843-2502-22	inferred	0	 	Engpaß
2532889X_1949-02-06_01_163.tcf.xml-82-15	fontane_stechlin_1899-7913-12	inferred	0	 	Engpaß
2532889X_1949-02-06_01_163.tcf.xml-82-15	freud_hysterie_1895-3853-35	inferred	1	 	Engpaß
2532889X_1949-02-06_01_163.tcf.xml-82-15	humboldt_aequinoktial02_1859-811-59	inferred	0	 	Engpaß
2532889X_1949-02-06_01_163.tcf.xml-82-15	humboldt_aequinoktial03_1859-2103-12	inferred	0	 	Engpaß
2532889X_1949-02-06_01_163.tcf.xml-82-15	humboldt_aequinoktial04_1859-1451-6	inferred	0	 	Engpaß
2532889X_1949-02-06_01_163.tcf.xml-82-15	humboldt_aequinoktial04_1859-2007-29	inferred	0	 	Engpaß
2532889X_1949-02-06_01_163.tcf.xml-82-15	humboldt_aequinoktial04_1859-2016-1	inferred	0	 	Engpaß
2532889X_1949-02-06_01_163.tcf.xml-82-15	lehnert_seehaefen01_1891-3266-10	inferred	0	 	Engpaß
2532889X_1949-02-06_01_163.tcf.xml-82-15	mommsen_roemische01_1854-4605-25	inferred	0	 	Engpaß
2532889X_1949-02-06_01_163.tcf.xml-82-15	mommsen_roemische01_1854-5155-79	inferred	0	 	Engpaß
2532889X_1949-02-06_01_163.tcf.xml-82-15	mueller_hellenische02_1824-5697-51	inferred	0	 	Engpaß
2532889X_1949-02-06_01_163.tcf.xml-82-15	nn_nrhz193_1849-455-27	inferred	0	 	Engpaß
2532889X_1949-02-06_01_163.tcf.xml-82-15	nn_nrhz300i_1849-169-15	inferred	0	 	Engpaß
2532889X_1949-02-06_01_163.tcf.xml-82-15	pfeiffer_frauenfahrt01_1850-1876-7	inferred	0	 	Engpaß
2532889X_1949-02-06_01_163.tcf.xml-82-15	treitschke_geschichte01_1879-6912-37	inferred	0	 	Engpaß
2532889X_1949-02-06_01_163.tcf.xml-82-15	vischer_aesthetik030203_1854-1875-31	inferred	0	 	Engpaß
2532889X_1949-04-06_01_054.tcf.xml-62-14	2532889X_1949-07-16_01_087.tcf.xml-8-3	inferred	1	 	Engpaß
2532889X_1949-04-06_01_054.tcf.xml-62-14	2532889X_1952-10-08_01_019.tcf.xml-357-9	inferred	1	 	Engpaß
2532889X_1949-04-06_01_054.tcf.xml-62-14	2532889X_1954-07-25_01_051.tcf.xml-19-14	inferred	1	 	Engpaß
2532889X_1949-04-06_01_054.tcf.xml-62-14	2532889X_1955-10-25_01_121.tcf.xml-58-16	inferred	1	 	Engpaß
2532889X_1949-04-06_01_054.tcf.xml-62-14	2532889X_1956-09-07_01_041.tcf.xml-18-6	inferred	1	 	Engpaß
2532889X_1949-04-06_01_054.tcf.xml-62-14	2532889X_1958-09-27_01_157.tcf.xml-14-13	inferred	1	 	Engpaß
2532889X_1949-04-06_01_054.tcf.xml-62-14	2532889X_1965-12-17_01_165.tcf.xml-376-25	inferred	1	 	Engpaß
2532889X_1949-04-06_01_054.tcf.xml-62-14	2532889X_1971-11-28_01_047.tcf.xml-25-13	inferred	1	 	Engpaß
2532889X_1949-04-06_01_054.tcf.xml-62-14	2532889X_1972-04-14_01_342.tcf.xml-7-9	inferred	1	 	Engpaß
2532889X_1949-04-06_01_054.tcf.xml-62-14	2532889X_1973-09-22_01_089.tcf.xml-26-22	inferred	1	 	Engpaß
2532889X_1949-04-06_01_054.tcf.xml-62-14	2532889X_1976-06-22_01_063.tcf.xml-23-7	inferred	1	 	Engpaß
2532889X_1949-04-06_01_054.tcf.xml-62-14	26120215_1947_04_24_01_126.tcf.xml-7-9	inferred	1	 	Engpaß
2532889X_1949-04-06_01_054.tcf.xml-62-14	26120215_1948_08_13_01_091.tcf.xml-15-17	inferred	1	 	Engpaß
2532889X_1949-04-06_01_054.tcf.xml-62-14	26120215_1948_12_21_01_020.tcf.xml-6-1	inferred	1	 	Engpaß
2532889X_1949-04-06_01_054.tcf.xml-62-14	26120215_1949_10_22_01_196.tcf.xml-28-16	inferred	1	 	Engpaß
2532889X_1949-04-06_01_054.tcf.xml-62-14	26120215_1970_07_24_01_094.tcf.xml-56-11	inferred	1	 	Engpaß
2532889X_1949-04-06_01_054.tcf.xml-62-14	26120215_1971_02_12_01_346.tcf.xml-34-7	inferred	1	 	Engpaß
2532889X_1949-04-06_01_054.tcf.xml-62-14	26120215_1976_03_02_01_025.tcf.xml-160-22	inferred	1	 	Engpaß
2532889X_1949-04-06_01_054.tcf.xml-62-14	26120215_1977_12_01_01_218.tcf.xml-48-22	inferred	1	 	Engpaß
2532889X_1949-04-06_01_054.tcf.xml-62-14	26120215_1986_09_08_01_015.tcf.xml-13-39	inferred	1	 	Engpaß
2532889X_1949-04-06_01_054.tcf.xml-62-14	brehm_thierleben01_1864-6441-1	inferred	0	 	Engpaß
2532889X_1949-04-06_01_054.tcf.xml-62-14	droysen_alexander_1833-2064-57	inferred	0	 	Engpaß
2532889X_1949-04-06_01_054.tcf.xml-62-14	droysen_alexander_1833-2077-10	inferred	0	 	Engpaß
2532889X_1949-04-06_01_054.tcf.xml-62-14	erbkam_tagebuch02_1843-2490-21	inferred	0	 	Engpaß
2532889X_1949-04-06_01_054.tcf.xml-62-14	erbkam_tagebuch02_1843-2502-22	inferred	0	 	Engpaß
2532889X_1949-04-06_01_054.tcf.xml-62-14	fontane_stechlin_1899-7913-12	inferred	0	 	Engpaß
2532889X_1949-04-06_01_054.tcf.xml-62-14	freud_hysterie_1895-3853-35	inferred	1	 	Engpaß
2532889X_1949-04-06_01_054.tcf.xml-62-14	humboldt_aequinoktial02_1859-811-59	inferred	0	 	Engpaß
2532889X_1949-04-06_01_054.tcf.xml-62-14	humboldt_aequinoktial03_1859-2103-12	inferred	0	 	Engpaß
2532889X_1949-04-06_01_054.tcf.xml-62-14	humboldt_aequinoktial04_1859-1451-6	inferred	0	 	Engpaß
2532889X_1949-04-06_01_054.tcf.xml-62-14	humboldt_aequinoktial04_1859-2007-29	inferred	0	 	Engpaß
2532889X_1949-04-06_01_054.tcf.xml-62-14	humboldt_aequinoktial04_1859-2016-1	inferred	0	 	Engpaß
2532889X_1949-04-06_01_054.tcf.xml-62-14	lehnert_seehaefen01_1891-3266-10	inferred	0	 	Engpaß
2532889X_1949-04-06_01_054.tcf.xml-62-14	mommsen_roemische01_1854-4605-25	inferred	0	 	Engpaß
2532889X_1949-04-06_01_054.tcf.xml-62-14	mommsen_roemische01_1854-5155-79	inferred	0	 	Engpaß
2532889X_1949-04-06_01_054.tcf.xml-62-14	mueller_hellenische02_1824-5697-51	inferred	0	 	Engpaß
2532889X_1949-04-06_01_054.tcf.xml-62-14	nn_nrhz193_1849-455-27	inferred	0	 	Engpaß
2532889X_1949-04-06_01_054.tcf.xml-62-14	nn_nrhz300i_1849-169-15	inferred	0	 	Engpaß
2532889X_1949-04-06_01_054.tcf.xml-62-14	pfeiffer_frauenfahrt01_1850-1876-7	inferred	0	 	Engpaß
2532889X_1949-04-06_01_054.tcf.xml-62-14	treitschke_geschichte01_1879-6912-37	inferred	0	 	Engpaß
2532889X_1949-04-06_01_054.tcf.xml-62-14	vischer_aesthetik030203_1854-1875-31	inferred	0	 	Engpaß
2532889X_1949-07-16_01_087.tcf.xml-8-3	2532889X_1952-10-08_01_019.tcf.xml-357-9	inferred	1	 	Engpaß
2532889X_1949-07-16_01_087.tcf.xml-8-3	2532889X_1954-07-25_01_051.tcf.xml-19-14	inferred	1	 	Engpaß
2532889X_1949-07-16_01_087.tcf.xml-8-3	2532889X_1955-10-25_01_121.tcf.xml-58-16	inferred	1	 	Engpaß
2532889X_1949-07-16_01_087.tcf.xml-8-3	2532889X_1956-09-07_01_041.tcf.xml-18-6	inferred	1	 	Engpaß
2532889X_1949-07-16_01_087.tcf.xml-8-3	2532889X_1958-09-27_01_157.tcf.xml-14-13	inferred	1	 	Engpaß
2532889X_1949-07-16_01_087.tcf.xml-8-3	2532889X_1965-12-17_01_165.tcf.xml-376-25	inferred	1	 	Engpaß
2532889X_1949-07-16_01_087.tcf.xml-8-3	2532889X_1971-11-28_01_047.tcf.xml-25-13	inferred	1	 	Engpaß
2532889X_1949-07-16_01_087.tcf.xml-8-3	2532889X_1972-04-14_01_342.tcf.xml-7-9	inferred	1	 	Engpaß
2532889X_1949-07-16_01_087.tcf.xml-8-3	2532889X_1973-09-22_01_089.tcf.xml-26-22	inferred	1	 	Engpaß
2532889X_1949-07-16_01_087.tcf.xml-8-3	2532889X_1976-06-22_01_063.tcf.xml-23-7	inferred	1	 	Engpaß
2532889X_1949-07-16_01_087.tcf.xml-8-3	26120215_1947_04_24_01_126.tcf.xml-7-9	inferred	1	 	Engpaß
2532889X_1949-07-16_01_087.tcf.xml-8-3	26120215_1948_08_13_01_091.tcf.xml-15-17	inferred	1	 	Engpaß
2532889X_1949-07-16_01_087.tcf.xml-8-3	26120215_1948_12_21_01_020.tcf.xml-6-1	inferred	1	 	Engpaß
2532889X_1949-07-16_01_087.tcf.xml-8-3	26120215_1949_10_22_01_196.tcf.xml-28-16	inferred	1	 	Engpaß
2532889X_1949-07-16_01_087.tcf.xml-8-3	26120215_1970_07_24_01_094.tcf.xml-56-11	inferred	1	 	Engpaß
2532889X_1949-07-16_01_087.tcf.xml-8-3	26120215_1971_02_12_01_346.tcf.xml-34-7	inferred	1	 	Engpaß
2532889X_1949-07-16_01_087.tcf.xml-8-3	26120215_1976_03_02_01_025.tcf.xml-160-22	inferred	1	 	Engpaß
2532889X_1949-07-16_01_087.tcf.xml-8-3	26120215_1977_12_01_01_218.tcf.xml-48-22	inferred	1	 	Engpaß
2532889X_1949-07-16_01_087.tcf.xml-8-3	26120215_1986_09_08_01_015.tcf.xml-13-39	inferred	1	 	Engpaß
2532889X_1949-07-16_01_087.tcf.xml-8-3	brehm_thierleben01_1864-6441-1	inferred	0	 	Engpaß
2532889X_1949-07-16_01_087.tcf.xml-8-3	droysen_alexander_1833-2064-57	inferred	0	 	Engpaß
2532889X_1949-07-16_01_087.tcf.xml-8-3	droysen_alexander_1833-2077-10	inferred	0	 	Engpaß
2532889X_1949-07-16_01_087.tcf.xml-8-3	erbkam_tagebuch02_1843-2490-21	inferred	0	 	Engpaß
2532889X_1949-07-16_01_087.tcf.xml-8-3	erbkam_tagebuch02_1843-2502-22	inferred	0	 	Engpaß
2532889X_1949-07-16_01_087.tcf.xml-8-3	fontane_stechlin_1899-7913-12	inferred	0	 	Engpaß
2532889X_1949-07-16_01_087.tcf.xml-8-3	freud_hysterie_1895-3853-35	inferred	1	 	Engpaß
2532889X_1949-07-16_01_087.tcf.xml-8-3	humboldt_aequinoktial02_1859-811-59	inferred	0	 	Engpaß
2532889X_1949-07-16_01_087.tcf.xml-8-3	humboldt_aequinoktial03_1859-2103-12	inferred	0	 	Engpaß
2532889X_1949-07-16_01_087.tcf.xml-8-3	humboldt_aequinoktial04_1859-1451-6	inferred	0	 	Engpaß
2532889X_1949-07-16_01_087.tcf.xml-8-3	humboldt_aequinoktial04_1859-2007-29	inferred	0	 	Engpaß
2532889X_1949-07-16_01_087.tcf.xml-8-3	humboldt_aequinoktial04_1859-2016-1	inferred	0	 	Engpaß
2532889X_1949-07-16_01_087.tcf.xml-8-3	lehnert_seehaefen01_1891-3266-10	inferred	0	 	Engpaß
2532889X_1949-07-16_01_087.tcf.xml-8-3	mommsen_roemische01_1854-4605-25	inferred	0	 	Engpaß
2532889X_1949-07-16_01_087.tcf.xml-8-3	mommsen_roemische01_1854-5155-79	inferred	0	 	Engpaß
2532889X_1949-07-16_01_087.tcf.xml-8-3	mueller_hellenische02_1824-5697-51	inferred	0	 	Engpaß
2532889X_1949-07-16_01_087.tcf.xml-8-3	nn_nrhz193_1849-455-27	inferred	0	 	Engpaß
2532889X_1949-07-16_01_087.tcf.xml-8-3	nn_nrhz300i_1849-169-15	inferred	0	 	Engpaß
2532889X_1949-07-16_01_087.tcf.xml-8-3	pfeiffer_frauenfahrt01_1850-1876-7	inferred	0	 	Engpaß
2532889X_1949-07-16_01_087.tcf.xml-8-3	treitschke_geschichte01_1879-6912-37	inferred	0	 	Engpaß
2532889X_1949-07-16_01_087.tcf.xml-8-3	vischer_aesthetik030203_1854-1875-31	inferred	0	 	Engpaß
2532889X_1952-10-08_01_019.tcf.xml-357-9	2532889X_1954-07-25_01_051.tcf.xml-19-14	inferred	1	 	Engpaß
2532889X_1952-10-08_01_019.tcf.xml-357-9	2532889X_1955-10-25_01_121.tcf.xml-58-16	inferred	1	 	Engpaß
2532889X_1952-10-08_01_019.tcf.xml-357-9	2532889X_1956-09-07_01_041.tcf.xml-18-6	inferred	1	 	Engpaß
2532889X_1952-10-08_01_019.tcf.xml-357-9	2532889X_1958-09-27_01_157.tcf.xml-14-13	inferred	1	 	Engpaß
2532889X_1952-10-08_01_019.tcf.xml-357-9	2532889X_1965-12-17_01_165.tcf.xml-376-25	inferred	1	 	Engpaß
2532889X_1952-10-08_01_019.tcf.xml-357-9	2532889X_1971-11-28_01_047.tcf.xml-25-13	inferred	1	 	Engpaß
2532889X_1952-10-08_01_019.tcf.xml-357-9	2532889X_1972-04-14_01_342.tcf.xml-7-9	inferred	1	 	Engpaß
2532889X_1952-10-08_01_019.tcf.xml-357-9	2532889X_1973-09-22_01_089.tcf.xml-26-22	inferred	1	 	Engpaß
2532889X_1952-10-08_01_019.tcf.xml-357-9	2532889X_1976-06-22_01_063.tcf.xml-23-7	inferred	1	 	Engpaß
2532889X_1952-10-08_01_019.tcf.xml-357-9	26120215_1947_04_24_01_126.tcf.xml-7-9	inferred	1	 	Engpaß
2532889X_1952-10-08_01_019.tcf.xml-357-9	26120215_1948_08_13_01_091.tcf.xml-15-17	inferred	1	 	Engpaß
2532889X_1952-10-08_01_019.tcf.xml-357-9	26120215_1948_12_21_01_020.tcf.xml-6-1	inferred	1	 	Engpaß
2532889X_1952-10-08_01_019.tcf.xml-357-9	26120215_1949_10_22_01_196.tcf.xml-28-16	inferred	1	 	Engpaß
2532889X_1952-10-08_01_019.tcf.xml-357-9	26120215_1970_07_24_01_094.tcf.xml-56-11	inferred	1	 	Engpaß
2532889X_1952-10-08_01_019.tcf.xml-357-9	26120215_1971_02_12_01_346.tcf.xml-34-7	inferred	1	 	Engpaß
2532889X_1952-10-08_01_019.tcf.xml-357-9	26120215_1976_03_02_01_025.tcf.xml-160-22	inferred	1	 	Engpaß
2532889X_1952-10-08_01_019.tcf.xml-357-9	26120215_1977_12_01_01_218.tcf.xml-48-22	inferred	1	 	Engpaß
2532889X_1952-10-08_01_019.tcf.xml-357-9	26120215_1986_09_08_01_015.tcf.xml-13-39	inferred	1	 	Engpaß
2532889X_1952-10-08_01_019.tcf.xml-357-9	brehm_thierleben01_1864-6441-1	inferred	0	 	Engpaß
2532889X_1952-10-08_01_019.tcf.xml-357-9	droysen_alexander_1833-2064-57	inferred	0	 	Engpaß
2532889X_1952-10-08_01_019.tcf.xml-357-9	droysen_alexander_1833-2077-10	inferred	0	 	Engpaß
2532889X_1952-10-08_01_019.tcf.xml-357-9	erbkam_tagebuch02_1843-2490-21	inferred	0	 	Engpaß
2532889X_1952-10-08_01_019.tcf.xml-357-9	erbkam_tagebuch02_1843-2502-22	inferred	0	 	Engpaß
2532889X_1952-10-08_01_019.tcf.xml-357-9	fontane_stechlin_1899-7913-12	inferred	0	 	Engpaß
2532889X_1952-10-08_01_019.tcf.xml-357-9	freud_hysterie_1895-3853-35	inferred	1	 	Engpaß
2532889X_1952-10-08_01_019.tcf.xml-357-9	humboldt_aequinoktial02_1859-811-59	inferred	0	 	Engpaß
2532889X_1952-10-08_01_019.tcf.xml-357-9	humboldt_aequinoktial03_1859-2103-12	inferred	0	 	Engpaß
2532889X_1952-10-08_01_019.tcf.xml-357-9	humboldt_aequinoktial04_1859-1451-6	inferred	0	 	Engpaß
2532889X_1952-10-08_01_019.tcf.xml-357-9	humboldt_aequinoktial04_1859-2007-29	inferred	0	 	Engpaß
2532889X_1952-10-08_01_019.tcf.xml-357-9	humboldt_aequinoktial04_1859-2016-1	inferred	0	 	Engpaß
2532889X_1952-10-08_01_019.tcf.xml-357-9	lehnert_seehaefen01_1891-3266-10	inferred	0	 	Engpaß
2532889X_1952-10-08_01_019.tcf.xml-357-9	mommsen_roemische01_1854-4605-25	inferred	0	 	Engpaß
2532889X_1952-10-08_01_019.tcf.xml-357-9	mommsen_roemische01_1854-5155-79	inferred	0	 	Engpaß
2532889X_1952-10-08_01_019.tcf.xml-357-9	mueller_hellenische02_1824-5697-51	inferred	0	 	Engpaß
2532889X_1952-10-08_01_019.tcf.xml-357-9	nn_nrhz193_1849-455-27	inferred	0	 	Engpaß
2532889X_1952-10-08_01_019.tcf.xml-357-9	nn_nrhz300i_1849-169-15	inferred	0	 	Engpaß
2532889X_1952-10-08_01_019.tcf.xml-357-9	pfeiffer_frauenfahrt01_1850-1876-7	inferred	0	 	Engpaß
2532889X_1952-10-08_01_019.tcf.xml-357-9	treitschke_geschichte01_1879-6912-37	inferred	0	 	Engpaß
2532889X_1952-10-08_01_019.tcf.xml-357-9	vischer_aesthetik030203_1854-1875-31	inferred	0	 	Engpaß
2532889X_1954-07-25_01_051.tcf.xml-19-14	2532889X_1955-10-25_01_121.tcf.xml-58-16	inferred	1	 	Engpaß
2532889X_1954-07-25_01_051.tcf.xml-19-14	2532889X_1956-09-07_01_041.tcf.xml-18-6	inferred	1	 	Engpaß
2532889X_1954-07-25_01_051.tcf.xml-19-14	2532889X_1958-09-27_01_157.tcf.xml-14-13	inferred	1	 	Engpaß
2532889X_1954-07-25_01_051.tcf.xml-19-14	2532889X_1965-12-17_01_165.tcf.xml-376-25	inferred	1	 	Engpaß
2532889X_1954-07-25_01_051.tcf.xml-19-14	2532889X_1971-11-28_01_047.tcf.xml-25-13	inferred	1	 	Engpaß
2532889X_1954-07-25_01_051.tcf.xml-19-14	2532889X_1972-04-14_01_342.tcf.xml-7-9	inferred	1	 	Engpaß
2532889X_1954-07-25_01_051.tcf.xml-19-14	2532889X_1973-09-22_01_089.tcf.xml-26-22	inferred	1	 	Engpaß
2532889X_1954-07-25_01_051.tcf.xml-19-14	2532889X_1976-06-22_01_063.tcf.xml-23-7	inferred	1	 	Engpaß
2532889X_1954-07-25_01_051.tcf.xml-19-14	26120215_1947_04_24_01_126.tcf.xml-7-9	inferred	1	 	Engpaß
2532889X_1954-07-25_01_051.tcf.xml-19-14	26120215_1948_08_13_01_091.tcf.xml-15-17	inferred	1	 	Engpaß
2532889X_1954-07-25_01_051.tcf.xml-19-14	26120215_1948_12_21_01_020.tcf.xml-6-1	inferred	1	 	Engpaß
2532889X_1954-07-25_01_051.tcf.xml-19-14	26120215_1949_10_22_01_196.tcf.xml-28-16	inferred	1	 	Engpaß
2532889X_1954-07-25_01_051.tcf.xml-19-14	26120215_1970_07_24_01_094.tcf.xml-56-11	inferred	1	 	Engpaß
2532889X_1954-07-25_01_051.tcf.xml-19-14	26120215_1971_02_12_01_346.tcf.xml-34-7	inferred	1	 	Engpaß
2532889X_1954-07-25_01_051.tcf.xml-19-14	26120215_1976_03_02_01_025.tcf.xml-160-22	inferred	1	 	Engpaß
2532889X_1954-07-25_01_051.tcf.xml-19-14	26120215_1977_12_01_01_218.tcf.xml-48-22	inferred	1	 	Engpaß
2532889X_1954-07-25_01_051.tcf.xml-19-14	26120215_1986_09_08_01_015.tcf.xml-13-39	inferred	1	 	Engpaß
2532889X_1954-07-25_01_051.tcf.xml-19-14	brehm_thierleben01_1864-6441-1	inferred	0	 	Engpaß
2532889X_1954-07-25_01_051.tcf.xml-19-14	droysen_alexander_1833-2064-57	inferred	0	 	Engpaß
2532889X_1954-07-25_01_051.tcf.xml-19-14	droysen_alexander_1833-2077-10	inferred	0	 	Engpaß
2532889X_1954-07-25_01_051.tcf.xml-19-14	erbkam_tagebuch02_1843-2490-21	inferred	0	 	Engpaß
2532889X_1954-07-25_01_051.tcf.xml-19-14	erbkam_tagebuch02_1843-2502-22	inferred	0	 	Engpaß
2532889X_1954-07-25_01_051.tcf.xml-19-14	fontane_stechlin_1899-7913-12	inferred	0	 	Engpaß
2532889X_1954-07-25_01_051.tcf.xml-19-14	freud_hysterie_1895-3853-35	inferred	1	 	Engpaß
2532889X_1954-07-25_01_051.tcf.xml-19-14	humboldt_aequinoktial02_1859-811-59	inferred	0	 	Engpaß
2532889X_1954-07-25_01_051.tcf.xml-19-14	humboldt_aequinoktial03_1859-2103-12	inferred	0	 	Engpaß
2532889X_1954-07-25_01_051.tcf.xml-19-14	humboldt_aequinoktial04_1859-1451-6	inferred	0	 	Engpaß
2532889X_1954-07-25_01_051.tcf.xml-19-14	humboldt_aequinoktial04_1859-2007-29	inferred	0	 	Engpaß
2532889X_1954-07-25_01_051.tcf.xml-19-14	humboldt_aequinoktial04_1859-2016-1	inferred	0	 	Engpaß
2532889X_1954-07-25_01_051.tcf.xml-19-14	lehnert_seehaefen01_1891-3266-10	inferred	0	 	Engpaß
2532889X_1954-07-25_01_051.tcf.xml-19-14	mommsen_roemische01_1854-4605-25	inferred	0	 	Engpaß
2532889X_1954-07-25_01_051.tcf.xml-19-14	mommsen_roemische01_1854-5155-79	inferred	0	 	Engpaß
2532889X_1954-07-25_01_051.tcf.xml-19-14	mueller_hellenische02_1824-5697-51	inferred	0	 	Engpaß
2532889X_1954-07-25_01_051.tcf.xml-19-14	nn_nrhz193_1849-455-27	inferred	0	 	Engpaß
2532889X_1954-07-25_01_051.tcf.xml-19-14	nn_nrhz300i_1849-169-15	inferred	0	 	Engpaß
2532889X_1954-07-25_01_051.tcf.xml-19-14	pfeiffer_frauenfahrt01_1850-1876-7	inferred	0	 	Engpaß
2532889X_1954-07-25_01_051.tcf.xml-19-14	treitschke_geschichte01_1879-6912-37	inferred	0	 	Engpaß
2532889X_1954-07-25_01_051.tcf.xml-19-14	vischer_aesthetik030203_1854-1875-31	inferred	0	 	Engpaß
2532889X_1955-10-25_01_121.tcf.xml-58-16	2532889X_1956-09-07_01_041.tcf.xml-18-6	inferred	1	 	Engpaß
2532889X_1955-10-25_01_121.tcf.xml-58-16	2532889X_1958-09-27_01_157.tcf.xml-14-13	inferred	1	 	Engpaß
2532889X_1955-10-25_01_121.tcf.xml-58-16	2532889X_1965-12-17_01_165.tcf.xml-376-25	inferred	1	 	Engpaß
2532889X_1955-10-25_01_121.tcf.xml-58-16	2532889X_1971-11-28_01_047.tcf.xml-25-13	inferred	1	 	Engpaß
2532889X_1955-10-25_01_121.tcf.xml-58-16	2532889X_1972-04-14_01_342.tcf.xml-7-9	inferred	1	 	Engpaß
2532889X_1955-10-25_01_121.tcf.xml-58-16	2532889X_1973-09-22_01_089.tcf.xml-26-22	inferred	1	 	Engpaß
2532889X_1955-10-25_01_121.tcf.xml-58-16	2532889X_1976-06-22_01_063.tcf.xml-23-7	inferred	1	 	Engpaß
2532889X_1955-10-25_01_121.tcf.xml-58-16	26120215_1947_04_24_01_126.tcf.xml-7-9	inferred	1	 	Engpaß
2532889X_1955-10-25_01_121.tcf.xml-58-16	26120215_1948_08_13_01_091.tcf.xml-15-17	inferred	1	 	Engpaß
2532889X_1955-10-25_01_121.tcf.xml-58-16	26120215_1948_12_21_01_020.tcf.xml-6-1	inferred	1	 	Engpaß
2532889X_1955-10-25_01_121.tcf.xml-58-16	26120215_1949_10_22_01_196.tcf.xml-28-16	inferred	1	 	Engpaß
2532889X_1955-10-25_01_121.tcf.xml-58-16	26120215_1970_07_24_01_094.tcf.xml-56-11	inferred	1	 	Engpaß
2532889X_1955-10-25_01_121.tcf.xml-58-16	26120215_1971_02_12_01_346.tcf.xml-34-7	inferred	1	 	Engpaß
2532889X_1955-10-25_01_121.tcf.xml-58-16	26120215_1976_03_02_01_025.tcf.xml-160-22	inferred	1	 	Engpaß
2532889X_1955-10-25_01_121.tcf.xml-58-16	26120215_1977_12_01_01_218.tcf.xml-48-22	inferred	1	 	Engpaß
2532889X_1955-10-25_01_121.tcf.xml-58-16	26120215_1986_09_08_01_015.tcf.xml-13-39	inferred	1	 	Engpaß
2532889X_1955-10-25_01_121.tcf.xml-58-16	brehm_thierleben01_1864-6441-1	inferred	0	 	Engpaß
2532889X_1955-10-25_01_121.tcf.xml-58-16	droysen_alexander_1833-2064-57	inferred	0	 	Engpaß
2532889X_1955-10-25_01_121.tcf.xml-58-16	droysen_alexander_1833-2077-10	inferred	0	 	Engpaß
2532889X_1955-10-25_01_121.tcf.xml-58-16	erbkam_tagebuch02_1843-2490-21	inferred	0	 	Engpaß
2532889X_1955-10-25_01_121.tcf.xml-58-16	erbkam_tagebuch02_1843-2502-22	inferred	0	 	Engpaß
2532889X_1955-10-25_01_121.tcf.xml-58-16	fontane_stechlin_1899-7913-12	inferred	0	 	Engpaß
2532889X_1955-10-25_01_121.tcf.xml-58-16	freud_hysterie_1895-3853-35	inferred	1	 	Engpaß
2532889X_1955-10-25_01_121.tcf.xml-58-16	humboldt_aequinoktial02_1859-811-59	inferred	0	 	Engpaß
2532889X_1955-10-25_01_121.tcf.xml-58-16	humboldt_aequinoktial03_1859-2103-12	inferred	0	 	Engpaß
2532889X_1955-10-25_01_121.tcf.xml-58-16	humboldt_aequinoktial04_1859-1451-6	inferred	0	 	Engpaß
2532889X_1955-10-25_01_121.tcf.xml-58-16	humboldt_aequinoktial04_1859-2007-29	inferred	0	 	Engpaß
2532889X_1955-10-25_01_121.tcf.xml-58-16	humboldt_aequinoktial04_1859-2016-1	inferred	0	 	Engpaß
2532889X_1955-10-25_01_121.tcf.xml-58-16	lehnert_seehaefen01_1891-3266-10	inferred	0	 	Engpaß
2532889X_1955-10-25_01_121.tcf.xml-58-16	mommsen_roemische01_1854-4605-25	inferred	0	 	Engpaß
2532889X_1955-10-25_01_121.tcf.xml-58-16	mommsen_roemische01_1854-5155-79	inferred	0	 	Engpaß
2532889X_1955-10-25_01_121.tcf.xml-58-16	mueller_hellenische02_1824-5697-51	inferred	0	 	Engpaß
2532889X_1955-10-25_01_121.tcf.xml-58-16	nn_nrhz193_1849-455-27	inferred	0	 	Engpaß
2532889X_1955-10-25_01_121.tcf.xml-58-16	nn_nrhz300i_1849-169-15	inferred	0	 	Engpaß
2532889X_1955-10-25_01_121.tcf.xml-58-16	pfeiffer_frauenfahrt01_1850-1876-7	inferred	0	 	Engpaß
2532889X_1955-10-25_01_121.tcf.xml-58-16	treitschke_geschichte01_1879-6912-37	inferred	0	 	Engpaß
2532889X_1955-10-25_01_121.tcf.xml-58-16	vischer_aesthetik030203_1854-1875-31	inferred	0	 	Engpaß
2532889X_1956-09-07_01_041.tcf.xml-18-6	2532889X_1958-09-27_01_157.tcf.xml-14-13	inferred	1	 	Engpaß
2532889X_1956-09-07_01_041.tcf.xml-18-6	2532889X_1965-12-17_01_165.tcf.xml-376-25	inferred	1	 	Engpaß
2532889X_1956-09-07_01_041.tcf.xml-18-6	2532889X_1971-11-28_01_047.tcf.xml-25-13	inferred	1	 	Engpaß
2532889X_1956-09-07_01_041.tcf.xml-18-6	2532889X_1972-04-14_01_342.tcf.xml-7-9	inferred	1	 	Engpaß
2532889X_1956-09-07_01_041.tcf.xml-18-6	2532889X_1973-09-22_01_089.tcf.xml-26-22	inferred	1	 	Engpaß
2532889X_1956-09-07_01_041.tcf.xml-18-6	2532889X_1976-06-22_01_063.tcf.xml-23-7	inferred	1	 	Engpaß
2532889X_1956-09-07_01_041.tcf.xml-18-6	26120215_1947_04_24_01_126.tcf.xml-7-9	inferred	1	 	Engpaß
2532889X_1956-09-07_01_041.tcf.xml-18-6	26120215_1948_08_13_01_091.tcf.xml-15-17	inferred	1	 	Engpaß
2532889X_1956-09-07_01_041.tcf.xml-18-6	26120215_1948_12_21_01_020.tcf.xml-6-1	inferred	1	 	Engpaß
2532889X_1956-09-07_01_041.tcf.xml-18-6	26120215_1949_10_22_01_196.tcf.xml-28-16	inferred	1	 	Engpaß
2532889X_1956-09-07_01_041.tcf.xml-18-6	26120215_1970_07_24_01_094.tcf.xml-56-11	inferred	1	 	Engpaß
2532889X_1956-09-07_01_041.tcf.xml-18-6	26120215_1971_02_12_01_346.tcf.xml-34-7	inferred	1	 	Engpaß
2532889X_1956-09-07_01_041.tcf.xml-18-6	26120215_1976_03_02_01_025.tcf.xml-160-22	inferred	1	 	Engpaß
2532889X_1956-09-07_01_041.tcf.xml-18-6	26120215_1977_12_01_01_218.tcf.xml-48-22	inferred	1	 	Engpaß
2532889X_1956-09-07_01_041.tcf.xml-18-6	26120215_1986_09_08_01_015.tcf.xml-13-39	inferred	1	 	Engpaß
2532889X_1956-09-07_01_041.tcf.xml-18-6	brehm_thierleben01_1864-6441-1	inferred	0	 	Engpaß
2532889X_1956-09-07_01_041.tcf.xml-18-6	droysen_alexander_1833-2064-57	inferred	0	 	Engpaß
2532889X_1956-09-07_01_041.tcf.xml-18-6	droysen_alexander_1833-2077-10	inferred	0	 	Engpaß
2532889X_1956-09-07_01_041.tcf.xml-18-6	erbkam_tagebuch02_1843-2490-21	inferred	0	 	Engpaß
2532889X_1956-09-07_01_041.tcf.xml-18-6	erbkam_tagebuch02_1843-2502-22	inferred	0	 	Engpaß
2532889X_1956-09-07_01_041.tcf.xml-18-6	fontane_stechlin_1899-7913-12	inferred	0	 	Engpaß
2532889X_1956-09-07_01_041.tcf.xml-18-6	freud_hysterie_1895-3853-35	inferred	1	 	Engpaß
2532889X_1956-09-07_01_041.tcf.xml-18-6	humboldt_aequinoktial02_1859-811-59	inferred	0	 	Engpaß
2532889X_1956-09-07_01_041.tcf.xml-18-6	humboldt_aequinoktial03_1859-2103-12	inferred	0	 	Engpaß
2532889X_1956-09-07_01_041.tcf.xml-18-6	humboldt_aequinoktial04_1859-1451-6	inferred	0	 	Engpaß
2532889X_1956-09-07_01_041.tcf.xml-18-6	humboldt_aequinoktial04_1859-2007-29	inferred	0	 	Engpaß
2532889X_1956-09-07_01_041.tcf.xml-18-6	humboldt_aequinoktial04_1859-2016-1	inferred	0	 	Engpaß
2532889X_1956-09-07_01_041.tcf.xml-18-6	lehnert_seehaefen01_1891-3266-10	inferred	0	 	Engpaß
2532889X_1956-09-07_01_041.tcf.xml-18-6	mommsen_roemische01_1854-4605-25	inferred	0	 	Engpaß
2532889X_1956-09-07_01_041.tcf.xml-18-6	mommsen_roemische01_1854-5155-79	inferred	0	 	Engpaß
2532889X_1956-09-07_01_041.tcf.xml-18-6	mueller_hellenische02_1824-5697-51	inferred	0	 	Engpaß
2532889X_1956-09-07_01_041.tcf.xml-18-6	nn_nrhz193_1849-455-27	inferred	0	 	Engpaß
2532889X_1956-09-07_01_041.tcf.xml-18-6	nn_nrhz300i_1849-169-15	inferred	0	 	Engpaß
2532889X_1956-09-07_01_041.tcf.xml-18-6	pfeiffer_frauenfahrt01_1850-1876-7	inferred	0	 	Engpaß
2532889X_1956-09-07_01_041.tcf.xml-18-6	treitschke_geschichte01_1879-6912-37	inferred	0	 	Engpaß
2532889X_1956-09-07_01_041.tcf.xml-18-6	vischer_aesthetik030203_1854-1875-31	inferred	0	 	Engpaß
2532889X_1958-09-27_01_157.tcf.xml-14-13	2532889X_1965-12-17_01_165.tcf.xml-376-25	inferred	1	 	Engpaß
2532889X_1958-09-27_01_157.tcf.xml-14-13	2532889X_1971-11-28_01_047.tcf.xml-25-13	inferred	1	 	Engpaß
2532889X_1958-09-27_01_157.tcf.xml-14-13	2532889X_1972-04-14_01_342.tcf.xml-7-9	inferred	1	 	Engpaß
2532889X_1958-09-27_01_157.tcf.xml-14-13	2532889X_1973-09-22_01_089.tcf.xml-26-22	inferred	1	 	Engpaß
2532889X_1958-09-27_01_157.tcf.xml-14-13	2532889X_1976-06-22_01_063.tcf.xml-23-7	inferred	1	 	Engpaß
2532889X_1958-09-27_01_157.tcf.xml-14-13	26120215_1947_04_24_01_126.tcf.xml-7-9	inferred	1	 	Engpaß
2532889X_1958-09-27_01_157.tcf.xml-14-13	26120215_1948_08_13_01_091.tcf.xml-15-17	inferred	1	 	Engpaß
2532889X_1958-09-27_01_157.tcf.xml-14-13	26120215_1948_12_21_01_020.tcf.xml-6-1	inferred	1	 	Engpaß
2532889X_1958-09-27_01_157.tcf.xml-14-13	26120215_1949_10_22_01_196.tcf.xml-28-16	inferred	1	 	Engpaß
2532889X_1958-09-27_01_157.tcf.xml-14-13	26120215_1970_07_24_01_094.tcf.xml-56-11	inferred	1	 	Engpaß
2532889X_1958-09-27_01_157.tcf.xml-14-13	26120215_1971_02_12_01_346.tcf.xml-34-7	inferred	1	 	Engpaß
2532889X_1958-09-27_01_157.tcf.xml-14-13	26120215_1976_03_02_01_025.tcf.xml-160-22	inferred	1	 	Engpaß
2532889X_1958-09-27_01_157.tcf.xml-14-13	26120215_1977_12_01_01_218.tcf.xml-48-22	inferred	1	 	Engpaß
2532889X_1958-09-27_01_157.tcf.xml-14-13	26120215_1986_09_08_01_015.tcf.xml-13-39	inferred	1	 	Engpaß
2532889X_1958-09-27_01_157.tcf.xml-14-13	brehm_thierleben01_1864-6441-1	inferred	0	 	Engpaß
2532889X_1958-09-27_01_157.tcf.xml-14-13	droysen_alexander_1833-2064-57	inferred	0	 	Engpaß
2532889X_1958-09-27_01_157.tcf.xml-14-13	droysen_alexander_1833-2077-10	inferred	0	 	Engpaß
2532889X_1958-09-27_01_157.tcf.xml-14-13	erbkam_tagebuch02_1843-2490-21	inferred	0	 	Engpaß
2532889X_1958-09-27_01_157.tcf.xml-14-13	erbkam_tagebuch02_1843-2502-22	inferred	0	 	Engpaß
2532889X_1958-09-27_01_157.tcf.xml-14-13	fontane_stechlin_1899-7913-12	inferred	0	 	Engpaß
2532889X_1958-09-27_01_157.tcf.xml-14-13	freud_hysterie_1895-3853-35	inferred	1	 	Engpaß
2532889X_1958-09-27_01_157.tcf.xml-14-13	humboldt_aequinoktial02_1859-811-59	inferred	0	 	Engpaß
2532889X_1958-09-27_01_157.tcf.xml-14-13	humboldt_aequinoktial03_1859-2103-12	inferred	0	 	Engpaß
2532889X_1958-09-27_01_157.tcf.xml-14-13	humboldt_aequinoktial04_1859-1451-6	inferred	0	 	Engpaß
2532889X_1958-09-27_01_157.tcf.xml-14-13	humboldt_aequinoktial04_1859-2007-29	inferred	0	 	Engpaß
2532889X_1958-09-27_01_157.tcf.xml-14-13	humboldt_aequinoktial04_1859-2016-1	inferred	0	 	Engpaß
2532889X_1958-09-27_01_157.tcf.xml-14-13	lehnert_seehaefen01_1891-3266-10	inferred	0	 	Engpaß
2532889X_1958-09-27_01_157.tcf.xml-14-13	mommsen_roemische01_1854-4605-25	inferred	0	 	Engpaß
2532889X_1958-09-27_01_157.tcf.xml-14-13	mommsen_roemische01_1854-5155-79	inferred	0	 	Engpaß
2532889X_1958-09-27_01_157.tcf.xml-14-13	mueller_hellenische02_1824-5697-51	inferred	0	 	Engpaß
2532889X_1958-09-27_01_157.tcf.xml-14-13	nn_nrhz193_1849-455-27	inferred	0	 	Engpaß
2532889X_1958-09-27_01_157.tcf.xml-14-13	nn_nrhz300i_1849-169-15	inferred	0	 	Engpaß
2532889X_1958-09-27_01_157.tcf.xml-14-13	pfeiffer_frauenfahrt01_1850-1876-7	inferred	0	 	Engpaß
2532889X_1958-09-27_01_157.tcf.xml-14-13	treitschke_geschichte01_1879-6912-37	inferred	0	 	Engpaß
2532889X_1958-09-27_01_157.tcf.xml-14-13	vischer_aesthetik030203_1854-1875-31	inferred	0	 	Engpaß
2532889X_1965-12-17_01_165.tcf.xml-376-25	2532889X_1971-11-28_01_047.tcf.xml-25-13	inferred	1	 	Engpaß
2532889X_1965-12-17_01_165.tcf.xml-376-25	2532889X_1972-04-14_01_342.tcf.xml-7-9	inferred	1	 	Engpaß
2532889X_1965-12-17_01_165.tcf.xml-376-25	2532889X_1973-09-22_01_089.tcf.xml-26-22	inferred	1	 	Engpaß
2532889X_1965-12-17_01_165.tcf.xml-376-25	2532889X_1976-06-22_01_063.tcf.xml-23-7	inferred	1	 	Engpaß
2532889X_1965-12-17_01_165.tcf.xml-376-25	26120215_1947_04_24_01_126.tcf.xml-7-9	inferred	1	 	Engpaß
2532889X_1965-12-17_01_165.tcf.xml-376-25	26120215_1948_08_13_01_091.tcf.xml-15-17	inferred	1	 	Engpaß
2532889X_1965-12-17_01_165.tcf.xml-376-25	26120215_1948_12_21_01_020.tcf.xml-6-1	inferred	1	 	Engpaß
2532889X_1965-12-17_01_165.tcf.xml-376-25	26120215_1949_10_22_01_196.tcf.xml-28-16	inferred	1	 	Engpaß
2532889X_1965-12-17_01_165.tcf.xml-376-25	26120215_1970_07_24_01_094.tcf.xml-56-11	inferred	1	 	Engpaß
2532889X_1965-12-17_01_165.tcf.xml-376-25	26120215_1971_02_12_01_346.tcf.xml-34-7	inferred	1	 	Engpaß
2532889X_1965-12-17_01_165.tcf.xml-376-25	26120215_1976_03_02_01_025.tcf.xml-160-22	inferred	1	 	Engpaß
2532889X_1965-12-17_01_165.tcf.xml-376-25	26120215_1977_12_01_01_218.tcf.xml-48-22	inferred	1	 	Engpaß
2532889X_1965-12-17_01_165.tcf.xml-376-25	26120215_1986_09_08_01_015.tcf.xml-13-39	inferred	1	 	Engpaß
2532889X_1965-12-17_01_165.tcf.xml-376-25	brehm_thierleben01_1864-6441-1	inferred	0	 	Engpaß
2532889X_1965-12-17_01_165.tcf.xml-376-25	droysen_alexander_1833-2064-57	inferred	0	 	Engpaß
2532889X_1965-12-17_01_165.tcf.xml-376-25	droysen_alexander_1833-2077-10	inferred	0	 	Engpaß
2532889X_1965-12-17_01_165.tcf.xml-376-25	erbkam_tagebuch02_1843-2490-21	inferred	0	 	Engpaß
2532889X_1965-12-17_01_165.tcf.xml-376-25	erbkam_tagebuch02_1843-2502-22	inferred	0	 	Engpaß
2532889X_1965-12-17_01_165.tcf.xml-376-25	fontane_stechlin_1899-7913-12	inferred	0	 	Engpaß
2532889X_1965-12-17_01_165.tcf.xml-376-25	freud_hysterie_1895-3853-35	inferred	1	 	Engpaß
2532889X_1965-12-17_01_165.tcf.xml-376-25	humboldt_aequinoktial02_1859-811-59	inferred	0	 	Engpaß
2532889X_1965-12-17_01_165.tcf.xml-376-25	humboldt_aequinoktial03_1859-2103-12	inferred	0	 	Engpaß
2532889X_1965-12-17_01_165.tcf.xml-376-25	humboldt_aequinoktial04_1859-1451-6	inferred	0	 	Engpaß
2532889X_1965-12-17_01_165.tcf.xml-376-25	humboldt_aequinoktial04_1859-2007-29	inferred	0	 	Engpaß
2532889X_1965-12-17_01_165.tcf.xml-376-25	humboldt_aequinoktial04_1859-2016-1	inferred	0	 	Engpaß
2532889X_1965-12-17_01_165.tcf.xml-376-25	lehnert_seehaefen01_1891-3266-10	inferred	0	 	Engpaß
2532889X_1965-12-17_01_165.tcf.xml-376-25	mommsen_roemische01_1854-4605-25	inferred	0	 	Engpaß
2532889X_1965-12-17_01_165.tcf.xml-376-25	mommsen_roemische01_1854-5155-79	inferred	0	 	Engpaß
2532889X_1965-12-17_01_165.tcf.xml-376-25	mueller_hellenische02_1824-5697-51	inferred	0	 	Engpaß
2532889X_1965-12-17_01_165.tcf.xml-376-25	nn_nrhz193_1849-455-27	inferred	0	 	Engpaß
2532889X_1965-12-17_01_165.tcf.xml-376-25	nn_nrhz300i_1849-169-15	inferred	0	 	Engpaß
2532889X_1965-12-17_01_165.tcf.xml-376-25	pfeiffer_frauenfahrt01_1850-1876-7	inferred	0	 	Engpaß
2532889X_1965-12-17_01_165.tcf.xml-376-25	treitschke_geschichte01_1879-6912-37	inferred	0	 	Engpaß
2532889X_1965-12-17_01_165.tcf.xml-376-25	vischer_aesthetik030203_1854-1875-31	inferred	0	 	Engpaß
2532889X_1971-11-28_01_047.tcf.xml-25-13	2532889X_1972-04-14_01_342.tcf.xml-7-9	inferred	1	 	Engpaß
2532889X_1971-11-28_01_047.tcf.xml-25-13	2532889X_1973-09-22_01_089.tcf.xml-26-22	inferred	1	 	Engpaß
2532889X_1971-11-28_01_047.tcf.xml-25-13	2532889X_1976-06-22_01_063.tcf.xml-23-7	inferred	1	 	Engpaß
2532889X_1971-11-28_01_047.tcf.xml-25-13	26120215_1947_04_24_01_126.tcf.xml-7-9	inferred	1	 	Engpaß
2532889X_1971-11-28_01_047.tcf.xml-25-13	26120215_1948_08_13_01_091.tcf.xml-15-17	inferred	1	 	Engpaß
2532889X_1971-11-28_01_047.tcf.xml-25-13	26120215_1948_12_21_01_020.tcf.xml-6-1	inferred	1	 	Engpaß
2532889X_1971-11-28_01_047.tcf.xml-25-13	26120215_1949_10_22_01_196.tcf.xml-28-16	inferred	1	 	Engpaß
2532889X_1971-11-28_01_047.tcf.xml-25-13	26120215_1970_07_24_01_094.tcf.xml-56-11	inferred	1	 	Engpaß
2532889X_1971-11-28_01_047.tcf.xml-25-13	26120215_1971_02_12_01_346.tcf.xml-34-7	inferred	1	 	Engpaß
2532889X_1971-11-28_01_047.tcf.xml-25-13	26120215_1976_03_02_01_025.tcf.xml-160-22	inferred	1	 	Engpaß
2532889X_1971-11-28_01_047.tcf.xml-25-13	26120215_1977_12_01_01_218.tcf.xml-48-22	inferred	1	 	Engpaß
2532889X_1971-11-28_01_047.tcf.xml-25-13	26120215_1986_09_08_01_015.tcf.xml-13-39	inferred	1	 	Engpaß
2532889X_1971-11-28_01_047.tcf.xml-25-13	brehm_thierleben01_1864-6441-1	inferred	0	 	Engpaß
2532889X_1971-11-28_01_047.tcf.xml-25-13	droysen_alexander_1833-2064-57	inferred	0	 	Engpaß
2532889X_1971-11-28_01_047.tcf.xml-25-13	droysen_alexander_1833-2077-10	inferred	0	 	Engpaß
2532889X_1971-11-28_01_047.tcf.xml-25-13	erbkam_tagebuch02_1843-2490-21	inferred	0	 	Engpaß
2532889X_1971-11-28_01_047.tcf.xml-25-13	erbkam_tagebuch02_1843-2502-22	inferred	0	 	Engpaß
2532889X_1971-11-28_01_047.tcf.xml-25-13	fontane_stechlin_1899-7913-12	inferred	0	 	Engpaß
2532889X_1971-11-28_01_047.tcf.xml-25-13	freud_hysterie_1895-3853-35	inferred	1	 	Engpaß
2532889X_1971-11-28_01_047.tcf.xml-25-13	humboldt_aequinoktial02_1859-811-59	inferred	0	 	Engpaß
2532889X_1971-11-28_01_047.tcf.xml-25-13	humboldt_aequinoktial03_1859-2103-12	inferred	0	 	Engpaß
2532889X_1971-11-28_01_047.tcf.xml-25-13	humboldt_aequinoktial04_1859-1451-6	inferred	0	 	Engpaß
2532889X_1971-11-28_01_047.tcf.xml-25-13	humboldt_aequinoktial04_1859-2007-29	inferred	0	 	Engpaß
2532889X_1971-11-28_01_047.tcf.xml-25-13	humboldt_aequinoktial04_1859-2016-1	inferred	0	 	Engpaß
2532889X_1971-11-28_01_047.tcf.xml-25-13	lehnert_seehaefen01_1891-3266-10	inferred	0	 	Engpaß
2532889X_1971-11-28_01_047.tcf.xml-25-13	mommsen_roemische01_1854-4605-25	inferred	0	 	Engpaß
2532889X_1971-11-28_01_047.tcf.xml-25-13	mommsen_roemische01_1854-5155-79	inferred	0	 	Engpaß
2532889X_1971-11-28_01_047.tcf.xml-25-13	mueller_hellenische02_1824-5697-51	inferred	0	 	Engpaß
2532889X_1971-11-28_01_047.tcf.xml-25-13	nn_nrhz193_1849-455-27	inferred	0	 	Engpaß
2532889X_1971-11-28_01_047.tcf.xml-25-13	nn_nrhz300i_1849-169-15	inferred	0	 	Engpaß
2532889X_1971-11-28_01_047.tcf.xml-25-13	pfeiffer_frauenfahrt01_1850-1876-7	inferred	0	 	Engpaß
2532889X_1971-11-28_01_047.tcf.xml-25-13	treitschke_geschichte01_1879-6912-37	inferred	0	 	Engpaß
2532889X_1971-11-28_01_047.tcf.xml-25-13	vischer_aesthetik030203_1854-1875-31	inferred	0	 	Engpaß
2532889X_1972-04-14_01_342.tcf.xml-7-9	2532889X_1973-09-22_01_089.tcf.xml-26-22	inferred	1	 	Engpaß
2532889X_1972-04-14_01_342.tcf.xml-7-9	2532889X_1976-06-22_01_063.tcf.xml-23-7	inferred	1	 	Engpaß
2532889X_1972-04-14_01_342.tcf.xml-7-9	26120215_1947_04_24_01_126.tcf.xml-7-9	inferred	1	 	Engpaß
2532889X_1972-04-14_01_342.tcf.xml-7-9	26120215_1948_08_13_01_091.tcf.xml-15-17	inferred	1	 	Engpaß
2532889X_1972-04-14_01_342.tcf.xml-7-9	26120215_1948_12_21_01_020.tcf.xml-6-1	inferred	1	 	Engpaß
2532889X_1972-04-14_01_342.tcf.xml-7-9	26120215_1949_10_22_01_196.tcf.xml-28-16	inferred	1	 	Engpaß
2532889X_1972-04-14_01_342.tcf.xml-7-9	26120215_1970_07_24_01_094.tcf.xml-56-11	inferred	1	 	Engpaß
2532889X_1972-04-14_01_342.tcf.xml-7-9	26120215_1971_02_12_01_346.tcf.xml-34-7	inferred	1	 	Engpaß
2532889X_1972-04-14_01_342.tcf.xml-7-9	26120215_1976_03_02_01_025.tcf.xml-160-22	inferred	1	 	Engpaß
2532889X_1972-04-14_01_342.tcf.xml-7-9	26120215_1977_12_01_01_218.tcf.xml-48-22	inferred	1	 	Engpaß
2532889X_1972-04-14_01_342.tcf.xml-7-9	26120215_1986_09_08_01_015.tcf.xml-13-39	inferred	1	 	Engpaß
2532889X_1972-04-14_01_342.tcf.xml-7-9	brehm_thierleben01_1864-6441-1	inferred	0	 	Engpaß
2532889X_1972-04-14_01_342.tcf.xml-7-9	droysen_alexander_1833-2064-57	inferred	0	 	Engpaß
2532889X_1972-04-14_01_342.tcf.xml-7-9	droysen_alexander_1833-2077-10	inferred	0	 	Engpaß
2532889X_1972-04-14_01_342.tcf.xml-7-9	erbkam_tagebuch02_1843-2490-21	inferred	0	 	Engpaß
2532889X_1972-04-14_01_342.tcf.xml-7-9	erbkam_tagebuch02_1843-2502-22	inferred	0	 	Engpaß
2532889X_1972-04-14_01_342.tcf.xml-7-9	fontane_stechlin_1899-7913-12	inferred	0	 	Engpaß
2532889X_1972-04-14_01_342.tcf.xml-7-9	freud_hysterie_1895-3853-35	inferred	1	 	Engpaß
2532889X_1972-04-14_01_342.tcf.xml-7-9	humboldt_aequinoktial02_1859-811-59	inferred	0	 	Engpaß
2532889X_1972-04-14_01_342.tcf.xml-7-9	humboldt_aequinoktial03_1859-2103-12	inferred	0	 	Engpaß
2532889X_1972-04-14_01_342.tcf.xml-7-9	humboldt_aequinoktial04_1859-1451-6	inferred	0	 	Engpaß
2532889X_1972-04-14_01_342.tcf.xml-7-9	humboldt_aequinoktial04_1859-2007-29	inferred	0	 	Engpaß
2532889X_1972-04-14_01_342.tcf.xml-7-9	humboldt_aequinoktial04_1859-2016-1	inferred	0	 	Engpaß
2532889X_1972-04-14_01_342.tcf.xml-7-9	lehnert_seehaefen01_1891-3266-10	inferred	0	 	Engpaß
2532889X_1972-04-14_01_342.tcf.xml-7-9	mommsen_roemische01_1854-4605-25	inferred	0	 	Engpaß
2532889X_1972-04-14_01_342.tcf.xml-7-9	mommsen_roemische01_1854-5155-79	inferred	0	 	Engpaß
2532889X_1972-04-14_01_342.tcf.xml-7-9	mueller_hellenische02_1824-5697-51	inferred	0	 	Engpaß
2532889X_1972-04-14_01_342.tcf.xml-7-9	nn_nrhz193_1849-455-27	inferred	0	 	Engpaß
2532889X_1972-04-14_01_342.tcf.xml-7-9	nn_nrhz300i_1849-169-15	inferred	0	 	Engpaß
2532889X_1972-04-14_01_342.tcf.xml-7-9	pfeiffer_frauenfahrt01_1850-1876-7	inferred	0	 	Engpaß
2532889X_1972-04-14_01_342.tcf.xml-7-9	treitschke_geschichte01_1879-6912-37	inferred	0	 	Engpaß
2532889X_1972-04-14_01_342.tcf.xml-7-9	vischer_aesthetik030203_1854-1875-31	inferred	0	 	Engpaß
2532889X_1973-09-22_01_089.tcf.xml-26-22	2532889X_1976-06-22_01_063.tcf.xml-23-7	inferred	1	 	Engpaß
2532889X_1973-09-22_01_089.tcf.xml-26-22	26120215_1947_04_24_01_126.tcf.xml-7-9	inferred	1	 	Engpaß
2532889X_1973-09-22_01_089.tcf.xml-26-22	26120215_1948_08_13_01_091.tcf.xml-15-17	inferred	1	 	Engpaß
2532889X_1973-09-22_01_089.tcf.xml-26-22	26120215_1948_12_21_01_020.tcf.xml-6-1	inferred	1	 	Engpaß
2532889X_1973-09-22_01_089.tcf.xml-26-22	26120215_1949_10_22_01_196.tcf.xml-28-16	inferred	1	 	Engpaß
2532889X_1973-09-22_01_089.tcf.xml-26-22	26120215_1970_07_24_01_094.tcf.xml-56-11	inferred	1	 	Engpaß
2532889X_1973-09-22_01_089.tcf.xml-26-22	26120215_1971_02_12_01_346.tcf.xml-34-7	inferred	1	 	Engpaß
2532889X_1973-09-22_01_089.tcf.xml-26-22	26120215_1976_03_02_01_025.tcf.xml-160-22	inferred	1	 	Engpaß
2532889X_1973-09-22_01_089.tcf.xml-26-22	26120215_1977_12_01_01_218.tcf.xml-48-22	inferred	1	 	Engpaß
2532889X_1973-09-22_01_089.tcf.xml-26-22	26120215_1986_09_08_01_015.tcf.xml-13-39	inferred	1	 	Engpaß
2532889X_1973-09-22_01_089.tcf.xml-26-22	brehm_thierleben01_1864-6441-1	inferred	0	 	Engpaß
2532889X_1973-09-22_01_089.tcf.xml-26-22	droysen_alexander_1833-2064-57	inferred	0	 	Engpaß
2532889X_1973-09-22_01_089.tcf.xml-26-22	droysen_alexander_1833-2077-10	inferred	0	 	Engpaß
2532889X_1973-09-22_01_089.tcf.xml-26-22	erbkam_tagebuch02_1843-2490-21	inferred	0	 	Engpaß
2532889X_1973-09-22_01_089.tcf.xml-26-22	erbkam_tagebuch02_1843-2502-22	inferred	0	 	Engpaß
2532889X_1973-09-22_01_089.tcf.xml-26-22	fontane_stechlin_1899-7913-12	inferred	0	 	Engpaß
2532889X_1973-09-22_01_089.tcf.xml-26-22	freud_hysterie_1895-3853-35	inferred	1	 	Engpaß
2532889X_1973-09-22_01_089.tcf.xml-26-22	humboldt_aequinoktial02_1859-811-59	inferred	0	 	Engpaß
2532889X_1973-09-22_01_089.tcf.xml-26-22	humboldt_aequinoktial03_1859-2103-12	inferred	0	 	Engpaß
2532889X_1973-09-22_01_089.tcf.xml-26-22	humboldt_aequinoktial04_1859-1451-6	inferred	0	 	Engpaß
2532889X_1973-09-22_01_089.tcf.xml-26-22	humboldt_aequinoktial04_1859-2007-29	inferred	0	 	Engpaß
2532889X_1973-09-22_01_089.tcf.xml-26-22	humboldt_aequinoktial04_1859-2016-1	inferred	0	 	Engpaß
2532889X_1973-09-22_01_089.tcf.xml-26-22	lehnert_seehaefen01_1891-3266-10	inferred	0	 	Engpaß
2532889X_1973-09-22_01_089.tcf.xml-26-22	mommsen_roemische01_1854-4605-25	inferred	0	 	Engpaß
2532889X_1973-09-22_01_089.tcf.xml-26-22	mommsen_roemische01_1854-5155-79	inferred	0	 	Engpaß
2532889X_1973-09-22_01_089.tcf.xml-26-22	mueller_hellenische02_1824-5697-51	inferred	0	 	Engpaß
2532889X_1973-09-22_01_089.tcf.xml-26-22	nn_nrhz193_1849-455-27	inferred	0	 	Engpaß
2532889X_1973-09-22_01_089.tcf.xml-26-22	nn_nrhz300i_1849-169-15	inferred	0	 	Engpaß
2532889X_1973-09-22_01_089.tcf.xml-26-22	pfeiffer_frauenfahrt01_1850-1876-7	inferred	0	 	Engpaß
2532889X_1973-09-22_01_089.tcf.xml-26-22	treitschke_geschichte01_1879-6912-37	inferred	0	 	Engpaß
2532889X_1973-09-22_01_089.tcf.xml-26-22	vischer_aesthetik030203_1854-1875-31	inferred	0	 	Engpaß
2532889X_1976-06-22_01_063.tcf.xml-23-7	26120215_1947_04_24_01_126.tcf.xml-7-9	inferred	1	 	Engpaß
2532889X_1976-06-22_01_063.tcf.xml-23-7	26120215_1948_08_13_01_091.tcf.xml-15-17	inferred	1	 	Engpaß
2532889X_1976-06-22_01_063.tcf.xml-23-7	26120215_1948_12_21_01_020.tcf.xml-6-1	inferred	1	 	Engpaß
2532889X_1976-06-22_01_063.tcf.xml-23-7	26120215_1949_10_22_01_196.tcf.xml-28-16	inferred	1	 	Engpaß
2532889X_1976-06-22_01_063.tcf.xml-23-7	26120215_1970_07_24_01_094.tcf.xml-56-11	inferred	1	 	Engpaß
2532889X_1976-06-22_01_063.tcf.xml-23-7	26120215_1971_02_12_01_346.tcf.xml-34-7	inferred	1	 	Engpaß
2532889X_1976-06-22_01_063.tcf.xml-23-7	26120215_1976_03_02_01_025.tcf.xml-160-22	inferred	1	 	Engpaß
2532889X_1976-06-22_01_063.tcf.xml-23-7	26120215_1977_12_01_01_218.tcf.xml-48-22	inferred	1	 	Engpaß
2532889X_1976-06-22_01_063.tcf.xml-23-7	26120215_1986_09_08_01_015.tcf.xml-13-39	inferred	1	 	Engpaß
2532889X_1976-06-22_01_063.tcf.xml-23-7	brehm_thierleben01_1864-6441-1	inferred	0	 	Engpaß
2532889X_1976-06-22_01_063.tcf.xml-23-7	droysen_alexander_1833-2064-57	inferred	0	 	Engpaß
2532889X_1976-06-22_01_063.tcf.xml-23-7	droysen_alexander_1833-2077-10	inferred	0	 	Engpaß
2532889X_1976-06-22_01_063.tcf.xml-23-7	erbkam_tagebuch02_1843-2490-21	inferred	0	 	Engpaß
2532889X_1976-06-22_01_063.tcf.xml-23-7	erbkam_tagebuch02_1843-2502-22	inferred	0	 	Engpaß
2532889X_1976-06-22_01_063.tcf.xml-23-7	fontane_stechlin_1899-7913-12	inferred	0	 	Engpaß
2532889X_1976-06-22_01_063.tcf.xml-23-7	freud_hysterie_1895-3853-35	inferred	1	 	Engpaß
2532889X_1976-06-22_01_063.tcf.xml-23-7	humboldt_aequinoktial02_1859-811-59	inferred	0	 	Engpaß
2532889X_1976-06-22_01_063.tcf.xml-23-7	humboldt_aequinoktial03_1859-2103-12	inferred	0	 	Engpaß
2532889X_1976-06-22_01_063.tcf.xml-23-7	humboldt_aequinoktial04_1859-1451-6	inferred	0	 	Engpaß
2532889X_1976-06-22_01_063.tcf.xml-23-7	humboldt_aequinoktial04_1859-2007-29	inferred	0	 	Engpaß
2532889X_1976-06-22_01_063.tcf.xml-23-7	humboldt_aequinoktial04_1859-2016-1	inferred	0	 	Engpaß
2532889X_1976-06-22_01_063.tcf.xml-23-7	lehnert_seehaefen01_1891-3266-10	inferred	0	 	Engpaß
2532889X_1976-06-22_01_063.tcf.xml-23-7	mommsen_roemische01_1854-4605-25	inferred	0	 	Engpaß
2532889X_1976-06-22_01_063.tcf.xml-23-7	mommsen_roemische01_1854-5155-79	inferred	0	 	Engpaß
2532889X_1976-06-22_01_063.tcf.xml-23-7	mueller_hellenische02_1824-5697-51	inferred	0	 	Engpaß
2532889X_1976-06-22_01_063.tcf.xml-23-7	nn_nrhz193_1849-455-27	inferred	0	 	Engpaß
2532889X_1976-06-22_01_063.tcf.xml-23-7	nn_nrhz300i_1849-169-15	inferred	0	 	Engpaß
2532889X_1976-06-22_01_063.tcf.xml-23-7	pfeiffer_frauenfahrt01_1850-1876-7	inferred	0	 	Engpaß
2532889X_1976-06-22_01_063.tcf.xml-23-7	treitschke_geschichte01_1879-6912-37	inferred	0	 	Engpaß
2532889X_1976-06-22_01_063.tcf.xml-23-7	vischer_aesthetik030203_1854-1875-31	inferred	0	 	Engpaß
26120215_1947_04_24_01_126.tcf.xml-7-9	26120215_1948_08_13_01_091.tcf.xml-15-17	inferred	1	 	Engpaß
26120215_1947_04_24_01_126.tcf.xml-7-9	26120215_1948_12_21_01_020.tcf.xml-6-1	inferred	1	 	Engpaß
26120215_1947_04_24_01_126.tcf.xml-7-9	26120215_1949_10_22_01_196.tcf.xml-28-16	inferred	1	 	Engpaß
26120215_1947_04_24_01_126.tcf.xml-7-9	26120215_1970_07_24_01_094.tcf.xml-56-11	inferred	1	 	Engpaß
26120215_1947_04_24_01_126.tcf.xml-7-9	26120215_1971_02_12_01_346.tcf.xml-34-7	inferred	1	 	Engpaß
26120215_1947_04_24_01_126.tcf.xml-7-9	26120215_1976_03_02_01_025.tcf.xml-160-22	inferred	1	 	Engpaß
26120215_1947_04_24_01_126.tcf.xml-7-9	26120215_1977_12_01_01_218.tcf.xml-48-22	inferred	1	 	Engpaß
26120215_1947_04_24_01_126.tcf.xml-7-9	26120215_1986_09_08_01_015.tcf.xml-13-39	inferred	1	 	Engpaß
26120215_1947_04_24_01_126.tcf.xml-7-9	brehm_thierleben01_1864-6441-1	inferred	0	 	Engpaß
26120215_1947_04_24_01_126.tcf.xml-7-9	droysen_alexander_1833-2064-57	inferred	0	 	Engpaß
26120215_1947_04_24_01_126.tcf.xml-7-9	droysen_alexander_1833-2077-10	inferred	0	 	Engpaß
26120215_1947_04_24_01_126.tcf.xml-7-9	erbkam_tagebuch02_1843-2490-21	inferred	0	 	Engpaß
26120215_1947_04_24_01_126.tcf.xml-7-9	erbkam_tagebuch02_1843-2502-22	inferred	0	 	Engpaß
26120215_1947_04_24_01_126.tcf.xml-7-9	fontane_stechlin_1899-7913-12	inferred	0	 	Engpaß
26120215_1947_04_24_01_126.tcf.xml-7-9	freud_hysterie_1895-3853-35	inferred	1	 	Engpaß
26120215_1947_04_24_01_126.tcf.xml-7-9	humboldt_aequinoktial02_1859-811-59	inferred	0	 	Engpaß
26120215_1947_04_24_01_126.tcf.xml-7-9	humboldt_aequinoktial03_1859-2103-12	inferred	0	 	Engpaß
26120215_1947_04_24_01_126.tcf.xml-7-9	humboldt_aequinoktial04_1859-1451-6	inferred	0	 	Engpaß
26120215_1947_04_24_01_126.tcf.xml-7-9	humboldt_aequinoktial04_1859-2007-29	inferred	0	 	Engpaß
26120215_1947_04_24_01_126.tcf.xml-7-9	humboldt_aequinoktial04_1859-2016-1	inferred	0	 	Engpaß
26120215_1947_04_24_01_126.tcf.xml-7-9	lehnert_seehaefen01_1891-3266-10	inferred	0	 	Engpaß
26120215_1947_04_24_01_126.tcf.xml-7-9	mommsen_roemische01_1854-4605-25	inferred	0	 	Engpaß
26120215_1947_04_24_01_126.tcf.xml-7-9	mommsen_roemische01_1854-5155-79	inferred	0	 	Engpaß
26120215_1947_04_24_01_126.tcf.xml-7-9	mueller_hellenische02_1824-5697-51	inferred	0	 	Engpaß
26120215_1947_04_24_01_126.tcf.xml-7-9	nn_nrhz193_1849-455-27	inferred	0	 	Engpaß
26120215_1947_04_24_01_126.tcf.xml-7-9	nn_nrhz300i_1849-169-15	inferred	0	 	Engpaß
26120215_1947_04_24_01_126.tcf.xml-7-9	pfeiffer_frauenfahrt01_1850-1876-7	inferred	0	 	Engpaß
26120215_1947_04_24_01_126.tcf.xml-7-9	treitschke_geschichte01_1879-6912-37	inferred	0	 	Engpaß
26120215_1947_04_24_01_126.tcf.xml-7-9	vischer_aesthetik030203_1854-1875-31	inferred	0	 	Engpaß
26120215_1948_08_13_01_091.tcf.xml-15-17	26120215_1948_12_21_01_020.tcf.xml-6-1	inferred	1	 	Engpaß
26120215_1948_08_13_01_091.tcf.xml-15-17	26120215_1949_10_22_01_196.tcf.xml-28-16	inferred	1	 	Engpaß
26120215_1948_08_13_01_091.tcf.xml-15-17	26120215_1970_07_24_01_094.tcf.xml-56-11	inferred	1	 	Engpaß
26120215_1948_08_13_01_091.tcf.xml-15-17	26120215_1971_02_12_01_346.tcf.xml-34-7	inferred	1	 	Engpaß
26120215_1948_08_13_01_091.tcf.xml-15-17	26120215_1976_03_02_01_025.tcf.xml-160-22	inferred	1	 	Engpaß
26120215_1948_08_13_01_091.tcf.xml-15-17	26120215_1977_12_01_01_218.tcf.xml-48-22	inferred	1	 	Engpaß
26120215_1948_08_13_01_091.tcf.xml-15-17	26120215_1986_09_08_01_015.tcf.xml-13-39	inferred	1	 	Engpaß
26120215_1948_08_13_01_091.tcf.xml-15-17	brehm_thierleben01_1864-6441-1	inferred	0	 	Engpaß
26120215_1948_08_13_01_091.tcf.xml-15-17	droysen_alexander_1833-2064-57	inferred	0	 	Engpaß
26120215_1948_08_13_01_091.tcf.xml-15-17	droysen_alexander_1833-2077-10	inferred	0	 	Engpaß
26120215_1948_08_13_01_091.tcf.xml-15-17	erbkam_tagebuch02_1843-2490-21	inferred	0	 	Engpaß
26120215_1948_08_13_01_091.tcf.xml-15-17	erbkam_tagebuch02_1843-2502-22	inferred	0	 	Engpaß
26120215_1948_08_13_01_091.tcf.xml-15-17	fontane_stechlin_1899-7913-12	inferred	0	 	Engpaß
26120215_1948_08_13_01_091.tcf.xml-15-17	freud_hysterie_1895-3853-35	inferred	1	 	Engpaß
26120215_1948_08_13_01_091.tcf.xml-15-17	humboldt_aequinoktial02_1859-811-59	inferred	0	 	Engpaß
26120215_1948_08_13_01_091.tcf.xml-15-17	humboldt_aequinoktial03_1859-2103-12	inferred	0	 	Engpaß
26120215_1948_08_13_01_091.tcf.xml-15-17	humboldt_aequinoktial04_1859-1451-6	inferred	0	 	Engpaß
26120215_1948_08_13_01_091.tcf.xml-15-17	humboldt_aequinoktial04_1859-2007-29	inferred	0	 	Engpaß
26120215_1948_08_13_01_091.tcf.xml-15-17	humboldt_aequinoktial04_1859-2016-1	inferred	0	 	Engpaß
26120215_1948_08_13_01_091.tcf.xml-15-17	lehnert_seehaefen01_1891-3266-10	inferred	0	 	Engpaß
26120215_1948_08_13_01_091.tcf.xml-15-17	mommsen_roemische01_1854-4605-25	inferred	0	 	Engpaß
26120215_1948_08_13_01_091.tcf.xml-15-17	mommsen_roemische01_1854-5155-79	inferred	0	 	Engpaß
26120215_1948_08_13_01_091.tcf.xml-15-17	mueller_hellenische02_1824-5697-51	inferred	0	 	Engpaß
26120215_1948_08_13_01_091.tcf.xml-15-17	nn_nrhz193_1849-455-27	inferred	0	 	Engpaß
26120215_1948_08_13_01_091.tcf.xml-15-17	nn_nrhz300i_1849-169-15	inferred	0	 	Engpaß
26120215_1948_08_13_01_091.tcf.xml-15-17	pfeiffer_frauenfahrt01_1850-1876-7	inferred	0	 	Engpaß
26120215_1948_08_13_01_091.tcf.xml-15-17	treitschke_geschichte01_1879-6912-37	inferred	0	 	Engpaß
26120215_1948_08_13_01_091.tcf.xml-15-17	vischer_aesthetik030203_1854-1875-31	inferred	0	 	Engpaß
26120215_1948_12_21_01_020.tcf.xml-6-1	26120215_1949_10_22_01_196.tcf.xml-28-16	inferred	1	 	Engpaß
26120215_1948_12_21_01_020.tcf.xml-6-1	26120215_1970_07_24_01_094.tcf.xml-56-11	inferred	1	 	Engpaß
26120215_1948_12_21_01_020.tcf.xml-6-1	26120215_1971_02_12_01_346.tcf.xml-34-7	inferred	1	 	Engpaß
26120215_1948_12_21_01_020.tcf.xml-6-1	26120215_1976_03_02_01_025.tcf.xml-160-22	inferred	1	 	Engpaß
26120215_1948_12_21_01_020.tcf.xml-6-1	26120215_1977_12_01_01_218.tcf.xml-48-22	inferred	1	 	Engpaß
26120215_1948_12_21_01_020.tcf.xml-6-1	26120215_1986_09_08_01_015.tcf.xml-13-39	inferred	1	 	Engpaß
26120215_1948_12_21_01_020.tcf.xml-6-1	brehm_thierleben01_1864-6441-1	inferred	0	 	Engpaß
26120215_1948_12_21_01_020.tcf.xml-6-1	droysen_alexander_1833-2064-57	inferred	0	 	Engpaß
26120215_1948_12_21_01_020.tcf.xml-6-1	droysen_alexander_1833-2077-10	inferred	0	 	Engpaß
26120215_1948_12_21_01_020.tcf.xml-6-1	erbkam_tagebuch02_1843-2490-21	inferred	0	 	Engpaß
26120215_1948_12_21_01_020.tcf.xml-6-1	erbkam_tagebuch02_1843-2502-22	inferred	0	 	Engpaß
26120215_1948_12_21_01_020.tcf.xml-6-1	fontane_stechlin_1899-7913-12	inferred	0	 	Engpaß
26120215_1948_12_21_01_020.tcf.xml-6-1	freud_hysterie_1895-3853-35	inferred	1	 	Engpaß
26120215_1948_12_21_01_020.tcf.xml-6-1	humboldt_aequinoktial02_1859-811-59	inferred	0	 	Engpaß
26120215_1948_12_21_01_020.tcf.xml-6-1	humboldt_aequinoktial03_1859-2103-12	inferred	0	 	Engpaß
26120215_1948_12_21_01_020.tcf.xml-6-1	humboldt_aequinoktial04_1859-1451-6	inferred	0	 	Engpaß
26120215_1948_12_21_01_020.tcf.xml-6-1	humboldt_aequinoktial04_1859-2007-29	inferred	0	 	Engpaß
26120215_1948_12_21_01_020.tcf.xml-6-1	humboldt_aequinoktial04_1859-2016-1	inferred	0	 	Engpaß
26120215_1948_12_21_01_020.tcf.xml-6-1	lehnert_seehaefen01_1891-3266-10	inferred	0	 	Engpaß
26120215_1948_12_21_01_020.tcf.xml-6-1	mommsen_roemische01_1854-4605-25	inferred	0	 	Engpaß
26120215_1948_12_21_01_020.tcf.xml-6-1	mommsen_roemische01_1854-5155-79	inferred	0	 	Engpaß
26120215_1948_12_21_01_020.tcf.xml-6-1	mueller_hellenische02_1824-5697-51	inferred	0	 	Engpaß
26120215_1948_12_21_01_020.tcf.xml-6-1	nn_nrhz193_1849-455-27	inferred	0	 	Engpaß
26120215_1948_12_21_01_020.tcf.xml-6-1	nn_nrhz300i_1849-169-15	inferred	0	 	Engpaß
26120215_1948_12_21_01_020.tcf.xml-6-1	pfeiffer_frauenfahrt01_1850-1876-7	inferred	0	 	Engpaß
26120215_1948_12_21_01_020.tcf.xml-6-1	treitschke_geschichte01_1879-6912-37	inferred	0	 	Engpaß
26120215_1948_12_21_01_020.tcf.xml-6-1	vischer_aesthetik030203_1854-1875-31	inferred	0	 	Engpaß
26120215_1949_10_22_01_196.tcf.xml-28-16	26120215_1970_07_24_01_094.tcf.xml-56-11	inferred	1	 	Engpaß
26120215_1949_10_22_01_196.tcf.xml-28-16	26120215_1971_02_12_01_346.tcf.xml-34-7	inferred	1	 	Engpaß
26120215_1949_10_22_01_196.tcf.xml-28-16	26120215_1976_03_02_01_025.tcf.xml-160-22	inferred	1	 	Engpaß
26120215_1949_10_22_01_196.tcf.xml-28-16	26120215_1977_12_01_01_218.tcf.xml-48-22	inferred	1	 	Engpaß
26120215_1949_10_22_01_196.tcf.xml-28-16	26120215_1986_09_08_01_015.tcf.xml-13-39	inferred	1	 	Engpaß
26120215_1949_10_22_01_196.tcf.xml-28-16	brehm_thierleben01_1864-6441-1	inferred	0	 	Engpaß
26120215_1949_10_22_01_196.tcf.xml-28-16	droysen_alexander_1833-2064-57	inferred	0	 	Engpaß
26120215_1949_10_22_01_196.tcf.xml-28-16	droysen_alexander_1833-2077-10	inferred	0	 	Engpaß
26120215_1949_10_22_01_196.tcf.xml-28-16	erbkam_tagebuch02_1843-2490-21	inferred	0	 	Engpaß
26120215_1949_10_22_01_196.tcf.xml-28-16	erbkam_tagebuch02_1843-2502-22	inferred	0	 	Engpaß
26120215_1949_10_22_01_196.tcf.xml-28-16	fontane_stechlin_1899-7913-12	inferred	0	 	Engpaß
26120215_1949_10_22_01_196.tcf.xml-28-16	freud_hysterie_1895-3853-35	inferred	1	 	Engpaß
26120215_1949_10_22_01_196.tcf.xml-28-16	humboldt_aequinoktial02_1859-811-59	inferred	0	 	Engpaß
26120215_1949_10_22_01_196.tcf.xml-28-16	humboldt_aequinoktial03_1859-2103-12	inferred	0	 	Engpaß
26120215_1949_10_22_01_196.tcf.xml-28-16	humboldt_aequinoktial04_1859-1451-6	inferred	0	 	Engpaß
26120215_1949_10_22_01_196.tcf.xml-28-16	humboldt_aequinoktial04_1859-2007-29	inferred	0	 	Engpaß
26120215_1949_10_22_01_196.tcf.xml-28-16	humboldt_aequinoktial04_1859-2016-1	inferred	0	 	Engpaß
26120215_1949_10_22_01_196.tcf.xml-28-16	lehnert_seehaefen01_1891-3266-10	inferred	0	 	Engpaß
26120215_1949_10_22_01_196.tcf.xml-28-16	mommsen_roemische01_1854-4605-25	inferred	0	 	Engpaß
26120215_1949_10_22_01_196.tcf.xml-28-16	mommsen_roemische01_1854-5155-79	inferred	0	 	Engpaß
26120215_1949_10_22_01_196.tcf.xml-28-16	mueller_hellenische02_1824-5697-51	inferred	0	 	Engpaß
26120215_1949_10_22_01_196.tcf.xml-28-16	nn_nrhz193_1849-455-27	inferred	0	 	Engpaß
26120215_1949_10_22_01_196.tcf.xml-28-16	nn_nrhz300i_1849-169-15	inferred	0	 	Engpaß
26120215_1949_10_22_01_196.tcf.xml-28-16	pfeiffer_frauenfahrt01_1850-1876-7	inferred	0	 	Engpaß
26120215_1949_10_22_01_196.tcf.xml-28-16	treitschke_geschichte01_1879-6912-37	inferred	0	 	Engpaß
26120215_1949_10_22_01_196.tcf.xml-28-16	vischer_aesthetik030203_1854-1875-31	inferred	0	 	Engpaß
26120215_1970_07_24_01_094.tcf.xml-56-11	26120215_1971_02_12_01_346.tcf.xml-34-7	inferred	1	 	Engpaß
26120215_1970_07_24_01_094.tcf.xml-56-11	26120215_1976_03_02_01_025.tcf.xml-160-22	inferred	1	 	Engpaß
26120215_1970_07_24_01_094.tcf.xml-56-11	26120215_1977_12_01_01_218.tcf.xml-48-22	inferred	1	 	Engpaß
26120215_1970_07_24_01_094.tcf.xml-56-11	26120215_1986_09_08_01_015.tcf.xml-13-39	inferred	1	 	Engpaß
26120215_1970_07_24_01_094.tcf.xml-56-11	brehm_thierleben01_1864-6441-1	inferred	0	 	Engpaß
26120215_1970_07_24_01_094.tcf.xml-56-11	droysen_alexander_1833-2064-57	inferred	0	 	Engpaß
26120215_1970_07_24_01_094.tcf.xml-56-11	droysen_alexander_1833-2077-10	inferred	0	 	Engpaß
26120215_1970_07_24_01_094.tcf.xml-56-11	erbkam_tagebuch02_1843-2490-21	inferred	0	 	Engpaß
26120215_1970_07_24_01_094.tcf.xml-56-11	erbkam_tagebuch02_1843-2502-22	inferred	0	 	Engpaß
26120215_1970_07_24_01_094.tcf.xml-56-11	fontane_stechlin_1899-7913-12	inferred	0	 	Engpaß
26120215_1970_07_24_01_094.tcf.xml-56-11	freud_hysterie_1895-3853-35	inferred	1	 	Engpaß
26120215_1970_07_24_01_094.tcf.xml-56-11	humboldt_aequinoktial02_1859-811-59	inferred	0	 	Engpaß
26120215_1970_07_24_01_094.tcf.xml-56-11	humboldt_aequinoktial03_1859-2103-12	inferred	0	 	Engpaß
26120215_1970_07_24_01_094.tcf.xml-56-11	humboldt_aequinoktial04_1859-1451-6	inferred	0	 	Engpaß
26120215_1970_07_24_01_094.tcf.xml-56-11	humboldt_aequinoktial04_1859-2007-29	inferred	0	 	Engpaß
26120215_1970_07_24_01_094.tcf.xml-56-11	humboldt_aequinoktial04_1859-2016-1	inferred	0	 	Engpaß
26120215_1970_07_24_01_094.tcf.xml-56-11	lehnert_seehaefen01_1891-3266-10	inferred	0	 	Engpaß
26120215_1970_07_24_01_094.tcf.xml-56-11	mommsen_roemische01_1854-4605-25	inferred	0	 	Engpaß
26120215_1970_07_24_01_094.tcf.xml-56-11	mommsen_roemische01_1854-5155-79	inferred	0	 	Engpaß
26120215_1970_07_24_01_094.tcf.xml-56-11	mueller_hellenische02_1824-5697-51	inferred	0	 	Engpaß
26120215_1970_07_24_01_094.tcf.xml-56-11	nn_nrhz193_1849-455-27	inferred	0	 	Engpaß
26120215_1970_07_24_01_094.tcf.xml-56-11	nn_nrhz300i_1849-169-15	inferred	0	 	Engpaß
26120215_1970_07_24_01_094.tcf.xml-56-11	pfeiffer_frauenfahrt01_1850-1876-7	inferred	0	 	Engpaß
26120215_1970_07_24_01_094.tcf.xml-56-11	treitschke_geschichte01_1879-6912-37	inferred	0	 	Engpaß
26120215_1970_07_24_01_094.tcf.xml-56-11	vischer_aesthetik030203_1854-1875-31	inferred	0	 	Engpaß
26120215_1971_02_12_01_346.tcf.xml-34-7	26120215_1976_03_02_01_025.tcf.xml-160-22	inferred	1	 	Engpaß
26120215_1971_02_12_01_346.tcf.xml-34-7	26120215_1977_12_01_01_218.tcf.xml-48-22	inferred	1	 	Engpaß
26120215_1971_02_12_01_346.tcf.xml-34-7	26120215_1986_09_08_01_015.tcf.xml-13-39	inferred	1	 	Engpaß
26120215_1971_02_12_01_346.tcf.xml-34-7	brehm_thierleben01_1864-6441-1	inferred	0	 	Engpaß
26120215_1971_02_12_01_346.tcf.xml-34-7	droysen_alexander_1833-2064-57	inferred	0	 	Engpaß
26120215_1971_02_12_01_346.tcf.xml-34-7	droysen_alexander_1833-2077-10	inferred	0	 	Engpaß
26120215_1971_02_12_01_346.tcf.xml-34-7	erbkam_tagebuch02_1843-2490-21	inferred	0	 	Engpaß
26120215_1971_02_12_01_346.tcf.xml-34-7	erbkam_tagebuch02_1843-2502-22	inferred	0	 	Engpaß
26120215_1971_02_12_01_346.tcf.xml-34-7	fontane_stechlin_1899-7913-12	inferred	0	 	Engpaß
26120215_1971_02_12_01_346.tcf.xml-34-7	freud_hysterie_1895-3853-35	inferred	1	 	Engpaß
26120215_1971_02_12_01_346.tcf.xml-34-7	humboldt_aequinoktial02_1859-811-59	inferred	0	 	Engpaß
26120215_1971_02_12_01_346.tcf.xml-34-7	humboldt_aequinoktial03_1859-2103-12	inferred	0	 	Engpaß
26120215_1971_02_12_01_346.tcf.xml-34-7	humboldt_aequinoktial04_1859-1451-6	inferred	0	 	Engpaß
26120215_1971_02_12_01_346.tcf.xml-34-7	humboldt_aequinoktial04_1859-2007-29	inferred	0	 	Engpaß
26120215_1971_02_12_01_346.tcf.xml-34-7	humboldt_aequinoktial04_1859-2016-1	inferred	0	 	Engpaß
26120215_1971_02_12_01_346.tcf.xml-34-7	lehnert_seehaefen01_1891-3266-10	inferred	0	 	Engpaß
26120215_1971_02_12_01_346.tcf.xml-34-7	mommsen_roemische01_1854-4605-25	inferred	0	 	Engpaß
26120215_1971_02_12_01_346.tcf.xml-34-7	mommsen_roemische01_1854-5155-79	inferred	0	 	Engpaß
26120215_1971_02_12_01_346.tcf.xml-34-7	mueller_hellenische02_1824-5697-51	inferred	0	 	Engpaß
26120215_1971_02_12_01_346.tcf.xml-34-7	nn_nrhz193_1849-455-27	inferred	0	 	Engpaß
26120215_1971_02_12_01_346.tcf.xml-34-7	nn_nrhz300i_1849-169-15	inferred	0	 	Engpaß
26120215_1971_02_12_01_346.tcf.xml-34-7	pfeiffer_frauenfahrt01_1850-1876-7	inferred	0	 	Engpaß
26120215_1971_02_12_01_346.tcf.xml-34-7	treitschke_geschichte01_1879-6912-37	inferred	0	 	Engpaß
26120215_1971_02_12_01_346.tcf.xml-34-7	vischer_aesthetik030203_1854-1875-31	inferred	0	 	Engpaß
26120215_1976_03_02_01_025.tcf.xml-160-22	26120215_1977_12_01_01_218.tcf.xml-48-22	inferred	1	 	Engpaß
26120215_1976_03_02_01_025.tcf.xml-160-22	26120215_1986_09_08_01_015.tcf.xml-13-39	inferred	1	 	Engpaß
26120215_1976_03_02_01_025.tcf.xml-160-22	brehm_thierleben01_1864-6441-1	inferred	0	 	Engpaß
26120215_1976_03_02_01_025.tcf.xml-160-22	droysen_alexander_1833-2064-57	inferred	0	 	Engpaß
26120215_1976_03_02_01_025.tcf.xml-160-22	droysen_alexander_1833-2077-10	inferred	0	 	Engpaß
26120215_1976_03_02_01_025.tcf.xml-160-22	erbkam_tagebuch02_1843-2490-21	inferred	0	 	Engpaß
26120215_1976_03_02_01_025.tcf.xml-160-22	erbkam_tagebuch02_1843-2502-22	inferred	0	 	Engpaß
26120215_1976_03_02_01_025.tcf.xml-160-22	fontane_stechlin_1899-7913-12	inferred	0	 	Engpaß
26120215_1976_03_02_01_025.tcf.xml-160-22	freud_hysterie_1895-3853-35	inferred	1	 	Engpaß
26120215_1976_03_02_01_025.tcf.xml-160-22	humboldt_aequinoktial02_1859-811-59	inferred	0	 	Engpaß
26120215_1976_03_02_01_025.tcf.xml-160-22	humboldt_aequinoktial03_1859-2103-12	inferred	0	 	Engpaß
26120215_1976_03_02_01_025.tcf.xml-160-22	humboldt_aequinoktial04_1859-1451-6	inferred	0	 	Engpaß
26120215_1976_03_02_01_025.tcf.xml-160-22	humboldt_aequinoktial04_1859-2007-29	inferred	0	 	Engpaß
26120215_1976_03_02_01_025.tcf.xml-160-22	humboldt_aequinoktial04_1859-2016-1	inferred	0	 	Engpaß
26120215_1976_03_02_01_025.tcf.xml-160-22	lehnert_seehaefen01_1891-3266-10	inferred	0	 	Engpaß
26120215_1976_03_02_01_025.tcf.xml-160-22	mommsen_roemische01_1854-4605-25	inferred	0	 	Engpaß
26120215_1976_03_02_01_025.tcf.xml-160-22	mommsen_roemische01_1854-5155-79	inferred	0	 	Engpaß
26120215_1976_03_02_01_025.tcf.xml-160-22	mueller_hellenische02_1824-5697-51	inferred	0	 	Engpaß
26120215_1976_03_02_01_025.tcf.xml-160-22	nn_nrhz193_1849-455-27	inferred	0	 	Engpaß
26120215_1976_03_02_01_025.tcf.xml-160-22	nn_nrhz300i_1849-169-15	inferred	0	 	Engpaß
26120215_1976_03_02_01_025.tcf.xml-160-22	pfeiffer_frauenfahrt01_1850-1876-7	inferred	0	 	Engpaß
26120215_1976_03_02_01_025.tcf.xml-160-22	treitschke_geschichte01_1879-6912-37	inferred	0	 	Engpaß
26120215_1976_03_02_01_025.tcf.xml-160-22	vischer_aesthetik030203_1854-1875-31	inferred	0	 	Engpaß
26120215_1977_12_01_01_218.tcf.xml-48-22	26120215_1986_09_08_01_015.tcf.xml-13-39	inferred	1	 	Engpaß
26120215_1977_12_01_01_218.tcf.xml-48-22	brehm_thierleben01_1864-6441-1	inferred	0	 	Engpaß
26120215_1977_12_01_01_218.tcf.xml-48-22	droysen_alexander_1833-2064-57	inferred	0	 	Engpaß
26120215_1977_12_01_01_218.tcf.xml-48-22	droysen_alexander_1833-2077-10	inferred	0	 	Engpaß
26120215_1977_12_01_01_218.tcf.xml-48-22	erbkam_tagebuch02_1843-2490-21	inferred	0	 	Engpaß
26120215_1977_12_01_01_218.tcf.xml-48-22	erbkam_tagebuch02_1843-2502-22	inferred	0	 	Engpaß
26120215_1977_12_01_01_218.tcf.xml-48-22	fontane_stechlin_1899-7913-12	inferred	0	 	Engpaß
26120215_1977_12_01_01_218.tcf.xml-48-22	freud_hysterie_1895-3853-35	inferred	1	 	Engpaß
26120215_1977_12_01_01_218.tcf.xml-48-22	humboldt_aequinoktial02_1859-811-59	inferred	0	 	Engpaß
26120215_1977_12_01_01_218.tcf.xml-48-22	humboldt_aequinoktial03_1859-2103-12	inferred	0	 	Engpaß
26120215_1977_12_01_01_218.tcf.xml-48-22	humboldt_aequinoktial04_1859-1451-6	inferred	0	 	Engpaß
26120215_1977_12_01_01_218.tcf.xml-48-22	humboldt_aequinoktial04_1859-2007-29	inferred	0	 	Engpaß
26120215_1977_12_01_01_218.tcf.xml-48-22	humboldt_aequinoktial04_1859-2016-1	inferred	0	 	Engpaß
26120215_1977_12_01_01_218.tcf.xml-48-22	lehnert_seehaefen01_1891-3266-10	inferred	0	 	Engpaß
26120215_1977_12_01_01_218.tcf.xml-48-22	mommsen_roemische01_1854-4605-25	inferred	0	 	Engpaß
26120215_1977_12_01_01_218.tcf.xml-48-22	mommsen_roemische01_1854-5155-79	inferred	0	 	Engpaß
26120215_1977_12_01_01_218.tcf.xml-48-22	mueller_hellenische02_1824-5697-51	inferred	0	 	Engpaß
26120215_1977_12_01_01_218.tcf.xml-48-22	nn_nrhz193_1849-455-27	inferred	0	 	Engpaß
26120215_1977_12_01_01_218.tcf.xml-48-22	nn_nrhz300i_1849-169-15	inferred	0	 	Engpaß
26120215_1977_12_01_01_218.tcf.xml-48-22	pfeiffer_frauenfahrt01_1850-1876-7	inferred	0	 	Engpaß
26120215_1977_12_01_01_218.tcf.xml-48-22	treitschke_geschichte01_1879-6912-37	inferred	0	 	Engpaß
26120215_1977_12_01_01_218.tcf.xml-48-22	vischer_aesthetik030203_1854-1875-31	inferred	0	 	Engpaß
26120215_1986_09_08_01_015.tcf.xml-13-39	brehm_thierleben01_1864-6441-1	inferred	0	 	Engpaß
26120215_1986_09_08_01_015.tcf.xml-13-39	droysen_alexander_1833-2064-57	inferred	0	 	Engpaß
26120215_1986_09_08_01_015.tcf.xml-13-39	droysen_alexander_1833-2077-10	inferred	0	 	Engpaß
26120215_1986_09_08_01_015.tcf.xml-13-39	erbkam_tagebuch02_1843-2490-21	inferred	0	 	Engpaß
26120215_1986_09_08_01_015.tcf.xml-13-39	erbkam_tagebuch02_1843-2502-22	inferred	0	 	Engpaß
26120215_1986_09_08_01_015.tcf.xml-13-39	fontane_stechlin_1899-7913-12	inferred	0	 	Engpaß
26120215_1986_09_08_01_015.tcf.xml-13-39	freud_hysterie_1895-3853-35	inferred	1	 	Engpaß
26120215_1986_09_08_01_015.tcf.xml-13-39	humboldt_aequinoktial02_1859-811-59	inferred	0	 	Engpaß
26120215_1986_09_08_01_015.tcf.xml-13-39	humboldt_aequinoktial03_1859-2103-12	inferred	0	 	Engpaß
26120215_1986_09_08_01_015.tcf.xml-13-39	humboldt_aequinoktial04_1859-1451-6	inferred	0	 	Engpaß
26120215_1986_09_08_01_015.tcf.xml-13-39	humboldt_aequinoktial04_1859-2007-29	inferred	0	 	Engpaß
26120215_1986_09_08_01_015.tcf.xml-13-39	humboldt_aequinoktial04_1859-2016-1	inferred	0	 	Engpaß
26120215_1986_09_08_01_015.tcf.xml-13-39	lehnert_seehaefen01_1891-3266-10	inferred	0	 	Engpaß
26120215_1986_09_08_01_015.tcf.xml-13-39	mommsen_roemische01_1854-4605-25	inferred	0	 	Engpaß
26120215_1986_09_08_01_015.tcf.xml-13-39	mommsen_roemische01_1854-5155-79	inferred	0	 	Engpaß
26120215_1986_09_08_01_015.tcf.xml-13-39	mueller_hellenische02_1824-5697-51	inferred	0	 	Engpaß
26120215_1986_09_08_01_015.tcf.xml-13-39	nn_nrhz193_1849-455-27	inferred	0	 	Engpaß
26120215_1986_09_08_01_015.tcf.xml-13-39	nn_nrhz300i_1849-169-15	inferred	0	 	Engpaß
26120215_1986_09_08_01_015.tcf.xml-13-39	pfeiffer_frauenfahrt01_1850-1876-7	inferred	0	 	Engpaß
26120215_1986_09_08_01_015.tcf.xml-13-39	treitschke_geschichte01_1879-6912-37	inferred	0	 	Engpaß
26120215_1986_09_08_01_015.tcf.xml-13-39	vischer_aesthetik030203_1854-1875-31	inferred	0	 	Engpaß
brehm_thierleben01_1864-6441-1	droysen_alexander_1833-2064-57	inferred	1	 	Engpaß
brehm_thierleben01_1864-6441-1	droysen_alexander_1833-2077-10	inferred	1	 	Engpaß
brehm_thierleben01_1864-6441-1	erbkam_tagebuch02_1843-2490-21	inferred	1	 	Engpaß
brehm_thierleben01_1864-6441-1	erbkam_tagebuch02_1843-2502-22	inferred	1	 	Engpaß
brehm_thierleben01_1864-6441-1	fontane_stechlin_1899-7913-12	inferred	1	 	Engpaß
brehm_thierleben01_1864-6441-1	freud_hysterie_1895-3853-35	inferred	0	 	Engpaß
brehm_thierleben01_1864-6441-1	humboldt_aequinoktial02_1859-811-59	inferred	1	 	Engpaß
brehm_thierleben01_1864-6441-1	humboldt_aequinoktial03_1859-2103-12	inferred	1	 	Engpaß
brehm_thierleben01_1864-6441-1	humboldt_aequinoktial04_1859-1451-6	inferred	1	 	Engpaß
brehm_thierleben01_1864-6441-1	humboldt_aequinoktial04_1859-2007-29	inferred	1	 	Engpaß
brehm_thierleben01_1864-6441-1	humboldt_aequinoktial04_1859-2016-1	inferred	1	 	Engpaß
brehm_thierleben01_1864-6441-1	lehnert_seehaefen01_1891-3266-10	inferred	1	 	Engpaß
brehm_thierleben01_1864-6441-1	mommsen_roemische01_1854-4605-25	inferred	1	 	Engpaß
brehm_thierleben01_1864-6441-1	mommsen_roemische01_1854-5155-79	inferred	1	 	Engpaß
brehm_thierleben01_1864-6441-1	mueller_hellenische02_1824-5697-51	inferred	1	 	Engpaß
brehm_thierleben01_1864-6441-1	nn_nrhz193_1849-455-27	inferred	1	 	Engpaß
brehm_thierleben01_1864-6441-1	nn_nrhz300i_1849-169-15	inferred	1	 	Engpaß
brehm_thierleben01_1864-6441-1	pfeiffer_frauenfahrt01_1850-1876-7	inferred	1	 	Engpaß
brehm_thierleben01_1864-6441-1	treitschke_geschichte01_1879-6912-37	inferred	1	 	Engpaß
brehm_thierleben01_1864-6441-1	vischer_aesthetik030203_1854-1875-31	inferred	1	 	Engpaß
droysen_alexander_1833-2064-57	droysen_alexander_1833-2077-10	inferred	1	 	Engpaß
droysen_alexander_1833-2064-57	erbkam_tagebuch02_1843-2490-21	inferred	1	 	Engpaß
droysen_alexander_1833-2064-57	erbkam_tagebuch02_1843-2502-22	inferred	1	 	Engpaß
droysen_alexander_1833-2064-57	fontane_stechlin_1899-7913-12	inferred	1	 	Engpaß
droysen_alexander_1833-2064-57	freud_hysterie_1895-3853-35	inferred	0	 	Engpaß
droysen_alexander_1833-2064-57	humboldt_aequinoktial02_1859-811-59	inferred	1	 	Engpaß
droysen_alexander_1833-2064-57	humboldt_aequinoktial03_1859-2103-12	inferred	1	 	Engpaß
droysen_alexander_1833-2064-57	humboldt_aequinoktial04_1859-1451-6	inferred	1	 	Engpaß
droysen_alexander_1833-2064-57	humboldt_aequinoktial04_1859-2007-29	inferred	1	 	Engpaß
droysen_alexander_1833-2064-57	humboldt_aequinoktial04_1859-2016-1	inferred	1	 	Engpaß
droysen_alexander_1833-2064-57	lehnert_seehaefen01_1891-3266-10	inferred	1	 	Engpaß
droysen_alexander_1833-2064-57	mommsen_roemische01_1854-4605-25	inferred	1	 	Engpaß
droysen_alexander_1833-2064-57	mommsen_roemische01_1854-5155-79	inferred	1	 	Engpaß
droysen_alexander_1833-2064-57	mueller_hellenische02_1824-5697-51	inferred	1	 	Engpaß
droysen_alexander_1833-2064-57	nn_nrhz193_1849-455-27	inferred	1	 	Engpaß
droysen_alexander_1833-2064-57	nn_nrhz300i_1849-169-15	inferred	1	 	Engpaß
droysen_alexander_1833-2064-57	pfeiffer_frauenfahrt01_1850-1876-7	inferred	1	 	Engpaß
droysen_alexander_1833-2064-57	treitschke_geschichte01_1879-6912-37	inferred	1	 	Engpaß
droysen_alexander_1833-2064-57	vischer_aesthetik030203_1854-1875-31	inferred	1	 	Engpaß
droysen_alexander_1833-2077-10	erbkam_tagebuch02_1843-2490-21	inferred	1	 	Engpaß
droysen_alexander_1833-2077-10	erbkam_tagebuch02_1843-2502-22	inferred	1	 	Engpaß
droysen_alexander_1833-2077-10	fontane_stechlin_1899-7913-12	inferred	1	 	Engpaß
droysen_alexander_1833-2077-10	freud_hysterie_1895-3853-35	inferred	0	 	Engpaß
droysen_alexander_1833-2077-10	humboldt_aequinoktial02_1859-811-59	inferred	1	 	Engpaß
droysen_alexander_1833-2077-10	humboldt_aequinoktial03_1859-2103-12	inferred	1	 	Engpaß
droysen_alexander_1833-2077-10	humboldt_aequinoktial04_1859-1451-6	inferred	1	 	Engpaß
droysen_alexander_1833-2077-10	humboldt_aequinoktial04_1859-2007-29	inferred	1	 	Engpaß
droysen_alexander_1833-2077-10	humboldt_aequinoktial04_1859-2016-1	inferred	1	 	Engpaß
droysen_alexander_1833-2077-10	lehnert_seehaefen01_1891-3266-10	inferred	1	 	Engpaß
droysen_alexander_1833-2077-10	mommsen_roemische01_1854-4605-25	inferred	1	 	Engpaß
droysen_alexander_1833-2077-10	mommsen_roemische01_1854-5155-79	inferred	1	 	Engpaß
droysen_alexander_1833-2077-10	mueller_hellenische02_1824-5697-51	inferred	1	 	Engpaß
droysen_alexander_1833-2077-10	nn_nrhz193_1849-455-27	inferred	1	 	Engpaß
droysen_alexander_1833-2077-10	nn_nrhz300i_1849-169-15	inferred	1	 	Engpaß
droysen_alexander_1833-2077-10	pfeiffer_frauenfahrt01_1850-1876-7	inferred	1	 	Engpaß
droysen_alexander_1833-2077-10	treitschke_geschichte01_1879-6912-37	inferred	1	 	Engpaß
droysen_alexander_1833-2077-10	vischer_aesthetik030203_1854-1875-31	inferred	1	 	Engpaß
erbkam_tagebuch02_1843-2490-21	erbkam_tagebuch02_1843-2502-22	inferred	1	 	Engpaß
erbkam_tagebuch02_1843-2490-21	fontane_stechlin_1899-7913-12	inferred	1	 	Engpaß
erbkam_tagebuch02_1843-2490-21	freud_hysterie_1895-3853-35	inferred	0	 	Engpaß
erbkam_tagebuch02_1843-2490-21	humboldt_aequinoktial02_1859-811-59	inferred	1	 	Engpaß
erbkam_tagebuch02_1843-2490-21	humboldt_aequinoktial03_1859-2103-12	inferred	1	 	Engpaß
erbkam_tagebuch02_1843-2490-21	humboldt_aequinoktial04_1859-1451-6	inferred	1	 	Engpaß
erbkam_tagebuch02_1843-2490-21	humboldt_aequinoktial04_1859-2007-29	inferred	1	 	Engpaß
erbkam_tagebuch02_1843-2490-21	humboldt_aequinoktial04_1859-2016-1	inferred	1	 	Engpaß
erbkam_tagebuch02_1843-2490-21	lehnert_seehaefen01_1891-3266-10	inferred	1	 	Engpaß
erbkam_tagebuch02_1843-2490-21	mommsen_roemische01_1854-4605-25	inferred	1	 	Engpaß
erbkam_tagebuch02_1843-2490-21	mommsen_roemische01_1854-5155-79	inferred	1	 	Engpaß
erbkam_tagebuch02_1843-2490-21	mueller_hellenische02_1824-5697-51	inferred	1	 	Engpaß
erbkam_tagebuch02_1843-2490-21	nn_nrhz193_1849-455-27	inferred	1	 	Engpaß
erbkam_tagebuch02_1843-2490-21	nn_nrhz300i_1849-169-15	inferred	1	 	Engpaß
erbkam_tagebuch02_1843-2490-21	pfeiffer_frauenfahrt01_1850-1876-7	inferred	1	 	Engpaß
erbkam_tagebuch02_1843-2490-21	treitschke_geschichte01_1879-6912-37	inferred	1	 	Engpaß
erbkam_tagebuch02_1843-2490-21	vischer_aesthetik030203_1854-1875-31	inferred	1	 	Engpaß
erbkam_tagebuch02_1843-2502-22	fontane_stechlin_1899-7913-12	inferred	1	 	Engpaß
erbkam_tagebuch02_1843-2502-22	freud_hysterie_1895-3853-35	inferred	0	 	Engpaß
erbkam_tagebuch02_1843-2502-22	humboldt_aequinoktial02_1859-811-59	inferred	1	 	Engpaß
erbkam_tagebuch02_1843-2502-22	humboldt_aequinoktial03_1859-2103-12	inferred	1	 	Engpaß
erbkam_tagebuch02_1843-2502-22	humboldt_aequinoktial04_1859-1451-6	inferred	1	 	Engpaß
erbkam_tagebuch02_1843-2502-22	humboldt_aequinoktial04_1859-2007-29	inferred	1	 	Engpaß
erbkam_tagebuch02_1843-2502-22	humboldt_aequinoktial04_1859-2016-1	inferred	1	 	Engpaß
erbkam_tagebuch02_1843-2502-22	lehnert_seehaefen01_1891-3266-10	inferred	1	 	Engpaß
erbkam_tagebuch02_1843-2502-22	mommsen_roemische01_1854-4605-25	inferred	1	 	Engpaß
erbkam_tagebuch02_1843-2502-22	mommsen_roemische01_1854-5155-79	inferred	1	 	Engpaß
erbkam_tagebuch02_1843-2502-22	mueller_hellenische02_1824-5697-51	inferred	1	 	Engpaß
erbkam_tagebuch02_1843-2502-22	nn_nrhz193_1849-455-27	inferred	1	 	Engpaß
erbkam_tagebuch02_1843-2502-22	nn_nrhz300i_1849-169-15	inferred	1	 	Engpaß
erbkam_tagebuch02_1843-2502-22	pfeiffer_frauenfahrt01_1850-1876-7	inferred	1	 	Engpaß
erbkam_tagebuch02_1843-2502-22	treitschke_geschichte01_1879-6912-37	inferred	1	 	Engpaß
erbkam_tagebuch02_1843-2502-22	vischer_aesthetik030203_1854-1875-31	inferred	1	 	Engpaß
fontane_stechlin_1899-7913-12	freud_hysterie_1895-3853-35	inferred	0	 	Engpaß
fontane_stechlin_1899-7913-12	humboldt_aequinoktial02_1859-811-59	inferred	1	 	Engpaß
fontane_stechlin_1899-7913-12	humboldt_aequinoktial03_1859-2103-12	inferred	1	 	Engpaß
fontane_stechlin_1899-7913-12	humboldt_aequinoktial04_1859-1451-6	inferred	1	 	Engpaß
fontane_stechlin_1899-7913-12	humboldt_aequinoktial04_1859-2007-29	inferred	1	 	Engpaß
fontane_stechlin_1899-7913-12	humboldt_aequinoktial04_1859-2016-1	inferred	1	 	Engpaß
fontane_stechlin_1899-7913-12	lehnert_seehaefen01_1891-3266-10	inferred	1	 	Engpaß
fontane_stechlin_1899-7913-12	mommsen_roemische01_1854-4605-25	inferred	1	 	Engpaß
fontane_stechlin_1899-7913-12	mommsen_roemische01_1854-5155-79	inferred	1	 	Engpaß
fontane_stechlin_1899-7913-12	mueller_hellenische02_1824-5697-51	inferred	1	 	Engpaß
fontane_stechlin_1899-7913-12	nn_nrhz193_1849-455-27	inferred	1	 	Engpaß
fontane_stechlin_1899-7913-12	nn_nrhz300i_1849-169-15	inferred	1	 	Engpaß
fontane_stechlin_1899-7913-12	pfeiffer_frauenfahrt01_1850-1876-7	inferred	1	 	Engpaß
fontane_stechlin_1899-7913-12	treitschke_geschichte01_1879-6912-37	inferred	1	 	Engpaß
fontane_stechlin_1899-7913-12	vischer_aesthetik030203_1854-1875-31	inferred	1	 	Engpaß
freud_hysterie_1895-3853-35	humboldt_aequinoktial02_1859-811-59	inferred	0	 	Engpaß
freud_hysterie_1895-3853-35	humboldt_aequinoktial03_1859-2103-12	inferred	0	 	Engpaß
freud_hysterie_1895-3853-35	humboldt_aequinoktial04_1859-1451-6	inferred	0	 	Engpaß
freud_hysterie_1895-3853-35	humboldt_aequinoktial04_1859-2007-29	inferred	0	 	Engpaß
freud_hysterie_1895-3853-35	humboldt_aequinoktial04_1859-2016-1	inferred	0	 	Engpaß
freud_hysterie_1895-3853-35	lehnert_seehaefen01_1891-3266-10	inferred	0	 	Engpaß
freud_hysterie_1895-3853-35	mommsen_roemische01_1854-4605-25	inferred	0	 	Engpaß
freud_hysterie_1895-3853-35	mommsen_roemische01_1854-5155-79	inferred	0	 	Engpaß
freud_hysterie_1895-3853-35	mueller_hellenische02_1824-5697-51	inferred	0	 	Engpaß
freud_hysterie_1895-3853-35	nn_nrhz193_1849-455-27	inferred	0	 	Engpaß
freud_hysterie_1895-3853-35	nn_nrhz300i_1849-169-15	inferred	0	 	Engpaß
freud_hysterie_1895-3853-35	pfeiffer_frauenfahrt01_1850-1876-7	inferred	0	 	Engpaß
freud_hysterie_1895-3853-35	treitschke_geschichte01_1879-6912-37	inferred	0	 	Engpaß
freud_hysterie_1895-3853-35	vischer_aesthetik030203_1854-1875-31	inferred	0	 	Engpaß
humboldt_aequinoktial02_1859-811-59	humboldt_aequinoktial03_1859-2103-12	inferred	1	 	Engpaß
humboldt_aequinoktial02_1859-811-59	humboldt_aequinoktial04_1859-1451-6	inferred	1	 	Engpaß
humboldt_aequinoktial02_1859-811-59	humboldt_aequinoktial04_1859-2007-29	inferred	1	 	Engpaß
humboldt_aequinoktial02_1859-811-59	humboldt_aequinoktial04_1859-2016-1	inferred	1	 	Engpaß
humboldt_aequinoktial02_1859-811-59	lehnert_seehaefen01_1891-3266-10	inferred	1	 	Engpaß
humboldt_aequinoktial02_1859-811-59	mommsen_roemische01_1854-4605-25	inferred	1	 	Engpaß
humboldt_aequinoktial02_1859-811-59	mommsen_roemische01_1854-5155-79	inferred	1	 	Engpaß
humboldt_aequinoktial02_1859-811-59	mueller_hellenische02_1824-5697-51	inferred	1	 	Engpaß
humboldt_aequinoktial02_1859-811-59	nn_nrhz193_1849-455-27	inferred	1	 	Engpaß
humboldt_aequinoktial02_1859-811-59	nn_nrhz300i_1849-169-15	inferred	1	 	Engpaß
humboldt_aequinoktial02_1859-811-59	pfeiffer_frauenfahrt01_1850-1876-7	inferred	1	 	Engpaß
humboldt_aequinoktial02_1859-811-59	treitschke_geschichte01_1879-6912-37	inferred	1	 	Engpaß
humboldt_aequinoktial02_1859-811-59	vischer_aesthetik030203_1854-1875-31	inferred	1	 	Engpaß
humboldt_aequinoktial03_1859-2103-12	humboldt_aequinoktial04_1859-1451-6	inferred	1	 	Engpaß
humboldt_aequinoktial03_1859-2103-12	humboldt_aequinoktial04_1859-2007-29	inferred	1	 	Engpaß
humboldt_aequinoktial03_1859-2103-12	humboldt_aequinoktial04_1859-2016-1	inferred	1	 	Engpaß
humboldt_aequinoktial03_1859-2103-12	lehnert_seehaefen01_1891-3266-10	inferred	1	 	Engpaß
humboldt_aequinoktial03_1859-2103-12	mommsen_roemische01_1854-4605-25	inferred	1	 	Engpaß
humboldt_aequinoktial03_1859-2103-12	mommsen_roemische01_1854-5155-79	inferred	1	 	Engpaß
humboldt_aequinoktial03_1859-2103-12	mueller_hellenische02_1824-5697-51	inferred	1	 	Engpaß
humboldt_aequinoktial03_1859-2103-12	nn_nrhz193_1849-455-27	inferred	1	 	Engpaß
humboldt_aequinoktial03_1859-2103-12	nn_nrhz300i_1849-169-15	inferred	1	 	Engpaß
humboldt_aequinoktial03_1859-2103-12	pfeiffer_frauenfahrt01_1850-1876-7	inferred	1	 	Engpaß
humboldt_aequinoktial03_1859-2103-12	treitschke_geschichte01_1879-6912-37	inferred	1	 	Engpaß
humboldt_aequinoktial03_1859-2103-12	vischer_aesthetik030203_1854-1875-31	inferred	1	 	Engpaß
humboldt_aequinoktial04_1859-1451-6	humboldt_aequinoktial04_1859-2007-29	inferred	1	 	Engpaß
humboldt_aequinoktial04_1859-1451-6	humboldt_aequinoktial04_1859-2016-1	inferred	1	 	Engpaß
humboldt_aequinoktial04_1859-1451-6	lehnert_seehaefen01_1891-3266-10	inferred	1	 	Engpaß
humboldt_aequinoktial04_1859-1451-6	mommsen_roemische01_1854-4605-25	inferred	1	 	Engpaß
humboldt_aequinoktial04_1859-1451-6	mommsen_roemische01_1854-5155-79	inferred	1	 	Engpaß
humboldt_aequinoktial04_1859-1451-6	mueller_hellenische02_1824-5697-51	inferred	1	 	Engpaß
humboldt_aequinoktial04_1859-1451-6	nn_nrhz193_1849-455-27	inferred	1	 	Engpaß
humboldt_aequinoktial04_1859-1451-6	nn_nrhz300i_1849-169-15	inferred	1	 	Engpaß
humboldt_aequinoktial04_1859-1451-6	pfeiffer_frauenfahrt01_1850-1876-7	inferred	1	 	Engpaß
humboldt_aequinoktial04_1859-1451-6	treitschke_geschichte01_1879-6912-37	inferred	1	 	Engpaß
humboldt_aequinoktial04_1859-1451-6	vischer_aesthetik030203_1854-1875-31	inferred	1	 	Engpaß
humboldt_aequinoktial04_1859-2007-29	humboldt_aequinoktial04_1859-2016-1	inferred	1	 	Engpaß
humboldt_aequinoktial04_1859-2007-29	lehnert_seehaefen01_1891-3266-10	inferred	1	 	Engpaß
humboldt_aequinoktial04_1859-2007-29	mommsen_roemische01_1854-4605-25	inferred	1	 	Engpaß
humboldt_aequinoktial04_1859-2007-29	mommsen_roemische01_1854-5155-79	inferred	1	 	Engpaß
humboldt_aequinoktial04_1859-2007-29	mueller_hellenische02_1824-5697-51	inferred	1	 	Engpaß
humboldt_aequinoktial04_1859-2007-29	nn_nrhz193_1849-455-27	inferred	1	 	Engpaß
humboldt_aequinoktial04_1859-2007-29	nn_nrhz300i_1849-169-15	inferred	1	 	Engpaß
humboldt_aequinoktial04_1859-2007-29	pfeiffer_frauenfahrt01_1850-1876-7	inferred	1	 	Engpaß
humboldt_aequinoktial04_1859-2007-29	treitschke_geschichte01_1879-6912-37	inferred	1	 	Engpaß
humboldt_aequinoktial04_1859-2007-29	vischer_aesthetik030203_1854-1875-31	inferred	1	 	Engpaß
humboldt_aequinoktial04_1859-2016-1	lehnert_seehaefen01_1891-3266-10	inferred	1	 	Engpaß
humboldt_aequinoktial04_1859-2016-1	mommsen_roemische01_1854-4605-25	inferred	1	 	Engpaß
humboldt_aequinoktial04_1859-2016-1	mommsen_roemische01_1854-5155-79	inferred	1	 	Engpaß
humboldt_aequinoktial04_1859-2016-1	mueller_hellenische02_1824-5697-51	inferred	1	 	Engpaß
humboldt_aequinoktial04_1859-2016-1	nn_nrhz193_1849-455-27	inferred	1	 	Engpaß
humboldt_aequinoktial04_1859-2016-1	nn_nrhz300i_1849-169-15	inferred	1	 	Engpaß
humboldt_aequinoktial04_1859-2016-1	pfeiffer_frauenfahrt01_1850-1876-7	inferred	1	 	Engpaß
humboldt_aequinoktial04_1859-2016-1	treitschke_geschichte01_1879-6912-37	inferred	1	 	Engpaß
humboldt_aequinoktial04_1859-2016-1	vischer_aesthetik030203_1854-1875-31	inferred	1	 	Engpaß
lehnert_seehaefen01_1891-3266-10	mommsen_roemische01_1854-4605-25	inferred	1	 	Engpaß
lehnert_seehaefen01_1891-3266-10	mommsen_roemische01_1854-5155-79	inferred	1	 	Engpaß
lehnert_seehaefen01_1891-3266-10	mueller_hellenische02_1824-5697-51	inferred	1	 	Engpaß
lehnert_seehaefen01_1891-3266-10	nn_nrhz193_1849-455-27	inferred	1	 	Engpaß
lehnert_seehaefen01_1891-3266-10	nn_nrhz300i_1849-169-15	inferred	1	 	Engpaß
lehnert_seehaefen01_1891-3266-10	pfeiffer_frauenfahrt01_1850-1876-7	inferred	1	 	Engpaß
lehnert_seehaefen01_1891-3266-10	treitschke_geschichte01_1879-6912-37	inferred	1	 	Engpaß
lehnert_seehaefen01_1891-3266-10	vischer_aesthetik030203_1854-1875-31	inferred	1	 	Engpaß
mommsen_roemische01_1854-4605-25	mommsen_roemische01_1854-5155-79	inferred	1	 	Engpaß
mommsen_roemische01_1854-4605-25	mueller_hellenische02_1824-5697-51	inferred	1	 	Engpaß
mommsen_roemische01_1854-4605-25	nn_nrhz193_1849-455-27	inferred	1	 	Engpaß
mommsen_roemische01_1854-4605-25	nn_nrhz300i_1849-169-15	inferred	1	 	Engpaß
mommsen_roemische01_1854-4605-25	pfeiffer_frauenfahrt01_1850-1876-7	inferred	1	 	Engpaß
mommsen_roemische01_1854-4605-25	treitschke_geschichte01_1879-6912-37	inferred	1	 	Engpaß
mommsen_roemische01_1854-4605-25	vischer_aesthetik030203_1854-1875-31	inferred	1	 	Engpaß
mommsen_roemische01_1854-5155-79	mueller_hellenische02_1824-5697-51	inferred	1	 	Engpaß
mommsen_roemische01_1854-5155-79	nn_nrhz193_1849-455-27	inferred	1	 	Engpaß
mommsen_roemische01_1854-5155-79	nn_nrhz300i_1849-169-15	inferred	1	 	Engpaß
mommsen_roemische01_1854-5155-79	pfeiffer_frauenfahrt01_1850-1876-7	inferred	1	 	Engpaß
mommsen_roemische01_1854-5155-79	treitschke_geschichte01_1879-6912-37	inferred	1	 	Engpaß
mommsen_roemische01_1854-5155-79	vischer_aesthetik030203_1854-1875-31	inferred	1	 	Engpaß
mueller_hellenische02_1824-5697-51	nn_nrhz193_1849-455-27	inferred	1	 	Engpaß
mueller_hellenische02_1824-5697-51	nn_nrhz300i_1849-169-15	inferred	1	 	Engpaß
mueller_hellenische02_1824-5697-51	pfeiffer_frauenfahrt01_1850-1876-7	inferred	1	 	Engpaß
mueller_hellenische02_1824-5697-51	treitschke_geschichte01_1879-6912-37	inferred	1	 	Engpaß
mueller_hellenische02_1824-5697-51	vischer_aesthetik030203_1854-1875-31	inferred	1	 	Engpaß
nn_nrhz193_1849-455-27	nn_nrhz300i_1849-169-15	inferred	1	 	Engpaß
nn_nrhz193_1849-455-27	pfeiffer_frauenfahrt01_1850-1876-7	inferred	1	 	Engpaß
nn_nrhz193_1849-455-27	treitschke_geschichte01_1879-6912-37	inferred	1	 	Engpaß
nn_nrhz193_1849-455-27	vischer_aesthetik030203_1854-1875-31	inferred	1	 	Engpaß
nn_nrhz300i_1849-169-15	pfeiffer_frauenfahrt01_1850-1876-7	inferred	1	 	Engpaß
nn_nrhz300i_1849-169-15	treitschke_geschichte01_1879-6912-37	inferred	1	 	Engpaß
nn_nrhz300i_1849-169-15	vischer_aesthetik030203_1854-1875-31	inferred	1	 	Engpaß
pfeiffer_frauenfahrt01_1850-1876-7	treitschke_geschichte01_1879-6912-37	inferred	1	 	Engpaß
pfeiffer_frauenfahrt01_1850-1876-7	vischer_aesthetik030203_1854-1875-31	inferred	1	 	Engpaß
treitschke_geschichte01_1879-6912-37	vischer_aesthetik030203_1854-1875-31	inferred	1	 	Engpaß
