identifier1	identifier2	annotator	judgment	comment	lemma
2532889X_1946-07-26_01_006.tcf.xml-71-13	2532889X_1958-02-05_01_028.tcf.xml-11-16	inferred	1	 	Mißklang
2532889X_1946-07-26_01_006.tcf.xml-71-13	2532889X_1964-10-04_01_105.tcf.xml-25-11	inferred	1	 	Mißklang
2532889X_1946-07-26_01_006.tcf.xml-71-13	2532889X_1965-04-26_01_156.tcf.xml-23-15	inferred	1	 	Mißklang
2532889X_1946-07-26_01_006.tcf.xml-71-13	2532889X_1970-02-12_01_061.tcf.xml-12-31	inferred	0	 	Mißklang
2532889X_1946-07-26_01_006.tcf.xml-71-13	2532889X_1972-01-08_01_052.tcf.xml-35-13	inferred	1	 	Mißklang
2532889X_1946-07-26_01_006.tcf.xml-71-13	2532889X_1987-03-24_01_052.tcf.xml-34-17	inferred	1	 	Mißklang
2532889X_1946-07-26_01_006.tcf.xml-71-13	26120215_1947_03_22_01_039.tcf.xml-23-8	inferred	1	 	Mißklang
2532889X_1946-07-26_01_006.tcf.xml-71-13	26120215_1947_09_16_01_212.tcf.xml-4-22	inferred	1	 	Mißklang
2532889X_1946-07-26_01_006.tcf.xml-71-13	26120215_1947_12_14_01_055.tcf.xml-13-28	inferred	1	 	Mißklang
2532889X_1946-07-26_01_006.tcf.xml-71-13	26120215_1950_01_26_01_006.tcf.xml-2-10	inferred	1	 	Mißklang
2532889X_1946-07-26_01_006.tcf.xml-71-13	26120215_1952_10_19_01_050.tcf.xml-118-40	inferred	1	 	Mißklang
2532889X_1946-07-26_01_006.tcf.xml-71-13	26120215_1958_12_20_01_214.tcf.xml-24-4	inferred	1	 	Mißklang
2532889X_1946-07-26_01_006.tcf.xml-71-13	26120215_1964_07_05_01_083.tcf.xml-10-6	inferred	1	 	Mißklang
2532889X_1946-07-26_01_006.tcf.xml-71-13	26120215_1966_08_12_01_264.tcf.xml-74-19	inferred	1	 	Mißklang
2532889X_1946-07-26_01_006.tcf.xml-71-13	26120215_1975_09_20_01_447.tcf.xml-24-13	inferred	1	 	Mißklang
2532889X_1946-07-26_01_006.tcf.xml-71-13	26120215_1977_02_24_01_074.tcf.xml-4-11	inferred	1	 	Mißklang
2532889X_1946-07-26_01_006.tcf.xml-71-13	aston_leben_1847-601-55	inferred	1	 	Mißklang
2532889X_1946-07-26_01_006.tcf.xml-71-13	beyer_poetik01_1882-4784-9	inferred	0	 	Mißklang
2532889X_1946-07-26_01_006.tcf.xml-71-13	brehm_thierleben06_1869-14813-64	inferred	1	 	Mißklang
2532889X_1946-07-26_01_006.tcf.xml-71-13	curtius_alterthum01_1875-1087-51	inferred	1	 	Mißklang
2532889X_1946-07-26_01_006.tcf.xml-71-13	ebers_koenigstochter03_1864-2998-2	inferred	1	 	Mißklang
2532889X_1946-07-26_01_006.tcf.xml-71-13	engel_poetik_1806-1411-18	inferred	1	 	Mißklang
2532889X_1946-07-26_01_006.tcf.xml-71-13	falke_trachten01_1858-1911-42	inferred	1	 	Mißklang
2532889X_1946-07-26_01_006.tcf.xml-71-13	fontane_brandenburg02_1863-2886-11	inferred	1	 	Mißklang
2532889X_1946-07-26_01_006.tcf.xml-71-13	goethe_leben03_1814-447-24	inferred	1	 	Mißklang
2532889X_1946-07-26_01_006.tcf.xml-71-13	heckert_schulgesetzgebung_1847-1650-43	inferred	0	 	Mißklang
2532889X_1946-07-26_01_006.tcf.xml-71-13	michelis_reiseschule_1869-2106-36	inferred	1	 	Mißklang
2532889X_1946-07-26_01_006.tcf.xml-71-13	oberwinder_buschoff_1892-119-4	inferred	1	 	Mißklang
2532889X_1946-07-26_01_006.tcf.xml-71-13	treitschke_geschichte05_1894-1224-8	inferred	1	 	Mißklang
2532889X_1946-07-26_01_006.tcf.xml-71-13	vischer_aesthetik0201_1847-711-31	inferred	1	 	Mißklang
2532889X_1946-07-26_01_006.tcf.xml-71-13	vischer_aesthetik030204_1857-1159-100	inferred	0	 	Mißklang
2532889X_1946-07-26_01_006.tcf.xml-71-13	vischer_aesthetik030205_1857-3107-64	inferred	1	 	Mißklang
2532889X_1946-07-26_01_006.tcf.xml-71-13	waiblinger_phaeton01_1823-374-12	inferred	1	 	Mißklang
2532889X_1946-07-26_01_006.tcf.xml-71-13	waiblinger_phaeton01_1823-608-3	inferred	1	 	Mißklang
2532889X_1946-07-26_01_006.tcf.xml-71-13	wilamowitz_aristoteles01_1893-683-28	inferred	1	 	Mißklang
2532889X_1958-02-05_01_028.tcf.xml-11-16	2532889X_1964-10-04_01_105.tcf.xml-25-11	inferred	1	 	Mißklang
2532889X_1958-02-05_01_028.tcf.xml-11-16	2532889X_1965-04-26_01_156.tcf.xml-23-15	inferred	1	 	Mißklang
2532889X_1958-02-05_01_028.tcf.xml-11-16	2532889X_1970-02-12_01_061.tcf.xml-12-31	inferred	0	 	Mißklang
2532889X_1958-02-05_01_028.tcf.xml-11-16	2532889X_1972-01-08_01_052.tcf.xml-35-13	inferred	1	 	Mißklang
2532889X_1958-02-05_01_028.tcf.xml-11-16	2532889X_1987-03-24_01_052.tcf.xml-34-17	inferred	1	 	Mißklang
2532889X_1958-02-05_01_028.tcf.xml-11-16	26120215_1947_03_22_01_039.tcf.xml-23-8	inferred	1	 	Mißklang
2532889X_1958-02-05_01_028.tcf.xml-11-16	26120215_1947_09_16_01_212.tcf.xml-4-22	inferred	1	 	Mißklang
2532889X_1958-02-05_01_028.tcf.xml-11-16	26120215_1947_12_14_01_055.tcf.xml-13-28	inferred	1	 	Mißklang
2532889X_1958-02-05_01_028.tcf.xml-11-16	26120215_1950_01_26_01_006.tcf.xml-2-10	inferred	1	 	Mißklang
2532889X_1958-02-05_01_028.tcf.xml-11-16	26120215_1952_10_19_01_050.tcf.xml-118-40	inferred	1	 	Mißklang
2532889X_1958-02-05_01_028.tcf.xml-11-16	26120215_1958_12_20_01_214.tcf.xml-24-4	inferred	1	 	Mißklang
2532889X_1958-02-05_01_028.tcf.xml-11-16	26120215_1964_07_05_01_083.tcf.xml-10-6	inferred	1	 	Mißklang
2532889X_1958-02-05_01_028.tcf.xml-11-16	26120215_1966_08_12_01_264.tcf.xml-74-19	inferred	1	 	Mißklang
2532889X_1958-02-05_01_028.tcf.xml-11-16	26120215_1975_09_20_01_447.tcf.xml-24-13	inferred	1	 	Mißklang
2532889X_1958-02-05_01_028.tcf.xml-11-16	26120215_1977_02_24_01_074.tcf.xml-4-11	inferred	1	 	Mißklang
2532889X_1958-02-05_01_028.tcf.xml-11-16	aston_leben_1847-601-55	inferred	1	 	Mißklang
2532889X_1958-02-05_01_028.tcf.xml-11-16	beyer_poetik01_1882-4784-9	inferred	0	 	Mißklang
2532889X_1958-02-05_01_028.tcf.xml-11-16	brehm_thierleben06_1869-14813-64	inferred	1	 	Mißklang
2532889X_1958-02-05_01_028.tcf.xml-11-16	curtius_alterthum01_1875-1087-51	inferred	1	 	Mißklang
2532889X_1958-02-05_01_028.tcf.xml-11-16	ebers_koenigstochter03_1864-2998-2	inferred	1	 	Mißklang
2532889X_1958-02-05_01_028.tcf.xml-11-16	engel_poetik_1806-1411-18	inferred	1	 	Mißklang
2532889X_1958-02-05_01_028.tcf.xml-11-16	falke_trachten01_1858-1911-42	inferred	1	 	Mißklang
2532889X_1958-02-05_01_028.tcf.xml-11-16	fontane_brandenburg02_1863-2886-11	inferred	1	 	Mißklang
2532889X_1958-02-05_01_028.tcf.xml-11-16	goethe_leben03_1814-447-24	inferred	1	 	Mißklang
2532889X_1958-02-05_01_028.tcf.xml-11-16	heckert_schulgesetzgebung_1847-1650-43	inferred	0	 	Mißklang
2532889X_1958-02-05_01_028.tcf.xml-11-16	michelis_reiseschule_1869-2106-36	inferred	1	 	Mißklang
2532889X_1958-02-05_01_028.tcf.xml-11-16	oberwinder_buschoff_1892-119-4	inferred	1	 	Mißklang
2532889X_1958-02-05_01_028.tcf.xml-11-16	treitschke_geschichte05_1894-1224-8	inferred	1	 	Mißklang
2532889X_1958-02-05_01_028.tcf.xml-11-16	vischer_aesthetik0201_1847-711-31	inferred	1	 	Mißklang
2532889X_1958-02-05_01_028.tcf.xml-11-16	vischer_aesthetik030204_1857-1159-100	inferred	0	 	Mißklang
2532889X_1958-02-05_01_028.tcf.xml-11-16	vischer_aesthetik030205_1857-3107-64	inferred	1	 	Mißklang
2532889X_1958-02-05_01_028.tcf.xml-11-16	waiblinger_phaeton01_1823-374-12	inferred	1	 	Mißklang
2532889X_1958-02-05_01_028.tcf.xml-11-16	waiblinger_phaeton01_1823-608-3	inferred	1	 	Mißklang
2532889X_1958-02-05_01_028.tcf.xml-11-16	wilamowitz_aristoteles01_1893-683-28	inferred	1	 	Mißklang
2532889X_1964-10-04_01_105.tcf.xml-25-11	2532889X_1965-04-26_01_156.tcf.xml-23-15	inferred	1	 	Mißklang
2532889X_1964-10-04_01_105.tcf.xml-25-11	2532889X_1970-02-12_01_061.tcf.xml-12-31	inferred	0	 	Mißklang
2532889X_1964-10-04_01_105.tcf.xml-25-11	2532889X_1972-01-08_01_052.tcf.xml-35-13	inferred	1	 	Mißklang
2532889X_1964-10-04_01_105.tcf.xml-25-11	2532889X_1987-03-24_01_052.tcf.xml-34-17	inferred	1	 	Mißklang
2532889X_1964-10-04_01_105.tcf.xml-25-11	26120215_1947_03_22_01_039.tcf.xml-23-8	inferred	1	 	Mißklang
2532889X_1964-10-04_01_105.tcf.xml-25-11	26120215_1947_09_16_01_212.tcf.xml-4-22	inferred	1	 	Mißklang
2532889X_1964-10-04_01_105.tcf.xml-25-11	26120215_1947_12_14_01_055.tcf.xml-13-28	inferred	1	 	Mißklang
2532889X_1964-10-04_01_105.tcf.xml-25-11	26120215_1950_01_26_01_006.tcf.xml-2-10	inferred	1	 	Mißklang
2532889X_1964-10-04_01_105.tcf.xml-25-11	26120215_1952_10_19_01_050.tcf.xml-118-40	inferred	1	 	Mißklang
2532889X_1964-10-04_01_105.tcf.xml-25-11	26120215_1958_12_20_01_214.tcf.xml-24-4	inferred	1	 	Mißklang
2532889X_1964-10-04_01_105.tcf.xml-25-11	26120215_1964_07_05_01_083.tcf.xml-10-6	inferred	1	 	Mißklang
2532889X_1964-10-04_01_105.tcf.xml-25-11	26120215_1966_08_12_01_264.tcf.xml-74-19	inferred	1	 	Mißklang
2532889X_1964-10-04_01_105.tcf.xml-25-11	26120215_1975_09_20_01_447.tcf.xml-24-13	inferred	1	 	Mißklang
2532889X_1964-10-04_01_105.tcf.xml-25-11	26120215_1977_02_24_01_074.tcf.xml-4-11	inferred	1	 	Mißklang
2532889X_1964-10-04_01_105.tcf.xml-25-11	aston_leben_1847-601-55	inferred	1	 	Mißklang
2532889X_1964-10-04_01_105.tcf.xml-25-11	beyer_poetik01_1882-4784-9	inferred	0	 	Mißklang
2532889X_1964-10-04_01_105.tcf.xml-25-11	brehm_thierleben06_1869-14813-64	inferred	1	 	Mißklang
2532889X_1964-10-04_01_105.tcf.xml-25-11	curtius_alterthum01_1875-1087-51	inferred	1	 	Mißklang
2532889X_1964-10-04_01_105.tcf.xml-25-11	ebers_koenigstochter03_1864-2998-2	inferred	1	 	Mißklang
2532889X_1964-10-04_01_105.tcf.xml-25-11	engel_poetik_1806-1411-18	inferred	1	 	Mißklang
2532889X_1964-10-04_01_105.tcf.xml-25-11	falke_trachten01_1858-1911-42	inferred	1	 	Mißklang
2532889X_1964-10-04_01_105.tcf.xml-25-11	fontane_brandenburg02_1863-2886-11	inferred	1	 	Mißklang
2532889X_1964-10-04_01_105.tcf.xml-25-11	goethe_leben03_1814-447-24	inferred	1	 	Mißklang
2532889X_1964-10-04_01_105.tcf.xml-25-11	heckert_schulgesetzgebung_1847-1650-43	inferred	0	 	Mißklang
2532889X_1964-10-04_01_105.tcf.xml-25-11	michelis_reiseschule_1869-2106-36	inferred	1	 	Mißklang
2532889X_1964-10-04_01_105.tcf.xml-25-11	oberwinder_buschoff_1892-119-4	inferred	1	 	Mißklang
2532889X_1964-10-04_01_105.tcf.xml-25-11	treitschke_geschichte05_1894-1224-8	inferred	1	 	Mißklang
2532889X_1964-10-04_01_105.tcf.xml-25-11	vischer_aesthetik0201_1847-711-31	inferred	1	 	Mißklang
2532889X_1964-10-04_01_105.tcf.xml-25-11	vischer_aesthetik030204_1857-1159-100	inferred	0	 	Mißklang
2532889X_1964-10-04_01_105.tcf.xml-25-11	vischer_aesthetik030205_1857-3107-64	inferred	1	 	Mißklang
2532889X_1964-10-04_01_105.tcf.xml-25-11	waiblinger_phaeton01_1823-374-12	inferred	1	 	Mißklang
2532889X_1964-10-04_01_105.tcf.xml-25-11	waiblinger_phaeton01_1823-608-3	inferred	1	 	Mißklang
2532889X_1964-10-04_01_105.tcf.xml-25-11	wilamowitz_aristoteles01_1893-683-28	inferred	1	 	Mißklang
2532889X_1965-04-26_01_156.tcf.xml-23-15	2532889X_1970-02-12_01_061.tcf.xml-12-31	inferred	0	 	Mißklang
2532889X_1965-04-26_01_156.tcf.xml-23-15	2532889X_1972-01-08_01_052.tcf.xml-35-13	inferred	1	 	Mißklang
2532889X_1965-04-26_01_156.tcf.xml-23-15	2532889X_1987-03-24_01_052.tcf.xml-34-17	inferred	1	 	Mißklang
2532889X_1965-04-26_01_156.tcf.xml-23-15	26120215_1947_03_22_01_039.tcf.xml-23-8	inferred	1	 	Mißklang
2532889X_1965-04-26_01_156.tcf.xml-23-15	26120215_1947_09_16_01_212.tcf.xml-4-22	inferred	1	 	Mißklang
2532889X_1965-04-26_01_156.tcf.xml-23-15	26120215_1947_12_14_01_055.tcf.xml-13-28	inferred	1	 	Mißklang
2532889X_1965-04-26_01_156.tcf.xml-23-15	26120215_1950_01_26_01_006.tcf.xml-2-10	inferred	1	 	Mißklang
2532889X_1965-04-26_01_156.tcf.xml-23-15	26120215_1952_10_19_01_050.tcf.xml-118-40	inferred	1	 	Mißklang
2532889X_1965-04-26_01_156.tcf.xml-23-15	26120215_1958_12_20_01_214.tcf.xml-24-4	inferred	1	 	Mißklang
2532889X_1965-04-26_01_156.tcf.xml-23-15	26120215_1964_07_05_01_083.tcf.xml-10-6	inferred	1	 	Mißklang
2532889X_1965-04-26_01_156.tcf.xml-23-15	26120215_1966_08_12_01_264.tcf.xml-74-19	inferred	1	 	Mißklang
2532889X_1965-04-26_01_156.tcf.xml-23-15	26120215_1975_09_20_01_447.tcf.xml-24-13	inferred	1	 	Mißklang
2532889X_1965-04-26_01_156.tcf.xml-23-15	26120215_1977_02_24_01_074.tcf.xml-4-11	inferred	1	 	Mißklang
2532889X_1965-04-26_01_156.tcf.xml-23-15	aston_leben_1847-601-55	inferred	1	 	Mißklang
2532889X_1965-04-26_01_156.tcf.xml-23-15	beyer_poetik01_1882-4784-9	inferred	0	 	Mißklang
2532889X_1965-04-26_01_156.tcf.xml-23-15	brehm_thierleben06_1869-14813-64	inferred	1	 	Mißklang
2532889X_1965-04-26_01_156.tcf.xml-23-15	curtius_alterthum01_1875-1087-51	inferred	1	 	Mißklang
2532889X_1965-04-26_01_156.tcf.xml-23-15	ebers_koenigstochter03_1864-2998-2	inferred	1	 	Mißklang
2532889X_1965-04-26_01_156.tcf.xml-23-15	engel_poetik_1806-1411-18	inferred	1	 	Mißklang
2532889X_1965-04-26_01_156.tcf.xml-23-15	falke_trachten01_1858-1911-42	inferred	1	 	Mißklang
2532889X_1965-04-26_01_156.tcf.xml-23-15	fontane_brandenburg02_1863-2886-11	inferred	1	 	Mißklang
2532889X_1965-04-26_01_156.tcf.xml-23-15	goethe_leben03_1814-447-24	inferred	1	 	Mißklang
2532889X_1965-04-26_01_156.tcf.xml-23-15	heckert_schulgesetzgebung_1847-1650-43	inferred	0	 	Mißklang
2532889X_1965-04-26_01_156.tcf.xml-23-15	michelis_reiseschule_1869-2106-36	inferred	1	 	Mißklang
2532889X_1965-04-26_01_156.tcf.xml-23-15	oberwinder_buschoff_1892-119-4	inferred	1	 	Mißklang
2532889X_1965-04-26_01_156.tcf.xml-23-15	treitschke_geschichte05_1894-1224-8	inferred	1	 	Mißklang
2532889X_1965-04-26_01_156.tcf.xml-23-15	vischer_aesthetik0201_1847-711-31	inferred	1	 	Mißklang
2532889X_1965-04-26_01_156.tcf.xml-23-15	vischer_aesthetik030204_1857-1159-100	inferred	0	 	Mißklang
2532889X_1965-04-26_01_156.tcf.xml-23-15	vischer_aesthetik030205_1857-3107-64	inferred	1	 	Mißklang
2532889X_1965-04-26_01_156.tcf.xml-23-15	waiblinger_phaeton01_1823-374-12	inferred	1	 	Mißklang
2532889X_1965-04-26_01_156.tcf.xml-23-15	waiblinger_phaeton01_1823-608-3	inferred	1	 	Mißklang
2532889X_1965-04-26_01_156.tcf.xml-23-15	wilamowitz_aristoteles01_1893-683-28	inferred	1	 	Mißklang
2532889X_1970-02-12_01_061.tcf.xml-12-31	2532889X_1972-01-08_01_052.tcf.xml-35-13	inferred	0	 	Mißklang
2532889X_1970-02-12_01_061.tcf.xml-12-31	2532889X_1987-03-24_01_052.tcf.xml-34-17	inferred	0	 	Mißklang
2532889X_1970-02-12_01_061.tcf.xml-12-31	26120215_1947_03_22_01_039.tcf.xml-23-8	inferred	0	 	Mißklang
2532889X_1970-02-12_01_061.tcf.xml-12-31	26120215_1947_09_16_01_212.tcf.xml-4-22	inferred	0	 	Mißklang
2532889X_1970-02-12_01_061.tcf.xml-12-31	26120215_1947_12_14_01_055.tcf.xml-13-28	inferred	0	 	Mißklang
2532889X_1970-02-12_01_061.tcf.xml-12-31	26120215_1950_01_26_01_006.tcf.xml-2-10	inferred	0	 	Mißklang
2532889X_1970-02-12_01_061.tcf.xml-12-31	26120215_1952_10_19_01_050.tcf.xml-118-40	inferred	0	 	Mißklang
2532889X_1970-02-12_01_061.tcf.xml-12-31	26120215_1958_12_20_01_214.tcf.xml-24-4	inferred	0	 	Mißklang
2532889X_1970-02-12_01_061.tcf.xml-12-31	26120215_1964_07_05_01_083.tcf.xml-10-6	inferred	0	 	Mißklang
2532889X_1970-02-12_01_061.tcf.xml-12-31	26120215_1966_08_12_01_264.tcf.xml-74-19	inferred	0	 	Mißklang
2532889X_1970-02-12_01_061.tcf.xml-12-31	26120215_1975_09_20_01_447.tcf.xml-24-13	inferred	0	 	Mißklang
2532889X_1970-02-12_01_061.tcf.xml-12-31	26120215_1977_02_24_01_074.tcf.xml-4-11	inferred	0	 	Mißklang
2532889X_1970-02-12_01_061.tcf.xml-12-31	aston_leben_1847-601-55	inferred	0	 	Mißklang
2532889X_1970-02-12_01_061.tcf.xml-12-31	beyer_poetik01_1882-4784-9	inferred	1	 	Mißklang
2532889X_1970-02-12_01_061.tcf.xml-12-31	brehm_thierleben06_1869-14813-64	inferred	0	 	Mißklang
2532889X_1970-02-12_01_061.tcf.xml-12-31	curtius_alterthum01_1875-1087-51	inferred	0	 	Mißklang
2532889X_1970-02-12_01_061.tcf.xml-12-31	ebers_koenigstochter03_1864-2998-2	inferred	0	 	Mißklang
2532889X_1970-02-12_01_061.tcf.xml-12-31	engel_poetik_1806-1411-18	inferred	0	 	Mißklang
2532889X_1970-02-12_01_061.tcf.xml-12-31	falke_trachten01_1858-1911-42	inferred	0	 	Mißklang
2532889X_1970-02-12_01_061.tcf.xml-12-31	fontane_brandenburg02_1863-2886-11	inferred	0	 	Mißklang
2532889X_1970-02-12_01_061.tcf.xml-12-31	goethe_leben03_1814-447-24	inferred	0	 	Mißklang
2532889X_1970-02-12_01_061.tcf.xml-12-31	heckert_schulgesetzgebung_1847-1650-43	inferred	1	 	Mißklang
2532889X_1970-02-12_01_061.tcf.xml-12-31	michelis_reiseschule_1869-2106-36	inferred	0	 	Mißklang
2532889X_1970-02-12_01_061.tcf.xml-12-31	oberwinder_buschoff_1892-119-4	inferred	0	 	Mißklang
2532889X_1970-02-12_01_061.tcf.xml-12-31	treitschke_geschichte05_1894-1224-8	inferred	0	 	Mißklang
2532889X_1970-02-12_01_061.tcf.xml-12-31	vischer_aesthetik0201_1847-711-31	inferred	0	 	Mißklang
2532889X_1970-02-12_01_061.tcf.xml-12-31	vischer_aesthetik030204_1857-1159-100	inferred	1	 	Mißklang
2532889X_1970-02-12_01_061.tcf.xml-12-31	vischer_aesthetik030205_1857-3107-64	inferred	0	 	Mißklang
2532889X_1970-02-12_01_061.tcf.xml-12-31	waiblinger_phaeton01_1823-374-12	inferred	0	 	Mißklang
2532889X_1970-02-12_01_061.tcf.xml-12-31	waiblinger_phaeton01_1823-608-3	inferred	0	 	Mißklang
2532889X_1970-02-12_01_061.tcf.xml-12-31	wilamowitz_aristoteles01_1893-683-28	inferred	0	 	Mißklang
2532889X_1972-01-08_01_052.tcf.xml-35-13	2532889X_1987-03-24_01_052.tcf.xml-34-17	inferred	1	 	Mißklang
2532889X_1972-01-08_01_052.tcf.xml-35-13	26120215_1947_03_22_01_039.tcf.xml-23-8	inferred	1	 	Mißklang
2532889X_1972-01-08_01_052.tcf.xml-35-13	26120215_1947_09_16_01_212.tcf.xml-4-22	inferred	1	 	Mißklang
2532889X_1972-01-08_01_052.tcf.xml-35-13	26120215_1947_12_14_01_055.tcf.xml-13-28	inferred	1	 	Mißklang
2532889X_1972-01-08_01_052.tcf.xml-35-13	26120215_1950_01_26_01_006.tcf.xml-2-10	inferred	1	 	Mißklang
2532889X_1972-01-08_01_052.tcf.xml-35-13	26120215_1952_10_19_01_050.tcf.xml-118-40	inferred	1	 	Mißklang
2532889X_1972-01-08_01_052.tcf.xml-35-13	26120215_1958_12_20_01_214.tcf.xml-24-4	inferred	1	 	Mißklang
2532889X_1972-01-08_01_052.tcf.xml-35-13	26120215_1964_07_05_01_083.tcf.xml-10-6	inferred	1	 	Mißklang
2532889X_1972-01-08_01_052.tcf.xml-35-13	26120215_1966_08_12_01_264.tcf.xml-74-19	inferred	1	 	Mißklang
2532889X_1972-01-08_01_052.tcf.xml-35-13	26120215_1975_09_20_01_447.tcf.xml-24-13	inferred	1	 	Mißklang
2532889X_1972-01-08_01_052.tcf.xml-35-13	26120215_1977_02_24_01_074.tcf.xml-4-11	inferred	1	 	Mißklang
2532889X_1972-01-08_01_052.tcf.xml-35-13	aston_leben_1847-601-55	inferred	1	 	Mißklang
2532889X_1972-01-08_01_052.tcf.xml-35-13	beyer_poetik01_1882-4784-9	inferred	0	 	Mißklang
2532889X_1972-01-08_01_052.tcf.xml-35-13	brehm_thierleben06_1869-14813-64	inferred	1	 	Mißklang
2532889X_1972-01-08_01_052.tcf.xml-35-13	curtius_alterthum01_1875-1087-51	inferred	1	 	Mißklang
2532889X_1972-01-08_01_052.tcf.xml-35-13	ebers_koenigstochter03_1864-2998-2	inferred	1	 	Mißklang
2532889X_1972-01-08_01_052.tcf.xml-35-13	engel_poetik_1806-1411-18	inferred	1	 	Mißklang
2532889X_1972-01-08_01_052.tcf.xml-35-13	falke_trachten01_1858-1911-42	inferred	1	 	Mißklang
2532889X_1972-01-08_01_052.tcf.xml-35-13	fontane_brandenburg02_1863-2886-11	inferred	1	 	Mißklang
2532889X_1972-01-08_01_052.tcf.xml-35-13	goethe_leben03_1814-447-24	inferred	1	 	Mißklang
2532889X_1972-01-08_01_052.tcf.xml-35-13	heckert_schulgesetzgebung_1847-1650-43	inferred	0	 	Mißklang
2532889X_1972-01-08_01_052.tcf.xml-35-13	michelis_reiseschule_1869-2106-36	inferred	1	 	Mißklang
2532889X_1972-01-08_01_052.tcf.xml-35-13	oberwinder_buschoff_1892-119-4	inferred	1	 	Mißklang
2532889X_1972-01-08_01_052.tcf.xml-35-13	treitschke_geschichte05_1894-1224-8	inferred	1	 	Mißklang
2532889X_1972-01-08_01_052.tcf.xml-35-13	vischer_aesthetik0201_1847-711-31	inferred	1	 	Mißklang
2532889X_1972-01-08_01_052.tcf.xml-35-13	vischer_aesthetik030204_1857-1159-100	inferred	0	 	Mißklang
2532889X_1972-01-08_01_052.tcf.xml-35-13	vischer_aesthetik030205_1857-3107-64	inferred	1	 	Mißklang
2532889X_1972-01-08_01_052.tcf.xml-35-13	waiblinger_phaeton01_1823-374-12	inferred	1	 	Mißklang
2532889X_1972-01-08_01_052.tcf.xml-35-13	waiblinger_phaeton01_1823-608-3	inferred	1	 	Mißklang
2532889X_1972-01-08_01_052.tcf.xml-35-13	wilamowitz_aristoteles01_1893-683-28	inferred	1	 	Mißklang
2532889X_1987-03-24_01_052.tcf.xml-34-17	26120215_1947_03_22_01_039.tcf.xml-23-8	inferred	1	 	Mißklang
2532889X_1987-03-24_01_052.tcf.xml-34-17	26120215_1947_09_16_01_212.tcf.xml-4-22	inferred	1	 	Mißklang
2532889X_1987-03-24_01_052.tcf.xml-34-17	26120215_1947_12_14_01_055.tcf.xml-13-28	inferred	1	 	Mißklang
2532889X_1987-03-24_01_052.tcf.xml-34-17	26120215_1950_01_26_01_006.tcf.xml-2-10	inferred	1	 	Mißklang
2532889X_1987-03-24_01_052.tcf.xml-34-17	26120215_1952_10_19_01_050.tcf.xml-118-40	inferred	1	 	Mißklang
2532889X_1987-03-24_01_052.tcf.xml-34-17	26120215_1958_12_20_01_214.tcf.xml-24-4	inferred	1	 	Mißklang
2532889X_1987-03-24_01_052.tcf.xml-34-17	26120215_1964_07_05_01_083.tcf.xml-10-6	inferred	1	 	Mißklang
2532889X_1987-03-24_01_052.tcf.xml-34-17	26120215_1966_08_12_01_264.tcf.xml-74-19	inferred	1	 	Mißklang
2532889X_1987-03-24_01_052.tcf.xml-34-17	26120215_1975_09_20_01_447.tcf.xml-24-13	inferred	1	 	Mißklang
2532889X_1987-03-24_01_052.tcf.xml-34-17	26120215_1977_02_24_01_074.tcf.xml-4-11	inferred	1	 	Mißklang
2532889X_1987-03-24_01_052.tcf.xml-34-17	aston_leben_1847-601-55	inferred	1	 	Mißklang
2532889X_1987-03-24_01_052.tcf.xml-34-17	beyer_poetik01_1882-4784-9	inferred	0	 	Mißklang
2532889X_1987-03-24_01_052.tcf.xml-34-17	brehm_thierleben06_1869-14813-64	inferred	1	 	Mißklang
2532889X_1987-03-24_01_052.tcf.xml-34-17	curtius_alterthum01_1875-1087-51	inferred	1	 	Mißklang
2532889X_1987-03-24_01_052.tcf.xml-34-17	ebers_koenigstochter03_1864-2998-2	inferred	1	 	Mißklang
2532889X_1987-03-24_01_052.tcf.xml-34-17	engel_poetik_1806-1411-18	inferred	1	 	Mißklang
2532889X_1987-03-24_01_052.tcf.xml-34-17	falke_trachten01_1858-1911-42	inferred	1	 	Mißklang
2532889X_1987-03-24_01_052.tcf.xml-34-17	fontane_brandenburg02_1863-2886-11	inferred	1	 	Mißklang
2532889X_1987-03-24_01_052.tcf.xml-34-17	goethe_leben03_1814-447-24	inferred	1	 	Mißklang
2532889X_1987-03-24_01_052.tcf.xml-34-17	heckert_schulgesetzgebung_1847-1650-43	inferred	0	 	Mißklang
2532889X_1987-03-24_01_052.tcf.xml-34-17	michelis_reiseschule_1869-2106-36	inferred	1	 	Mißklang
2532889X_1987-03-24_01_052.tcf.xml-34-17	oberwinder_buschoff_1892-119-4	inferred	1	 	Mißklang
2532889X_1987-03-24_01_052.tcf.xml-34-17	treitschke_geschichte05_1894-1224-8	inferred	1	 	Mißklang
2532889X_1987-03-24_01_052.tcf.xml-34-17	vischer_aesthetik0201_1847-711-31	inferred	1	 	Mißklang
2532889X_1987-03-24_01_052.tcf.xml-34-17	vischer_aesthetik030204_1857-1159-100	inferred	0	 	Mißklang
2532889X_1987-03-24_01_052.tcf.xml-34-17	vischer_aesthetik030205_1857-3107-64	inferred	1	 	Mißklang
2532889X_1987-03-24_01_052.tcf.xml-34-17	waiblinger_phaeton01_1823-374-12	inferred	1	 	Mißklang
2532889X_1987-03-24_01_052.tcf.xml-34-17	waiblinger_phaeton01_1823-608-3	inferred	1	 	Mißklang
2532889X_1987-03-24_01_052.tcf.xml-34-17	wilamowitz_aristoteles01_1893-683-28	inferred	1	 	Mißklang
26120215_1947_03_22_01_039.tcf.xml-23-8	26120215_1947_09_16_01_212.tcf.xml-4-22	inferred	1	 	Mißklang
26120215_1947_03_22_01_039.tcf.xml-23-8	26120215_1947_12_14_01_055.tcf.xml-13-28	inferred	1	 	Mißklang
26120215_1947_03_22_01_039.tcf.xml-23-8	26120215_1950_01_26_01_006.tcf.xml-2-10	inferred	1	 	Mißklang
26120215_1947_03_22_01_039.tcf.xml-23-8	26120215_1952_10_19_01_050.tcf.xml-118-40	inferred	1	 	Mißklang
26120215_1947_03_22_01_039.tcf.xml-23-8	26120215_1958_12_20_01_214.tcf.xml-24-4	inferred	1	 	Mißklang
26120215_1947_03_22_01_039.tcf.xml-23-8	26120215_1964_07_05_01_083.tcf.xml-10-6	inferred	1	 	Mißklang
26120215_1947_03_22_01_039.tcf.xml-23-8	26120215_1966_08_12_01_264.tcf.xml-74-19	inferred	1	 	Mißklang
26120215_1947_03_22_01_039.tcf.xml-23-8	26120215_1975_09_20_01_447.tcf.xml-24-13	inferred	1	 	Mißklang
26120215_1947_03_22_01_039.tcf.xml-23-8	26120215_1977_02_24_01_074.tcf.xml-4-11	inferred	1	 	Mißklang
26120215_1947_03_22_01_039.tcf.xml-23-8	aston_leben_1847-601-55	inferred	1	 	Mißklang
26120215_1947_03_22_01_039.tcf.xml-23-8	beyer_poetik01_1882-4784-9	inferred	0	 	Mißklang
26120215_1947_03_22_01_039.tcf.xml-23-8	brehm_thierleben06_1869-14813-64	inferred	1	 	Mißklang
26120215_1947_03_22_01_039.tcf.xml-23-8	curtius_alterthum01_1875-1087-51	inferred	1	 	Mißklang
26120215_1947_03_22_01_039.tcf.xml-23-8	ebers_koenigstochter03_1864-2998-2	inferred	1	 	Mißklang
26120215_1947_03_22_01_039.tcf.xml-23-8	engel_poetik_1806-1411-18	inferred	1	 	Mißklang
26120215_1947_03_22_01_039.tcf.xml-23-8	falke_trachten01_1858-1911-42	inferred	1	 	Mißklang
26120215_1947_03_22_01_039.tcf.xml-23-8	fontane_brandenburg02_1863-2886-11	inferred	1	 	Mißklang
26120215_1947_03_22_01_039.tcf.xml-23-8	goethe_leben03_1814-447-24	inferred	1	 	Mißklang
26120215_1947_03_22_01_039.tcf.xml-23-8	heckert_schulgesetzgebung_1847-1650-43	inferred	0	 	Mißklang
26120215_1947_03_22_01_039.tcf.xml-23-8	michelis_reiseschule_1869-2106-36	inferred	1	 	Mißklang
26120215_1947_03_22_01_039.tcf.xml-23-8	oberwinder_buschoff_1892-119-4	inferred	1	 	Mißklang
26120215_1947_03_22_01_039.tcf.xml-23-8	treitschke_geschichte05_1894-1224-8	inferred	1	 	Mißklang
26120215_1947_03_22_01_039.tcf.xml-23-8	vischer_aesthetik0201_1847-711-31	inferred	1	 	Mißklang
26120215_1947_03_22_01_039.tcf.xml-23-8	vischer_aesthetik030204_1857-1159-100	inferred	0	 	Mißklang
26120215_1947_03_22_01_039.tcf.xml-23-8	vischer_aesthetik030205_1857-3107-64	inferred	1	 	Mißklang
26120215_1947_03_22_01_039.tcf.xml-23-8	waiblinger_phaeton01_1823-374-12	inferred	1	 	Mißklang
26120215_1947_03_22_01_039.tcf.xml-23-8	waiblinger_phaeton01_1823-608-3	inferred	1	 	Mißklang
26120215_1947_03_22_01_039.tcf.xml-23-8	wilamowitz_aristoteles01_1893-683-28	inferred	1	 	Mißklang
26120215_1947_09_16_01_212.tcf.xml-4-22	26120215_1947_12_14_01_055.tcf.xml-13-28	inferred	1	 	Mißklang
26120215_1947_09_16_01_212.tcf.xml-4-22	26120215_1950_01_26_01_006.tcf.xml-2-10	inferred	1	 	Mißklang
26120215_1947_09_16_01_212.tcf.xml-4-22	26120215_1952_10_19_01_050.tcf.xml-118-40	inferred	1	 	Mißklang
26120215_1947_09_16_01_212.tcf.xml-4-22	26120215_1958_12_20_01_214.tcf.xml-24-4	inferred	1	 	Mißklang
26120215_1947_09_16_01_212.tcf.xml-4-22	26120215_1964_07_05_01_083.tcf.xml-10-6	inferred	1	 	Mißklang
26120215_1947_09_16_01_212.tcf.xml-4-22	26120215_1966_08_12_01_264.tcf.xml-74-19	inferred	1	 	Mißklang
26120215_1947_09_16_01_212.tcf.xml-4-22	26120215_1975_09_20_01_447.tcf.xml-24-13	inferred	1	 	Mißklang
26120215_1947_09_16_01_212.tcf.xml-4-22	26120215_1977_02_24_01_074.tcf.xml-4-11	inferred	1	 	Mißklang
26120215_1947_09_16_01_212.tcf.xml-4-22	aston_leben_1847-601-55	inferred	1	 	Mißklang
26120215_1947_09_16_01_212.tcf.xml-4-22	beyer_poetik01_1882-4784-9	inferred	0	 	Mißklang
26120215_1947_09_16_01_212.tcf.xml-4-22	brehm_thierleben06_1869-14813-64	inferred	1	 	Mißklang
26120215_1947_09_16_01_212.tcf.xml-4-22	curtius_alterthum01_1875-1087-51	inferred	1	 	Mißklang
26120215_1947_09_16_01_212.tcf.xml-4-22	ebers_koenigstochter03_1864-2998-2	inferred	1	 	Mißklang
26120215_1947_09_16_01_212.tcf.xml-4-22	engel_poetik_1806-1411-18	inferred	1	 	Mißklang
26120215_1947_09_16_01_212.tcf.xml-4-22	falke_trachten01_1858-1911-42	inferred	1	 	Mißklang
26120215_1947_09_16_01_212.tcf.xml-4-22	fontane_brandenburg02_1863-2886-11	inferred	1	 	Mißklang
26120215_1947_09_16_01_212.tcf.xml-4-22	goethe_leben03_1814-447-24	inferred	1	 	Mißklang
26120215_1947_09_16_01_212.tcf.xml-4-22	heckert_schulgesetzgebung_1847-1650-43	inferred	0	 	Mißklang
26120215_1947_09_16_01_212.tcf.xml-4-22	michelis_reiseschule_1869-2106-36	inferred	1	 	Mißklang
26120215_1947_09_16_01_212.tcf.xml-4-22	oberwinder_buschoff_1892-119-4	inferred	1	 	Mißklang
26120215_1947_09_16_01_212.tcf.xml-4-22	treitschke_geschichte05_1894-1224-8	inferred	1	 	Mißklang
26120215_1947_09_16_01_212.tcf.xml-4-22	vischer_aesthetik0201_1847-711-31	inferred	1	 	Mißklang
26120215_1947_09_16_01_212.tcf.xml-4-22	vischer_aesthetik030204_1857-1159-100	inferred	0	 	Mißklang
26120215_1947_09_16_01_212.tcf.xml-4-22	vischer_aesthetik030205_1857-3107-64	inferred	1	 	Mißklang
26120215_1947_09_16_01_212.tcf.xml-4-22	waiblinger_phaeton01_1823-374-12	inferred	1	 	Mißklang
26120215_1947_09_16_01_212.tcf.xml-4-22	waiblinger_phaeton01_1823-608-3	inferred	1	 	Mißklang
26120215_1947_09_16_01_212.tcf.xml-4-22	wilamowitz_aristoteles01_1893-683-28	inferred	1	 	Mißklang
26120215_1947_12_14_01_055.tcf.xml-13-28	26120215_1950_01_26_01_006.tcf.xml-2-10	inferred	1	 	Mißklang
26120215_1947_12_14_01_055.tcf.xml-13-28	26120215_1952_10_19_01_050.tcf.xml-118-40	inferred	1	 	Mißklang
26120215_1947_12_14_01_055.tcf.xml-13-28	26120215_1958_12_20_01_214.tcf.xml-24-4	inferred	1	 	Mißklang
26120215_1947_12_14_01_055.tcf.xml-13-28	26120215_1964_07_05_01_083.tcf.xml-10-6	inferred	1	 	Mißklang
26120215_1947_12_14_01_055.tcf.xml-13-28	26120215_1966_08_12_01_264.tcf.xml-74-19	inferred	1	 	Mißklang
26120215_1947_12_14_01_055.tcf.xml-13-28	26120215_1975_09_20_01_447.tcf.xml-24-13	inferred	1	 	Mißklang
26120215_1947_12_14_01_055.tcf.xml-13-28	26120215_1977_02_24_01_074.tcf.xml-4-11	inferred	1	 	Mißklang
26120215_1947_12_14_01_055.tcf.xml-13-28	aston_leben_1847-601-55	inferred	1	 	Mißklang
26120215_1947_12_14_01_055.tcf.xml-13-28	beyer_poetik01_1882-4784-9	inferred	0	 	Mißklang
26120215_1947_12_14_01_055.tcf.xml-13-28	brehm_thierleben06_1869-14813-64	inferred	1	 	Mißklang
26120215_1947_12_14_01_055.tcf.xml-13-28	curtius_alterthum01_1875-1087-51	inferred	1	 	Mißklang
26120215_1947_12_14_01_055.tcf.xml-13-28	ebers_koenigstochter03_1864-2998-2	inferred	1	 	Mißklang
26120215_1947_12_14_01_055.tcf.xml-13-28	engel_poetik_1806-1411-18	inferred	1	 	Mißklang
26120215_1947_12_14_01_055.tcf.xml-13-28	falke_trachten01_1858-1911-42	inferred	1	 	Mißklang
26120215_1947_12_14_01_055.tcf.xml-13-28	fontane_brandenburg02_1863-2886-11	inferred	1	 	Mißklang
26120215_1947_12_14_01_055.tcf.xml-13-28	goethe_leben03_1814-447-24	inferred	1	 	Mißklang
26120215_1947_12_14_01_055.tcf.xml-13-28	heckert_schulgesetzgebung_1847-1650-43	inferred	0	 	Mißklang
26120215_1947_12_14_01_055.tcf.xml-13-28	michelis_reiseschule_1869-2106-36	inferred	1	 	Mißklang
26120215_1947_12_14_01_055.tcf.xml-13-28	oberwinder_buschoff_1892-119-4	inferred	1	 	Mißklang
26120215_1947_12_14_01_055.tcf.xml-13-28	treitschke_geschichte05_1894-1224-8	inferred	1	 	Mißklang
26120215_1947_12_14_01_055.tcf.xml-13-28	vischer_aesthetik0201_1847-711-31	inferred	1	 	Mißklang
26120215_1947_12_14_01_055.tcf.xml-13-28	vischer_aesthetik030204_1857-1159-100	inferred	0	 	Mißklang
26120215_1947_12_14_01_055.tcf.xml-13-28	vischer_aesthetik030205_1857-3107-64	inferred	1	 	Mißklang
26120215_1947_12_14_01_055.tcf.xml-13-28	waiblinger_phaeton01_1823-374-12	inferred	1	 	Mißklang
26120215_1947_12_14_01_055.tcf.xml-13-28	waiblinger_phaeton01_1823-608-3	inferred	1	 	Mißklang
26120215_1947_12_14_01_055.tcf.xml-13-28	wilamowitz_aristoteles01_1893-683-28	inferred	1	 	Mißklang
26120215_1950_01_26_01_006.tcf.xml-2-10	26120215_1952_10_19_01_050.tcf.xml-118-40	inferred	1	 	Mißklang
26120215_1950_01_26_01_006.tcf.xml-2-10	26120215_1958_12_20_01_214.tcf.xml-24-4	inferred	1	 	Mißklang
26120215_1950_01_26_01_006.tcf.xml-2-10	26120215_1964_07_05_01_083.tcf.xml-10-6	inferred	1	 	Mißklang
26120215_1950_01_26_01_006.tcf.xml-2-10	26120215_1966_08_12_01_264.tcf.xml-74-19	inferred	1	 	Mißklang
26120215_1950_01_26_01_006.tcf.xml-2-10	26120215_1975_09_20_01_447.tcf.xml-24-13	inferred	1	 	Mißklang
26120215_1950_01_26_01_006.tcf.xml-2-10	26120215_1977_02_24_01_074.tcf.xml-4-11	inferred	1	 	Mißklang
26120215_1950_01_26_01_006.tcf.xml-2-10	aston_leben_1847-601-55	inferred	1	 	Mißklang
26120215_1950_01_26_01_006.tcf.xml-2-10	beyer_poetik01_1882-4784-9	inferred	0	 	Mißklang
26120215_1950_01_26_01_006.tcf.xml-2-10	brehm_thierleben06_1869-14813-64	inferred	1	 	Mißklang
26120215_1950_01_26_01_006.tcf.xml-2-10	curtius_alterthum01_1875-1087-51	inferred	1	 	Mißklang
26120215_1950_01_26_01_006.tcf.xml-2-10	ebers_koenigstochter03_1864-2998-2	inferred	1	 	Mißklang
26120215_1950_01_26_01_006.tcf.xml-2-10	engel_poetik_1806-1411-18	inferred	1	 	Mißklang
26120215_1950_01_26_01_006.tcf.xml-2-10	falke_trachten01_1858-1911-42	inferred	1	 	Mißklang
26120215_1950_01_26_01_006.tcf.xml-2-10	fontane_brandenburg02_1863-2886-11	inferred	1	 	Mißklang
26120215_1950_01_26_01_006.tcf.xml-2-10	goethe_leben03_1814-447-24	inferred	1	 	Mißklang
26120215_1950_01_26_01_006.tcf.xml-2-10	heckert_schulgesetzgebung_1847-1650-43	inferred	0	 	Mißklang
26120215_1950_01_26_01_006.tcf.xml-2-10	michelis_reiseschule_1869-2106-36	inferred	1	 	Mißklang
26120215_1950_01_26_01_006.tcf.xml-2-10	oberwinder_buschoff_1892-119-4	inferred	1	 	Mißklang
26120215_1950_01_26_01_006.tcf.xml-2-10	treitschke_geschichte05_1894-1224-8	inferred	1	 	Mißklang
26120215_1950_01_26_01_006.tcf.xml-2-10	vischer_aesthetik0201_1847-711-31	inferred	1	 	Mißklang
26120215_1950_01_26_01_006.tcf.xml-2-10	vischer_aesthetik030204_1857-1159-100	inferred	0	 	Mißklang
26120215_1950_01_26_01_006.tcf.xml-2-10	vischer_aesthetik030205_1857-3107-64	inferred	1	 	Mißklang
26120215_1950_01_26_01_006.tcf.xml-2-10	waiblinger_phaeton01_1823-374-12	inferred	1	 	Mißklang
26120215_1950_01_26_01_006.tcf.xml-2-10	waiblinger_phaeton01_1823-608-3	inferred	1	 	Mißklang
26120215_1950_01_26_01_006.tcf.xml-2-10	wilamowitz_aristoteles01_1893-683-28	inferred	1	 	Mißklang
26120215_1952_10_19_01_050.tcf.xml-118-40	26120215_1958_12_20_01_214.tcf.xml-24-4	inferred	1	 	Mißklang
26120215_1952_10_19_01_050.tcf.xml-118-40	26120215_1964_07_05_01_083.tcf.xml-10-6	inferred	1	 	Mißklang
26120215_1952_10_19_01_050.tcf.xml-118-40	26120215_1966_08_12_01_264.tcf.xml-74-19	inferred	1	 	Mißklang
26120215_1952_10_19_01_050.tcf.xml-118-40	26120215_1975_09_20_01_447.tcf.xml-24-13	inferred	1	 	Mißklang
26120215_1952_10_19_01_050.tcf.xml-118-40	26120215_1977_02_24_01_074.tcf.xml-4-11	inferred	1	 	Mißklang
26120215_1952_10_19_01_050.tcf.xml-118-40	aston_leben_1847-601-55	inferred	1	 	Mißklang
26120215_1952_10_19_01_050.tcf.xml-118-40	beyer_poetik01_1882-4784-9	inferred	0	 	Mißklang
26120215_1952_10_19_01_050.tcf.xml-118-40	brehm_thierleben06_1869-14813-64	inferred	1	 	Mißklang
26120215_1952_10_19_01_050.tcf.xml-118-40	curtius_alterthum01_1875-1087-51	inferred	1	 	Mißklang
26120215_1952_10_19_01_050.tcf.xml-118-40	ebers_koenigstochter03_1864-2998-2	inferred	1	 	Mißklang
26120215_1952_10_19_01_050.tcf.xml-118-40	engel_poetik_1806-1411-18	inferred	1	 	Mißklang
26120215_1952_10_19_01_050.tcf.xml-118-40	falke_trachten01_1858-1911-42	inferred	1	 	Mißklang
26120215_1952_10_19_01_050.tcf.xml-118-40	fontane_brandenburg02_1863-2886-11	inferred	1	 	Mißklang
26120215_1952_10_19_01_050.tcf.xml-118-40	goethe_leben03_1814-447-24	inferred	1	 	Mißklang
26120215_1952_10_19_01_050.tcf.xml-118-40	heckert_schulgesetzgebung_1847-1650-43	inferred	0	 	Mißklang
26120215_1952_10_19_01_050.tcf.xml-118-40	michelis_reiseschule_1869-2106-36	inferred	1	 	Mißklang
26120215_1952_10_19_01_050.tcf.xml-118-40	oberwinder_buschoff_1892-119-4	inferred	1	 	Mißklang
26120215_1952_10_19_01_050.tcf.xml-118-40	treitschke_geschichte05_1894-1224-8	inferred	1	 	Mißklang
26120215_1952_10_19_01_050.tcf.xml-118-40	vischer_aesthetik0201_1847-711-31	inferred	1	 	Mißklang
26120215_1952_10_19_01_050.tcf.xml-118-40	vischer_aesthetik030204_1857-1159-100	inferred	0	 	Mißklang
26120215_1952_10_19_01_050.tcf.xml-118-40	vischer_aesthetik030205_1857-3107-64	inferred	1	 	Mißklang
26120215_1952_10_19_01_050.tcf.xml-118-40	waiblinger_phaeton01_1823-374-12	inferred	1	 	Mißklang
26120215_1952_10_19_01_050.tcf.xml-118-40	waiblinger_phaeton01_1823-608-3	inferred	1	 	Mißklang
26120215_1952_10_19_01_050.tcf.xml-118-40	wilamowitz_aristoteles01_1893-683-28	inferred	1	 	Mißklang
26120215_1958_12_20_01_214.tcf.xml-24-4	26120215_1964_07_05_01_083.tcf.xml-10-6	inferred	1	 	Mißklang
26120215_1958_12_20_01_214.tcf.xml-24-4	26120215_1966_08_12_01_264.tcf.xml-74-19	inferred	1	 	Mißklang
26120215_1958_12_20_01_214.tcf.xml-24-4	26120215_1975_09_20_01_447.tcf.xml-24-13	inferred	1	 	Mißklang
26120215_1958_12_20_01_214.tcf.xml-24-4	26120215_1977_02_24_01_074.tcf.xml-4-11	inferred	1	 	Mißklang
26120215_1958_12_20_01_214.tcf.xml-24-4	aston_leben_1847-601-55	inferred	1	 	Mißklang
26120215_1958_12_20_01_214.tcf.xml-24-4	beyer_poetik01_1882-4784-9	inferred	0	 	Mißklang
26120215_1958_12_20_01_214.tcf.xml-24-4	brehm_thierleben06_1869-14813-64	inferred	1	 	Mißklang
26120215_1958_12_20_01_214.tcf.xml-24-4	curtius_alterthum01_1875-1087-51	inferred	1	 	Mißklang
26120215_1958_12_20_01_214.tcf.xml-24-4	ebers_koenigstochter03_1864-2998-2	inferred	1	 	Mißklang
26120215_1958_12_20_01_214.tcf.xml-24-4	engel_poetik_1806-1411-18	inferred	1	 	Mißklang
26120215_1958_12_20_01_214.tcf.xml-24-4	falke_trachten01_1858-1911-42	inferred	1	 	Mißklang
26120215_1958_12_20_01_214.tcf.xml-24-4	fontane_brandenburg02_1863-2886-11	inferred	1	 	Mißklang
26120215_1958_12_20_01_214.tcf.xml-24-4	goethe_leben03_1814-447-24	inferred	1	 	Mißklang
26120215_1958_12_20_01_214.tcf.xml-24-4	heckert_schulgesetzgebung_1847-1650-43	inferred	0	 	Mißklang
26120215_1958_12_20_01_214.tcf.xml-24-4	michelis_reiseschule_1869-2106-36	inferred	1	 	Mißklang
26120215_1958_12_20_01_214.tcf.xml-24-4	oberwinder_buschoff_1892-119-4	inferred	1	 	Mißklang
26120215_1958_12_20_01_214.tcf.xml-24-4	treitschke_geschichte05_1894-1224-8	inferred	1	 	Mißklang
26120215_1958_12_20_01_214.tcf.xml-24-4	vischer_aesthetik0201_1847-711-31	inferred	1	 	Mißklang
26120215_1958_12_20_01_214.tcf.xml-24-4	vischer_aesthetik030204_1857-1159-100	inferred	0	 	Mißklang
26120215_1958_12_20_01_214.tcf.xml-24-4	vischer_aesthetik030205_1857-3107-64	inferred	1	 	Mißklang
26120215_1958_12_20_01_214.tcf.xml-24-4	waiblinger_phaeton01_1823-374-12	inferred	1	 	Mißklang
26120215_1958_12_20_01_214.tcf.xml-24-4	waiblinger_phaeton01_1823-608-3	inferred	1	 	Mißklang
26120215_1958_12_20_01_214.tcf.xml-24-4	wilamowitz_aristoteles01_1893-683-28	inferred	1	 	Mißklang
26120215_1964_07_05_01_083.tcf.xml-10-6	26120215_1966_08_12_01_264.tcf.xml-74-19	inferred	1	 	Mißklang
26120215_1964_07_05_01_083.tcf.xml-10-6	26120215_1975_09_20_01_447.tcf.xml-24-13	inferred	1	 	Mißklang
26120215_1964_07_05_01_083.tcf.xml-10-6	26120215_1977_02_24_01_074.tcf.xml-4-11	inferred	1	 	Mißklang
26120215_1964_07_05_01_083.tcf.xml-10-6	aston_leben_1847-601-55	inferred	1	 	Mißklang
26120215_1964_07_05_01_083.tcf.xml-10-6	beyer_poetik01_1882-4784-9	inferred	0	 	Mißklang
26120215_1964_07_05_01_083.tcf.xml-10-6	brehm_thierleben06_1869-14813-64	inferred	1	 	Mißklang
26120215_1964_07_05_01_083.tcf.xml-10-6	curtius_alterthum01_1875-1087-51	inferred	1	 	Mißklang
26120215_1964_07_05_01_083.tcf.xml-10-6	ebers_koenigstochter03_1864-2998-2	inferred	1	 	Mißklang
26120215_1964_07_05_01_083.tcf.xml-10-6	engel_poetik_1806-1411-18	inferred	1	 	Mißklang
26120215_1964_07_05_01_083.tcf.xml-10-6	falke_trachten01_1858-1911-42	inferred	1	 	Mißklang
26120215_1964_07_05_01_083.tcf.xml-10-6	fontane_brandenburg02_1863-2886-11	inferred	1	 	Mißklang
26120215_1964_07_05_01_083.tcf.xml-10-6	goethe_leben03_1814-447-24	inferred	1	 	Mißklang
26120215_1964_07_05_01_083.tcf.xml-10-6	heckert_schulgesetzgebung_1847-1650-43	inferred	0	 	Mißklang
26120215_1964_07_05_01_083.tcf.xml-10-6	michelis_reiseschule_1869-2106-36	inferred	1	 	Mißklang
26120215_1964_07_05_01_083.tcf.xml-10-6	oberwinder_buschoff_1892-119-4	inferred	1	 	Mißklang
26120215_1964_07_05_01_083.tcf.xml-10-6	treitschke_geschichte05_1894-1224-8	inferred	1	 	Mißklang
26120215_1964_07_05_01_083.tcf.xml-10-6	vischer_aesthetik0201_1847-711-31	inferred	1	 	Mißklang
26120215_1964_07_05_01_083.tcf.xml-10-6	vischer_aesthetik030204_1857-1159-100	inferred	0	 	Mißklang
26120215_1964_07_05_01_083.tcf.xml-10-6	vischer_aesthetik030205_1857-3107-64	inferred	1	 	Mißklang
26120215_1964_07_05_01_083.tcf.xml-10-6	waiblinger_phaeton01_1823-374-12	inferred	1	 	Mißklang
26120215_1964_07_05_01_083.tcf.xml-10-6	waiblinger_phaeton01_1823-608-3	inferred	1	 	Mißklang
26120215_1964_07_05_01_083.tcf.xml-10-6	wilamowitz_aristoteles01_1893-683-28	inferred	1	 	Mißklang
26120215_1966_08_12_01_264.tcf.xml-74-19	26120215_1975_09_20_01_447.tcf.xml-24-13	inferred	1	 	Mißklang
26120215_1966_08_12_01_264.tcf.xml-74-19	26120215_1977_02_24_01_074.tcf.xml-4-11	inferred	1	 	Mißklang
26120215_1966_08_12_01_264.tcf.xml-74-19	aston_leben_1847-601-55	inferred	1	 	Mißklang
26120215_1966_08_12_01_264.tcf.xml-74-19	beyer_poetik01_1882-4784-9	inferred	0	 	Mißklang
26120215_1966_08_12_01_264.tcf.xml-74-19	brehm_thierleben06_1869-14813-64	inferred	1	 	Mißklang
26120215_1966_08_12_01_264.tcf.xml-74-19	curtius_alterthum01_1875-1087-51	inferred	1	 	Mißklang
26120215_1966_08_12_01_264.tcf.xml-74-19	ebers_koenigstochter03_1864-2998-2	inferred	1	 	Mißklang
26120215_1966_08_12_01_264.tcf.xml-74-19	engel_poetik_1806-1411-18	inferred	1	 	Mißklang
26120215_1966_08_12_01_264.tcf.xml-74-19	falke_trachten01_1858-1911-42	inferred	1	 	Mißklang
26120215_1966_08_12_01_264.tcf.xml-74-19	fontane_brandenburg02_1863-2886-11	inferred	1	 	Mißklang
26120215_1966_08_12_01_264.tcf.xml-74-19	goethe_leben03_1814-447-24	inferred	1	 	Mißklang
26120215_1966_08_12_01_264.tcf.xml-74-19	heckert_schulgesetzgebung_1847-1650-43	inferred	0	 	Mißklang
26120215_1966_08_12_01_264.tcf.xml-74-19	michelis_reiseschule_1869-2106-36	inferred	1	 	Mißklang
26120215_1966_08_12_01_264.tcf.xml-74-19	oberwinder_buschoff_1892-119-4	inferred	1	 	Mißklang
26120215_1966_08_12_01_264.tcf.xml-74-19	treitschke_geschichte05_1894-1224-8	inferred	1	 	Mißklang
26120215_1966_08_12_01_264.tcf.xml-74-19	vischer_aesthetik0201_1847-711-31	inferred	1	 	Mißklang
26120215_1966_08_12_01_264.tcf.xml-74-19	vischer_aesthetik030204_1857-1159-100	inferred	0	 	Mißklang
26120215_1966_08_12_01_264.tcf.xml-74-19	vischer_aesthetik030205_1857-3107-64	inferred	1	 	Mißklang
26120215_1966_08_12_01_264.tcf.xml-74-19	waiblinger_phaeton01_1823-374-12	inferred	1	 	Mißklang
26120215_1966_08_12_01_264.tcf.xml-74-19	waiblinger_phaeton01_1823-608-3	inferred	1	 	Mißklang
26120215_1966_08_12_01_264.tcf.xml-74-19	wilamowitz_aristoteles01_1893-683-28	inferred	1	 	Mißklang
26120215_1975_09_20_01_447.tcf.xml-24-13	26120215_1977_02_24_01_074.tcf.xml-4-11	inferred	1	 	Mißklang
26120215_1975_09_20_01_447.tcf.xml-24-13	aston_leben_1847-601-55	inferred	1	 	Mißklang
26120215_1975_09_20_01_447.tcf.xml-24-13	beyer_poetik01_1882-4784-9	inferred	0	 	Mißklang
26120215_1975_09_20_01_447.tcf.xml-24-13	brehm_thierleben06_1869-14813-64	inferred	1	 	Mißklang
26120215_1975_09_20_01_447.tcf.xml-24-13	curtius_alterthum01_1875-1087-51	inferred	1	 	Mißklang
26120215_1975_09_20_01_447.tcf.xml-24-13	ebers_koenigstochter03_1864-2998-2	inferred	1	 	Mißklang
26120215_1975_09_20_01_447.tcf.xml-24-13	engel_poetik_1806-1411-18	inferred	1	 	Mißklang
26120215_1975_09_20_01_447.tcf.xml-24-13	falke_trachten01_1858-1911-42	inferred	1	 	Mißklang
26120215_1975_09_20_01_447.tcf.xml-24-13	fontane_brandenburg02_1863-2886-11	inferred	1	 	Mißklang
26120215_1975_09_20_01_447.tcf.xml-24-13	goethe_leben03_1814-447-24	inferred	1	 	Mißklang
26120215_1975_09_20_01_447.tcf.xml-24-13	heckert_schulgesetzgebung_1847-1650-43	inferred	0	 	Mißklang
26120215_1975_09_20_01_447.tcf.xml-24-13	michelis_reiseschule_1869-2106-36	inferred	1	 	Mißklang
26120215_1975_09_20_01_447.tcf.xml-24-13	oberwinder_buschoff_1892-119-4	inferred	1	 	Mißklang
26120215_1975_09_20_01_447.tcf.xml-24-13	treitschke_geschichte05_1894-1224-8	inferred	1	 	Mißklang
26120215_1975_09_20_01_447.tcf.xml-24-13	vischer_aesthetik0201_1847-711-31	inferred	1	 	Mißklang
26120215_1975_09_20_01_447.tcf.xml-24-13	vischer_aesthetik030204_1857-1159-100	inferred	0	 	Mißklang
26120215_1975_09_20_01_447.tcf.xml-24-13	vischer_aesthetik030205_1857-3107-64	inferred	1	 	Mißklang
26120215_1975_09_20_01_447.tcf.xml-24-13	waiblinger_phaeton01_1823-374-12	inferred	1	 	Mißklang
26120215_1975_09_20_01_447.tcf.xml-24-13	waiblinger_phaeton01_1823-608-3	inferred	1	 	Mißklang
26120215_1975_09_20_01_447.tcf.xml-24-13	wilamowitz_aristoteles01_1893-683-28	inferred	1	 	Mißklang
26120215_1977_02_24_01_074.tcf.xml-4-11	aston_leben_1847-601-55	inferred	1	 	Mißklang
26120215_1977_02_24_01_074.tcf.xml-4-11	beyer_poetik01_1882-4784-9	inferred	0	 	Mißklang
26120215_1977_02_24_01_074.tcf.xml-4-11	brehm_thierleben06_1869-14813-64	inferred	1	 	Mißklang
26120215_1977_02_24_01_074.tcf.xml-4-11	curtius_alterthum01_1875-1087-51	inferred	1	 	Mißklang
26120215_1977_02_24_01_074.tcf.xml-4-11	ebers_koenigstochter03_1864-2998-2	inferred	1	 	Mißklang
26120215_1977_02_24_01_074.tcf.xml-4-11	engel_poetik_1806-1411-18	inferred	1	 	Mißklang
26120215_1977_02_24_01_074.tcf.xml-4-11	falke_trachten01_1858-1911-42	inferred	1	 	Mißklang
26120215_1977_02_24_01_074.tcf.xml-4-11	fontane_brandenburg02_1863-2886-11	inferred	1	 	Mißklang
26120215_1977_02_24_01_074.tcf.xml-4-11	goethe_leben03_1814-447-24	inferred	1	 	Mißklang
26120215_1977_02_24_01_074.tcf.xml-4-11	heckert_schulgesetzgebung_1847-1650-43	inferred	0	 	Mißklang
26120215_1977_02_24_01_074.tcf.xml-4-11	michelis_reiseschule_1869-2106-36	inferred	1	 	Mißklang
26120215_1977_02_24_01_074.tcf.xml-4-11	oberwinder_buschoff_1892-119-4	inferred	1	 	Mißklang
26120215_1977_02_24_01_074.tcf.xml-4-11	treitschke_geschichte05_1894-1224-8	inferred	1	 	Mißklang
26120215_1977_02_24_01_074.tcf.xml-4-11	vischer_aesthetik0201_1847-711-31	inferred	1	 	Mißklang
26120215_1977_02_24_01_074.tcf.xml-4-11	vischer_aesthetik030204_1857-1159-100	inferred	0	 	Mißklang
26120215_1977_02_24_01_074.tcf.xml-4-11	vischer_aesthetik030205_1857-3107-64	inferred	1	 	Mißklang
26120215_1977_02_24_01_074.tcf.xml-4-11	waiblinger_phaeton01_1823-374-12	inferred	1	 	Mißklang
26120215_1977_02_24_01_074.tcf.xml-4-11	waiblinger_phaeton01_1823-608-3	inferred	1	 	Mißklang
26120215_1977_02_24_01_074.tcf.xml-4-11	wilamowitz_aristoteles01_1893-683-28	inferred	1	 	Mißklang
aston_leben_1847-601-55	beyer_poetik01_1882-4784-9	inferred	0	 	Mißklang
aston_leben_1847-601-55	brehm_thierleben06_1869-14813-64	inferred	1	 	Mißklang
aston_leben_1847-601-55	curtius_alterthum01_1875-1087-51	inferred	1	 	Mißklang
aston_leben_1847-601-55	ebers_koenigstochter03_1864-2998-2	inferred	1	 	Mißklang
aston_leben_1847-601-55	engel_poetik_1806-1411-18	inferred	1	 	Mißklang
aston_leben_1847-601-55	falke_trachten01_1858-1911-42	inferred	1	 	Mißklang
aston_leben_1847-601-55	fontane_brandenburg02_1863-2886-11	inferred	1	 	Mißklang
aston_leben_1847-601-55	goethe_leben03_1814-447-24	inferred	1	 	Mißklang
aston_leben_1847-601-55	heckert_schulgesetzgebung_1847-1650-43	inferred	0	 	Mißklang
aston_leben_1847-601-55	michelis_reiseschule_1869-2106-36	inferred	1	 	Mißklang
aston_leben_1847-601-55	oberwinder_buschoff_1892-119-4	inferred	1	 	Mißklang
aston_leben_1847-601-55	treitschke_geschichte05_1894-1224-8	inferred	1	 	Mißklang
aston_leben_1847-601-55	vischer_aesthetik0201_1847-711-31	inferred	1	 	Mißklang
aston_leben_1847-601-55	vischer_aesthetik030204_1857-1159-100	inferred	0	 	Mißklang
aston_leben_1847-601-55	vischer_aesthetik030205_1857-3107-64	inferred	1	 	Mißklang
aston_leben_1847-601-55	waiblinger_phaeton01_1823-374-12	inferred	1	 	Mißklang
aston_leben_1847-601-55	waiblinger_phaeton01_1823-608-3	inferred	1	 	Mißklang
aston_leben_1847-601-55	wilamowitz_aristoteles01_1893-683-28	inferred	1	 	Mißklang
beyer_poetik01_1882-4784-9	brehm_thierleben06_1869-14813-64	inferred	0	 	Mißklang
beyer_poetik01_1882-4784-9	curtius_alterthum01_1875-1087-51	inferred	0	 	Mißklang
beyer_poetik01_1882-4784-9	ebers_koenigstochter03_1864-2998-2	inferred	0	 	Mißklang
beyer_poetik01_1882-4784-9	engel_poetik_1806-1411-18	inferred	0	 	Mißklang
beyer_poetik01_1882-4784-9	falke_trachten01_1858-1911-42	inferred	0	 	Mißklang
beyer_poetik01_1882-4784-9	fontane_brandenburg02_1863-2886-11	inferred	0	 	Mißklang
beyer_poetik01_1882-4784-9	goethe_leben03_1814-447-24	inferred	0	 	Mißklang
beyer_poetik01_1882-4784-9	heckert_schulgesetzgebung_1847-1650-43	inferred	1	 	Mißklang
beyer_poetik01_1882-4784-9	michelis_reiseschule_1869-2106-36	inferred	0	 	Mißklang
beyer_poetik01_1882-4784-9	oberwinder_buschoff_1892-119-4	inferred	0	 	Mißklang
beyer_poetik01_1882-4784-9	treitschke_geschichte05_1894-1224-8	inferred	0	 	Mißklang
beyer_poetik01_1882-4784-9	vischer_aesthetik0201_1847-711-31	inferred	0	 	Mißklang
beyer_poetik01_1882-4784-9	vischer_aesthetik030204_1857-1159-100	inferred	1	 	Mißklang
beyer_poetik01_1882-4784-9	vischer_aesthetik030205_1857-3107-64	inferred	0	 	Mißklang
beyer_poetik01_1882-4784-9	waiblinger_phaeton01_1823-374-12	inferred	0	 	Mißklang
beyer_poetik01_1882-4784-9	waiblinger_phaeton01_1823-608-3	inferred	0	 	Mißklang
beyer_poetik01_1882-4784-9	wilamowitz_aristoteles01_1893-683-28	inferred	0	 	Mißklang
brehm_thierleben06_1869-14813-64	curtius_alterthum01_1875-1087-51	inferred	1	 	Mißklang
brehm_thierleben06_1869-14813-64	ebers_koenigstochter03_1864-2998-2	inferred	1	 	Mißklang
brehm_thierleben06_1869-14813-64	engel_poetik_1806-1411-18	inferred	1	 	Mißklang
brehm_thierleben06_1869-14813-64	falke_trachten01_1858-1911-42	inferred	1	 	Mißklang
brehm_thierleben06_1869-14813-64	fontane_brandenburg02_1863-2886-11	inferred	1	 	Mißklang
brehm_thierleben06_1869-14813-64	goethe_leben03_1814-447-24	inferred	1	 	Mißklang
brehm_thierleben06_1869-14813-64	heckert_schulgesetzgebung_1847-1650-43	inferred	0	 	Mißklang
brehm_thierleben06_1869-14813-64	michelis_reiseschule_1869-2106-36	inferred	1	 	Mißklang
brehm_thierleben06_1869-14813-64	oberwinder_buschoff_1892-119-4	inferred	1	 	Mißklang
brehm_thierleben06_1869-14813-64	treitschke_geschichte05_1894-1224-8	inferred	1	 	Mißklang
brehm_thierleben06_1869-14813-64	vischer_aesthetik0201_1847-711-31	inferred	1	 	Mißklang
brehm_thierleben06_1869-14813-64	vischer_aesthetik030204_1857-1159-100	inferred	0	 	Mißklang
brehm_thierleben06_1869-14813-64	vischer_aesthetik030205_1857-3107-64	inferred	1	 	Mißklang
brehm_thierleben06_1869-14813-64	waiblinger_phaeton01_1823-374-12	inferred	1	 	Mißklang
brehm_thierleben06_1869-14813-64	waiblinger_phaeton01_1823-608-3	inferred	1	 	Mißklang
brehm_thierleben06_1869-14813-64	wilamowitz_aristoteles01_1893-683-28	inferred	1	 	Mißklang
curtius_alterthum01_1875-1087-51	ebers_koenigstochter03_1864-2998-2	inferred	1	 	Mißklang
curtius_alterthum01_1875-1087-51	engel_poetik_1806-1411-18	inferred	1	 	Mißklang
curtius_alterthum01_1875-1087-51	falke_trachten01_1858-1911-42	inferred	1	 	Mißklang
curtius_alterthum01_1875-1087-51	fontane_brandenburg02_1863-2886-11	inferred	1	 	Mißklang
curtius_alterthum01_1875-1087-51	goethe_leben03_1814-447-24	inferred	1	 	Mißklang
curtius_alterthum01_1875-1087-51	heckert_schulgesetzgebung_1847-1650-43	inferred	0	 	Mißklang
curtius_alterthum01_1875-1087-51	michelis_reiseschule_1869-2106-36	inferred	1	 	Mißklang
curtius_alterthum01_1875-1087-51	oberwinder_buschoff_1892-119-4	inferred	1	 	Mißklang
curtius_alterthum01_1875-1087-51	treitschke_geschichte05_1894-1224-8	inferred	1	 	Mißklang
curtius_alterthum01_1875-1087-51	vischer_aesthetik0201_1847-711-31	inferred	1	 	Mißklang
curtius_alterthum01_1875-1087-51	vischer_aesthetik030204_1857-1159-100	inferred	0	 	Mißklang
curtius_alterthum01_1875-1087-51	vischer_aesthetik030205_1857-3107-64	inferred	1	 	Mißklang
curtius_alterthum01_1875-1087-51	waiblinger_phaeton01_1823-374-12	inferred	1	 	Mißklang
curtius_alterthum01_1875-1087-51	waiblinger_phaeton01_1823-608-3	inferred	1	 	Mißklang
curtius_alterthum01_1875-1087-51	wilamowitz_aristoteles01_1893-683-28	inferred	1	 	Mißklang
ebers_koenigstochter03_1864-2998-2	engel_poetik_1806-1411-18	inferred	1	 	Mißklang
ebers_koenigstochter03_1864-2998-2	falke_trachten01_1858-1911-42	inferred	1	 	Mißklang
ebers_koenigstochter03_1864-2998-2	fontane_brandenburg02_1863-2886-11	inferred	1	 	Mißklang
ebers_koenigstochter03_1864-2998-2	goethe_leben03_1814-447-24	inferred	1	 	Mißklang
ebers_koenigstochter03_1864-2998-2	heckert_schulgesetzgebung_1847-1650-43	inferred	0	 	Mißklang
ebers_koenigstochter03_1864-2998-2	michelis_reiseschule_1869-2106-36	inferred	1	 	Mißklang
ebers_koenigstochter03_1864-2998-2	oberwinder_buschoff_1892-119-4	inferred	1	 	Mißklang
ebers_koenigstochter03_1864-2998-2	treitschke_geschichte05_1894-1224-8	inferred	1	 	Mißklang
ebers_koenigstochter03_1864-2998-2	vischer_aesthetik0201_1847-711-31	inferred	1	 	Mißklang
ebers_koenigstochter03_1864-2998-2	vischer_aesthetik030204_1857-1159-100	inferred	0	 	Mißklang
ebers_koenigstochter03_1864-2998-2	vischer_aesthetik030205_1857-3107-64	inferred	1	 	Mißklang
ebers_koenigstochter03_1864-2998-2	waiblinger_phaeton01_1823-374-12	inferred	1	 	Mißklang
ebers_koenigstochter03_1864-2998-2	waiblinger_phaeton01_1823-608-3	inferred	1	 	Mißklang
ebers_koenigstochter03_1864-2998-2	wilamowitz_aristoteles01_1893-683-28	inferred	1	 	Mißklang
engel_poetik_1806-1411-18	falke_trachten01_1858-1911-42	inferred	1	 	Mißklang
engel_poetik_1806-1411-18	fontane_brandenburg02_1863-2886-11	inferred	1	 	Mißklang
engel_poetik_1806-1411-18	goethe_leben03_1814-447-24	inferred	1	 	Mißklang
engel_poetik_1806-1411-18	heckert_schulgesetzgebung_1847-1650-43	inferred	0	 	Mißklang
engel_poetik_1806-1411-18	michelis_reiseschule_1869-2106-36	inferred	1	 	Mißklang
engel_poetik_1806-1411-18	oberwinder_buschoff_1892-119-4	inferred	1	 	Mißklang
engel_poetik_1806-1411-18	treitschke_geschichte05_1894-1224-8	inferred	1	 	Mißklang
engel_poetik_1806-1411-18	vischer_aesthetik0201_1847-711-31	inferred	1	 	Mißklang
engel_poetik_1806-1411-18	vischer_aesthetik030204_1857-1159-100	inferred	0	 	Mißklang
engel_poetik_1806-1411-18	vischer_aesthetik030205_1857-3107-64	inferred	1	 	Mißklang
engel_poetik_1806-1411-18	waiblinger_phaeton01_1823-374-12	inferred	1	 	Mißklang
engel_poetik_1806-1411-18	waiblinger_phaeton01_1823-608-3	inferred	1	 	Mißklang
engel_poetik_1806-1411-18	wilamowitz_aristoteles01_1893-683-28	inferred	1	 	Mißklang
falke_trachten01_1858-1911-42	fontane_brandenburg02_1863-2886-11	inferred	1	 	Mißklang
falke_trachten01_1858-1911-42	goethe_leben03_1814-447-24	inferred	1	 	Mißklang
falke_trachten01_1858-1911-42	heckert_schulgesetzgebung_1847-1650-43	inferred	0	 	Mißklang
falke_trachten01_1858-1911-42	michelis_reiseschule_1869-2106-36	inferred	1	 	Mißklang
falke_trachten01_1858-1911-42	oberwinder_buschoff_1892-119-4	inferred	1	 	Mißklang
falke_trachten01_1858-1911-42	treitschke_geschichte05_1894-1224-8	inferred	1	 	Mißklang
falke_trachten01_1858-1911-42	vischer_aesthetik0201_1847-711-31	inferred	1	 	Mißklang
falke_trachten01_1858-1911-42	vischer_aesthetik030204_1857-1159-100	inferred	0	 	Mißklang
falke_trachten01_1858-1911-42	vischer_aesthetik030205_1857-3107-64	inferred	1	 	Mißklang
falke_trachten01_1858-1911-42	waiblinger_phaeton01_1823-374-12	inferred	1	 	Mißklang
falke_trachten01_1858-1911-42	waiblinger_phaeton01_1823-608-3	inferred	1	 	Mißklang
falke_trachten01_1858-1911-42	wilamowitz_aristoteles01_1893-683-28	inferred	1	 	Mißklang
fontane_brandenburg02_1863-2886-11	goethe_leben03_1814-447-24	inferred	1	 	Mißklang
fontane_brandenburg02_1863-2886-11	heckert_schulgesetzgebung_1847-1650-43	inferred	0	 	Mißklang
fontane_brandenburg02_1863-2886-11	michelis_reiseschule_1869-2106-36	inferred	1	 	Mißklang
fontane_brandenburg02_1863-2886-11	oberwinder_buschoff_1892-119-4	inferred	1	 	Mißklang
fontane_brandenburg02_1863-2886-11	treitschke_geschichte05_1894-1224-8	inferred	1	 	Mißklang
fontane_brandenburg02_1863-2886-11	vischer_aesthetik0201_1847-711-31	inferred	1	 	Mißklang
fontane_brandenburg02_1863-2886-11	vischer_aesthetik030204_1857-1159-100	inferred	0	 	Mißklang
fontane_brandenburg02_1863-2886-11	vischer_aesthetik030205_1857-3107-64	inferred	1	 	Mißklang
fontane_brandenburg02_1863-2886-11	waiblinger_phaeton01_1823-374-12	inferred	1	 	Mißklang
fontane_brandenburg02_1863-2886-11	waiblinger_phaeton01_1823-608-3	inferred	1	 	Mißklang
fontane_brandenburg02_1863-2886-11	wilamowitz_aristoteles01_1893-683-28	inferred	1	 	Mißklang
goethe_leben03_1814-447-24	heckert_schulgesetzgebung_1847-1650-43	inferred	0	 	Mißklang
goethe_leben03_1814-447-24	michelis_reiseschule_1869-2106-36	inferred	1	 	Mißklang
goethe_leben03_1814-447-24	oberwinder_buschoff_1892-119-4	inferred	1	 	Mißklang
goethe_leben03_1814-447-24	treitschke_geschichte05_1894-1224-8	inferred	1	 	Mißklang
goethe_leben03_1814-447-24	vischer_aesthetik0201_1847-711-31	inferred	1	 	Mißklang
goethe_leben03_1814-447-24	vischer_aesthetik030204_1857-1159-100	inferred	0	 	Mißklang
goethe_leben03_1814-447-24	vischer_aesthetik030205_1857-3107-64	inferred	1	 	Mißklang
goethe_leben03_1814-447-24	waiblinger_phaeton01_1823-374-12	inferred	1	 	Mißklang
goethe_leben03_1814-447-24	waiblinger_phaeton01_1823-608-3	inferred	1	 	Mißklang
goethe_leben03_1814-447-24	wilamowitz_aristoteles01_1893-683-28	inferred	1	 	Mißklang
heckert_schulgesetzgebung_1847-1650-43	michelis_reiseschule_1869-2106-36	inferred	0	 	Mißklang
heckert_schulgesetzgebung_1847-1650-43	oberwinder_buschoff_1892-119-4	inferred	0	 	Mißklang
heckert_schulgesetzgebung_1847-1650-43	treitschke_geschichte05_1894-1224-8	inferred	0	 	Mißklang
heckert_schulgesetzgebung_1847-1650-43	vischer_aesthetik0201_1847-711-31	inferred	0	 	Mißklang
heckert_schulgesetzgebung_1847-1650-43	vischer_aesthetik030204_1857-1159-100	inferred	1	 	Mißklang
heckert_schulgesetzgebung_1847-1650-43	vischer_aesthetik030205_1857-3107-64	inferred	0	 	Mißklang
heckert_schulgesetzgebung_1847-1650-43	waiblinger_phaeton01_1823-374-12	inferred	0	 	Mißklang
heckert_schulgesetzgebung_1847-1650-43	waiblinger_phaeton01_1823-608-3	inferred	0	 	Mißklang
heckert_schulgesetzgebung_1847-1650-43	wilamowitz_aristoteles01_1893-683-28	inferred	0	 	Mißklang
michelis_reiseschule_1869-2106-36	oberwinder_buschoff_1892-119-4	inferred	1	 	Mißklang
michelis_reiseschule_1869-2106-36	treitschke_geschichte05_1894-1224-8	inferred	1	 	Mißklang
michelis_reiseschule_1869-2106-36	vischer_aesthetik0201_1847-711-31	inferred	1	 	Mißklang
michelis_reiseschule_1869-2106-36	vischer_aesthetik030204_1857-1159-100	inferred	0	 	Mißklang
michelis_reiseschule_1869-2106-36	vischer_aesthetik030205_1857-3107-64	inferred	1	 	Mißklang
michelis_reiseschule_1869-2106-36	waiblinger_phaeton01_1823-374-12	inferred	1	 	Mißklang
michelis_reiseschule_1869-2106-36	waiblinger_phaeton01_1823-608-3	inferred	1	 	Mißklang
michelis_reiseschule_1869-2106-36	wilamowitz_aristoteles01_1893-683-28	inferred	1	 	Mißklang
oberwinder_buschoff_1892-119-4	treitschke_geschichte05_1894-1224-8	inferred	1	 	Mißklang
oberwinder_buschoff_1892-119-4	vischer_aesthetik0201_1847-711-31	inferred	1	 	Mißklang
oberwinder_buschoff_1892-119-4	vischer_aesthetik030204_1857-1159-100	inferred	0	 	Mißklang
oberwinder_buschoff_1892-119-4	vischer_aesthetik030205_1857-3107-64	inferred	1	 	Mißklang
oberwinder_buschoff_1892-119-4	waiblinger_phaeton01_1823-374-12	inferred	1	 	Mißklang
oberwinder_buschoff_1892-119-4	waiblinger_phaeton01_1823-608-3	inferred	1	 	Mißklang
oberwinder_buschoff_1892-119-4	wilamowitz_aristoteles01_1893-683-28	inferred	1	 	Mißklang
treitschke_geschichte05_1894-1224-8	vischer_aesthetik0201_1847-711-31	inferred	1	 	Mißklang
treitschke_geschichte05_1894-1224-8	vischer_aesthetik030204_1857-1159-100	inferred	0	 	Mißklang
treitschke_geschichte05_1894-1224-8	vischer_aesthetik030205_1857-3107-64	inferred	1	 	Mißklang
treitschke_geschichte05_1894-1224-8	waiblinger_phaeton01_1823-374-12	inferred	1	 	Mißklang
treitschke_geschichte05_1894-1224-8	waiblinger_phaeton01_1823-608-3	inferred	1	 	Mißklang
treitschke_geschichte05_1894-1224-8	wilamowitz_aristoteles01_1893-683-28	inferred	1	 	Mißklang
vischer_aesthetik0201_1847-711-31	vischer_aesthetik030204_1857-1159-100	inferred	0	 	Mißklang
vischer_aesthetik0201_1847-711-31	vischer_aesthetik030205_1857-3107-64	inferred	1	 	Mißklang
vischer_aesthetik0201_1847-711-31	waiblinger_phaeton01_1823-374-12	inferred	1	 	Mißklang
vischer_aesthetik0201_1847-711-31	waiblinger_phaeton01_1823-608-3	inferred	1	 	Mißklang
vischer_aesthetik0201_1847-711-31	wilamowitz_aristoteles01_1893-683-28	inferred	1	 	Mißklang
vischer_aesthetik030204_1857-1159-100	vischer_aesthetik030205_1857-3107-64	inferred	0	 	Mißklang
vischer_aesthetik030204_1857-1159-100	waiblinger_phaeton01_1823-374-12	inferred	0	 	Mißklang
vischer_aesthetik030204_1857-1159-100	waiblinger_phaeton01_1823-608-3	inferred	0	 	Mißklang
vischer_aesthetik030204_1857-1159-100	wilamowitz_aristoteles01_1893-683-28	inferred	0	 	Mißklang
vischer_aesthetik030205_1857-3107-64	waiblinger_phaeton01_1823-374-12	inferred	1	 	Mißklang
vischer_aesthetik030205_1857-3107-64	waiblinger_phaeton01_1823-608-3	inferred	1	 	Mißklang
vischer_aesthetik030205_1857-3107-64	wilamowitz_aristoteles01_1893-683-28	inferred	1	 	Mißklang
waiblinger_phaeton01_1823-374-12	waiblinger_phaeton01_1823-608-3	inferred	1	 	Mißklang
waiblinger_phaeton01_1823-374-12	wilamowitz_aristoteles01_1893-683-28	inferred	1	 	Mißklang
waiblinger_phaeton01_1823-608-3	wilamowitz_aristoteles01_1893-683-28	inferred	1	 	Mißklang
