lemma	pos	date	grouping	identifier	description	context	indexes_target_token	indexes_target_sentence	context_tokenized	indexes_target_token_tokenized	indexes_target_sentence_tokenized	context_lemmatized	context_pos	context_normalized
Armenhaus	NN	1958	2	2532889X_1958-08-19_01_085.tcf.xml-5-20	 	Schon der Großmutter von Max Müller war nach des Lebens Mühen kein ruhiger Feierabend vergönnt gewesen; Ihr Los hieß Armenhaus.	117:126	0:127	Schon der Großmutter von Max Müller war nach des Lebens Mühen kein ruhiger Feierabend vergönnt gewesen ; Ihr Los hieß Armenhaus .	20	0:22	schon d Großmutter von Max Müller sein nach d Leben Mühe keine ruhig Feierabend vergönnen sein ; ihr Los heißen Armenhaus .	ADV ART NN APPR NE NE VAFIN APPR ART NN NN PIAT ADJA NN VVPP VAPP $. PPOSAT NN VVFIN NN $.	
Armenhaus	NN	1959	2	2532889X_1959-10-23_01_105.tcf.xml-4-5	 	Schleswig-Holstein, oft als „Armenhaus" Westdeutschlands bezeichnet, wird gegenwartig vom Kriegsministerium und vom NATO-Stab zur Aggressionsbasis Nr. 1 ausgebaut.	29:38	0:163	Schleswig-Holstein , oft als „ Armenhaus " Westdeutschlands bezeichnet , wird gegenwartig vom Kriegsministerium und vom NATO-Stab zur Aggressionsbasis Nr. 1 ausgebaut .	5	0:23	Schleswig-Holstein , oft als „ Armenhaus " Westdeutschland bezeichnen , werden Gegenwartig vom Kriegsministerium und vom Nato-Stab zur Aggressionsbasis Nr. 1 ausbauen .	NE $, ADV KOUS $( NN $( NE VVFIN $, VAFIN NE APPRART NN KON APPRART NN APPRART NN NN CARD VVPP $.	
Armenhaus	NN	1970	2	2532889X_1970-01-22_01_073.tcf.xml-17-6	 	Ohne umfangreiche Unterstützung wäre das „Armenhaus" Europas, wie man Portugal nennt (niedrigstes Pro-Kopf-Einkommen Europas, 40 Prozent Analphabeten), überhaupt nicht in der Lage, den afrikanischen Terrorfeldzug zu führen.	42:51	0:223	Ohne umfangreiche Unterstützung wäre das „ Armenhaus " Europas , wie man Portugal nennt ( niedrigstes Pro-Kopf-Einkommen Europas , 40 Prozent Analphabeten ) , überhaupt nicht in der Lage , den afrikanischen Terrorfeldzug zu führen .	6	0:36	ohne umfangreich Unterstützung sein d „ Armenhaus " Europa , wie man Portugal nennen ( niedrig Pro-Kopf-Einkommen Europa , 40 Prozent Analphabet ) , überhaupt nicht in d Lage , d afrikanisch Terrorfeldzug zu führen .	APPR ADJA NN VAFIN ART $( NN $( NE $, PWAV PIS NE VVFIN $( ADJA NN NE $, CARD NN NN $( $, ADV PTKNEG APPR ART NN $, ART ADJA NN PTKZU VVINF $.	
Armenhaus	NN	1974	2	2532889X_1974-12-28_01_086.tcf.xml-14-31	 	Der. Parfümarchipel", der mit seinen Korallenriffen und seiner üppigen Natur als Paradies gepriesen wird, ist in Wirklichkeit durch jahrhundertelange ausländische Ausbeutung und einheimische feudalistische Unterdrückung zu einem Armenhaus geworden.	229:238	0:248	Der . Parfümarchipel " , der mit seinen Korallenriffen und seiner üppigen Natur als Paradies gepriesen wird , ist in Wirklichkeit durch jahrhundertelange ausländische Ausbeutung und einheimische feudalistische Unterdrückung zu einem Armenhaus geworden .	31	0:34	d . Parfümarchipel " , die mit seine Korallenriff und seine üppig Natur als Paradies preisen werden , sein in Wirklichkeit durch jahrhundertelang ausländisch Ausbeutung und einheimisch feudalistisch Unterdrückung zu eine Armenhaus werden .	ART $. NN $( $, PRELS APPR PPOSAT NN KON PPOSAT ADJA NN KOUS NN VVPP VAFIN $, VAFIN APPR NN APPR ADJA ADJA NN KON ADJA ADJA NN APPR ART NN VAPP $.	
Armenhaus	NN	1975	2	2532889X_1975-09-04_01_211.tcf.xml-39-16	 	Zwei Jahre faschistische Diktatur haben das einst aufblühende Chile in ein riesiges Konzentrationslager, in ein Armenhaus Lateinamerikas verwandelt.	112:121	0:148	Zwei Jahre faschistische Diktatur haben das einst aufblühende Chile in ein riesiges Konzentrationslager , in ein Armenhaus Lateinamerikas verwandelt .	16	0:20	zwei Jahr faschistisch Diktatur haben d einst aufblühend Chile in eine riesig Konzentrationslager , in eine Armenhaus Lateinamerika verwandeln .	CARD NN ADJA NN VAFIN ART ADV ADJA NE APPR ART ADJA NN $, APPR ART NN NE VVPP $.	
Armenhaus	NN	1975	2	2532889X_1975-12-24_01_033.tcf.xml-20-12	 	13 Millionen Italiener beispielsweise streikten für die Oberwindung der sozialökonomischen Zurückgebliebenheit des Armenhauses ihres Landes, des Mezzogiorno.	115:126	0:157	13 Millionen Italiener beispielsweise streikten für die Oberwindung der sozialökonomischen Zurückgebliebenheit des Armenhauses ihres Landes , des Mezzogiorno .	12	0:19	13 Million Italiener beispielsweise streiken für d Oberwindung d sozialökonomisch Zurückgebleibenheit d Armenhaus ihr Land , d Mezzogiorno .	CARD NN NN ADV VVFIN APPR ART NN ART ADJA NN ART NN PPOSAT NN $, ART NN $.	
Armenhaus	NN	1980	2	2532889X_1980-03-01_01_122.tcf.xml-14-18	 	Mit jährlich einer Milliarde Pfund Sterling von allen „Entwicklungsgebieten" am stärksten subventioniert verkörpert Nordirland gleichwohl das Armenhaus des Vereinigten Königreichs.	142:151	0:180	Mit jährlich einer Milliarde Pfund Sterling von allen „ Entwicklungsgebieten " am stärksten subventioniert verkörpert Nordirland gleichwohl das Armenhaus des Vereinigten Königreichs .	18	0:23	mit jährlich eine Milliarde Pfund Sterling von alle „ Entwicklungsgebiet " am stark subventionieren verkörpern Nordirland gleichwohl d Armenhaus d vereinigt Königreich .	APPR ADJD ART NN NN NN APPR PIAT $( NN $( PTKA ADJD VVPP VVFIN NE ADV ART NN ART ADJA NN $.	
Armenhaus	NN	1989	2	2532889X_1989-02-11_01_211.tcf.xml-39-10	 	Damals war die Landschaft um den Pudget-Sund zu einem der Armenhäuser der Vereinigten Staaten geworden, und der Satz „Wenn Boeing hustet, bekommt Seattle die Grippe", machte die	58:69	0:177	Damals war die Landschaft um den Pudget-Sund zu einem der Armenhäuser der Vereinigten Staaten geworden , und der Satz „ Wenn Boeing hustet , bekommt Seattle die Grippe " , machte die	10	0:32	damals sein d Landschaft um d Pudget-Sund zu eine d Armenhaus d vereinigt Staat werden , und d Satz „ wenn Boeing husten , bekommen Seattle d Grippe " , machen d	ADV VAFIN ART NN APPR ART NN APPR ART ART NN ART ADJA NN VAPP $, KON ART NN $( KOUS NE VVFIN $, VVFIN NE ART NN $( $, VVFIN ART	
Armenhaus	NN	1990	2	2532889X_1990-06-27_01_154.tcf.xml-2-27	 	Hielten diese hohen Auswanderungsquoten an, so wurde dieser Tage auf einem Kolloquium am Berliner Institut für Sozialwissenschaftliche Studien gewarnt, könnte „Ostelbien" zu einem Armenhaus Deutschlands werden.	180:189	0:210	Hielten diese hohen Auswanderungsquoten an , so wurde dieser Tage auf einem Kolloquium am Berliner Institut für Sozialwissenschaftliche Studien gewarnt , könnte „ Ostelbien " zu einem Armenhaus Deutschlands werden .	27	0:31	halten diese hoch Auswanderungsquote an , so werden diese Tag auf eine Kolloquium am Berliner Institut für sozialwissenschaftlich Studie warnen , können „ Ostelbien " zu eine Armenhaus Deutschland werden .	VVFIN PDAT ADJA NN PTKVZ $, ADV VAFIN PDAT NN APPR ART NN APPRART ADJA NN APPR ADJA NN VVPP $, VMFIN $( NE $( APPR ART NN NE VAINF $.	
Armenhaus	NN	1990	2	2532889X_1990-08-15_01_278.tcf.xml-1-9	 	In der BRD alles paletti, DDR wird zum Armenhaus	39:48	0:48	In der BRD alles paletti , DDR wird zum Armenhaus	9	0:10	in d Brd alle paletti , DDR werden zum Armenhaus	APPR ART NE PIS ADV $, NE VAFIN APPRART NN	
Armenhaus	NN	1990	2	2532889X_1990-08-22_01_065.tcf.xml-13-6	 	Es dürfe nicht ' eines das Armenhaus des anderen werden.	27:36	0:56	Es dürfe nicht ' eines das Armenhaus des anderen werden .	6	0:11	es dürfen nicht ' eine d Armenhaus d ander werden .	PPER VMFIN PTKNEG $( PIS ART NN ART ADJA VAINF $.	
Armenhaus	NN	1953	2	26120215_1953_04_05_01_056.tcf.xml-58-10	 	Am 28. März dieses Jahres starb Jim Thorpe in einem Armenhaus in Los Angeles im Alter von 64 Jahren	52:61	0:99	Am 28. März dieses Jahres starb Jim Thorpe in einem Armenhaus in Los Angeles im Alter von 64 Jahren	10	0:19	am 28. März diese Jahr sterben Jim Thorpe in eine Armenhaus in Los Angeles im Alter von 64 Jahr	APPRART ADJA NN PDAT NN VVFIN NE NE APPR ART NN APPR NE NE APPRART NN APPR CARD NN	
Armenhaus	NN	1953	2	26120215_1953_06_14_01_052.tcf.xml-79-3	 	riianer in einem Armenhaus von Los Angelvj im Alter von 64 Jahron Paolino tlzrudun (Spanion): lfl!? B und 1933 Europameister der Benif:-hoxer im Schw < Taewidit.	17:26	0:161	riianer in einem Armenhaus von Los Angelvj im Alter von 64 Jahron Paolino tlzrudun ( Spanion ) : lfl !? B und 1933 Europameister der Benif :-hoxer im Schw < Taewidit .	3	0:32	Riianer in eine Armenhaus von Los Angelvj im Alter von 64 Jahron Paolino Tlzrudun ( Spanion ) : lfl !? b und 1933 Europameister d Benif :-Hoxer im Schw < Taewidit .	NE APPR ART NN APPR NE NE APPRART NN APPR CARD NN NE NE $( NN $( $. XY $. XY KON CARD NN ART NE NE APPRART NE $( NE $.	
Armenhaus	NN	1966	2	26120215_1966_02_20_01_008.tcf.xml-12-19	 	Über die ganze Breite der Straßen waren Transparente zu lesen: „Schluß mit den Zechenstilllesungen..Gelsenkirchen darf kein Armenhaus werden „wir wollen in unseren Wohnungen bleiben „Wir wollen keine Hilfsarbeiter werden"	124:133	0:221	Über die ganze Breite der Straßen waren Transparente zu lesen : „ Schluß mit den Zechenstilllesungen ..Gelsenkirchen darf kein Armenhaus werden „ wir wollen in unseren Wohnungen bleiben „ Wir wollen keine Hilfsarbeiter werden "	19	0:35	über d ganz Breite d Straße sein Transparent zu lesen : „ Schluß mit d Zechenstillelesung ..gelsenkirchen dürfen keine Armenhaus werden „ wir wollen in unsere Wohnung bleiben „ wir wollen keine Hilfesarbeiter werden "	APPR ART ADJA NN ART NN VAFIN NN PTKZU VVINF $. $( NN APPR ART NN NE VMFIN PIAT NN VAFIN $( PPER VMFIN APPR PPOSAT NN VVINF $( PPER VMFIN PIAT NN VAINF $(	
Armenhaus	NN	1966	2	26120215_1966_12_25_01_496.tcf.xml-15-20	 	Mit jedem seiner nun in rascher Folge erscheinenden großen Romane griff er ein besonderes soziales Dbel seiner Zeit auf, Armenhäuser, Gerichtsbarkeit, Schulwesen.	121:132	0:162	Mit jedem seiner nun in rascher Folge erscheinenden großen Romane griff er ein besonderes soziales Dbel seiner Zeit auf , Armenhäuser , Gerichtsbarkeit , Schulwesen .	20	0:26	mit jede seine nun in rasch Folge erscheinend groß Roman greifen er eine besondere sozial Dbel seine Zeit auf , Armenhaus , Gerichtsbarkeit , Schulwesen .	APPR PIAT PPOSAT ADV APPR ADJA NN ADJA ADJA NN VVFIN PPER ART ADJA ADJA NN PPOSAT NN PTKVZ $, NN $, NN $, NN $.	
Armenhaus	NN	1970	2	26120215_1970_01_28_01_083.tcf.xml-26-11	 	Von den acht Millionen Schweden leben in Norrland, dem „Armenhaus" Schwedens. nur etwa 14 Prozent.	56:65	0:98	Von den acht Millionen Schweden leben in Norrland , dem „ Armenhaus " Schwedens . nur etwa 14 Prozent .	11	0:20	von d acht Million Schweden leben in Norrland , d „ Armenhaus " Schweden . nur etwa 14 Prozent .	APPR ART CARD NN NE VVFIN APPR NE $, ART $( NN $( NE $. ADV ADV CARD NN $.	
Armenhaus	NN	1970	2	26120215_1970_10_24_01_214.tcf.xml-29-2	 	Aus einem Armenhaus Europas ist eine blühende sozialistische Republik geworden.	10:19	0:79	Aus einem Armenhaus Europas ist eine blühende sozialistische Republik geworden .	2	0:11	aus eine Armenhaus Europa sein eine blühend sozialistisch Republik werden .	APPR ART NN NE VAFIN ART ADJA ADJA NN VAPP $.	
Armenhaus	NN	1974	2	26120215_1974_09_11_01_061.tcf.xml-32-21	 	Mißwirtschaft und stänrlispr Aderlaß führten dann auch folgerichtig zur Katastrophe, brachten Portugal den vom internationalen Kapital zvnisch gebrauchten Namen „Armenhaus Europas ein.	162:171	0:184	Mißwirtschaft und stänrlispr Aderlaß führten dann auch folgerichtig zur Katastrophe , brachten Portugal den vom internationalen Kapital zvnisch gebrauchten Namen „ Armenhaus Europas ein .	21	0:25	Mißwirtschaft und stänrlispr Aderlaß führen dann auch folgerichtig zur Katastrophe , bringen Portugal d vom international Kapital Zvnisch gebraucht Namen „ Armenhaus Europa ein .	NN KON ADJA NN VVFIN ADV ADV ADJD APPRART NN $, VVFIN NE ART APPRART ADJA NN NE ADJA NN $( NN NE PTKVZ $.	
Armenhaus	NN	1981	2	26120215_1981_04_15_01_194.tcf.xml-45-9	 	„Unbestritten gehörte im kapitalistischen Deutschland Suhl zu den Armenhäusern.	66:78	0:79	„ Unbestritten gehörte im kapitalistischen Deutschland Suhl zu den Armenhäusern .	9	0:11	„ unbestreiten gehören im kapitalistisch Deutschland Suhl zu d Armenhaus .	$( ADJD VVFIN APPRART ADJA NE NE APPR ART NN $.	
Armenhaus	NN	1987	2	26120215_1987_02_10_01_047.tcf.xml-35-5	 	Die Karibik-Insel gilt als das Armenhaus der westlichen Hemisphäre.	31:40	0:67	Die Karibik-Insel gilt als das Armenhaus der westlichen Hemisphäre .	5	0:10	d Karibik-Insel gelten als d Armenhaus d westlich Hemisphäre .	ART NN VVFIN KOKOM ART NN ART ADJA NN $.	
Armenhaus	NN	1988	2	26120215_1988_04_04_01_054.tcf.xml-7-17	 	Die Einwohner des um seine Existenz kämpfenden Rheinhausen begrüßten die rund 4000 Demonstranten mit dem Transparent „Armenhaus Rheinhausen — nein.	118:127	0:147	Die Einwohner des um seine Existenz kämpfenden Rheinhausen begrüßten die rund 4000 Demonstranten mit dem Transparent „ Armenhaus Rheinhausen — nein .	17	0:22	d Einwohner d um seine Existenz kämpfend Rheinhausen begrüßen d rund 4000 Demonstrant mit d Transparent „ Armenhaus Rheinhausen — nein .	ART NN ART APPR PPOSAT NN ADJA NE VVFIN ART ADJD CARD NN APPR ART NN $( NN NE $( PTKANT $.	
Armenhaus	NN	1990	2	26120215_1990_08_01_01_067.tcf.xml-21-3	 	Im. nationalen Armenhaus" der Türkei ist die Kindersterblichkeit sehr hoch, in weiten Teilen der Region gibt es kein fließendes Wasser in den Behausungen.	15:24	0:154	Im . nationalen Armenhaus " der Türkei ist die Kindersterblichkeit sehr hoch , in weiten Teilen der Region gibt es kein fließendes Wasser in den Behausungen .	3	0:27	im . national Armenhaus " d Türkei sein d Kindersterblichkeit sehr hoch , in weit Teil d Region geben es keine fließend Wasser in d Behausung .	APPRART $. ADJA NN $( ART NE VAFIN ART NN ADV ADJD $, APPR ADJA NN ART NN VVFIN PPER PIAT ADJA NN APPR ART NN $.	
Armenhaus	NN	1990	2	26120215_1990_08_11_01_818.tcf.xml-59-10	 	Helmut Nüchter übertreibt nicht, wenn er das Kalirevier zum Armenhaus Deutschlands verkommen sieht.	60:69	0:99	Helmut Nüchter übertreibt nicht , wenn er das Kalirevier zum Armenhaus Deutschlands verkommen sieht .	10	0:15	Helmut Nüchter übertreiben nicht , wenn er d Kalirevier zum Armenhaus Deutschland verkommen sehen .	NE NE VVFIN PTKNEG $, KOUS PPER ART NN APPRART NN NE VVINF VVFIN $.	
Armenhaus	NN	1990	2	26120215_1990_08_11_01_818.tcf.xml-94-11	 	Durch Protestaktionen wollten die Kalikumpel verhindern, daß die Region zum Armenhaus wird.	76:85	0:91	Durch Protestaktionen wollten die Kalikumpel verhindern , daß die Region zum Armenhaus wird .	11	0:14	durch Protestaktion wollen d Kalikumpel verhindern , daß d Region zum Armenhaus werden .	APPR NN VMFIN ART NN VVINF $, KOUS ART NN APPRART NN VAFIN $.	
Armenhaus	NN	1990	2	26120215_1990_08_31_01_056.tcf.xml-33-19	 	Ein solches bundesdeutsches Amt böte auch die Gewähr daß die Belastungen des sowjetischen Truppenabzuges nicht auch noch dem ostdeutschen Armenhaus allein aufgebürdet werden.	138:147	0:174	Ein solches bundesdeutsches Amt böte auch die Gewähr daß die Belastungen des sowjetischen Truppenabzuges nicht auch noch dem ostdeutschen Armenhaus allein aufgebürdet werden .	19	0:24	eine solch bundesdeutsch Amt bieten auch d Gewähr daß d Belastung d sowjetisch Truppenabzug nicht auch noch d ostdeutsch Armenhaus allein aufbürden werden .	ART PIAT ADJA NN VVFIN ADV ART NN KOUS ART NN ART ADJA NN PTKNEG ADV ADV ART ADJA NN ADV VVPP VAINF $.	
Armenhaus	NN	1858	1	avelallemant_gaunerthum02_1858-2803-62	 	So ist es denn nicht zu verwundern, wenn der aufmerksame Blick der Polizei in den zahlreichen Verstecken, in welchen besonders alte Kupplerinnen und abgesetzte Lustdirnen die rohe Unwissenheit, den perennirenden Aberglauben und die tolle Genußsucht ausbeuten, noch immer die schmählichsten Betrügereien aufdeckt, durch welche schon vielfach der vollständige sittliche und bürgerliche Ruin und der Weg in das Armenhaus, Zuchthaus und Jrrenhaus angebahnt, und häufiger Selbstmord herbeigeführt wurde.	408:417	0:498	So iſt es denn nicht zu verwundern , wenn der aufmerkſame Blick der Polizei in den zahlreichen Verſtecken , in welchen beſonders alte Kupplerinnen und abgeſetzte Luſtdirnen die rohe Unwiſſenheit , den perennirenden Aberglauben und die tolle Genußſucht ausbeuten , noch immer die ſchmählichſten Betrügereien aufdeckt , durch welche ſchon vielfach der vollſtändige ſittliche und bürgerliche Ruin und der Weg in das Armenhaus , Zuchthaus und Jrrenhaus angebahnt , und häufiger Selbſtmord herbeigeführt wurde .	62	0:75	so sein es denn nicht zu verwundern , wenn d aufmerksam Blick d Polizei in d zahlreich Versteck , in welchen besonders alt Kupplerin und abgesetzt Lustdirne d roh Unwissenheit , d perennierend Aberglaube und d toll Genußsucht ausbeuten , noch immer d schmählich Betrügerei aufdecken , durch welche schon vielfach d vollständig sittlich und bürgerlich Ruin und d Weg in d Armenhaus , Zuchthaus und Irrenhaus anbahnen , und häufig Selbstmord herbeiführen werden .	ADV VAFIN PPER ADV PTKNEG PTKZU VVINF $, KOUS ART ADJA NN ART NN APPR ART ADJA NN $, APPR PWAT ADV ADJA NN KON ADJA NN ART ADJA NN $, ART ADJA NN KON ART ADJA NN VVINF $, ADV ADV ART ADJA NN VVFIN $, APPR PRELS ADV ADV ART ADJA ADJA KON ADJA NN KON ART NN APPR ART NN $, NN KON NN VVPP $, KON ADJD NN VVPP VAFIN $.	So ist es denn nicht zu verwundern , wenn der aufmerksame Blick der Polizei in den zahlreichen Verstecken , in welchen besonders alte Kupplerinnen und abgesetzte Lustdirnen die rohe Unwissenheit , den perennierenden Aberglauben und die tolle Genußsucht ausbeuten , noch immer die schmählichsten Betrügereien aufdeckt , durch welche schon vielfach der vollständige sittliche und bürgerliche Ruin und der Weg in das Armenhaus , Zuchthaus und Irrenhaus angebahnt , und häufiger Selbstmord herbeigeführt wurde .
Armenhaus	NN	1895	1	gizycki_buergerpflicht_1895-127-99	 	„Der Besitz und die Ausübung des Stimmrechts durch die Frauen in Wyoming hat keinerlei schlechte, sondern nach vielen Richtungen sehr gute Folgen gehabt; er hat in hervorragender Weise dazu beigetragen, Verbrechen und Armut aus diesem Staat zu verbannen, und zwar ohne alle Gewaltmaßregeln; er hat friedliche und ordentliche Wahlen, eine gute Regierung, einen bemerkenswerten Grad von Zivilisation und öffentlicher Ordnung herbeiführen helfen; und wir weisen mit Stolz auf die Thatsache hin, daß nach nahezu 25 Jahren, daß die Frauen das Stimmrecht besitzen, kein Distrikt in Wyoming ein Armenhaus besitzt, daß unsere Gefängnisse so gut wie leer, und Verbrechen so gut wie unbekannt sind.	588:597	0:688	„ Der Besitz und die Ausübung des Stimmrechts durch die Frauen in Wyoming hat keinerlei schlechte , sondern nach vielen Richtungen sehr gute Folgen gehabt ; er hat in hervorragender Weise dazu beigetragen , Verbrechen und Armut aus diesem Staat zu verbannen , und zwar ohne alle Gewaltmaßregeln ; er hat friedliche und ordentliche Wahlen , eine gute Regierung , einen bemerkenswerten Grad von Zivilisation und öffentlicher Ordnung herbeiführen helfen ; und wir weisen mit Stolz auf die Thatsache hin , daß nach nahezu 25 Jahren , daß die Frauen das Stimmrecht besitzen , kein Distrikt in Wyoming ein Armenhaus besitzt , daß unsere Gefängnisse so gut wie leer , und Verbrechen so gut wie unbekannt sind .	99	0:118	" d Besitz und d Ausübung d Stimmrecht durch d Frau in Wyoming haben keinerlei schlecht , sondern nach viel Richtung sehr gut Folge haben ; er haben in hervorragend Weise dazu beitragen , Verbrechen und Armut aus diese Staat zu verbannen , und zwar ohne alle Gewaltmaßregel ; er haben friedlich und ordentlich Wahl , eine gut Regierung , eine bemerkenswert Grad von Zivilisation und öffentlich Ordnung herbeiführen helfen ; und wir weisen mit Stolz auf d Tatsache hin , daß nach nahezu 25 Jahr , daß d Frau d Stimmrecht besitzen , keine Distrikt in Wyoming eine Armenhaus besitzen , daß unsere Gefängnis so gut wie leer , und Verbrechen so gut wie unbekannt sein .	$( ART NN KON ART NN ART NN APPR ART NN APPR NE VAFIN PIAT ADJA $, KON APPR PIAT NN ADV ADJA NN VAPP $. PPER VAFIN APPR ADJA NN PAV VVPP $, NN KON NN APPR PDAT NN PTKZU VVINF $, KON ADV APPR PIAT NN $. PPER VAFIN ADJA KON ADJA NN $, ART ADJA NN $, ART ADJA NN APPR NN KON ADJA NN VVINF VVINF $. KON PPER VVFIN APPR NN APPR ART NN PTKVZ $, KOUS APPR ADV CARD NN $, KOUS ART NN ART NN VVFIN $, PIAT NN APPR NE ART NN VVFIN $, KOUS PPOSAT NN ADV ADJD KOKOM ADJD $, KON NN ADV ADJD KOKOM ADJD VAFIN $.	" Der Besitz und die Ausübung des Stimmrechts durch die Frauen in Wyoming hat keinerlei schlechte , sondern nach vielen Richtungen sehr gute Folgen gehabt ; er hat in hervorragender Weise dazu beigetragen , Verbrechen und Armut aus diesem Staat zu verbannen , und zwar ohne alle Gewaltmaßregeln ; er hat friedliche und ordentliche Wahlen , eine gute Regierung , einen bemerkenswerten Grad von Zivilisation und öffentlicher Ordnung herbeiführen helfen ; und wir weisen mit Stolz auf die Tatsache hin , daß nach nahezu 25 Jahren , daß die Frauen das Stimmrecht besitzen , kein Distrikt in Wyoming ein Armenhaus besitzt , daß unsere Gefängnisse so gut wie leer , und Verbrechen so gut wie unbekannt sind .
Armenhaus	NN	1889	1	hauptmann_sonnenaufgang_1889-997-10	 	Er hat 300000 Menschen getödtet, 100000 Kinder in die Armenhäuser geschickt, weitere Tausende in die Gefängnisse und Arbeitshäuser getrieben, er hat mindestens 2000 Selbstmorde verursacht.	54:65	0:188	Er hat 300000 Menſchen getödtet , 100000 Kinder in die Armenhäuſer geſchickt , weitere Tauſende in die Gefängniſſe und Arbeitshäuſer getrieben , er hat mindeſtens 2000 Selbſtmorde verurſacht .	10	0:29	er haben 300000 Mensch töten , 100000 Kind in d Armenhaus schicken , weit Tausend in d Gefängnis und Arbeitshaus treiben , er haben mindestens 2000 Selbstmord verursachen .	PPER VAFIN CARD NN VVPP $, CARD NN APPR ART NN VVPP $, ADJA NN APPR ART NN KON NN VVPP $, PPER VAFIN ADV CARD NN VVPP $.	Er hat 300000 Menschen getötet , 100000 Kinder in die Armenhäuser geschickt , weitere Tausende in die Gefängnisse und Arbeitshäuser getrieben , er hat mindestens 2000 Selbstmorde verursacht .
Armenhaus	NN	1848	1	hc_1070405_1848-730-26	 	Meder war, hat mit laut Urkunde vom 7. Septbr. 1698 ertheilter Genehmigung der Herzöge Rudolph August und Anton Ulrich von Braunschweig-Lüneburg, zu Jerrheim ein Armenhaus“ zur Ehre Gottes ” gegründet, und ist zugleich dem rc. Gue, dessen Erben und Nachkommen laut jener Urkunde das Patronatrecht über dieses Armenhaus eingeräumt.	162:171	0:330	Meder war , hat mit laut Urkunde vom 7. Septbr. 1698 ertheilter Genehmigung der Herzöge Rudolph Auguſt und Anton Ulrich von Braunſchweig-Lüneburg , zu Jerrheim ein Armenhaus “ zur Ehre Gottes ” gegründet , und iſt zugleich dem ꝛc. Gue , deſſen Erben und Nachkommen laut jener Urkunde das Patronatrecht über dieſes Armenhaus eingeräumt .	26	0:55	nieder sein , haben mit laut Urkunde vom 7. Septbr. 1698 erteilt Genehmigung d Herzog Rudolph August und Anton Ulrich von Braunschweig-Lüneburg , zu Jerrheim eine Armenhaus " zur Ehre Gott " gründen , und sein zugleich d etc. Gue , die Erbe und Nachkomme laut jen Urkunde d Patronatrecht über diese Armenhaus einräumen .	ADV VAFIN $, VAFIN APPR APPR NN APPRART ADJA NN CARD ADJA NN ART NN NE NE KON NE NE APPR NE $, APPR NE ART NN $( APPRART NN NN $( VVPP $, KON VAFIN ADV ART ADV NE $, PRELAT NN KON NN APPR PDAT NN ART NN APPR PDAT NN VVPP $.	Nieder war , hat mit laut Urkunde vom 7. Septbr. 1698 erteilter Genehmigung der Herzöge Rudolph August und Anton Ulrich von Braunschweig-Lüneburg , zu Jerrheim ein Armenhaus " zur Ehre Gottes " gegründet , und ist zugleich dem etc. Gue , dessen Erben und Nachkommen laut jener Urkunde das Patronatrecht über dieses Armenhaus eingeräumt .
Armenhaus	NN	1848	1	hc_1070405_1848-733-30	 	Diese ist am 16. Novbr. v. J. kinderlos verstorben, und es würde deshalb, wenn wirklich keine Nachkommenschaft des Joh. Gue vorhanden ist, das Patronatrecht über das gedachte Armenhaus dem Landes-Fiscus zufallen.	175:184	0:212	Dieſe iſt am 16. Novbr. v. J. kinderlos verſtorben , und es würde deshalb , wenn wirklich keine Nachkommenſchaft des Joh. Gue vorhanden iſt , das Patronatrecht über das gedachte Armenhaus dem Landes-Fiscus zufallen .	30	0:35	diese sein am 16. Novbr. v. J. kinderlos versterben , und es werden deshalb , wenn wirklich keine Nachkommenschaft d Joh. Gue vorhanden sein , d Patronatrecht über d gedenkt Armenhaus d Landes-Fiskus zufallen .	PDS VAFIN APPRART ADJA NN APPR NE ADJD VVPP $, KON PPER VAFIN PAV $, KOUS ADJD PIAT NN ART NN NE ADJD VAFIN $, ART NN APPR ART ADJA NN ART NN VVINF $.	Diese ist am 16. Novbr. v. J. kinderlos verstorben , und es würde deshalb , wenn wirklich keine Nachkommenschaft des Joh. Gue vorhanden ist , das Patronatrecht über das gedachte Armenhaus dem Landes-Fiskus zufallen .
Armenhaus	NN	1848	1	hc_1070405_1848-734-13	 	Da nun über das Vorhandenseyn von Erben und Nachkommen des Stifters des genannten Armenhauses, Amtmanns Gue, bisher nichts hat ermittelt werden können, so werden auf den Antrag der Jnspectoren des Armenhauses mit ertheilter Genehmigung Herzogl.	82:93	0:244	Da nun über das Vorhandenſeyn von Erben und Nachkommen des Stifters des genannten Armenhauſes , Amtmanns Gue , bisher nichts hat ermittelt werden können , ſo werden auf den Antrag der Jnſpectoren des Armenhauſes mit ertheilter Genehmigung Herzogl .	13	0:39	da nun über d Vorhandensein von Erbe und Nachkomme d Stifter d genennt Armenhaus , Amtmann Gue , bisher nichts haben ermitteln werden können , so werden auf d Antrag d Inspektor d Armenhaus mit erteilt Genehmigung Herzogl .	ADV ADV APPR ART NN APPR NN KON NN ART NN ART ADJA NN $, NE NE $, ADV PIS VAFIN VVPP VAINF VMFIN $, ADV VAFIN APPR ART NN ART NN ART NN APPR ADJA NN NE $.	Da nun über das Vorhandensein von Erben und Nachkommen des Stifters des genannten Armenhauses , Amtmanns Gue , bisher nichts hat ermittelt werden können , so werden auf den Antrag der Inspektoren des Armenhauses mit erteilter Genehmigung Herzogl .
Armenhaus	NN	1823	1	hundtradowsky_judenschule03_1823-985-102	 	Wo ein weißjüdischer Plusmacher den Finanzminister, ein weißjüdischer Ränkeschmied den Justiz-und Polizeiminister spielt, wo ihnen gleich gesinnte Staatsräthe die Hände bieten, wo keine Verfassung das Eigenthum und die Rechte der Menschen sichert; und ein tiefverschuldeter Großvezier, der nur durch fürstliche Dotationen von schmählichem Bankerott sich retten kann, an der Spitze steht; da ist auch der blühendste Staat bald an den Rand des Abgrunds gebracht; da werden Ackerbau, Gewerbe und Handel durch Erpressungen und Steuern, durch Schaaren von Zöllnern und Spähern vernichtet; statt der Kaufhäuser und Werkstätten wird man Zucht-und Armenhäuser, statt rechtlicher Bürger und Handwerker schwarze und weiße wuchernde Juden und lumpige Bettler, statt froher arbeitsamer Bauern Heere schlecht besoldeter, schlecht gekleideter und noch schlechter behandelter Krieger wahrnehmen, die blos da sind, um den Unwilleu ihrer in drückendes Sklavenjoch geschmiedeten Väter, Brüder und Verwandten, im Zaume zu halten, oder einem elenden Despoten zum Puppenspiel und Zeitvertreibe zu dienen.	640:651	0:1083	Wo ein weißjuͤdiſcher Plusmacher den Finanzminiſter , ein weißjuͤdiſcher Raͤnkeſchmied den Juſtiz- und Polizeiminiſter ſpielt , wo ihnen gleich geſinnte Staatsraͤthe die Haͤnde bieten , wo keine Verfaſſung das Eigenthum und die Rechte der Menſchen ſichert ; und ein tiefverſchuldeter Großvezier , der nur durch fuͤrſtliche Dotationen von ſchmaͤhlichem Bankerott ſich retten kann , an der Spitze ſteht ; da iſt auch der bluͤhendſte Staat bald an den Rand des Abgrunds gebracht ; da werden Ackerbau , Gewerbe und Handel durch Erpreſſungen und Steuern , durch Schaaren von Zoͤllnern und Spaͤhern vernichtet ; ſtatt der Kaufhaͤuſer und Werkſtaͤtten wird man Zucht- und Armenhaͤuſer , ſtatt rechtlicher Buͤrger und Handwerker ſchwarze und weiße wuchernde Juden und lumpige Bettler , ſtatt froher arbeitſamer Bauern Heere ſchlecht beſoldeter , ſchlecht gekleideter und noch ſchlechter behandelter Krieger wahrnehmen , die blos da ſind , um den Unwilleu ihrer in druͤckendes Sklavenjoch geſchmiedeten Vaͤter , Bruͤder und Verwandten , im Zaume zu halten , oder einem elenden Despoten zum Puppenſpiel und Zeitvertreibe zu dienen .	102	0:170	wo eine weißjüdisch Plusmacher d Finanzminister , eine weißjüdisch Rankeschmied d justiz- und Polizeiminister spielen , wo sie gleich gesinnt Staatsrat d Hand bieten , wo keine Verfassung d Eigentum und d Rechte d Mensch sichern ; und eine tiefverschuldet Großwesir , die nur durch fürstlich Dotation von schmählich Bankrott sich retten können , an d Spitze stehen ; da sein auch d blühend Staat bald an d Rand d Abgrund bringen ; da werden Ackerbau , Gewerbe und Handel durch Erpreßung und Steuer , durch Schar von Zöllner und Späher vernichten ; statt d Kaufhaus und Werkstätte werden man zucht- und Armenhaus , statt rechtlich Bürger und Handwerker schwarz und weiß wuchernd Jude und lumpig Bettler , statt froh arbeitsam Bauer Heer schlecht besoldet , schlecht gekleidet und noch schlecht behandelt Krieger wahrnehmen , die bloß da sein , um d Unwilleu ihr in drückend Sklavenjoch geschmiedet Vater , Bruder und Verwandte , im Zaum zu halten , oder eine elend Despot zum Puppenspiel und Zeitvertreib zu dienen .	PWAV ART ADJA NN ART NN $, ART ADJA NN ART TRUNC KON NN VVFIN $, PWAV PPER ADV ADJA NN ART NN VVINF $, PWAV PIAT NN ART NN KON ART NN ART NN VVFIN $. KON ART ADJA NN $, PRELS ADV APPR ADJA NN APPR ADJA NN PRF VVINF VMFIN $, APPR ART NN VVFIN $. ADV VAFIN ADV ART ADJA NN ADV APPR ART NN ART NN VVPP $. ADV VAFIN NN $, NN KON NN APPR NN KON NN $, APPR NN APPR NN KON NN VVPP $. APPR ART NN KON NN VAFIN PIS TRUNC KON NN $, KOUI ADJA NN KON NN ADJA KON ADJA ADJA NN KON ADJA NN $, KOUI ADJA ADJA NN NN ADJD ADJD $, ADJD ADJA KON ADV ADJD ADJA NN VVINF $, PRELS ADV ADV VAFIN $, KOUI ART NN PPOSAT APPR ADJA NN ADJA NN $, NN KON NN $, APPRART NN PTKZU VVINF $, KON ART ADJA NN APPRART NN KON NN PTKZU VVINF $.	Wo ein weißjüdischer Plusmacher den Finanzminister , ein weißjüdischer Ränkeschmied den Justiz- und Polizeiminister spielt , wo ihnen gleich gesinnte Staatsräte die Hände bieten , wo keine Verfassung das Eigentum und die Rechte der Menschen sichert ; und ein tiefverschuldeter Großwesir , der nur durch fürstliche Dotationen von schmählichem Bankrott sich retten kann , an der Spitze steht ; da ist auch der blühendste Staat bald an den Rand des Abgrunds gebracht ; da werden Ackerbau , Gewerbe und Handel durch Erpressungen und Steuern , durch Scharen von Zöllnern und Spähern vernichtet ; statt der Kaufhäuser und Werkstätten wird man Zucht- und Armenhäuser , statt rechtlicher Bürger und Handwerker schwarze und weiße wuchernde Juden und lumpige Bettler , statt froher arbeitsamer Bauern Heere schlecht besoldeter , schlecht gekleideter und noch schlechter behandelter Krieger wahrnehmen , die bloß da sind , um den Unwilleu ihrer in drückendes Sklavenjoch geschmiedeten Väter , Brüder und Verwandten , im Zaume zu halten , oder einem elenden Despoten zum Puppenspiel und Zeitvertreibe zu dienen .
Armenhaus	NN	1803	1	kant_paedagogik_1803-249-9	 	Es verhält sich mit ihnen, wie mit den Armenhäusern und Hospitälern.	39:51	0:68	Es verhält sich mit ihnen , wie mit den Armenhäusern und Hospitälern .	9	0:13	es verhalten sich mit sie , wie mit d Armenhaus und Hospital .	PPER VVFIN PRF APPR PPER $, PWAV APPR ART NN KON NN $.	Es verhält sich mit ihnen , wie mit den Armenhäusern und Hospitälern .
Armenhaus	NN	1854	1	keller_heinrich01_1854-59-8	 	Die Gebäude aber enthalten ein Irrenhaus, ein Armenhaus oder Hospital u. dgl. mehr. Seltsam und düster haben sich Tod und Elend zwischen dem alten winklichten Gemäuer eingenistet, aus dessen Dunkelheiten die herrliche schimmervolle Landschaft das Auge um so mehr blendet.	46:55	0:271	Die Gebaͤude aber enthalten ein Irrenhaus , ein Armenhaus oder Hoſpital u. dgl. mehr. Seltſam und duͤſter haben ſich Tod und Elend zwiſchen dem alten winklichten Gemaͤuer eingeniſtet , aus deſſen Dunkelheiten die herrliche ſchimmervolle Landſchaft das Auge um ſo mehr blendet .	8	0:43	d Gebäude aber enthalten eine Irrenhaus , eine Armenhaus oder Hospital u. Dgl. Mehr. seltsam und düster haben sich Tod und Elend zwischen d alt winklig Gemäuer einnisten , aus die Dunkelheit d herrlich schimmervoll Landschaft d Auge um so mehr blenden .	ART NN ADV ADJD ART NN $, ART NN KON NN APPR NE NE ADJD KON ADJD VAFIN PRF NN KON NN APPR ART ADJA ADJA NN VVPP $, APPR PRELAT NN ART ADJA ADJA NN ART NN APPR ADV ADV VVFIN $.	Die Gebäude aber enthalten ein Irrenhaus , ein Armenhaus oder Hospital u. dgl. mehr. Seltsam und düster haben sich Tod und Elend zwischen dem alten winkligen Gemäuer eingenistet , aus dessen Dunkelheiten die herrliche schimmervolle Landschaft das Auge um so mehr blendet .
Armenhaus	NN	1834	1	kerner_besessene_1834-1344-7	 	Gegen Abend besuchte ich sie wieder im Armenhause, in Begleitung eines siebenjährigen Kindes, das aus Furcht vor der Besessenen sich hinter eine Frau versteckte.	39:49	0:161	Gegen Abend beſuchte ich ſie wieder im Armenhauſe , in Begleitung eines ſiebenjährigen Kindes , das aus Furcht vor der Beſeſſenen ſich hinter eine Frau verſteckte .	7	0:27	gegen Abend besuchen ich sie wieder im Armenhaus , in Begleitung eine siebenjahrig Kind , die aus Furcht vor d Besessene sich hinter eine Frau verstecken .	APPR NN VVFIN PPER PPER ADV APPRART NN $, APPR NN ART ADJA NN $, PRELS APPR NN APPR ART NN PRF APPR ART NN VVFIN $.	Gegen Abend besuchte ich sie wieder im Armenhause , in Begleitung eines siebenjährigen Kindes , das aus Furcht vor der Besessenen sich hinter eine Frau versteckte .
Armenhaus	NN	1834	1	kerner_besessene_1834-1424-20	 	Nächstfolgenden Montag, Vormittags um zehn Uhr, ging ich, in Begleitung eines jener frommen Männer, wieder in’s Armenhaus, um zu erforschen, ob die andere Weibsperson, Namens Ursula, der erst Besessenen Stieftochter, wahrhaftig möchte besessen seyn, welches theils daraus zweifelhaft schien, weil diese Besessene nicht nur keine offenbare Merkzeichen der Besitzung wie die Erstere von sich sehen ließ, außer in den Augen, die ein sonderbares Ansehen hatten, sondern weil sie auch bey allem, was mit der erst Besessenen sowohl in der Kirche als im Armenhaus vorging, ganz stille blieb, theils daraus, daß sie selbst nicht mit der Sprache, sie sey besessen, heraus wollte, außer daß der böse Geist bisweilen wie ein Hahn aus ihr krähte.	112:121	0:734	Nächſtfolgenden Montag , Vormittags um zehn Uhr , ging ich , in Begleitung eines jener frommen Männer , wieder in’s Armenhaus , um zu erforſchen , ob die andere Weibsperſon , Namens Urſula , der erſt Beſeſſenen Stieftochter , wahrhaftig möchte beſeſſen ſeyn , welches theils daraus zweifelhaft ſchien , weil dieſe Beſeſſene nicht nur keine offenbare Merkzeichen der Beſitzung wie die Erſtere von ſich ſehen ließ , außer in den Augen , die ein ſonderbares Anſehen hatten , ſondern weil ſie auch bey allem , was mit der erſt Beſeſſenen ſowohl in der Kirche als im Armenhaus vorging , ganz ſtille blieb , theils daraus , daß ſie ſelbſt nicht mit der Sprache , ſie ſey beſeſſen , heraus wollte , außer daß der böſe Geiſt bisweilen wie ein Hahn aus ihr krähte .	20	0:135	nächstfolgend Montag , vormittags um zehn Uhr , gehen ich , in Begleitung eine jen fromm Mann , wieder ins Armenhaus , um zu erforschen , ob d ander Weibsperson , Name Ursula , d erst besessen Stieftochter , wahrhaftig mögen besitzen sein , welche teils daraus zweifelhaft scheinen , weil diese Besessene nicht nur keine offenbaren Merkzeichen d Besitzung wie d erstere von sich sehen lassen , außer in d Auge , die eine sonderbar Ansehen haben , sondern weil sie auch bei alle , was mit d erst besessen sowohl in d Kirche als im Armenhaus vorgehen , ganz still bleiben , teils daraus , daß sie selbst nicht mit d Sprache , sie sein besitzen , heraus wollen , außer daß d böse Geist bisweilen wie eine Hahn aus sie krähen .	ADJA NN $, ADV APPR CARD NN $, VVFIN PPER $, APPR NN ART PDAT ADJA NN $, ADV APPRART NN $, KOUI PTKZU VVINF $, KOUS ART ADJA NN $, NN NE $, ART ADV ADJA NN $, ADJD VMFIN VVPP VAINF $, PRELS ADV PAV ADJD VVFIN $, KOUS PDAT NN PTKNEG ADV PIAT VVFIN NN ART NN KOKOM ART PIAT APPR PRF VVINF VVFIN $, APPR APPR ART NN $, PRELS ART ADJA NN VAFIN $, KON KOUS PPER ADV APPR PIS $, PRELS APPR ART ADV ADJA KON APPR ART NN KOKOM APPRART NN VVFIN $, ADV ADV VVFIN $, ADV PAV $, KOUS PPER ADV PTKNEG APPR ART NN $, PPER VAFIN VVPP $, APZR VMFIN $, APPR KOUS ART ADJA NN ADV KOKOM ART NN APPR PPER VVFIN $.	Nächstfolgenden Montag , Vormittags um zehn Uhr , ging ich , in Begleitung eines jener frommen Männer , wieder ins Armenhaus , um zu erforschen , ob die andere Weibsperson , Namens Ursula , der erst Besessenen Stieftochter , wahrhaftig möchte besessen sein , welches teils daraus zweifelhaft schien , weil diese Besessene nicht nur keine offenbare Merkzeichen der Besitzung wie die Erstere von sich sehen ließ , außer in den Augen , die ein sonderbares Ansehen hatten , sondern weil sie auch bei allem , was mit der erst Besessenen sowohl in der Kirche als im Armenhaus vorging , ganz stille blieb , teils daraus , daß sie selbst nicht mit der Sprache , sie sei besessen , heraus wollte , außer daß der böse Geist bisweilen wie ein Hahn aus ihr krähte .
Armenhaus	NN	1834	1	kerner_besessene_1834-1424-97	 	Nächstfolgenden Montag, Vormittags um zehn Uhr, ging ich, in Begleitung eines jener frommen Männer, wieder in’s Armenhaus, um zu erforschen, ob die andere Weibsperson, Namens Ursula, der erst Besessenen Stieftochter, wahrhaftig möchte besessen seyn, welches theils daraus zweifelhaft schien, weil diese Besessene nicht nur keine offenbare Merkzeichen der Besitzung wie die Erstere von sich sehen ließ, außer in den Augen, die ein sonderbares Ansehen hatten, sondern weil sie auch bey allem, was mit der erst Besessenen sowohl in der Kirche als im Armenhaus vorging, ganz stille blieb, theils daraus, daß sie selbst nicht mit der Sprache, sie sey besessen, heraus wollte, außer daß der böse Geist bisweilen wie ein Hahn aus ihr krähte.	547:556	0:734	Nächſtfolgenden Montag , Vormittags um zehn Uhr , ging ich , in Begleitung eines jener frommen Männer , wieder in’s Armenhaus , um zu erforſchen , ob die andere Weibsperſon , Namens Urſula , der erſt Beſeſſenen Stieftochter , wahrhaftig möchte beſeſſen ſeyn , welches theils daraus zweifelhaft ſchien , weil dieſe Beſeſſene nicht nur keine offenbare Merkzeichen der Beſitzung wie die Erſtere von ſich ſehen ließ , außer in den Augen , die ein ſonderbares Anſehen hatten , ſondern weil ſie auch bey allem , was mit der erſt Beſeſſenen ſowohl in der Kirche als im Armenhaus vorging , ganz ſtille blieb , theils daraus , daß ſie ſelbſt nicht mit der Sprache , ſie ſey beſeſſen , heraus wollte , außer daß der böſe Geiſt bisweilen wie ein Hahn aus ihr krähte .	97	0:135	nächstfolgend Montag , vormittags um zehn Uhr , gehen ich , in Begleitung eine jen fromm Mann , wieder ins Armenhaus , um zu erforschen , ob d ander Weibsperson , Name Ursula , d erst besessen Stieftochter , wahrhaftig mögen besitzen sein , welche teils daraus zweifelhaft scheinen , weil diese Besessene nicht nur keine offenbaren Merkzeichen d Besitzung wie d erstere von sich sehen lassen , außer in d Auge , die eine sonderbar Ansehen haben , sondern weil sie auch bei alle , was mit d erst besessen sowohl in d Kirche als im Armenhaus vorgehen , ganz still bleiben , teils daraus , daß sie selbst nicht mit d Sprache , sie sein besitzen , heraus wollen , außer daß d böse Geist bisweilen wie eine Hahn aus sie krähen .	ADJA NN $, ADV APPR CARD NN $, VVFIN PPER $, APPR NN ART PDAT ADJA NN $, ADV APPRART NN $, KOUI PTKZU VVINF $, KOUS ART ADJA NN $, NN NE $, ART ADV ADJA NN $, ADJD VMFIN VVPP VAINF $, PRELS ADV PAV ADJD VVFIN $, KOUS PDAT NN PTKNEG ADV PIAT VVFIN NN ART NN KOKOM ART PIAT APPR PRF VVINF VVFIN $, APPR APPR ART NN $, PRELS ART ADJA NN VAFIN $, KON KOUS PPER ADV APPR PIS $, PRELS APPR ART ADV ADJA KON APPR ART NN KOKOM APPRART NN VVFIN $, ADV ADV VVFIN $, ADV PAV $, KOUS PPER ADV PTKNEG APPR ART NN $, PPER VAFIN VVPP $, APZR VMFIN $, APPR KOUS ART ADJA NN ADV KOKOM ART NN APPR PPER VVFIN $.	Nächstfolgenden Montag , Vormittags um zehn Uhr , ging ich , in Begleitung eines jener frommen Männer , wieder ins Armenhaus , um zu erforschen , ob die andere Weibsperson , Namens Ursula , der erst Besessenen Stieftochter , wahrhaftig möchte besessen sein , welches teils daraus zweifelhaft schien , weil diese Besessene nicht nur keine offenbare Merkzeichen der Besitzung wie die Erstere von sich sehen ließ , außer in den Augen , die ein sonderbares Ansehen hatten , sondern weil sie auch bei allem , was mit der erst Besessenen sowohl in der Kirche als im Armenhaus vorging , ganz stille blieb , teils daraus , daß sie selbst nicht mit der Sprache , sie sei besessen , heraus wollte , außer daß der böse Geist bisweilen wie ein Hahn aus ihr krähte .
Armenhaus	NN	1891	1	lehnert_seehaefen01_1891-14023-68	 	Bemerkenswerth ist ferner die Kunstgallerie (Walker Art Gallery), welche einer grossen Schenkung des Mayors der Stadt, Brauereibesitzer Andreas Barcley Walker, ihren Ursprung verdankt, eine auf hoher Steinsäule stehenden Statue des Herzogs von Wellington und die in London Road befindliche Reiterstatue Georgs III. Erwähnen wir noch des Liverpool College, des nun vollendeten allgemeinen Krankenhauses, eines der grössten der Welt, des Armenhauses, allwo 5000 Personen Unterkunft finden können, und einiger aus neuester Zeit stammender grossartiger Hôtels, so haben wir so ziemlich erschöpft, was im Inneren der Stadt den Besucher anziehen kann.	436:447	0:645	Bemerkenswerth ist ferner die Kunstgallerie ( Walker Art Gallery ) , welche einer grossen Schenkung des Mayors der Stadt , Brauereibesitzer Andreas Barcley Walker , ihren Ursprung verdankt , eine auf hoher Steinsäule stehenden Statue des Herzogs von Wellington und die in London Road befindliche Reiterstatue Georgs III. Erwähnen wir noch des Liverpool College , des nun vollendeten allgemeinen Krankenhauses , eines der grössten der Welt , des Armenhauses , allwo 5000 Personen Unterkunft finden können , und einiger aus neuester Zeit stammender grossartiger Hôtels , so haben wir so ziemlich erschöpft , was im Inneren der Stadt den Besucher anziehen kann .	68	0:103	bemerkenswert sein ferner d Kunstgalerie ( walker art gallery ) , welche eine groß Schenkung d Mayor d Stadt , Brauereibesitzer Andreas Barcley Walker , ihr Ursprung verdanken , eine auf hoch Steinsäule stehend Statue d Herzog von Wellington und d in London Road befindlich Reiterstatue Georgs Iii. erwähnen wir noch d Liverpool Kollege , d nun vollendet allgemein Krankenhaus , eine d groß d Welt , d Armenhaus , wo 5000 Person Unterkunft finden können , und einige aus neu Zeit stammend großartig Hotel , so haben wir so ziemlich erschöpfen , was im Innere d Stadt d Besucher anziehen können .	ADJD VAFIN ADV ART NN $( FM FM FM $( $, PRELS ART ADJA NN ART NN ART NN $, NN NE NE NE $, PPOSAT NN VVFIN $, ART APPR ADJA NN ADJA NN ART NN APPR NE KON ART APPR NE NE ADJA NN NE NE VVFIN PPER ADV ART NE NN $, ART ADV ADJA ADJA NN $, ART ART ADJA ART NN $, ART NN $, PWAV CARD NN NN VVINF VMINF $, KON PIAT APPR ADJA NN ADJA ADJA NN $, ADV VAFIN PPER ADV ADV VVPP $, PRELS APPRART NN ART NN ART NN VVINF VMFIN $.	Bemerkenswert ist ferner die Kunstgalerie ( Walker Art Gallery ) , welche einer großen Schenkung des Mayors der Stadt , Brauereibesitzer Andreas Barcley Walker , ihren Ursprung verdankt , eine auf hoher Steinsäule stehenden Statue des Herzogs von Wellington und die in London Road befindliche Reiterstatue Georgs III. Erwähnen wir noch des Liverpool Kollege , des nun vollendeten allgemeinen Krankenhauses , eines der größten der Welt , des Armenhauses , wo 5000 Personen Unterkunft finden können , und einiger aus neuester Zeit stammender großartiger Hotels , so haben wir so ziemlich erschöpft , was im Inneren der Stadt den Besucher anziehen kann .
Armenhaus	NN	1848	1	nn_nrhz009_1848-584-55	 	Aus den Berichten der Armenverwaltung von Marylebone geht nun hervor, daß zwar die Knaben im Durchschnitt ziemlich gut fortkommen, daß aber die entlassenen Mädchen nur zu häufig, sei es durch die schlechte Behandlung, welche ihnen in ihrem Dienst zu Theil wurde, oder durch die nothwendigerweise mangelhaft gebliebene Erziehung in den Armenhäusern, schnell dem entsetzlichsten Elende anheimfallen und nach einer traurigen Existenz auf den Gassen und in den Schenken, schließlich in ganzen Haufen zu dem Armenhause, wie zu ihrer Heimath, zurückkehren.	335:347	0:550	Aus den Berichten der Armenverwaltung von Marylebone geht nun hervor , daß zwar die Knaben im Durchschnitt ziemlich gut fortkommen , daß aber die entlassenen Mädchen nur zu häufig , sei es durch die schlechte Behandlung , welche ihnen in ihrem Dienst zu Theil wurde , oder durch die nothwendigerweise mangelhaft gebliebene Erziehung in den Armenhäusern , schnell dem entsetzlichsten Elende anheimfallen und nach einer traurigen Existenz auf den Gassen und in den Schenken , schließlich in ganzen Haufen zu dem Armenhause , wie zu ihrer Heimath , zurückkehren .	55	0:90	aus d Bericht d Armenverwaltung von Marylebone gehen nun hervor , daß zwar d Knabe im Durchschnitt ziemlich gut fortkommen , daß aber d entlaßen Mädchen nur zu häufig , sein es durch d schlecht Behandlung , welche sie in ihr Dienst zu Teil werden , oder durch d notwendigerweise mangelhaft gebleiben Erziehung in d Armenhaus , schnell d entsetzlich Elende anheimfallen und nach eine traurig Existenz auf d Gasse und in d Schenke , schließlich in ganz Haufen zu d Armenhaus , wie zu ihr Heimat , zurückkehren .	APPR ART NN ART NN APPR NE VVFIN ADV PTKVZ $, KOUS ADV ART NN APPRART NN ADV ADJD VVINF $, KOUS ADV ART ADJA NN ADV PTKA ADJD $, VAFIN PPER APPR ART ADJA NN $, PRELS PPER APPR PPOSAT NN APPR NN VAFIN $, KON APPR ART ADV ADJD ADJA NN APPR ART NN $, ADJD ART ADJA NN VVINF KON APPR ART ADJA NN APPR ART NN KON APPR ART NN $, ADV APPR ADJA NN APPR ART NN $, PWAV APPR PPOSAT NN $, VVINF $.	Aus den Berichten der Armenverwaltung von Marylebone geht nun hervor , daß zwar die Knaben im Durchschnitt ziemlich gut fortkommen , daß aber die entlassenen Mädchen nur zu häufig , sei es durch die schlechte Behandlung , welche ihnen in ihrem Dienst zu Teil wurde , oder durch die notwendigerweise mangelhaft gebliebene Erziehung in den Armenhäusern , schnell dem entsetzlichsten Elende anheimfallen und nach einer traurigen Existenz auf den Gassen und in den Schenken , schließlich in ganzen Haufen zu dem Armenhause , wie zu ihrer Heimat , zurückkehren .
Armenhaus	NN	1848	1	nn_nrhz200_1849-263-9	 	In ihren „Kasematten“ und in ihrem „Armenhause“ hat sie ihr Muster von einem „Breslauer Workhause“ und einer Anstalt für Armenkinder, wie die neulich erwähnte von Tooting (bei London) den Andern zur Nachahmung aufzustellen gewußt!	36:46	0:230	In ihren „ Kasematten “ und in ihrem „ Armenhause “ hat sie ihr Muster von einem „ Breslauer Workhause “ und einer Anstalt für Armenkinder , wie die neulich erwähnte von Tooting ( bei London ) den Andern zur Nachahmung aufzustellen gewußt !	9	0:44	in ihr " Kasematte " und in ihr " Armenhaus " haben sie ihr Muster von eine " Breslauer Workhause " und eine Anstalt für Armenkind , wie d neulich erwähnen von Tooting ( bei London ) d ander zur Nachahmung aufstellen wissen !	APPR PPOSAT $( NN $( KON APPR PPOSAT $( NN $( VAFIN PPER PPOSAT NN APPR ART $( ADJA NN $( KON ART NN APPR NN $, PWAV ART ADV VVFIN APPR NE $( APPR NE $( ART ADJA APPRART NN VVIZU VVPP $.	In ihren " Kasematten " und in ihrem " Armenhause " hat sie ihr Muster von einem " Breslauer Workhause " und einer Anstalt für Armenkinder , wie die neulich erwähnte von Tooting ( bei London ) den Anderen zur Nachahmung aufzustellen gewußt !
Armenhaus	NN	1809	1	paul_katzenberger02_1809-792-21	 	Ich las bisher zu meiner Freude manchen Vorschlag, an Luthers Prunktempel etwas Reelles, Nutzenhaftes, irgend ein Schul-oder Armenhaus anzuschlingen, damit das dulce sich auf einem utile höbe.	125:134	0:192	Ich las bisher zu meiner Freude manchen Vorſchlag , an Luthers Prunktempel etwas Reelles , Nutzenhaftes , irgend ein Schul- oder Armenhaus anzuſchlingen , damit das dulce ſich auf einem utile hoͤbe .	21	0:33	ich lesen bisher zu meine Freude manche Vorschlag , an Luther Prunktempel etwas reell , nutzenhaft , irgend eine schul- oder Armenhaus anschlingen , damit d Dulce sich auf eine Utile heben .	PPER VVFIN ADV APPR PPOSAT NN PIAT NN $, APPR ADJA NN ADV ADJA $, ADJA $, ADV ART TRUNC KON NN VVIZU $, KOUS ART NE PRF APPR ART NE VVFIN $.	Ich las bisher zu meiner Freude manchen Vorschlag , an Luthers Prunktempel etwas Reelles , Nutzenhaftes , irgend ein Schul- oder Armenhaus anzuschlingen , damit das dulce sich auf einem utile höbe .
Armenhaus	NN	1875	1	rosegger_waldschulmeister_1875-3816-7	 	Dem alten Rüppel werde ich im neuen Armenhause das freundlichste Kämmerlein weisen.	36:46	0:83	Dem alten Rüppel werde ich im neuen Armenhauſe das freundlichſte Kämmerlein weiſen .	7	0:13	d alt Rüppell werden ich im neu Armenhaus d freundlich Kammerlein weisen .	ART ADJA NE VAFIN PPER APPRART ADJA NN ART ADJA NN VVFIN $.	Dem alten Rüppell werde ich im neuen Armenhause das freundlichste Kämmerlein weisen .
Armenhaus	NN	1840	1	savigny_system02_1840-2902-69	 	Wenn ein Testator die Armen überhaupt zu Erben oder Legataren ernannte, so war die Bestimmung ungültig wegen der alten Regel des Römischen Rechts, daß keine incerta persona bedacht werden könne; eine Verordnung Valentinians III. hob die Regel in dieser besonderen Anwendung auf. Justinian erklärte ein solches Testament dahin, daß die Erbschaft dem Armenhaus, welches der Testator besonders meynte, in Ungewißheit hierüber dem Armenhaus seines Wohnorts, unter mehreren Armenhäusern dem ärmsten derselben, wo gar kein Armenhaus sey, der Kirche des Wohnorts zufallen solle, mit der Verpflichtung, Alles für die Armen zu verwenden; eben so, wenn die Gefangenen zu Erben eingesetzt waren, sollte die Kirche des Orts Erbe seyn, mit der Verpflichtung das ganze Vermögen zum Loskauf von Gefangenen zu verwenden.	427:436	0:804	Wenn ein Teſtator die Armen überhaupt zu Erben oder Legataren ernannte , ſo war die Beſtimmung ungültig wegen der alten Regel des Römiſchen Rechts , daß keine incerta persona bedacht werden könne ; eine Verordnung Valentinians III. hob die Regel in dieſer beſonderen Anwendung auf . Juſtinian erklärte ein ſolches Teſtament dahin , daß die Erbſchaft dem Armenhaus , welches der Teſtator beſonders meynte , in Ungewißheit hierüber dem Armenhaus ſeines Wohnorts , unter mehreren Armenhäuſern dem ärmſten derſelben , wo gar kein Armenhaus ſey , der Kirche des Wohnorts zufallen ſolle , mit der Verpflichtung , Alles für die Armen zu verwenden ; eben ſo , wenn die Gefangenen zu Erben eingeſetzt waren , ſollte die Kirche des Orts Erbe ſeyn , mit der Verpflichtung das ganze Vermögen zum Loskauf von Gefangenen zu verwenden .	69	0:136	wenn eine Testator d Arme überhaupt zu Erbe oder Legatar ernennen , so sein d Bestimmung ungültig wegen d alt Regel d römisch Recht , daß keine incerta persona bedachen werden können ; eine Verordnung Valentinian Iii. heben d Regel in diese besondere Anwendung auf . Justinian erklären eine solch Testament dahin , daß d Erbschaft d Armenhaus , welche d Testator besonders meinen , in Ungewißheit hierüber d Armenhaus seine Wohnort , unter mehrere Armenhaus d arm dieselbe , wo gar keine Armenhaus sein , d Kirche d Wohnort zufallen sollen , mit d Verpflichtung , alle für d Arme zu verwenden ; eben so , wenn d Gefangene zu Erbe einsetzen sein , sollen d Kirche d Orts Erbe sein , mit d Verpflichtung d ganz Vermögen zum Loskauf von Gefangene zu verwenden .	KOUS ART NN ART NN ADV APPR NN KON NN VVFIN $, ADV VAFIN ART NN ADJD APPR ART ADJA NN ART ADJA NN $, KOUS PIAT FM FM VVPP VAINF VMFIN $. ART NN NE NE VVFIN ART NN APPR PDAT ADJA NN APPR $. NE VVFIN ART PIAT NN PAV $, KOUS ART NN ART NN $, PRELS ART NN ADV VVFIN $, APPR NN PAV ART NN PPOSAT NN $, APPR PIAT NN ART ADJA PDAT $, PWAV ADV PIAT NN VAFIN $, ART NN ART NN VVINF VMFIN $, APPR ART NN $, PIS APPR ART NN PTKZU VVINF $. ADV ADV $, KOUS ART NN APPR NN VVPP VAFIN $, VMFIN ART NN ART ADJA NN VAINF $, APPR ART NN ART ADJA NN APPRART NN APPR NN PTKZU VVINF $.	Wenn ein Testator die Armen überhaupt zu Erben oder Legataren ernannte , so war die Bestimmung ungültig wegen der alten Regel des Römischen Rechts , daß keine incerta persona bedacht werden könne ; eine Verordnung Valentinians III. hob die Regel in dieser besonderen Anwendung auf . Justinian erklärte ein solches Testament dahin , daß die Erbschaft dem Armenhaus , welches der Testator besonders meinte , in Ungewißheit hierüber dem Armenhaus seines Wohnorts , unter mehreren Armenhäusern dem ärmsten derselben , wo gar kein Armenhaus sei , der Kirche des Wohnorts zufallen solle , mit der Verpflichtung , Alles für die Armen zu verwenden ; eben so , wenn die Gefangenen zu Erben eingesetzt waren , sollte die Kirche des Orts Erbe sein , mit der Verpflichtung das ganze Vermögen zum Loskauf von Gefangenen zu verwenden .
Armenhaus	NN	1840	1	savigny_system02_1840-2902-75	 	Wenn ein Testator die Armen überhaupt zu Erben oder Legataren ernannte, so war die Bestimmung ungültig wegen der alten Regel des Römischen Rechts, daß keine incerta persona bedacht werden könne; eine Verordnung Valentinians III. hob die Regel in dieser besonderen Anwendung auf. Justinian erklärte ein solches Testament dahin, daß die Erbschaft dem Armenhaus, welches der Testator besonders meynte, in Ungewißheit hierüber dem Armenhaus seines Wohnorts, unter mehreren Armenhäusern dem ärmsten derselben, wo gar kein Armenhaus sey, der Kirche des Wohnorts zufallen solle, mit der Verpflichtung, Alles für die Armen zu verwenden; eben so, wenn die Gefangenen zu Erben eingesetzt waren, sollte die Kirche des Orts Erbe seyn, mit der Verpflichtung das ganze Vermögen zum Loskauf von Gefangenen zu verwenden.	469:481	0:804	Wenn ein Teſtator die Armen überhaupt zu Erben oder Legataren ernannte , ſo war die Beſtimmung ungültig wegen der alten Regel des Römiſchen Rechts , daß keine incerta persona bedacht werden könne ; eine Verordnung Valentinians III. hob die Regel in dieſer beſonderen Anwendung auf . Juſtinian erklärte ein ſolches Teſtament dahin , daß die Erbſchaft dem Armenhaus , welches der Teſtator beſonders meynte , in Ungewißheit hierüber dem Armenhaus ſeines Wohnorts , unter mehreren Armenhäuſern dem ärmſten derſelben , wo gar kein Armenhaus ſey , der Kirche des Wohnorts zufallen ſolle , mit der Verpflichtung , Alles für die Armen zu verwenden ; eben ſo , wenn die Gefangenen zu Erben eingeſetzt waren , ſollte die Kirche des Orts Erbe ſeyn , mit der Verpflichtung das ganze Vermögen zum Loskauf von Gefangenen zu verwenden .	75	0:136	wenn eine Testator d Arme überhaupt zu Erbe oder Legatar ernennen , so sein d Bestimmung ungültig wegen d alt Regel d römisch Recht , daß keine incerta persona bedachen werden können ; eine Verordnung Valentinian Iii. heben d Regel in diese besondere Anwendung auf . Justinian erklären eine solch Testament dahin , daß d Erbschaft d Armenhaus , welche d Testator besonders meinen , in Ungewißheit hierüber d Armenhaus seine Wohnort , unter mehrere Armenhaus d arm dieselbe , wo gar keine Armenhaus sein , d Kirche d Wohnort zufallen sollen , mit d Verpflichtung , alle für d Arme zu verwenden ; eben so , wenn d Gefangene zu Erbe einsetzen sein , sollen d Kirche d Orts Erbe sein , mit d Verpflichtung d ganz Vermögen zum Loskauf von Gefangene zu verwenden .	KOUS ART NN ART NN ADV APPR NN KON NN VVFIN $, ADV VAFIN ART NN ADJD APPR ART ADJA NN ART ADJA NN $, KOUS PIAT FM FM VVPP VAINF VMFIN $. ART NN NE NE VVFIN ART NN APPR PDAT ADJA NN APPR $. NE VVFIN ART PIAT NN PAV $, KOUS ART NN ART NN $, PRELS ART NN ADV VVFIN $, APPR NN PAV ART NN PPOSAT NN $, APPR PIAT NN ART ADJA PDAT $, PWAV ADV PIAT NN VAFIN $, ART NN ART NN VVINF VMFIN $, APPR ART NN $, PIS APPR ART NN PTKZU VVINF $. ADV ADV $, KOUS ART NN APPR NN VVPP VAFIN $, VMFIN ART NN ART ADJA NN VAINF $, APPR ART NN ART ADJA NN APPRART NN APPR NN PTKZU VVINF $.	Wenn ein Testator die Armen überhaupt zu Erben oder Legataren ernannte , so war die Bestimmung ungültig wegen der alten Regel des Römischen Rechts , daß keine incerta persona bedacht werden könne ; eine Verordnung Valentinians III. hob die Regel in dieser besonderen Anwendung auf . Justinian erklärte ein solches Testament dahin , daß die Erbschaft dem Armenhaus , welches der Testator besonders meinte , in Ungewißheit hierüber dem Armenhaus seines Wohnorts , unter mehreren Armenhäusern dem ärmsten derselben , wo gar kein Armenhaus sei , der Kirche des Wohnorts zufallen solle , mit der Verpflichtung , Alles für die Armen zu verwenden ; eben so , wenn die Gefangenen zu Erben eingesetzt waren , sollte die Kirche des Orts Erbe sein , mit der Verpflichtung das ganze Vermögen zum Loskauf von Gefangenen zu verwenden .
Armenhaus	NN	1840	1	savigny_system02_1840-2902-83	 	Wenn ein Testator die Armen überhaupt zu Erben oder Legataren ernannte, so war die Bestimmung ungültig wegen der alten Regel des Römischen Rechts, daß keine incerta persona bedacht werden könne; eine Verordnung Valentinians III. hob die Regel in dieser besonderen Anwendung auf. Justinian erklärte ein solches Testament dahin, daß die Erbschaft dem Armenhaus, welches der Testator besonders meynte, in Ungewißheit hierüber dem Armenhaus seines Wohnorts, unter mehreren Armenhäusern dem ärmsten derselben, wo gar kein Armenhaus sey, der Kirche des Wohnorts zufallen solle, mit der Verpflichtung, Alles für die Armen zu verwenden; eben so, wenn die Gefangenen zu Erben eingesetzt waren, sollte die Kirche des Orts Erbe seyn, mit der Verpflichtung das ganze Vermögen zum Loskauf von Gefangenen zu verwenden.	517:526	0:804	Wenn ein Teſtator die Armen überhaupt zu Erben oder Legataren ernannte , ſo war die Beſtimmung ungültig wegen der alten Regel des Römiſchen Rechts , daß keine incerta persona bedacht werden könne ; eine Verordnung Valentinians III. hob die Regel in dieſer beſonderen Anwendung auf . Juſtinian erklärte ein ſolches Teſtament dahin , daß die Erbſchaft dem Armenhaus , welches der Teſtator beſonders meynte , in Ungewißheit hierüber dem Armenhaus ſeines Wohnorts , unter mehreren Armenhäuſern dem ärmſten derſelben , wo gar kein Armenhaus ſey , der Kirche des Wohnorts zufallen ſolle , mit der Verpflichtung , Alles für die Armen zu verwenden ; eben ſo , wenn die Gefangenen zu Erben eingeſetzt waren , ſollte die Kirche des Orts Erbe ſeyn , mit der Verpflichtung das ganze Vermögen zum Loskauf von Gefangenen zu verwenden .	83	0:136	wenn eine Testator d Arme überhaupt zu Erbe oder Legatar ernennen , so sein d Bestimmung ungültig wegen d alt Regel d römisch Recht , daß keine incerta persona bedachen werden können ; eine Verordnung Valentinian Iii. heben d Regel in diese besondere Anwendung auf . Justinian erklären eine solch Testament dahin , daß d Erbschaft d Armenhaus , welche d Testator besonders meinen , in Ungewißheit hierüber d Armenhaus seine Wohnort , unter mehrere Armenhaus d arm dieselbe , wo gar keine Armenhaus sein , d Kirche d Wohnort zufallen sollen , mit d Verpflichtung , alle für d Arme zu verwenden ; eben so , wenn d Gefangene zu Erbe einsetzen sein , sollen d Kirche d Orts Erbe sein , mit d Verpflichtung d ganz Vermögen zum Loskauf von Gefangene zu verwenden .	KOUS ART NN ART NN ADV APPR NN KON NN VVFIN $, ADV VAFIN ART NN ADJD APPR ART ADJA NN ART ADJA NN $, KOUS PIAT FM FM VVPP VAINF VMFIN $. ART NN NE NE VVFIN ART NN APPR PDAT ADJA NN APPR $. NE VVFIN ART PIAT NN PAV $, KOUS ART NN ART NN $, PRELS ART NN ADV VVFIN $, APPR NN PAV ART NN PPOSAT NN $, APPR PIAT NN ART ADJA PDAT $, PWAV ADV PIAT NN VAFIN $, ART NN ART NN VVINF VMFIN $, APPR ART NN $, PIS APPR ART NN PTKZU VVINF $. ADV ADV $, KOUS ART NN APPR NN VVPP VAFIN $, VMFIN ART NN ART ADJA NN VAINF $, APPR ART NN ART ADJA NN APPRART NN APPR NN PTKZU VVINF $.	Wenn ein Testator die Armen überhaupt zu Erben oder Legataren ernannte , so war die Bestimmung ungültig wegen der alten Regel des Römischen Rechts , daß keine incerta persona bedacht werden könne ; eine Verordnung Valentinians III. hob die Regel in dieser besonderen Anwendung auf . Justinian erklärte ein solches Testament dahin , daß die Erbschaft dem Armenhaus , welches der Testator besonders meinte , in Ungewißheit hierüber dem Armenhaus seines Wohnorts , unter mehreren Armenhäusern dem ärmsten derselben , wo gar kein Armenhaus sei , der Kirche des Wohnorts zufallen solle , mit der Verpflichtung , Alles für die Armen zu verwenden ; eben so , wenn die Gefangenen zu Erben eingesetzt waren , sollte die Kirche des Orts Erbe sein , mit der Verpflichtung das ganze Vermögen zum Loskauf von Gefangenen zu verwenden .
Armenhaus	NN	1863	1	schauberg_freimaurerei03_1863-2669-28	 	Wenn überall nur diese Umwandlungen erwiesen und auch von den christlichen Geistlichen geduldet worden wären, und wenn nicht natürlicher die Kranken-und Armenpflege, die Kranken-und Armenhäuser und selbst die Sorge für den Kirchen-und Todtendienst als zuerst in den Städten und daher in den römischen Städten eingerichtet, und von ihnen mit der Städtebildung auf die Germanen übertragen, eischeinen würden.	182:193	0:406	Wenn überall nur diese Umwandlungen erwiesen und auch von den christlichen Geistlichen geduldet worden wären , und wenn nicht natürlicher die Kranken- und Armenpflege , die Kranken- und Armenhäuser und selbst die Sorge für den Kirchen- und Todtendienst als zuerst in den Städten und daher in den römischen Städten eingerichtet , und von ihnen mit der Städtebildung auf die Germanen übertragen , eischeinen würden .	28	0:65	wenn überall nur diese Umwandlung erweisen und auch von d christlich Geistliche gedulden werden sein , und wenn nicht natürlich d kranken- und Armenpflege , d kranken- und Armenhaus und selbst d Sorge für d kirchen- und Totendienst als zuerst in d Stadt und daher in d römisch Stadt einrichten , und von sie mit d Stadtebildung auf d Germane übertragen , Eisschein werden .	KOUS ADV ADV PDAT NN VVPP KON ADV APPR ART ADJA NN VVPP VAPP VAFIN $, KON KOUS PTKNEG ADJA ART TRUNC KON NN $, ART TRUNC KON NN KON ADV ART NN APPR ART TRUNC KON NN KOKOM ADV APPR ART NN KON PAV APPR ART ADJA NN VVPP $, KON APPR PPER APPR ART NN APPR ART NN VVPP $, NN VAFIN $.	Wenn überall nur diese Umwandlungen erwiesen und auch von den christlichen Geistlichen geduldet worden wären , und wenn nicht natürlicher die Kranken- und Armenpflege , die Kranken- und Armenhäuser und selbst die Sorge für den Kirchen- und Totendienst als zuerst in den Städten und daher in den römischen Städten eingerichtet , und von ihnen mit der Städtebildung auf die Germanen übertragen , Eisscheinen würden .
Armenhaus	NN	1821	1	schmidlin_kinderindustrie_1821-630-47	 	An einigen Orten soll es zwar selbst an den nothwendigsten Elementar-Schulzimmern, oder wenigstens an dem erforderlichen Raume in denselben, fehlen; dagegen würde sich aber vielleicht, wie dieß an mehreren Orten der Fall gewesen ist, in dem Hospital oder in irgend einem anderen Armenhause ein Lokal um so mehr ausmitteln lassen, als es ohnehin oft weit angemessener wäre, wenn die in solchen öffentlichen Häusern wohnenden Armen zum Theil in Privathäusern untergebracht würden. —	279:289	0:480	An einigen Orten ſoll es zwar ſelbſt an den nothwendigſten Elementar-Schulzimmern , oder wenigſtens an dem erforderlichen Raume in denſelben , fehlen ; dagegen wuͤrde ſich aber vielleicht , wie dieß an mehreren Orten der Fall geweſen iſt , in dem Hoſpital oder in irgend einem anderen Armenhauſe ein Lokal um ſo mehr ausmitteln laſſen , als es ohnehin oft weit angemeſſener waͤre , wenn die in ſolchen oͤffentlichen Haͤuſern wohnenden Armen zum Theil in Privathaͤuſern untergebracht wuͤrden . —	47	0:80	an einige Ort sollen es zwar selbst an d notwendig Elementar-Schulzimmer , oder wenigstens an d erforderlich Raum in dieselbe , fehlen ; dagegen werden sich aber vielleicht , wie diese an mehrere Ort d Fall sein sein , in d Hospital oder in irgend eine ander Armenhaus eine Lokal um so mehr ausmitteln lassen , als es ohnehin oft weit angemessen sein , wenn d in solch öffentlich Haus wohnend Arme zum Teil in Privathaus unterbringen werden . --	APPR PIAT NN VMFIN PPER ADV ADV APPR ART ADJA NN $, KON ADV APPR ART ADJA NN APPR PDS $, VVFIN $. PAV VAFIN PRF ADV ADV $, PWAV PDS APPR PIAT NN ART NN VAPP VAFIN $, APPR ART NN KON APPR ADV ART ADJA NN ART NN APPR ADV PIS VVINF VVINF $, KOUS PPER ADV ADV ADJD ADJD VAFIN $, KOUS ART APPR PIAT ADJA NN ADJA NN APPRART NN APPR NN VVPP VAFIN $. $(	An einigen Orten soll es zwar selbst an den notwendigsten Elementar-Schulzimmern , oder wenigstens an dem erforderlichen Raume in denselben , fehlen ; dagegen würde sich aber vielleicht , wie dies an mehreren Orten der Fall gewesen ist , in dem Hospital oder in irgend einem anderen Armenhause ein Lokal um so mehr ausmitteln lassen , als es ohnehin oft weit angemessener wäre , wenn die in solchen öffentlichen Häusern wohnenden Armen zum Teil in Privathäusern untergebracht würden . --
Armenhaus	NN	1857	1	stifter_nachsommer03_1857-688-4	 	Er stirbt dann im Armenhause oder als Bettler oder in einem Hause, wo er aus Gnaden gehalten wurde.“	18:28	0:100	Er ſtirbt dann im Armenhauſe oder als Bettler oder in einem Hauſe , wo er aus Gnaden gehalten wurde . “	4	0:21	er sterben dann im Armenhaus oder als Bettler oder in eine Haus , wo er aus Gnade halten werden . "	PPER VVFIN ADV APPRART NN KON KOKOM NN KON APPR ART NN $, PWAV PPER APPR NN VVPP VAFIN $. $(	Er stirbt dann im Armenhause oder als Bettler oder in einem Hause , wo er aus Gnaden gehalten wurde . "
Armenhaus	NN	1879	1	treitschke_geschichte01_1879-9009-6	 	Noch vor wenigen Jahren lebte im Armenhause zu Wahren ein alter Mann, der im Volksmunde der Verräther hieß; er hatte während des blutigen Kampfes um Möckern einem preußischen Bataillon einen versteckten Fußweg gewiesen.	33:43	0:219	Noch vor wenigen Jahren lebte im Armenhauſe zu Wahren ein alter Mann , der im Volksmunde der Verräther hieß ; er hatte während des blutigen Kampfes um Möckern einem preußiſchen Bataillon einen verſteckten Fußweg gewieſen .	6	0:36	noch vor wenige Jahr leben im Armenhaus zu Wahren eine alt Mann , die im Volksmund d Verräter heißen ; er haben während d blutig Kampf um Möckern eine preußisch Bataillon eine versteckt Fußweg weisen .	ADV APPR PIAT NN VVFIN APPRART NN APPR NN ART ADJA NN $, PRELS APPRART NN ART NN VVFIN $. PPER VAFIN APPR ART ADJA NN APPR NE ART ADJA NN ART ADJA NN VVPP $.	Noch vor wenigen Jahren lebte im Armenhause zu Wahren ein alter Mann , der im Volksmunde der Verräter hieß ; er hatte während des blutigen Kampfes um Möckern einem preußischen Bataillon einen versteckten Fußweg gewiesen .
Armenhaus	NN	1885	1	treitschke_geschichte03_1885-8650-27	 	Auf den adlichen Gütern dagegen übte der Bauernvogt die niedere Polizei und verkündete den Hintersassen die Befehle der Gutsobrigkeit; wohlmeinende Gutsherren errichteten häufig gute Schulen und Armenhäuser, ordneten die communalen Beitragspflichten durch Contracte, aber eine Dorfordnung wurde den hintersässigen Bauern auch nach der Aufhebung der Leibeigenschaft nur selten gewährt.	195:206	0:384	Auf den adlichen Gütern dagegen übte der Bauernvogt die niedere Polizei und verkündete den Hinterſaſſen die Befehle der Gutsobrigkeit ; wohlmeinende Gutsherren errichteten häufig gute Schulen und Armenhäuſer , ordneten die communalen Beitragspflichten durch Contracte , aber eine Dorfordnung wurde den hinterſäſſigen Bauern auch nach der Aufhebung der Leibeigenſchaft nur ſelten gewährt .	27	0:53	auf d adlig Gut dagegen üben d Bauernvogt d nieder Polizei und verkünden d Hintersasse d Befehl d Gutsobrigkeit ; wohlmeinend Gutsherr errichten häufig gut Schule und Armenhaus , ordnen d kommunal Beitragspflicht durch Kontrakt , aber eine Dorfordnung werden d hintersässigen Bauer auch nach d Aufhebung d Leibeigenschaft nur selten gewähren .	APPR ART ADJA NN PAV VVFIN ART NN ART ADJA NN KON VVFIN ART NN ART NN ART NN $. ADJA NN VVFIN ADJD ADJA NN KON NN $, VVFIN ART ADJA NN APPR NN $, ADV ART NN VAFIN ART ADJA NN ADV APPR ART NN ART NN ADV ADJD VVPP $.	Auf den adligen Gütern dagegen übte der Bauernvogt die niedere Polizei und verkündete den Hintersassen die Befehle der Gutsobrigkeit ; wohlmeinende Gutsherren errichteten häufig gute Schulen und Armenhäuser , ordneten die kommunalen Beitragspflichten durch Kontrakte , aber eine Dorfordnung wurde den hintersässigen Bauern auch nach der Aufhebung der Leibeigenschaft nur selten gewährt .
